mun,mun_name,gender,year,n_orp
5001,Medellín,Female,2015,1.4401429781960178
5002,Abejorral,Female,2015,1.358868442693403
5004,Abriaquí,Female,2015,1.1699663419835693
5021,Alejandría,Female,2015,1.150762718771642
5030,Amagá,Female,2015,1.3837641918248222
5031,Amalfi,Female,2015,1.2274582251793207
5034,Andes,Female,2015,1.43008096575658
5036,Angelópolis,Female,2015,1.3139580552178216
5038,Angostura,Female,2015,1.2947785746254274
5040,Anorí,Female,2015,1.0462964035767714
5042,Santa Fé De Antioquia,Female,2015,1.3381036317776873
5044,Anzá,Female,2015,1.2463294428574878
5045,Apartadó,Female,2015,1.6164848854151508
5051,Arboletes,Female,2015,1.1073452352500353
5055,Argelia,Female,2015,1.19670090162076
5059,Armenia,Female,2015,1.4697229858204341
5079,Barbosa,Female,2015,1.4059278534888786
5086,Belmira,Female,2015,1.159999065180497
5088,Bello,Female,2015,1.315156157702119
5091,Betania,Female,2015,1.3306771660003007
5093,Betulia,Female,2015,1.5319820129993282
5101,Ciudad Bolívar,Female,2015,1.7516149242408
5107,Briceño,Female,2015,1.2563662791954844
5113,Buriticá,Female,2015,1.0738447185923126
5120,Cáceres,Female,2015,1.4304886253110682
5125,Caicedo,Female,2015,1.2637312632944675
5129,Caldas,Female,2015,1.560755301617469
5134,Campamento,Female,2015,1.1426125589092624
5138,Cañasgordas,Female,2015,1.172347563885733
5142,Caracolí,Female,2015,1.2935601890912172
5145,Caramanta,Female,2015,1.4339390796864038
5147,Carepa,Female,2015,1.1925311410752761
5148,El Carmen De Viboral,Female,2015,1.1136474795737403
5150,Carolina,Female,2015,1.8726017377850004
5154,Caucasia,Female,2015,1.3629434594712695
5172,Chigorodó,Female,2015,1.4866020443245476
5190,Cisneros,Female,2015,1.824218566914613
5197,Cocorná,Female,2015,1.2278161798559108
5206,Concepción,Female,2015,1.2876022907250542
5209,Concordia,Female,2015,1.4864805588138787
5212,Copacabana,Female,2015,1.4710515922244345
5234,Dabeiba,Female,2015,0.8917449608671942
5237,Donmatías,Female,2015,1.3327021284462017
5240,Ebéjico,Female,2015,1.4846604937262995
5250,El Bagre,Female,2015,1.2072763356018388
5264,Entrerríos,Female,2015,1.1014432902056952
5266,Envigado,Female,2015,1.8855251366402004
5282,Fredonia,Female,2015,1.4799353441112006
5284,Frontino,Female,2015,0.9855882720240715
5306,Giraldo,Female,2015,1.029799350009381
5308,Girardota,Female,2015,1.359795652345658
5310,Gómez Plata,Female,2015,1.547586635319559
5313,Granada,Female,2015,1.1435013964864364
5315,Guadalupe,Female,2015,1.2174751469068608
5318,Guarne,Female,2015,1.3452280378372985
5321,Guatapé,Female,2015,1.1754830381572379
5347,Heliconia,Female,2015,1.5109321231528121
5353,Hispania,Female,2015,1.353965991863745
5360,Itagüí,Female,2015,1.5226705051600742
5361,Ituango,Female,2015,1.1165400398468945
5364,Jardín,Female,2015,1.4570201652376502
5368,Jericó,Female,2015,1.4102904831266179
5376,La Ceja,Female,2015,1.317021718751496
5380,La Estrella,Female,2015,1.4820163167726779
5390,La Pintada,Female,2015,1.323739266904653
5400,La Unión,Female,2015,1.2685129192343183
5411,Liborina,Female,2015,1.2934727693384593
5425,Maceo,Female,2015,1.4350216857702633
5440,Marinilla,Female,2015,1.0943180181597723
5467,Montebello,Female,2015,1.5477357594211811
5475,Murindó,Female,2015,0.7531059624146335
5480,Mutatá,Female,2015,1.5481332535932506
5483,Nariño,Female,2015,1.1973379822127483
5490,Necoclí,Female,2015,1.1039789281815078
5495,Nechí,Female,2015,0.9614612100922151
5501,Olaya,Female,2015,1.1590190731801484
5541,Peñol,Female,2015,1.205676754484971
5543,Peque,Female,2015,1.0519225504971843
5576,Pueblorrico,Female,2015,1.3329130218716663
5579,Puerto Berrío,Female,2015,1.7397473785565418
5585,Puerto Nare,Female,2015,1.2082873579794133
5591,Puerto Triunfo,Female,2015,1.153876091929163
5604,Remedios,Female,2015,1.1194481781721517
5607,Retiro,Female,2015,1.3528471165532794
5615,Rionegro,Female,2015,1.372290009542197
5628,Sabanalarga,Female,2015,1.0506784207722624
5631,Sabaneta,Female,2015,1.8055184025546966
5642,Salgar,Female,2015,3.389399497325337
5647,San Andrés De Cuerquía,Female,2015,1.1521064419973372
5649,San Carlos,Female,2015,1.09094135963934
5652,San Francisco,Female,2015,1.1620334934268766
5656,San Jerónimo,Female,2015,1.2798527952741443
5658,San José De La Montaña,Female,2015,1.2575981394486313
5659,San Juan De Urabá,Female,2015,1.057129036857878
5660,San Luis,Female,2015,0.9908408335535714
5664,San Pedro De Los Milagros,Female,2015,1.6222058980214613
5665,San Pedro De Urabá,Female,2015,1.1605397883795383
5667,San Rafael,Female,2015,1.3127897765950467
5670,San Roque,Female,2015,1.2016809435482076
5674,San Vicente Ferrer,Female,2015,1.2246107407975892
5679,Santa Bárbara,Female,2015,1.4196257321663217
5686,Santa Rosa De Osos,Female,2015,1.1428997175431446
5690,Santo Domingo,Female,2015,1.3395760934020673
5697,El Santuario,Female,2015,1.029593476553095
5736,Segovia,Female,2015,1.6038030282888234
5756,Sonsón,Female,2015,1.2391784762589972
5761,Sopetrán,Female,2015,1.2779650013938988
5789,Támesis,Female,2015,1.4914652890750104
5790,Tarazá,Female,2015,2.185394126203025
5792,Tarso,Female,2015,1.4625761883144888
5809,Titiribí,Female,2015,1.4526682973869607
5819,Toledo,Female,2015,1.186109273506834
5837,Turbo,Female,2015,1.55734734662408
5842,Uramita,Female,2015,1.0794804139913454
5847,Urrao,Female,2015,1.0546352262213503
5854,Valdivia,Female,2015,1.2416194089534425
5856,Valparaíso,Female,2015,1.272369453248316
5858,Vegachí,Female,2015,1.2779494945299468
5861,Venecia,Female,2015,1.664263725803996
5873,Vigía Del Fuerte,Female,2015,0.8901575299512373
5885,Yalí,Female,2015,1.1377035096489274
5887,Yarumal,Female,2015,1.6188458219869082
5890,Yolombó,Female,2015,1.242841513969361
5893,Yondó,Female,2015,1.271213143342589
5895,Zaragoza,Female,2015,1.3242534044791268
8001,Barranquilla,Female,2015,1.525142579871214
8078,Baranoa,Female,2015,1.165304882972171
8137,Campo De La Cruz,Female,2015,1.2560922153324012
8141,Candelaria,Female,2015,1.1166318687457468
8296,Galapa,Female,2015,0.9490690842820682
8372,Juan De Acosta,Female,2015,1.197384134028794
8421,Luruaco,Female,2015,1.203220161395634
8433,Malambo,Female,2015,1.0116101759811276
8436,Manatí,Female,2015,1.014378866587402
8520,Palmar De Varela,Female,2015,1.1627055832658024
8549,Piojó,Female,2015,1.3121615338011492
8558,Polonuevo,Female,2015,1.090404478793137
8560,Ponedera,Female,2015,1.1003806468878363
8573,Puerto Colombia,Female,2015,1.1076032192023821
8606,Repelón,Female,2015,1.2000606496025887
8634,Sabanagrande,Female,2015,1.0947011865472092
8638,Sabanalarga,Female,2015,1.1051166833132404
8675,Santa Lucía,Female,2015,1.0520714395534876
8685,Santo Tomás,Female,2015,1.139929919697593
8758,Soledad,Female,2015,1.0282896953973193
8770,Suan,Female,2015,1.1408507030341974
8832,Tubará,Female,2015,1.1186384865006034
8849,Usiacurí,Female,2015,1.1601949592582463
11001,"Bogotá, D.C.",Female,2015,1.3420105558054536
13001,Cartagena De Indias,Female,2015,1.2040971552775248
13006,Achí,Female,2015,1.1679125952323701
13030,Altos Del Rosario,Female,2015,1.0459780087781174
13042,Arenal,Female,2015,1.248589157688407
13052,Arjona,Female,2015,1.3064009400612353
13062,Arroyohondo,Female,2015,1.4700577754367656
13074,Barranco De Loba,Female,2015,1.0395289088541713
13140,Calamar,Female,2015,1.3124416532802965
13160,Cantagallo,Female,2015,1.1899095578121266
13188,Cicuco,Female,2015,1.1774048532502455
13212,Córdoba,Female,2015,1.2676686778887627
13222,Clemencia,Female,2015,1.23689499329335
13244,El Carmen De Bolívar,Female,2015,1.279097760735121
13248,El Guamo,Female,2015,1.4750760291337819
13268,El Peñón,Female,2015,1.0742087888556429
13300,Hatillo De Loba,Female,2015,1.0463895918304875
13430,Magangué,Female,2015,1.2541964216905084
13433,Mahates,Female,2015,1.2792733156510332
13440,Margarita,Female,2015,1.24268176413494
13442,María La Baja,Female,2015,1.1983236311459924
13458,Montecristo,Female,2015,1.0886110627967038
13468,Mompós,Female,2015,1.1608331506599703
13473,Morales,Female,2015,1.0947842136760562
13490,Norosí,Female,2015,0.3399463775817824
13549,Pinillos,Female,2015,1.0843958569534062
13580,Regidor,Female,2015,0.9679264083769469
13600,Río Viejo,Female,2015,1.1207561937515529
13620,San Cristóbal,Female,2015,1.3344176643368462
13647,San Estanislao,Female,2015,1.3253124687921611
13650,San Fernando,Female,2015,1.0925744097035517
13654,San Jacinto,Female,2015,1.409727337641347
13655,San Jacinto Del Cauca,Female,2015,1.136309082791829
13657,San Juan Nepomuceno,Female,2015,1.456741211998988
13667,San Martín De Loba,Female,2015,1.040150180046053
13670,San Pablo,Female,2015,1.126042022103852
13673,Santa Catalina,Female,2015,1.3007553311102016
13683,Santa Rosa,Female,2015,1.3962245507718771
13688,Santa Rosa Del Sur,Female,2015,1.121074365722594
13744,Simití,Female,2015,1.1948076942472547
13760,Soplaviento,Female,2015,1.3472318430396553
13780,Talaigua Nuevo,Female,2015,1.015970348239512
13810,Tiquisio,Female,2015,0.9697242290695565
13836,Turbaco,Female,2015,1.1004964182189398
13838,Turbaná,Female,2015,1.305574749061691
13873,Villanueva,Female,2015,1.2261559004233298
13894,Zambrano,Female,2015,1.3020251560106126
15001,Tunja,Female,2015,1.4349073834951094
15022,Almeida,Female,2015,1.5841910661148695
15047,Aquitania,Female,2015,1.1230696128513684
15051,Arcabuco,Female,2015,1.1372507987397549
15087,Belén,Female,2015,1.2497961626943739
15090,Berbeo,Female,2015,1.4948462611412203
15092,Betéitiva,Female,2015,1.4271104636552832
15097,Boavita,Female,2015,1.4523166417765088
15104,Boyacá,Female,2015,1.482765491551515
15106,Briceño,Female,2015,1.3063625018535665
15109,Buenavista,Female,2015,1.3433409455029945
15114,Busbanzá,Female,2015,1.1558235070777014
15131,Caldas,Female,2015,1.4303184108202556
15135,Campohermoso,Female,2015,1.164310775909412
15162,Cerinza,Female,2015,1.475294577831848
15172,Chinavita,Female,2015,1.5469270503384165
15176,Chiquinquirá,Female,2015,1.5390594175290115
15180,Chiscas,Female,2015,1.5479502079516183
15183,Chita,Female,2015,1.1190734485829894
15185,Chitaraque,Female,2015,1.2272810948597812
15187,Chivatá,Female,2015,0.9975792275241663
15189,Ciénega,Female,2015,1.149247122083656
15204,Cómbita,Female,2015,1.2951682135620188
15212,Coper,Female,2015,1.2632989542502226
15215,Corrales,Female,2015,1.3330828462271476
15218,Covarachía,Female,2015,1.354241688395969
15223,Cubará,Female,2015,0.870592398581495
15224,Cucaita,Female,2015,1.3940530681053662
15226,Cuítiva,Female,2015,1.1002610712094125
15232,Chíquiza,Female,2015,1.3066379872782654
15236,Chivor,Female,2015,1.2237038328110956
15238,Duitama,Female,2015,1.4049014151964798
15244,El Cocuy,Female,2015,1.5561937047750376
15248,El Espino,Female,2015,1.292127671606897
15272,Firavitoba,Female,2015,1.1955245731720192
15276,Floresta,Female,2015,1.5630356830991021
15293,Gachantivá,Female,2015,1.282788949437895
15296,Gámeza,Female,2015,1.225565415235534
15299,Garagoa,Female,2015,1.3686100061998525
15317,Guacamayas,Female,2015,1.1114849004015444
15322,Guateque,Female,2015,1.546859829831826
15325,Guayatá,Female,2015,1.4424106805082788
15332,Güicán De La Sierra,Female,2015,1.1031899466575943
15362,Iza,Female,2015,1.477156963741375
15367,Jenesano,Female,2015,1.20128933757528
15368,Jericó,Female,2015,1.5771873782820942
15377,Labranzagrande,Female,2015,1.5761140465452064
15380,La Capilla,Female,2015,1.1985137309353366
15401,La Victoria,Female,2015,1.5986896537780335
15403,La Uvita,Female,2015,1.3170360369140952
15407,Villa De Leyva,Female,2015,1.246899767276125
15425,Macanal,Female,2015,1.181463255589187
15442,Maripí,Female,2015,1.463361066556019
15455,Miraflores,Female,2015,1.4297059291170413
15464,Mongua,Female,2015,1.3735926166671293
15466,Monguí,Female,2015,1.1142149239078867
15469,Moniquirá,Female,2015,1.5563132018242172
15476,Motavita,Female,2015,1.2603744411638238
15480,Muzo,Female,2015,1.2699692817189854
15491,Nobsa,Female,2015,1.1548212378524105
15494,Nuevo Colón,Female,2015,1.3559532108255399
15500,Oicatá,Female,2015,1.2069666669320198
15507,Otanche,Female,2015,1.2275868654632263
15511,Pachavita,Female,2015,1.4111154685988294
15514,Páez,Female,2015,1.1904843996318917
15516,Paipa,Female,2015,1.2764444727767126
15518,Pajarito,Female,2015,1.1035926170635144
15522,Panqueba,Female,2015,1.2324045710082545
15531,Pauna,Female,2015,1.4342397930157038
15533,Paya,Female,2015,1.102298195798431
15537,Paz De Río,Female,2015,1.171069562369606
15542,Pesca,Female,2015,1.0447969117760336
15550,Pisba,Female,2015,1.1103510091008262
15572,Puerto Boyacá,Female,2015,1.7003426415807397
15580,Quípama,Female,2015,1.6753761699939853
15599,Ramiriquí,Female,2015,1.15448652999289
15600,Ráquira,Female,2015,1.1557649716426586
15621,Rondón,Female,2015,1.302780290218488
15632,Saboyá,Female,2015,1.186319575934442
15638,Sáchica,Female,2015,1.0383383307028244
15646,Samacá,Female,2015,1.280600532260801
15660,San Eduardo,Female,2015,1.5117752211240032
15664,San José De Pare,Female,2015,1.524022864559278
15667,San Luis De Gaceno,Female,2015,1.338938315722529
15673,San Mateo,Female,2015,1.2775966729404113
15676,San Miguel De Sema,Female,2015,1.252473072223296
15681,San Pablo De Borbur,Female,2015,1.2460523729159685
15686,Santana,Female,2015,1.4207841381045996
15690,Santa María,Female,2015,1.249702292406104
15693,Santa Rosa De Viterbo,Female,2015,1.2864572589358814
15696,Santa Sofía,Female,2015,1.3554025550031676
15720,Sativanorte,Female,2015,1.5482359936106984
15723,Sativasur,Female,2015,1.3364308941989171
15740,Siachoque,Female,2015,1.0295209828400294
15753,Soatá,Female,2015,1.2646829801366934
15755,Socotá,Female,2015,1.190369010982947
15757,Socha,Female,2015,1.0472565118577821
15759,Sogamoso,Female,2015,1.4225888659893617
15761,Somondoco,Female,2015,1.8662913963437167
15762,Sora,Female,2015,1.3835711872914114
15763,Sotaquirá,Female,2015,1.0802373540327843
15764,Soracá,Female,2015,1.104851518221877
15774,Susacón,Female,2015,1.2283907878576843
15776,Sutamarchán,Female,2015,1.2592287195364065
15778,Sutatenza,Female,2015,1.6811089004738948
15790,Tasco,Female,2015,1.0855339245304412
15798,Tenza,Female,2015,1.6772141530440885
15804,Tibaná,Female,2015,1.3088348552022613
15806,Tibasosa,Female,2015,1.1325817658661055
15808,Tinjacá,Female,2015,1.2355164049824894
15810,Tipacoque,Female,2015,1.3833254095432126
15814,Toca,Female,2015,1.0480008437152906
15816,Togüí,Female,2015,1.456328392535383
15820,Tópaga,Female,2015,1.0873068614397496
15822,Tota,Female,2015,1.1409404931965417
15832,Tununguá,Female,2015,1.0657482413244608
15835,Turmequé,Female,2015,1.4988056286226326
15837,Tuta,Female,2015,1.08224041843556
15839,Tutazá,Female,2015,1.224928710217757
15842,Úmbita,Female,2015,1.212698024430214
15861,Ventaquemada,Female,2015,1.124645731644554
15879,Viracachá,Female,2015,1.3728811533750178
15897,Zetaquira,Female,2015,1.4544931404549435
17001,Manizales,Female,2015,1.5190842362209787
17013,Aguadas,Female,2015,1.384931121786301
17042,Anserma,Female,2015,1.5279539019007304
17050,Aranzazu,Female,2015,1.644329953499121
17088,Belalcázar,Female,2015,1.2569145188415147
17174,Chinchiná,Female,2015,1.6379577017392244
17272,Filadelfia,Female,2015,1.4655012716060436
17380,La Dorada,Female,2015,1.6920886530666703
17388,La Merced,Female,2015,1.6773910560113428
17433,Manzanares,Female,2015,1.411373405881294
17442,Marmato,Female,2015,1.3878780630319727
17444,Marquetalia,Female,2015,1.2996943696450505
17446,Marulanda,Female,2015,1.2555524229608914
17486,Neira,Female,2015,1.3962499795177155
17495,Norcasia,Female,2015,1.1283294858483899
17513,Pácora,Female,2015,1.6065863117082761
17524,Palestina,Female,2015,1.5565369881386566
17541,Pensilvania,Female,2015,1.3028221145557257
17614,Riosucio,Female,2015,1.4205233955606262
17616,Risaralda,Female,2015,1.5105626172747468
17653,Salamina,Female,2015,1.4864103475156254
17662,Samaná,Female,2015,1.2642478393288077
17665,San José,Female,2015,1.350164832178186
17777,Supía,Female,2015,1.428482717847924
17867,Victoria,Female,2015,1.2883281163360905
17873,Villamaría,Female,2015,1.4908885502537161
17877,Viterbo,Female,2015,1.533767714832887
18001,Florencia,Female,2015,1.2552441297493164
18029,Albania,Female,2015,1.0301624536995935
18094,Belén De Los Andaquíes,Female,2015,1.0413194710546245
18150,Cartagena Del Chairá,Female,2015,0.9466865514074533
18205,Curillo,Female,2015,1.2314733991210485
18247,El Doncello,Female,2015,1.1526587146876157
18256,El Paujíl,Female,2015,0.9604684927194772
18410,La Montañita,Female,2015,0.9530153854782493
18460,Milán,Female,2015,0.8395104982179517
18479,Morelia,Female,2015,1.0406653498687213
18592,Puerto Rico,Female,2015,1.0037400243181687
18610,San José Del Fragua,Female,2015,1.1754441767975514
18753,San Vicente Del Caguán,Female,2015,1.204950122336464
18756,Solano,Female,2015,0.9014048404293182
18785,Solita,Female,2015,1.123020570538779
18860,Valparaíso,Female,2015,0.9580451815571848
19001,Popayán,Female,2015,1.3408553357639525
19022,Almaguer,Female,2015,1.684055323961362
19050,Argelia,Female,2015,1.356500728856362
19075,Balboa,Female,2015,1.387208436451941
19100,Bolívar,Female,2015,1.6338835682533537
19110,Buenos Aires,Female,2015,1.1035329706376154
19130,Cajibío,Female,2015,1.2813634530724984
19137,Caldono,Female,2015,0.9742781054249382
19142,Caloto,Female,2015,1.097244915858481
19212,Corinto,Female,2015,2.1212949291386733
19256,El Tambo,Female,2015,1.3337368814196622
19290,Florencia,Female,2015,1.2929122030384874
19300,Guachené,Female,2015,0.4274097928141986
19318,Guapi,Female,2015,0.988693536056045
19355,Inzá,Female,2015,1.0952470155959506
19364,Jambaló,Female,2015,0.9698121563972674
19392,La Sierra,Female,2015,1.5308397896070998
19397,La Vega,Female,2015,1.5485066343141953
19418,López De Micay,Female,2015,0.9945327717366442
19450,Mercaderes,Female,2015,1.5221280805522206
19455,Miranda,Female,2015,1.1705686902787438
19473,Morales,Female,2015,1.0660036688788537
19513,Padilla,Female,2015,1.226139207764623
19517,Páez,Female,2015,0.9994452878907535
19532,Patía,Female,2015,1.5120070770638927
19533,Piamonte,Female,2015,0.8549640845654435
19548,Piendamó - Tunía,Female,2015,1.211539544570221
19573,Puerto Tejada,Female,2015,1.9399414442342076
19585,Puracé,Female,2015,1.1474165112275012
19622,Rosas,Female,2015,1.5127464396761232
19693,San Sebastián,Female,2015,1.5024480599553225
19698,Santander De Quilichao,Female,2015,1.1762009522327102
19701,Santa Rosa,Female,2015,1.3099991948119032
19743,Silvia,Female,2015,1.0875979681043748
19760,Sotará - Paispamba,Female,2015,1.2907344753664707
19780,Suárez,Female,2015,1.1085262039587287
19785,Sucre,Female,2015,1.690950867309246
19807,Timbío,Female,2015,1.4115582218392662
19809,Timbiquí,Female,2015,0.9143049495589439
19821,Toribío,Female,2015,1.0342879089483916
19824,Totoró,Female,2015,1.0989901587822153
19845,Villa Rica,Female,2015,1.1663660689045647
20001,Valledupar,Female,2015,1.1114891506741114
20011,Aguachica,Female,2015,1.1742963986037809
20013,Agustín Codazzi,Female,2015,1.0706587893796171
20032,Astrea,Female,2015,0.9736925207894852
20045,Becerril,Female,2015,0.8989376396735362
20060,Bosconia,Female,2015,0.9959152492141553
20175,Chimichagua,Female,2015,0.932809209138137
20178,Chiriguaná,Female,2015,1.0944974958419895
20228,Curumaní,Female,2015,1.0610353259863559
20238,El Copey,Female,2015,1.0448452538257917
20250,El Paso,Female,2015,0.9081477336204499
20295,Gamarra,Female,2015,1.2385428826781917
20310,González,Female,2015,1.4055512654831286
20383,La Gloria,Female,2015,1.0950257009073354
20400,La Jagua De Ibirico,Female,2015,0.8869730441975252
20443,Manaure Balcón Del Cesar,Female,2015,1.065224723510027
20517,Pailitas,Female,2015,1.1526607884494986
20550,Pelaya,Female,2015,1.1187826252298427
20570,Pueblo Bello,Female,2015,0.8350618560776594
20614,Río De Oro,Female,2015,1.3476285760636495
20621,La Paz,Female,2015,1.0008202212955208
20710,San Alberto,Female,2015,1.073402753472707
20750,San Diego,Female,2015,1.0148027998321814
20770,San Martín,Female,2015,1.0830906698012057
20787,Tamalameque,Female,2015,0.9736505057621648
23001,Montería,Female,2015,1.2158949674059565
23068,Ayapel,Female,2015,1.1128934581264516
23079,Buenavista,Female,2015,1.2052776255185955
23090,Canalete,Female,2015,1.3130421671219896
23162,Cereté,Female,2015,1.3448011317661135
23168,Chimá,Female,2015,1.5217163735809491
23182,Chinú,Female,2015,1.422672591616788
23189,Ciénaga De Oro,Female,2015,1.4045823635296237
23300,Cotorra,Female,2015,1.3619700328485431
23350,La Apartada,Female,2015,1.2202762429523502
23417,Lorica,Female,2015,1.2903020955236233
23419,Los Córdobas,Female,2015,1.2588123459595777
23464,Momil,Female,2015,1.2596475080195444
23466,Montelíbano,Female,2015,1.0850608873540581
23500,Moñitos,Female,2015,1.2531081979586212
23555,Planeta Rica,Female,2015,1.224087143521772
23570,Pueblo Nuevo,Female,2015,1.2273159337451929
23574,Puerto Escondido,Female,2015,1.2869076429449184
23580,Puerto Libertador,Female,2015,1.0469879604614019
23586,Purísima De La Concepción,Female,2015,1.3341615751515528
23660,Sahagún,Female,2015,1.3063531403160704
23670,San Andrés De Sotavento,Female,2015,1.1845331186306565
23672,San Antero,Female,2015,1.2199571100721645
23675,San Bernardo Del Viento,Female,2015,1.256677733201201
23678,San Carlos,Female,2015,1.3554510896393912
23682,San José De Uré,Female,2015,0.32300131743446947
23686,San Pelayo,Female,2015,1.440629457354204
23807,Tierralta,Female,2015,1.070017068782935
23815,Tuchín,Female,2015,0.3821217056353222
23855,Valencia,Female,2015,1.2213754497565912
25001,Agua De Dios,Female,2015,1.6978035273328145
25019,Albán,Female,2015,1.1867141118620452
25035,Anapoima,Female,2015,1.3067340445299394
25040,Anolaima,Female,2015,1.3046818386865051
25053,Arbeláez,Female,2015,1.1203837116204647
25086,Beltrán,Female,2015,1.202848069756087
25095,Bituima,Female,2015,1.1062238282087005
25099,Bojacá,Female,2015,1.1703090350022411
25120,Cabrera,Female,2015,0.9735722560846309
25123,Cachipay,Female,2015,1.312212436041954
25126,Cajicá,Female,2015,1.1818509272829734
25148,Caparrapí,Female,2015,1.3896446335283026
25151,Cáqueza,Female,2015,1.6102176112636837
25154,Carmen De Carupa,Female,2015,1.251009695508244
25168,Chaguaní,Female,2015,1.4991602120716085
25175,Chía,Female,2015,1.4756805111705573
25178,Chipaque,Female,2015,1.1448643609643356
25181,Choachí,Female,2015,1.2606024868708512
25183,Chocontá,Female,2015,1.5068131960377236
25200,Cogua,Female,2015,1.1828271835022377
25214,Cota,Female,2015,1.1457836595413746
25224,Cucunubá,Female,2015,1.0394642223225377
25245,El Colegio,Female,2015,1.4001317866928746
25258,El Peñón,Female,2015,1.221280342292981
25260,El Rosal,Female,2015,0.9947818503251149
25269,Facatativá,Female,2015,1.4492214015652862
25279,Fómeque,Female,2015,1.1521834325181683
25281,Fosca,Female,2015,1.271256521328879
25286,Funza,Female,2015,1.237700772845437
25288,Fúquene,Female,2015,1.1075655713453292
25290,Fusagasugá,Female,2015,1.5986600994661708
25293,Gachalá,Female,2015,1.4033238310562566
25295,Gachancipá,Female,2015,1.0870358293902955
25297,Gachetá,Female,2015,1.902271539763991
25299,Gama,Female,2015,1.4096920446659125
25307,Girardot,Female,2015,2.3511615261992245
25312,Granada,Female,2015,1.098168211372881
25317,Guachetá,Female,2015,1.016221931792394
25320,Guaduas,Female,2015,1.5139429463848415
25322,Guasca,Female,2015,1.060092202757272
25324,Guataquí,Female,2015,1.2861976415002083
25326,Guatavita,Female,2015,1.323929915060605
25328,Guayabal De Síquima,Female,2015,1.2320847631953409
25335,Guayabetal,Female,2015,0.9612297986511736
25339,Gutiérrez,Female,2015,1.0878524319009335
25368,Jerusalén,Female,2015,1.165589910283744
25372,Junín,Female,2015,1.825899068029246
25377,La Calera,Female,2015,1.41982453118613
25386,La Mesa,Female,2015,1.5969977865500447
25394,La Palma,Female,2015,1.4637646288682713
25398,La Peña,Female,2015,1.4519853732707029
25402,La Vega,Female,2015,1.300299698788147
25407,Lenguazaque,Female,2015,1.0353772294414019
25426,Machetá,Female,2015,1.4938823220533215
25430,Madrid,Female,2015,1.1154852296686877
25436,Manta,Female,2015,1.5435809596310657
25438,Medina,Female,2015,1.101564668169325
25473,Mosquera,Female,2015,1.1339319756958608
25483,Nariño,Female,2015,1.4781154066630748
25486,Nemocón,Female,2015,1.258824338617587
25488,Nilo,Female,2015,1.0115730800089708
25489,Nimaima,Female,2015,1.3342440930659747
25491,Nocaima,Female,2015,1.1762925262581359
25506,Venecia,Female,2015,1.2199729770868708
25513,Pacho,Female,2015,1.5678256031395414
25518,Paime,Female,2015,1.334038338584122
25524,Pandi,Female,2015,1.1308581577287755
25530,Paratebueno,Female,2015,1.1713757710366492
25535,Pasca,Female,2015,1.1713323394524444
25572,Puerto Salgar,Female,2015,1.3772863168755165
25580,Pulí,Female,2015,1.1900917256480077
25592,Quebradanegra,Female,2015,1.337396919720538
25594,Quetame,Female,2015,1.28921723308131
25596,Quipile,Female,2015,1.2684090921108195
25599,Apulo,Female,2015,1.1642688488484112
25612,Ricaurte,Female,2015,1.0806145177220257
25645,San Antonio Del Tequendama,Female,2015,1.210126133538105
25649,San Bernardo,Female,2015,1.1715335376391922
25653,San Cayetano,Female,2015,1.1067330079231863
25658,San Francisco,Female,2015,1.1283431218757614
25662,San Juan De Rioseco,Female,2015,1.5593261380080308
25718,Sasaima,Female,2015,1.2614985377273393
25736,Sesquilé,Female,2015,1.273172585637826
25740,Sibaté,Female,2015,1.3331534501256739
25743,Silvania,Female,2015,1.261810321795469
25745,Simijaca,Female,2015,1.1916443311608538
25754,Soacha,Female,2015,1.1271981011368961
25758,Sopó,Female,2015,1.5382256563259924
25769,Subachoque,Female,2015,1.1062395316617633
25772,Suesca,Female,2015,1.1835886606339907
25777,Supatá,Female,2015,1.1672286184016751
25779,Susa,Female,2015,1.092895188618808
25781,Sutatausa,Female,2015,0.9725028630349434
25785,Tabio,Female,2015,1.2874523027046392
25793,Tausa,Female,2015,0.9446965826806163
25797,Tena,Female,2015,1.1417312648710491
25799,Tenjo,Female,2015,1.4768262814802
25805,Tibacuy,Female,2015,1.162295270914057
25807,Tibirita,Female,2015,1.8563295441376317
25815,Tocaima,Female,2015,1.7434000823301463
25817,Tocancipá,Female,2015,1.1156076287393768
25823,Topaipí,Female,2015,1.2833740767643012
25839,Ubalá,Female,2015,1.301855858583904
25841,Ubaque,Female,2015,1.4600910828877722
25843,Villa De San Diego De Ubaté,Female,2015,1.6244371354919775
25845,Une,Female,2015,1.1827495827599648
25851,Útica,Female,2015,1.3908410460716893
25862,Vergara,Female,2015,1.5437442986170677
25867,Vianí,Female,2015,1.149939316152518
25871,Villagómez,Female,2015,1.2624858401123407
25873,Villapinzón,Female,2015,1.1154534065680737
25875,Villeta,Female,2015,1.6785315772189133
25878,Viotá,Female,2015,1.2711537504687296
25885,Yacopí,Female,2015,1.4740289034253677
25898,Zipacón,Female,2015,1.072341681566379
25899,Zipaquirá,Female,2015,1.3941469015819772
27001,Quibdó,Female,2015,1.3542527128833493
27006,Acandí,Female,2015,1.127937389724652
27025,Alto Baudó,Female,2015,1.1045562925190355
27050,Atrato,Female,2015,1.2275584462520701
27073,Bagadó,Female,2015,0.8662466344944988
27075,Bahía Solano,Female,2015,0.9868822735265941
27077,Bajo Baudó,Female,2015,0.9922664755340701
27099,Bojayá,Female,2015,0.8333950979864874
27135,El Cantón Del San Pablo,Female,2015,1.0355360600796109
27150,Carmen Del Darién,Female,2015,0.7958153860447956
27160,Cértegui,Female,2015,1.1145631290356426
27205,Condoto,Female,2015,1.2338028910154193
27245,El Carmen De Atrato,Female,2015,1.2027222934925013
27250,El Litoral Del San Juan,Female,2015,0.9216022822406521
27361,Istmina,Female,2015,1.1214900561109606
27372,Juradó,Female,2015,0.8781287518543429
27413,Lloró,Female,2015,0.6737895677414004
27425,Medio Atrato,Female,2015,1.2547817207449063
27430,Medio Baudó,Female,2015,0.9684638293095128
27450,Medio San Juan,Female,2015,0.8897807660367555
27491,Nóvita,Female,2015,1.113542618395248
27495,Nuquí,Female,2015,0.9278703812104597
27580,Río Iró,Female,2015,0.7832086853587815
27600,Río Quito,Female,2015,1.3240256638619199
27615,Riosucio,Female,2015,1.4165393157833501
27660,San José Del Palmar,Female,2015,1.042891406412277
27745,Sipí,Female,2015,0.9143105162367521
27787,Tadó,Female,2015,1.157899921614106
27800,Unguía,Female,2015,1.0774733786182047
27810,Unión Panamericana,Female,2015,1.159907903339328
41001,Neiva,Female,2015,1.3828336699278656
41006,Acevedo,Female,2015,1.6241578490841675
41013,Agrado,Female,2015,1.2099822302097774
41016,Aipe,Female,2015,1.2076276254667007
41020,Algeciras,Female,2015,1.2190994975424976
41026,Altamira,Female,2015,1.1592187177047384
41078,Baraya,Female,2015,1.287612085607578
41132,Campoalegre,Female,2015,1.416034874637157
41206,Colombia,Female,2015,1.1765802969067138
41244,Elías,Female,2015,0.9668080525347719
41298,Garzón,Female,2015,1.1901058856965192
41306,Gigante,Female,2015,1.2200463538780857
41319,Guadalupe,Female,2015,1.113534143420837
41349,Hobo,Female,2015,1.0250347289577046
41357,Íquira,Female,2015,1.172804722651483
41359,Isnos,Female,2015,1.1577232497215597
41378,La Argentina,Female,2015,1.3986708232624037
41396,La Plata,Female,2015,1.1529207457260318
41483,Nátaga,Female,2015,0.986332333554163
41503,Oporapa,Female,2015,1.1318753060161533
41518,Paicol,Female,2015,1.05253787760016
41524,Palermo,Female,2015,1.0987980264166797
41530,Palestina,Female,2015,1.177477246525542
41548,Pital,Female,2015,1.032778817267713
41551,Pitalito,Female,2015,1.4418976574586406
41615,Rivera,Female,2015,1.098921193815188
41660,Saladoblanco,Female,2015,1.1987881615001397
41668,San Agustín,Female,2015,1.1907701572681086
41676,Santa María,Female,2015,1.0689830557599027
41770,Suaza,Female,2015,0.993191268720923
41791,Tarqui,Female,2015,1.1565884889231484
41797,Tesalia,Female,2015,1.1397196316355411
41799,Tello,Female,2015,1.0680146663583396
41801,Teruel,Female,2015,1.3161861642382957
41807,Timaná,Female,2015,1.1832145064584116
41872,Villavieja,Female,2015,1.6714767186580801
41885,Yaguará,Female,2015,1.1365050753849146
44001,Riohacha,Female,2015,1.0909055580300508
44035,Albania,Female,2015,0.7298297035113996
44078,Barrancas,Female,2015,0.9568576118636349
44090,Dibulla,Female,2015,0.9014140722072663
44098,Distracción,Female,2015,0.9263044169961204
44110,El Molino,Female,2015,1.105300145108088
44279,Fonseca,Female,2015,0.8962509059891992
44378,Hatonuevo,Female,2015,0.900377785077111
44420,La Jagua Del Pilar,Female,2015,0.7593355185327495
44430,Maicao,Female,2015,1.0320155918689367
44560,Manaure,Female,2015,0.9669825474529525
44650,San Juan Del Cesar,Female,2015,1.0307378906958946
44847,Uribia,Female,2015,1.2293257322467606
44855,Urumita,Female,2015,0.9554766958160041
44874,Villanueva,Female,2015,0.9033018020232583
47001,Santa Marta,Female,2015,1.2571233910797543
47030,Algarrobo,Female,2015,0.9043516518633075
47053,Aracataca,Female,2015,0.9283795524983015
47058,Ariguaní,Female,2015,1.1079304546808766
47161,Cerro De San Antonio,Female,2015,1.2425075190826649
47170,Chivolo,Female,2015,1.0401185039155196
47189,Ciénaga,Female,2015,1.156107658988042
47205,Concordia,Female,2015,1.5932073979758623
47245,El Banco,Female,2015,1.0940688211072784
47258,El Piñón,Female,2015,1.1298830814200427
47268,El Retén,Female,2015,1.1136371422817881
47288,Fundación,Female,2015,1.1090096178872917
47318,Guamal,Female,2015,1.093855288569374
47460,Nueva Granada,Female,2015,0.9415276700852243
47541,Pedraza,Female,2015,1.1715714079636592
47545,Pijiño Del Carmen,Female,2015,0.9436497044422927
47551,Pivijay,Female,2015,1.235798158430693
47555,Plato,Female,2015,1.090748744735658
47570,Puebloviejo,Female,2015,1.0872340097343518
47605,Remolino,Female,2015,1.2167486890063894
47660,Sabanas De San Ángel,Female,2015,0.9558011685691599
47675,Salamina,Female,2015,1.279258792210984
47692,San Sebastián De Buenavista,Female,2015,1.1554347663671014
47703,San Zenón,Female,2015,0.9317306683867973
47707,Santa Ana,Female,2015,0.965121689667006
47720,Santa Bárbara De Pinto,Female,2015,1.0040902221921317
47745,Sitionuevo,Female,2015,1.2631273799400655
47798,Tenerife,Female,2015,1.074384249774466
47960,Zapayán,Female,2015,1.074309622628285
47980,Zona Bananera,Female,2015,0.9001920874392875
50001,Villavicencio,Female,2015,1.3920269597799035
50006,Acacías,Female,2015,1.1100886364096063
50110,Barranca De Upía,Female,2015,0.906969203413506
50124,Cabuyaro,Female,2015,0.902794047643348
50150,Castilla La Nueva,Female,2015,0.9612148055260007
50223,Cubarral,Female,2015,1.1774962585888933
50226,Cumaral,Female,2015,1.064271122722625
50245,El Calvario,Female,2015,0.9679569169674627
50251,El Castillo,Female,2015,1.0207021057453485
50270,El Dorado,Female,2015,1.1182821530231446
50287,Fuente De Oro,Female,2015,1.2917665790472639
50313,Granada,Female,2015,1.3314336524934594
50318,Guamal,Female,2015,1.090313547551252
50325,Mapiripán,Female,2015,0.7757078457463403
50330,Mesetas,Female,2015,1.1649188698192559
50350,La Macarena,Female,2015,1.0360388418085371
50370,Uribe,Female,2015,1.0655736547797918
50400,Lejanías,Female,2015,1.1273243881857904
50450,Puerto Concordia,Female,2015,0.9664048546889733
50568,Puerto Gaitán,Female,2015,0.8629387212761662
50573,Puerto López,Female,2015,1.4459577988164027
50577,Puerto Lleras,Female,2015,0.9981930563104056
50590,Puerto Rico,Female,2015,1.066108365666711
50606,Restrepo,Female,2015,1.0592788738738887
50680,San Carlos De Guaroa,Female,2015,0.9138580429124613
50683,San Juan De Arama,Female,2015,1.159853990179167
50686,San Juanito,Female,2015,1.0733502965063442
50689,San Martín,Female,2015,1.0284460625072085
50711,Vistahermosa,Female,2015,1.1600388100473995
52001,Pasto,Female,2015,1.3755062690998314
52019,Albán,Female,2015,1.7926987309700757
52022,Aldana,Female,2015,1.5131324532549182
52036,Ancuya,Female,2015,1.6857195421885574
52051,Arboleda,Female,2015,1.6474985337303572
52079,Barbacoas,Female,2015,1.0230017146752381
52083,Belén,Female,2015,1.8538226280504873
52110,Buesaco,Female,2015,1.5317809108686793
52203,Colón,Female,2015,1.6423168401386607
52207,Consacá,Female,2015,1.765629670311481
52210,Contadero,Female,2015,1.5491833607955683
52215,Córdoba,Female,2015,1.4313824210527464
52224,Cuaspud Carlosama,Female,2015,1.646084035058277
52227,Cumbal,Female,2015,1.3085650043723882
52233,Cumbitara,Female,2015,1.9113661124447199
52240,Chachagüí,Female,2015,1.455713771980587
52250,El Charco,Female,2015,1.0069077990429025
52254,El Peñol,Female,2015,1.7786923358685447
52256,El Rosario,Female,2015,1.7444230074888265
52258,El Tablón De Gómez,Female,2015,1.7586114932551156
52260,El Tambo,Female,2015,1.6106593269789982
52287,Funes,Female,2015,1.5874665405546688
52317,Guachucal,Female,2015,1.7521114221789085
52320,Guaitarilla,Female,2015,1.615866822665558
52323,Gualmatán,Female,2015,1.853010482261151
52352,Iles,Female,2015,1.553165629128771
52354,Imués,Female,2015,2.009471614649978
52356,Ipiales,Female,2015,1.3472346359873617
52378,La Cruz,Female,2015,1.6294768766385812
52381,La Florida,Female,2015,2.260517818941312
52385,La Llanada,Female,2015,1.309629726956245
52390,La Tola,Female,2015,0.9995885468814195
52399,La Unión,Female,2015,1.8617256668165016
52405,Leiva,Female,2015,1.4052299640065018
52411,Linares,Female,2015,1.7456320830627674
52418,Los Andes,Female,2015,1.5325173796281364
52427,Magüí,Female,2015,0.9766378996633652
52435,Mallama,Female,2015,1.4217675523783377
52473,Mosquera,Female,2015,1.3830531838559255
52480,Nariño,Female,2015,1.5493014898827453
52490,Olaya Herrera,Female,2015,1.078747124228542
52506,Ospina,Female,2015,1.537056049956625
52520,Francisco Pizarro,Female,2015,1.2449406278058621
52540,Policarpa,Female,2015,1.524568775628505
52560,Potosí,Female,2015,1.3217907636495256
52565,Providencia,Female,2015,1.7671513566638455
52573,Puerres,Female,2015,1.4200405480232703
52585,Pupiales,Female,2015,1.6250919863409736
52612,Ricaurte,Female,2015,1.1562196453596696
52621,Roberto Payán,Female,2015,1.0992194982961359
52678,Samaniego,Female,2015,1.861219563772418
52683,Sandoná,Female,2015,1.7216917974329575
52685,San Bernardo,Female,2015,1.8915321457031664
52687,San Lorenzo,Female,2015,1.7096804739913694
52693,San Pablo,Female,2015,1.7725889937095063
52694,San Pedro De Cartago,Female,2015,1.7609096371357826
52696,Santa Bárbara,Female,2015,1.0781516195906653
52699,Santacruz,Female,2015,1.7249687980741917
52720,Sapuyes,Female,2015,1.8526178031764957
52786,Taminango,Female,2015,1.8134950859247922
52788,Tangua,Female,2015,1.8835512117360598
52835,San Andrés De Tumaco,Female,2015,1.2006130033826432
52838,Túquerres,Female,2015,1.57334786726598
52885,Yacuanquer,Female,2015,1.8110150741936533
54001,San José De Cúcuta,Female,2015,1.3712587835241856
54003,Ábrego,Female,2015,1.2285363940470642
54051,Arboledas,Female,2015,1.2138745564199167
54099,Bochalema,Female,2015,1.1907825055417411
54109,Bucarasica,Female,2015,1.0159979011393574
54125,Cácota,Female,2015,1.2090338681480177
54128,Cáchira,Female,2015,1.1374717951552624
54172,Chinácota,Female,2015,1.1980027415272303
54174,Chitagá,Female,2015,1.2286176176535286
54206,Convención,Female,2015,1.1310886403769809
54223,Cucutilla,Female,2015,1.4718665094036925
54239,Durania,Female,2015,1.3600771165822065
54245,El Carmen,Female,2015,1.1288339845545392
54250,El Tarra,Female,2015,0.9638177714588195
54261,El Zulia,Female,2015,1.1902275884133457
54313,Gramalote,Female,2015,1.4619953544550433
54344,Hacarí,Female,2015,0.9728923858680141
54347,Herrán,Female,2015,1.5467641596654973
54377,Labateca,Female,2015,1.1439183924642689
54385,La Esperanza,Female,2015,0.9912935471942116
54398,La Playa,Female,2015,1.2531534560121438
54405,Los Patios,Female,2015,1.275454324462124
54418,Lourdes,Female,2015,1.0162959392302577
54480,Mutiscua,Female,2015,1.271683244657509
54498,Ocaña,Female,2015,1.318026891219542
54518,Pamplona,Female,2015,1.2882703610093298
54520,Pamplonita,Female,2015,1.2010764350416248
54553,Puerto Santander,Female,2015,2.171356519336246
54599,Ragonvalia,Female,2015,1.3254515309496684
54660,Salazar,Female,2015,1.1361294186861197
54670,San Calixto,Female,2015,1.0363143058972286
54673,San Cayetano,Female,2015,1.1395554722953078
54680,Santiago,Female,2015,1.3858177356493298
54720,Sardinata,Female,2015,1.0425347068048179
54743,Silos,Female,2015,1.1613253909445291
54800,Teorama,Female,2015,1.0306805090568563
54810,Tibú,Female,2015,1.0421122712299915
54820,Toledo,Female,2015,1.2237960462664739
54871,Villa Caro,Female,2015,1.193470519213066
54874,Villa Del Rosario,Female,2015,1.2160307887819344
63001,Armenia,Female,2015,1.822512474288323
63111,Buenavista,Female,2015,1.2939974139283312
63130,Calarcá,Female,2015,1.4636578867125387
63190,Circasia,Female,2015,1.4949801556897047
63212,Córdoba,Female,2015,1.3839890692534678
63272,Filandia,Female,2015,1.4936507279435733
63302,Génova,Female,2015,1.5297267946564579
63401,La Tebaida,Female,2015,1.5011241278698848
63470,Montenegro,Female,2015,1.5106574448905874
63548,Pijao,Female,2015,1.5766878664636843
63594,Quimbaya,Female,2015,1.524082369883389
63690,Salento,Female,2015,1.4127647355532345
66001,Pereira,Female,2015,1.6446498725412975
66045,Apía,Female,2015,1.8315269657975062
66075,Balboa,Female,2015,1.4143806259954357
66088,Belén De Umbría,Female,2015,1.454840700232751
66170,Dosquebradas,Female,2015,1.4484835542277201
66318,Guática,Female,2015,1.4825557707597152
66383,La Celia,Female,2015,1.479583886429953
66400,La Virginia,Female,2015,2.186821417904947
66440,Marsella,Female,2015,1.3368757079970672
66456,Mistrató,Female,2015,0.9550229117042113
66572,Pueblo Rico,Female,2015,0.8871695204789728
66594,Quinchía,Female,2015,1.3410964776559822
66682,Santa Rosa De Cabal,Female,2015,1.333319549082226
66687,Santuario,Female,2015,1.4876761006051222
68001,Bucaramanga,Female,2015,1.5065734962841408
68013,Aguada,Female,2015,1.4895773638883814
68020,Albania,Female,2015,1.4041814356983051
68051,Aratoca,Female,2015,1.3682573082480787
68077,Barbosa,Female,2015,1.2804703201343983
68079,Barichara,Female,2015,1.2705551149585577
68081,Barrancabermeja,Female,2015,1.5350034607642589
68092,Betulia,Female,2015,1.154014665547789
68101,Bolívar,Female,2015,1.249123183836476
68121,Cabrera,Female,2015,1.3413080875480425
68132,California,Female,2015,1.000386213962804
68147,Capitanejo,Female,2015,1.3550487644915712
68152,Carcasí,Female,2015,1.412925063623868
68160,Cepitá,Female,2015,1.1293769510805731
68162,Cerrito,Female,2015,1.237591684937847
68167,Charalá,Female,2015,1.1584971224161535
68169,Charta,Female,2015,1.2504864569679672
68176,Chima,Female,2015,1.3005581750396051
68179,Chipatá,Female,2015,1.5199291042000036
68190,Cimitarra,Female,2015,1.2413659988136938
68207,Concepción,Female,2015,1.277738112585279
68209,Confines,Female,2015,1.0377086324113378
68211,Contratación,Female,2015,1.4104305287340195
68217,Coromoro,Female,2015,1.297168043015519
68229,Curití,Female,2015,1.2077199888485035
68235,El Carmen De Chucuri,Female,2015,1.3817991322801588
68245,El Guacamayo,Female,2015,1.164860615429289
68250,El Peñón,Female,2015,1.1424226765388343
68255,El Playón,Female,2015,1.2602109612960577
68264,Encino,Female,2015,1.0254528689004272
68266,Enciso,Female,2015,1.3915276358309239
68271,Florián,Female,2015,1.4089749647603884
68276,Floridablanca,Female,2015,1.3602278108362247
68296,Galán,Female,2015,1.5330129828139778
68298,Gámbita,Female,2015,1.5396688473279778
68307,Girón,Female,2015,1.2003414484461994
68318,Guaca,Female,2015,1.5001122938909714
68320,Guadalupe,Female,2015,1.480324655028107
68322,Guapotá,Female,2015,1.214485168008791
68324,Guavatá,Female,2015,1.649110030651734
68327,Güepsa,Female,2015,1.2594895727755218
68344,Hato,Female,2015,1.3659007655756188
68368,Jesús María,Female,2015,1.3442429602727337
68370,Jordán,Female,2015,1.6563628510092867
68377,La Belleza,Female,2015,1.2079883239928921
68385,Landázuri,Female,2015,1.348574391827139
68397,La Paz,Female,2015,1.3259927501037585
68406,Lebrija,Female,2015,1.1676130250896157
68418,Los Santos,Female,2015,1.251234705425614
68425,Macaravita,Female,2015,1.1956228230767112
68432,Málaga,Female,2015,1.234011159918751
68444,Matanza,Female,2015,1.351594563545464
68464,Mogotes,Female,2015,1.1936948121897732
68468,Molagavita,Female,2015,1.49484796422106
68498,Ocamonte,Female,2015,1.21653668364656
68500,Oiba,Female,2015,1.3154084217068005
68502,Onzaga,Female,2015,1.4541556782391878
68522,Palmar,Female,2015,1.3430536583535855
68524,Palmas Del Socorro,Female,2015,1.8292651297737164
68533,Páramo,Female,2015,1.1131359524765172
68547,Piedecuesta,Female,2015,1.2256391634744122
68549,Pinchote,Female,2015,1.280024119141518
68572,Puente Nacional,Female,2015,1.251148828152478
68573,Puerto Parra,Female,2015,0.9305692120857947
68575,Puerto Wilches,Female,2015,1.0374162023370126
68615,Rionegro,Female,2015,1.154017586309697
68655,Sabana De Torres,Female,2015,1.0360760433528278
68669,San Andrés,Female,2015,1.3620841095565273
68673,San Benito,Female,2015,1.5140638306970116
68679,San Gil,Female,2015,1.2731795693959582
68682,San Joaquín,Female,2015,1.6387957835353113
68684,San José De Miranda,Female,2015,1.3866761945095103
68686,San Miguel,Female,2015,1.031513672663349
68689,San Vicente De Chucurí,Female,2015,1.1761982352346891
68705,Santa Bárbara,Female,2015,1.492316880126386
68720,Santa Helena Del Opón,Female,2015,1.159345467098018
68745,Simacota,Female,2015,1.1494486268960744
68755,Socorro,Female,2015,1.3229301551833934
68770,Suaita,Female,2015,1.363390555875401
68773,Sucre,Female,2015,1.3432689460125693
68780,Suratá,Female,2015,1.3605129678837382
68820,Tona,Female,2015,1.224876307038902
68855,Valle De San José,Female,2015,1.3140292042115582
68861,Vélez,Female,2015,1.5082030819681396
68867,Vetas,Female,2015,1.239446797722179
68872,Villanueva,Female,2015,1.2314244490795392
68895,Zapatoca,Female,2015,1.1312962748337443
70001,Sincelejo,Female,2015,1.3056314383062302
70110,Buenavista,Female,2015,1.1809209044432252
70124,Caimito,Female,2015,1.1696905273902811
70204,Colosó,Female,2015,1.2859166155851791
70215,Corozal,Female,2015,1.2247091206865413
70221,Coveñas,Female,2015,0.8966134241042394
70230,Chalán,Female,2015,1.368201703686601
70233,El Roble,Female,2015,1.2797424353483315
70235,Galeras,Female,2015,1.0696935125464535
70265,Guaranda,Female,2015,1.1300339217383553
70400,La Unión,Female,2015,1.2880419018902363
70418,Los Palmitos,Female,2015,1.1783186377824766
70429,Majagual,Female,2015,1.2140087492290954
70473,Morroa,Female,2015,1.2197361262231878
70508,Ovejas,Female,2015,1.2962906675601
70523,Palmito,Female,2015,1.1717252531619373
70670,Sampués,Female,2015,1.2439236017747504
70678,San Benito Abad,Female,2015,1.193292131564258
70702,San Juan De Betulia,Female,2015,1.3671255678546104
70708,San Marcos,Female,2015,1.2195173041057903
70713,San Onofre,Female,2015,1.1190464326075786
70717,San Pedro,Female,2015,1.241734278557472
70742,San Luis De Sincé,Female,2015,1.272364312846483
70771,Sucre,Female,2015,1.2098790765685246
70820,Santiago De Tolú,Female,2015,1.0445133365483876
70823,San José De Toluviejo,Female,2015,1.2105382968315295
73001,Ibagué,Female,2015,1.3244561012175702
73024,Alpujarra,Female,2015,1.111583525280873
73026,Alvarado,Female,2015,1.3301727103078382
73030,Ambalema,Female,2015,1.4940353722116193
73043,Anzoátegui,Female,2015,1.1406823092689096
73055,Armero,Female,2015,1.2119658634847836
73067,Ataco,Female,2015,1.038319964168303
73124,Cajamarca,Female,2015,1.3513184465113393
73148,Carmen De Apicalá,Female,2015,1.1690017019519974
73152,Casabianca,Female,2015,1.112833998821005
73168,Chaparral,Female,2015,1.2096304088459966
73200,Coello,Female,2015,1.1799038979637548
73217,Coyaima,Female,2015,1.165809300512685
73226,Cunday,Female,2015,1.0844147697846709
73236,Dolores,Female,2015,1.1365391935714881
73268,Espinal,Female,2015,1.4236134066496136
73270,Falan,Female,2015,1.1683866625982111
73275,Flandes,Female,2015,1.3179116201067012
73283,Fresno,Female,2015,1.2507453840457297
73319,Guamo,Female,2015,1.4021646190908366
73347,Herveo,Female,2015,1.4807348761153563
73349,Honda,Female,2015,1.5225395949929414
73352,Icononzo,Female,2015,1.1271977100429318
73408,Lérida,Female,2015,1.508101743626217
73411,Líbano,Female,2015,1.4169195344877865
73443,San Sebastián De Mariquita,Female,2015,1.3046553786220163
73449,Melgar,Female,2015,1.2208865697594913
73461,Murillo,Female,2015,1.1850717722221833
73483,Natagaima,Female,2015,1.5220321995313557
73504,Ortega,Female,2015,1.1110860764294117
73520,Palocabildo,Female,2015,1.1038695789802764
73547,Piedras,Female,2015,1.1878347745575442
73555,Planadas,Female,2015,0.989492431187192
73563,Prado,Female,2015,1.1443737439191475
73585,Purificación,Female,2015,1.290295076303411
73616,Rioblanco,Female,2015,0.9069081079339225
73622,Roncesvalles,Female,2015,1.0459401849325907
73624,Rovira,Female,2015,1.17809266317721
73671,Saldaña,Female,2015,1.3674471113865967
73675,San Antonio,Female,2015,1.1244380874402613
73678,San Luis,Female,2015,1.3112450386535925
73686,Santa Isabel,Female,2015,1.1879362099089052
73770,Suárez,Female,2015,1.3411105977221178
73854,Valle De San Juan,Female,2015,1.2076941151865057
73861,Venadillo,Female,2015,1.2223163972592563
73870,Villahermosa,Female,2015,1.2688826537511149
73873,Villarrica,Female,2015,1.0601845191881614
76001,Cali,Female,2015,1.3824532644517669
76020,Alcalá,Female,2015,1.1567040728997946
76036,Andalucía,Female,2015,1.1645348837557428
76041,Ansermanuevo,Female,2015,1.2821029030219182
76054,Argelia,Female,2015,0.9843260564434382
76100,Bolívar,Female,2015,0.9609276726819236
76109,Buenaventura,Female,2015,1.0917559494575344
76111,Guadalajara De Buga,Female,2015,1.5026061252845684
76113,Bugalagrande,Female,2015,1.22133202880831
76122,Caicedonia,Female,2015,1.608395764158329
76126,Calima,Female,2015,1.1935734210792652
76130,Candelaria,Female,2015,1.0424099677931813
76147,Cartago,Female,2015,1.5201438718931373
76233,Dagua,Female,2015,1.0936769137983025
76243,El Águila,Female,2015,1.082752842597441
76246,El Cairo,Female,2015,1.0195455697613716
76248,El Cerrito,Female,2015,1.3207877357790203
76250,El Dovio,Female,2015,1.3892020453665859
76275,Florida,Female,2015,1.1010315282209937
76306,Ginebra,Female,2015,1.0873687053278223
76318,Guacarí,Female,2015,1.1096573395136116
76364,Jamundí,Female,2015,1.1848998901605226
76377,La Cumbre,Female,2015,1.2474685682211606
76400,La Unión,Female,2015,1.3768831082324866
76403,La Victoria,Female,2015,1.915166169444776
76497,Obando,Female,2015,1.1208080892374583
76520,Palmira,Female,2015,1.2895214246506286
76563,Pradera,Female,2015,1.3513475087887377
76606,Restrepo,Female,2015,1.0856655670489344
76616,Riofrío,Female,2015,1.1607090243900693
76622,Roldanillo,Female,2015,1.2697917804665517
76670,San Pedro,Female,2015,1.1867214843727472
76736,Sevilla,Female,2015,1.2681486365655728
76823,Toro,Female,2015,1.128120134293497
76828,Trujillo,Female,2015,1.061851348192412
76834,Tuluá,Female,2015,1.4570299541353022
76845,Ulloa,Female,2015,1.064831059431195
76863,Versalles,Female,2015,1.1874449167074441
76869,Vijes,Female,2015,1.0990053254155354
76890,Yotoco,Female,2015,1.1038979117555634
76892,Yumbo,Female,2015,1.165079508206193
76895,Zarzal,Female,2015,1.107505964107418
81001,Arauca,Female,2015,1.2333795001204748
81065,Arauquita,Female,2015,0.9831174363158108
81220,Cravo Norte,Female,2015,1.1537597120358325
81300,Fortul,Female,2015,1.218555903977886
81591,Puerto Rondón,Female,2015,1.105862542153593
81736,Saravena,Female,2015,1.1041770196869891
81794,Tame,Female,2015,1.67830746656902
85001,Yopal,Female,2015,1.1143852494907849
85010,Aguazul,Female,2015,1.1293696378967133
85015,Chámeza,Female,2015,1.1549919738710266
85125,Hato Corozal,Female,2015,0.9179792927593334
85136,La Salina,Female,2015,1.1245276947423848
85139,Maní,Female,2015,1.0187201295996655
85162,Monterrey,Female,2015,1.0957021472970825
85225,Nunchía,Female,2015,1.2234251193913717
85230,Orocué,Female,2015,0.8660521152375186
85250,Paz De Ariporo,Female,2015,0.9921716343025146
85263,Pore,Female,2015,1.0277038129143512
85279,Recetor,Female,2015,1.1837288147673766
85300,Sabanalarga,Female,2015,1.2351757899486004
85315,Sácama,Female,2015,0.902511672743259
85325,San Luis De Palenque,Female,2015,0.922521852083991
85400,Támara,Female,2015,0.9195918236685803
85410,Tauramena,Female,2015,0.9640138589939715
85430,Trinidad,Female,2015,1.0018060488877119
85440,Villanueva,Female,2015,1.042129813667026
86001,Mocoa,Female,2015,1.1142719163668864
86219,Colón,Female,2015,1.2855618708586456
86320,Orito,Female,2015,1.0615661075836496
86568,Puerto Asís,Female,2015,1.2367233303472143
86569,Puerto Caicedo,Female,2015,1.0732387342396845
86571,Puerto Guzmán,Female,2015,0.9562357261807889
86573,Puerto Leguízamo,Female,2015,0.8286179201194418
86749,Sibundoy,Female,2015,1.284952655666687
86755,San Francisco,Female,2015,1.0823775035252656
86757,San Miguel,Female,2015,1.0417011235859033
86760,Santiago,Female,2015,1.06673846769057
86865,Valle Del Guamuez,Female,2015,1.2521732814286521
86885,Villagarzón,Female,2015,0.9871631611029467
88001,San Andrés,Female,2015,1.2868900895348754
88564,Providencia,Female,2015,1.167186188675201
91001,Leticia,Female,2015,1.2839401270070392
91263,El Encanto,Female,2015,1.0125556779834695
91405,La Chorrera,Female,2015,0.5854207858902479
91407,La Pedrera,Female,2015,0.9965761787707429
91430,La Victoria,Female,2015,1.2426979642643827
91460,Mirití - Paraná,Female,2015,0.7642187570849315
91530,Puerto Alegría,Female,2015,0.9794106370314982
91536,Puerto Arica,Female,2015,1.0188576654516495
91540,Puerto Nariño,Female,2015,0.8577549146506587
91669,Puerto Santander,Female,2015,0.7888011135908385
91798,Tarapacá,Female,2015,0.8947081346141998
94001,Inírida,Female,2015,0.9118839448800463
94343,Barrancominas,Female,2015,0.394046914330944
94883,San Felipe,Female,2015,0.6328775222293209
94884,Puerto Colombia,Female,2015,0.6386020642909104
94885,La Guadalupe,Female,2015,0.5322081393411063
94886,Cacahual,Female,2015,0.48290922553951876
94887,Pana Pana,Female,2015,0.6262435841181152
94888,Morichal,Female,2015,0.5262205104720026
95001,San José Del Guaviare,Female,2015,0.9610112095427857
95015,Calamar,Female,2015,0.95712630540991706
95025,El Retorno,Female,2015,0.8724336288444421
95200,Miraflores,Female,2015,0.7862876254374642
97001,Mitú,Female,2015,0.6628831607370728
97161,Carurú,Female,2015,0.6541367163112691
97511,Pacoa,Female,2015,0.47593239940467796
97666,Taraira,Female,2015,0.7743441103799211
97777,Papunahua,Female,2015,0.6950531759651839
97889,Yavaraté,Female,2015,0.8483898700546364
99001,Puerto Carreño,Female,2015,1.2927440248487114
99524,La Primavera,Female,2015,1.0973091049335475
99624,Santa Rosalía,Female,2015,0.9497758689090032
99773,Cumaribo,Female,2015,0.8149047434303676
5001,Medellín,Male,2015,3.5045661302265203
5002,Abejorral,Male,2015,4.2228072460800465
5004,Abriaquí,Male,2015,3.7575212000519427
5021,Alejandría,Male,2015,3.179859247090718
5030,Amagá,Male,2015,3.671089168235768
5031,Amalfi,Male,2015,3.3103531853615102
5034,Andes,Male,2015,4.227122108442999
5036,Angelópolis,Male,2015,3.7446904519257456
5038,Angostura,Male,2015,3.649137290483964
5040,Anorí,Male,2015,3.1468810332548873
5042,Santa Fé De Antioquia,Male,2015,3.669453464425021
5044,Anzá,Male,2015,3.626060927539705
5045,Apartadó,Male,2015,3.916495456885517
5051,Arboletes,Male,2015,2.9016619697716233
5055,Argelia,Male,2015,3.260557190581517
5059,Armenia,Male,2015,4.592666837541737
5079,Barbosa,Male,2015,3.943053144379136
5086,Belmira,Male,2015,3.2477182350864533
5088,Bello,Male,2015,3.3311831893658126
5091,Betania,Male,2015,4.082632956666079
5093,Betulia,Male,2015,4.485337801977665
5101,Ciudad Bolívar,Male,2015,4.828682367783885
5107,Briceño,Male,2015,3.8336879651307623
5113,Buriticá,Male,2015,3.438820494645066
5120,Cáceres,Male,2015,3.931897782700447
5125,Caicedo,Male,2015,3.608986228129325
5129,Caldas,Male,2015,4.027407724944414
5134,Campamento,Male,2015,3.3555739613996396
5138,Cañasgordas,Male,2015,3.4803371982347184
5142,Caracolí,Male,2015,4.069348465702068
5145,Caramanta,Male,2015,4.140517502466636
5147,Carepa,Male,2015,2.93118898779807
5148,El Carmen De Viboral,Male,2015,2.9906725981608577
5150,Carolina,Male,2015,5.21605111948274
5154,Caucasia,Male,2015,3.3198163039728463
5172,Chigorodó,Male,2015,3.4256489333073246
5190,Cisneros,Male,2015,4.671639753025455
5197,Cocorná,Male,2015,3.3218529084566484
5206,Concepción,Male,2015,3.856608717634234
5209,Concordia,Male,2015,4.139574488190747
5212,Copacabana,Male,2015,3.850156037310291
5234,Dabeiba,Male,2015,2.4582924914288693
5237,Donmatías,Male,2015,3.0792898948550986
5240,Ebéjico,Male,2015,4.510259383081847
5250,El Bagre,Male,2015,3.090126330914361
5264,Entrerríos,Male,2015,3.1685001837551114
5266,Envigado,Male,2015,4.587147978041315
5282,Fredonia,Male,2015,4.396155497887338
5284,Frontino,Male,2015,2.6643814644409076
5306,Giraldo,Male,2015,3.1856353338930017
5308,Girardota,Male,2015,3.5927915819358516
5310,Gómez Plata,Male,2015,4.311369410220176
5313,Granada,Male,2015,2.9928549671803335
5315,Guadalupe,Male,2015,3.5902843626622465
5318,Guarne,Male,2015,3.630262300126983
5321,Guatapé,Male,2015,3.1933508825788164
5347,Heliconia,Male,2015,4.833688483924386
5353,Hispania,Male,2015,3.7496705074671213
5360,Itagüí,Male,2015,3.82416874755694
5361,Ituango,Male,2015,6.249418379647037
5364,Jardín,Male,2015,4.051693628971817
5368,Jericó,Male,2015,4.08228837777593
5376,La Ceja,Male,2015,3.396531260362954
5380,La Estrella,Male,2015,3.8061515268631876
5390,La Pintada,Male,2015,3.7016916514661626
5400,La Unión,Male,2015,3.3605934613756445
5411,Liborina,Male,2015,3.9385950027297763
5425,Maceo,Male,2015,3.9431792165290096
5440,Marinilla,Male,2015,2.8957895869119628
5467,Montebello,Male,2015,4.727788110347469
5475,Murindó,Male,2015,1.9505842491839172
5480,Mutatá,Male,2015,4.252292570771092
5483,Nariño,Male,2015,3.5402694169902857
5490,Necoclí,Male,2015,2.744749255452438
5495,Nechí,Male,2015,2.7531558210772693
5501,Olaya,Male,2015,3.420088240071253
5541,Peñol,Male,2015,3.289550882784631
5543,Peque,Male,2015,3.1571355993619563
5576,Pueblorrico,Male,2015,3.7076111930183218
5579,Puerto Berrío,Male,2015,4.7633211299356795
5585,Puerto Nare,Male,2015,3.4513922153820564
5591,Puerto Triunfo,Male,2015,3.9515229291156895
5604,Remedios,Male,2015,2.9876152583460183
5607,Retiro,Male,2015,3.648260269831931
5615,Rionegro,Male,2015,3.6523784945114532
5628,Sabanalarga,Male,2015,3.2984826811999013
5631,Sabaneta,Male,2015,4.3055615145045465
5642,Salgar,Male,2015,9.781876117472196
5647,San Andrés De Cuerquía,Male,2015,3.3766165255548395
5649,San Carlos,Male,2015,3.162326403903633
5652,San Francisco,Male,2015,3.1063030838527106
5656,San Jerónimo,Male,2015,3.566343150022691
5658,San José De La Montaña,Male,2015,3.6196483877456025
5659,San Juan De Urabá,Male,2015,2.5967335528161577
5660,San Luis,Male,2015,2.6087620157058864
5664,San Pedro De Los Milagros,Male,2015,3.951347605591937
5665,San Pedro De Urabá,Male,2015,3.090181945710086
5667,San Rafael,Male,2015,3.675874890083618
5670,San Roque,Male,2015,3.5145453224401386
5674,San Vicente Ferrer,Male,2015,3.6648275954353062
5679,Santa Bárbara,Male,2015,3.918773959347042
5686,Santa Rosa De Osos,Male,2015,3.1233370069663033
5690,Santo Domingo,Male,2015,4.136618818410802
5697,El Santuario,Male,2015,2.4806534414762256
5736,Segovia,Male,2015,4.258028625304358
5756,Sonsón,Male,2015,3.5559433671116216
5761,Sopetrán,Male,2015,3.708984231700472
5789,Támesis,Male,2015,4.434869597622234
5790,Tarazá,Male,2015,5.496302056231556
5792,Tarso,Male,2015,4.055436261991344
5809,Titiribí,Male,2015,4.1707615872436605
5819,Toledo,Male,2015,3.6072196159643233
5837,Turbo,Male,2015,3.538867107762174
5842,Uramita,Male,2015,3.2217448770195674
5847,Urrao,Male,2015,2.8761427369488675
5854,Valdivia,Male,2015,3.2817514916054513
5856,Valparaíso,Male,2015,3.8850484383163186
5858,Vegachí,Male,2015,3.3095359223758134
5861,Venecia,Male,2015,4.426091997253601
5873,Vigía Del Fuerte,Male,2015,2.11947539699795
5885,Yalí,Male,2015,3.6012437482631414
5887,Yarumal,Male,2015,4.059002394990876
5890,Yolombó,Male,2015,3.6652579640468876
5893,Yondó,Male,2015,3.6969982776277504
5895,Zaragoza,Male,2015,3.4829069737390874
8001,Barranquilla,Male,2015,3.893702127645752
8078,Baranoa,Male,2015,3.2571373868545903
8137,Campo De La Cruz,Male,2015,3.4915612982057476
8141,Candelaria,Male,2015,3.2117515593391865
8296,Galapa,Male,2015,2.5250957641534724
8372,Juan De Acosta,Male,2015,3.51318044985592
8421,Luruaco,Male,2015,3.362229975159464
8433,Malambo,Male,2015,2.717981882945617
8436,Manatí,Male,2015,2.784530060213256
8520,Palmar De Varela,Male,2015,3.27034775875513
8549,Piojó,Male,2015,3.8673001863273533
8558,Polonuevo,Male,2015,3.0273886161707977
8560,Ponedera,Male,2015,3.152980208648678
8573,Puerto Colombia,Male,2015,2.8434017657691655
8606,Repelón,Male,2015,3.252973958939394
8634,Sabanagrande,Male,2015,3.0340497485335898
8638,Sabanalarga,Male,2015,2.9940173546079563
8675,Santa Lucía,Male,2015,2.865786409414125
8685,Santo Tomás,Male,2015,3.1905025799491447
8758,Soledad,Male,2015,2.6089079462210414
8770,Suan,Male,2015,2.9457312899865467
8832,Tubará,Male,2015,3.5242449352283103
8849,Usiacurí,Male,2015,3.529026354050004
11001,"Bogotá, D.C.",Male,2015,3.3478439718481803
13001,Cartagena De Indias,Male,2015,3.0870687409838746
13006,Achí,Male,2015,3.5776228152304648
13030,Altos Del Rosario,Male,2015,3.1961522946297913
13042,Arenal,Male,2015,3.588537113178222
13052,Arjona,Male,2015,3.4569620710192344
13062,Arroyohondo,Male,2015,3.934972782779889
13074,Barranco De Loba,Male,2015,3.0412767529598494
13140,Calamar,Male,2015,3.687020856116547
13160,Cantagallo,Male,2015,3.5862145392075915
13188,Cicuco,Male,2015,3.186920553222674
13212,Córdoba,Male,2015,4.089978239490461
13222,Clemencia,Male,2015,3.5470945106381984
13244,El Carmen De Bolívar,Male,2015,3.800556185420048
13248,El Guamo,Male,2015,4.6582942296418235
13268,El Peñón,Male,2015,3.2447709716577195
13300,Hatillo De Loba,Male,2015,3.267658169386064
13430,Magangué,Male,2015,3.3393678837422
13433,Mahates,Male,2015,3.661657114861561
13440,Margarita,Male,2015,3.92177005295703
13442,María La Baja,Male,2015,3.2628733276565
13458,Montecristo,Male,2015,3.756715363773447
13468,Mompós,Male,2015,3.121274481558424
13473,Morales,Male,2015,3.396109632030209
13490,Norosí,Male,2015,1.3616009069421215
13549,Pinillos,Male,2015,3.3908757628256034
13580,Regidor,Male,2015,2.769483818350876
13600,Río Viejo,Male,2015,3.7021852630889804
13620,San Cristóbal,Male,2015,3.529723285293567
13647,San Estanislao,Male,2015,3.6324507157843535
13650,San Fernando,Male,2015,3.2368995466746555
13654,San Jacinto,Male,2015,4.085380062644848
13655,San Jacinto Del Cauca,Male,2015,3.719556714853069
13657,San Juan Nepomuceno,Male,2015,4.355800338972773
13667,San Martín De Loba,Male,2015,3.0520078128288506
13670,San Pablo,Male,2015,3.1077885582954314
13673,Santa Catalina,Male,2015,3.3964887620674804
13683,Santa Rosa,Male,2015,3.644795987240985
13688,Santa Rosa Del Sur,Male,2015,3.166488117344315
13744,Simití,Male,2015,3.582996642652591
13760,Soplaviento,Male,2015,3.6786576545019773
13780,Talaigua Nuevo,Male,2015,2.930656918425019
13810,Tiquisio,Male,2015,3.0756927344685985
13836,Turbaco,Male,2015,2.9596058286073754
13838,Turbaná,Male,2015,3.7081968759333974
13873,Villanueva,Male,2015,3.5018172836522385
13894,Zambrano,Male,2015,4.0179262599688
15001,Tunja,Male,2015,3.3040826946314934
15022,Almeida,Male,2015,5.8020428686218954
15047,Aquitania,Male,2015,3.3866697926072975
15051,Arcabuco,Male,2015,3.1568575544656894
15087,Belén,Male,2015,3.2700391563343865
15090,Berbeo,Male,2015,4.14049293642636
15092,Betéitiva,Male,2015,4.236854711795278
15097,Boavita,Male,2015,4.237821566706859
15104,Boyacá,Male,2015,4.871904727868213
15106,Briceño,Male,2015,4.566816843890059
15109,Buenavista,Male,2015,4.51362843329377
15114,Busbanzá,Male,2015,3.607367972343852
15131,Caldas,Male,2015,4.096680936961643
15135,Campohermoso,Male,2015,3.8396685533175092
15162,Cerinza,Male,2015,3.902065080188571
15172,Chinavita,Male,2015,4.793084654579922
15176,Chiquinquirá,Male,2015,3.6209609814643695
15180,Chiscas,Male,2015,4.559801116056187
15183,Chita,Male,2015,3.3904014660241066
15185,Chitaraque,Male,2015,3.948442333145584
15187,Chivatá,Male,2015,3.042993371463759
15189,Ciénega,Male,2015,3.508441238796848
15204,Cómbita,Male,2015,7.99379709146889
15212,Coper,Male,2015,3.696559042562465
15215,Corrales,Male,2015,3.726826722499471
15218,Covarachía,Male,2015,4.246744610932229
15223,Cubará,Male,2015,2.2791837016572813
15224,Cucaita,Male,2015,3.9023440941512
15226,Cuítiva,Male,2015,3.073665660772273
15232,Chíquiza,Male,2015,3.979918964159372
15236,Chivor,Male,2015,4.684617969260703
15238,Duitama,Male,2015,3.3278714960107205
15244,El Cocuy,Male,2015,4.263056645778884
15248,El Espino,Male,2015,3.8932887238268865
15272,Firavitoba,Male,2015,3.186377595934008
15276,Floresta,Male,2015,4.313278202422111
15293,Gachantivá,Male,2015,4.421953922119078
15296,Gámeza,Male,2015,3.435526097029808
15299,Garagoa,Male,2015,3.57136593484954
15317,Guacamayas,Male,2015,2.871545223696688
15322,Guateque,Male,2015,4.188868952241243
15325,Guayatá,Male,2015,5.160223146626328
15332,Güicán De La Sierra,Male,2015,2.9945698785254513
15362,Iza,Male,2015,3.633548895606372
15367,Jenesano,Male,2015,3.489411613446561
15368,Jericó,Male,2015,4.977604134583418
15377,Labranzagrande,Male,2015,6.002270835683529
15380,La Capilla,Male,2015,3.8004210268376006
15401,La Victoria,Male,2015,4.773761118185979
15403,La Uvita,Male,2015,4.469447603136044
15407,Villa De Leyva,Male,2015,3.2201931969048676
15425,Macanal,Male,2015,3.7917667417797465
15442,Maripí,Male,2015,5.311873039119907
15455,Miraflores,Male,2015,3.897216338724868
15464,Mongua,Male,2015,3.467992129092474
15466,Monguí,Male,2015,2.9649392491234083
15469,Moniquirá,Male,2015,4.24593283999709
15476,Motavita,Male,2015,3.429803488558096
15480,Muzo,Male,2015,4.808919114738096
15491,Nobsa,Male,2015,2.8761240192556916
15494,Nuevo Colón,Male,2015,4.262453438133545
15500,Oicatá,Male,2015,3.1725942396689035
15507,Otanche,Male,2015,3.916251286900281
15511,Pachavita,Male,2015,4.858242626205698
15514,Páez,Male,2015,3.7841044862051163
15516,Paipa,Male,2015,3.2016202786083765
15518,Pajarito,Male,2015,3.2516089846673175
15522,Panqueba,Male,2015,3.821289136701468
15531,Pauna,Male,2015,4.709782796274141
15533,Paya,Male,2015,3.9653686601184295
15537,Paz De Río,Male,2015,3.4300952232246313
15542,Pesca,Male,2015,3.1390948640790914
15550,Pisba,Male,2015,3.7374392457903176
15572,Puerto Boyacá,Male,2015,4.591685452546887
15580,Quípama,Male,2015,5.924707369544031
15599,Ramiriquí,Male,2015,3.320080028469698
15600,Ráquira,Male,2015,3.600695673667018
15621,Rondón,Male,2015,3.566121524916016
15632,Saboyá,Male,2015,3.298427977803536
15638,Sáchica,Male,2015,2.8722009694523063
15646,Samacá,Male,2015,3.484728184157686
15660,San Eduardo,Male,2015,4.68095834761134
15664,San José De Pare,Male,2015,4.914918915456847
15667,San Luis De Gaceno,Male,2015,3.8714969763662546
15673,San Mateo,Male,2015,3.880084704436843
15676,San Miguel De Sema,Male,2015,3.2879321230303393
15681,San Pablo De Borbur,Male,2015,4.508417954650307
15686,Santana,Male,2015,4.390041652794791
15690,Santa María,Male,2015,4.0239477474212615
15693,Santa Rosa De Viterbo,Male,2015,3.900219326288266
15696,Santa Sofía,Male,2015,4.19252193163316
15720,Sativanorte,Male,2015,5.128851810370116
15723,Sativasur,Male,2015,3.7937224540695587
15740,Siachoque,Male,2015,3.1955343696855913
15753,Soatá,Male,2015,3.3165095473288573
15755,Socotá,Male,2015,4.08821064008767
15757,Socha,Male,2015,3.0117640588651216
15759,Sogamoso,Male,2015,3.4285337611606543
15761,Somondoco,Male,2015,5.968640710834256
15762,Sora,Male,2015,4.1843644701179645
15763,Sotaquirá,Male,2015,3.318673796920217
15764,Soracá,Male,2015,3.1436398063535407
15774,Susacón,Male,2015,4.1937584568968616
15776,Sutamarchán,Male,2015,3.6950832621596064
15778,Sutatenza,Male,2015,4.75705255068023
15790,Tasco,Male,2015,3.2978193845815524
15798,Tenza,Male,2015,4.926680903724434
15804,Tibaná,Male,2015,3.7884621303768644
15806,Tibasosa,Male,2015,2.9623849373905995
15808,Tinjacá,Male,2015,3.61121047716146
15810,Tipacoque,Male,2015,3.882447201664317
15814,Toca,Male,2015,3.0286034381014715
15816,Togüí,Male,2015,4.876085105387305
15820,Tópaga,Male,2015,2.932836097189417
15822,Tota,Male,2015,3.3520574043993427
15832,Tununguá,Male,2015,3.663774038278224
15835,Turmequé,Male,2015,4.234193123957645
15837,Tuta,Male,2015,2.970239023841999
15839,Tutazá,Male,2015,3.2463198909452995
15842,Úmbita,Male,2015,4.081506819973298
15861,Ventaquemada,Male,2015,2.956009401382667
15879,Viracachá,Male,2015,4.2623075134224555
15897,Zetaquira,Male,2015,4.168680195507337
17001,Manizales,Male,2015,3.858331086349727
17013,Aguadas,Male,2015,4.088356137343187
17042,Anserma,Male,2015,4.357425242180872
17050,Aranzazu,Male,2015,4.118970617164034
17088,Belalcázar,Male,2015,3.575594448409866
17174,Chinchiná,Male,2015,4.251944409099307
17272,Filadelfia,Male,2015,4.312710265567231
17380,La Dorada,Male,2015,4.592142279187436
17388,La Merced,Male,2015,4.994778137025017
17433,Manzanares,Male,2015,4.1741010724605365
17442,Marmato,Male,2015,4.070214112752046
17444,Marquetalia,Male,2015,3.965637384741631
17446,Marulanda,Male,2015,3.977522387673371
17486,Neira,Male,2015,3.9471958863751992
17495,Norcasia,Male,2015,3.3086771251984666
17513,Pácora,Male,2015,4.918822100301361
17524,Palestina,Male,2015,4.557515717278355
17541,Pensilvania,Male,2015,3.971584617663154
17614,Riosucio,Male,2015,3.9300642142561277
17616,Risaralda,Male,2015,4.791154356510753
17653,Salamina,Male,2015,4.4693763525860115
17662,Samaná,Male,2015,3.788182307287261
17665,San José,Male,2015,4.352954965041065
17777,Supía,Male,2015,3.7336420289125893
17867,Victoria,Male,2015,3.6973886906827147
17873,Villamaría,Male,2015,3.8329401820898745
17877,Viterbo,Male,2015,4.042957074710356
18001,Florencia,Male,2015,3.3205654952292845
18029,Albania,Male,2015,2.9294590530766915
18094,Belén De Los Andaquíes,Male,2015,2.7078784876942033
18150,Cartagena Del Chairá,Male,2015,2.72882040949777
18205,Curillo,Male,2015,3.3293364894409603
18247,El Doncello,Male,2015,3.023600971236486
18256,El Paujíl,Male,2015,2.7240352947296174
18410,La Montañita,Male,2015,2.960677680550491
18460,Milán,Male,2015,2.522288037695912
18479,Morelia,Male,2015,3.2496879127405567
18592,Puerto Rico,Male,2015,2.8757288270750108
18610,San José Del Fragua,Male,2015,3.2662847217355866
18753,San Vicente Del Caguán,Male,2015,3.6339559639355326
18756,Solano,Male,2015,3.0473952011579186
18785,Solita,Male,2015,3.193141519876708
18860,Valparaíso,Male,2015,2.8871854927486225
19001,Popayán,Male,2015,3.407510030550098
19022,Almaguer,Male,2015,4.837052573143607
19050,Argelia,Male,2015,4.105932238815807
19075,Balboa,Male,2015,3.8853270720222652
19100,Bolívar,Male,2015,4.852865253545501
19110,Buenos Aires,Male,2015,2.9102609573689837
19130,Cajibío,Male,2015,3.7708238844845403
19137,Caldono,Male,2015,2.7992909379793276
19142,Caloto,Male,2015,2.9505683889991716
19212,Corinto,Male,2015,5.718942275190185
19256,El Tambo,Male,2015,4.078190374672474
19290,Florencia,Male,2015,3.707567714443569
19300,Guachené,Male,2015,1.1432747848398186
19318,Guapi,Male,2015,2.501245055851182
19355,Inzá,Male,2015,3.128733531563757
19364,Jambaló,Male,2015,2.6401850696714124
19392,La Sierra,Male,2015,4.875700908306145
19397,La Vega,Male,2015,4.583835035103937
19418,López De Micay,Male,2015,2.7621330958005106
19450,Mercaderes,Male,2015,4.414471951282927
19455,Miranda,Male,2015,3.0898872865438265
19473,Morales,Male,2015,3.0812559863478457
19513,Padilla,Male,2015,2.868641873370903
19517,Páez,Male,2015,2.8889548598256547
19532,Patía,Male,2015,3.927787719398601
19533,Piamonte,Male,2015,2.7618189165926648
19548,Piendamó - Tunía,Male,2015,3.3070311367517444
19573,Puerto Tejada,Male,2015,4.323891997582529
19585,Puracé,Male,2015,3.13515859195908
19622,Rosas,Male,2015,4.782513200993433
19693,San Sebastián,Male,2015,4.61188631078506
19698,Santander De Quilichao,Male,2015,2.974007411475777
19701,Santa Rosa,Male,2015,4.18467185966556
19743,Silvia,Male,2015,2.9532426091158626
19760,Sotará - Paispamba,Male,2015,3.6473607070081955
19780,Suárez,Male,2015,3.1311001256045734
19785,Sucre,Male,2015,4.9377490457175375
19807,Timbío,Male,2015,3.8741601996934847
19809,Timbiquí,Male,2015,2.54719471141457
19821,Toribío,Male,2015,2.8717931846055853
19824,Totoró,Male,2015,3.0440956313238865
19845,Villa Rica,Male,2015,2.6263825436232593
20001,Valledupar,Male,2015,2.8154911957765747
20011,Aguachica,Male,2015,2.905145687256509
20013,Agustín Codazzi,Male,2015,2.9284296502095075
20032,Astrea,Male,2015,2.8119209670203107
20045,Becerril,Male,2015,2.4234753352502687
20060,Bosconia,Male,2015,2.6506831470478214
20175,Chimichagua,Male,2015,2.614032687996557
20178,Chiriguaná,Male,2015,2.932312681789311
20228,Curumaní,Male,2015,2.7314614334415714
20238,El Copey,Male,2015,2.7927047533628584
20250,El Paso,Male,2015,2.340517271517646
20295,Gamarra,Male,2015,3.5812795256026138
20310,González,Male,2015,4.268280858287986
20383,La Gloria,Male,2015,3.0959245109418254
20400,La Jagua De Ibirico,Male,2015,2.2740016937929495
20443,Manaure Balcón Del Cesar,Male,2015,3.0781435595113673
20517,Pailitas,Male,2015,3.004587732736393
20550,Pelaya,Male,2015,2.946500614456751
20570,Pueblo Bello,Male,2015,2.3069312366678876
20614,Río De Oro,Male,2015,3.9278430241091074
20621,La Paz,Male,2015,2.7147857799324244
20710,San Alberto,Male,2015,2.957462293858746
20750,San Diego,Male,2015,2.830448275020144
20770,San Martín,Male,2015,3.0905196808514512
20787,Tamalameque,Male,2015,2.6233612016752224
23001,Montería,Male,2015,3.108849450345054
23068,Ayapel,Male,2015,3.240953894200943
23079,Buenavista,Male,2015,3.4500183973362533
23090,Canalete,Male,2015,3.762983426271573
23162,Cereté,Male,2015,3.5920140091234685
23168,Chimá,Male,2015,4.6872936248272135
23182,Chinú,Male,2015,4.219672334577484
23189,Ciénaga De Oro,Male,2015,4.02993388349391
23300,Cotorra,Male,2015,3.7680218296523345
23350,La Apartada,Male,2015,3.3014738158745187
23417,Lorica,Male,2015,3.4848147967849186
23419,Los Córdobas,Male,2015,3.593696054687813
23464,Momil,Male,2015,3.590855376708867
23466,Montelíbano,Male,2015,2.7597650540765137
23500,Moñitos,Male,2015,3.559761405913111
23555,Planeta Rica,Male,2015,3.236281777805684
23570,Pueblo Nuevo,Male,2015,3.582353729299843
23574,Puerto Escondido,Male,2015,3.885467588264869
23580,Puerto Libertador,Male,2015,3.067093935318809
23586,Purísima De La Concepción,Male,2015,3.792287086248094
23660,Sahagún,Male,2015,3.6531314550652234
23670,San Andrés De Sotavento,Male,2015,3.830858058636501
23672,San Antero,Male,2015,3.2083201132050236
23675,San Bernardo Del Viento,Male,2015,3.565065220268234
23678,San Carlos,Male,2015,4.0445706635109575
23682,San José De Uré,Male,2015,1.1300244669806636
23686,San Pelayo,Male,2015,4.247062310468632
23807,Tierralta,Male,2015,3.024726186923242
23815,Tuchín,Male,2015,1.3444092010958049
23855,Valencia,Male,2015,3.314760501065462
25001,Agua De Dios,Male,2015,4.580541726297038
25019,Albán,Male,2015,3.388693647992738
25035,Anapoima,Male,2015,3.7934048679861427
25040,Anolaima,Male,2015,4.233529885955856
25053,Arbeláez,Male,2015,3.514310262547752
25086,Beltrán,Male,2015,3.9560465719052558
25095,Bituima,Male,2015,4.1089534558379945
25099,Bojacá,Male,2015,3.2506732770582882
25120,Cabrera,Male,2015,3.55682904002115
25123,Cachipay,Male,2015,4.0000514413462085
25126,Cajicá,Male,2015,2.9020280600730652
25148,Caparrapí,Male,2015,4.90363937871978
25151,Cáqueza,Male,2015,4.624167789969996
25154,Carmen De Carupa,Male,2015,3.9719491726341896
25168,Chaguaní,Male,2015,5.909418523839538
25175,Chía,Male,2015,3.7091259320826984
25178,Chipaque,Male,2015,3.401365730206414
25181,Choachí,Male,2015,3.6183654983840707
25183,Chocontá,Male,2015,4.343734333085083
25200,Cogua,Male,2015,3.1684089387837293
25214,Cota,Male,2015,2.854362336698389
25224,Cucunubá,Male,2015,2.9287336743186634
25245,El Colegio,Male,2015,4.052511194973627
25258,El Peñón,Male,2015,4.294355636839011
25260,El Rosal,Male,2015,2.6462293310587284
25269,Facatativá,Male,2015,3.7086110197442186
25279,Fómeque,Male,2015,3.5828255038298957
25281,Fosca,Male,2015,3.7926530898835735
25286,Funza,Male,2015,3.1469468859197125
25288,Fúquene,Male,2015,3.179934155312095
25290,Fusagasugá,Male,2015,4.1829841029425205
25293,Gachalá,Male,2015,5.012018187511045
25295,Gachancipá,Male,2015,2.938829945025759
25297,Gachetá,Male,2015,5.927802954656185
25299,Gama,Male,2015,4.168477008024987
25307,Girardot,Male,2015,6.363939655357648
25312,Granada,Male,2015,2.87374706486896
25317,Guachetá,Male,2015,3.0605817227634367
25320,Guaduas,Male,2015,5.918593290577899
25322,Guasca,Male,2015,3.121160600721291
25324,Guataquí,Male,2015,4.194475391400643
25326,Guatavita,Male,2015,3.9845978287513573
25328,Guayabal De Síquima,Male,2015,3.9701441418018377
25335,Guayabetal,Male,2015,3.0450247111860853
25339,Gutiérrez,Male,2015,3.612263798173799
25368,Jerusalén,Male,2015,4.592477856865426
25372,Junín,Male,2015,5.208585367148577
25377,La Calera,Male,2015,3.6939839908199104
25386,La Mesa,Male,2015,4.756047642451767
25394,La Palma,Male,2015,4.928864956460697
25398,La Peña,Male,2015,5.905118318316507
25402,La Vega,Male,2015,3.727629899315594
25407,Lenguazaque,Male,2015,3.1563418336740674
25426,Machetá,Male,2015,4.98888397408573
25430,Madrid,Male,2015,2.876820176892011
25436,Manta,Male,2015,5.115326086087099
25438,Medina,Male,2015,3.461979465933521
25473,Mosquera,Male,2015,2.890762427387613
25483,Nariño,Male,2015,5.128446296256196
25486,Nemocón,Male,2015,3.216747692649651
25488,Nilo,Male,2015,4.873801727027013
25489,Nimaima,Male,2015,4.975084794972618
25491,Nocaima,Male,2015,4.171006506750084
25506,Venecia,Male,2015,3.9788295354013647
25513,Pacho,Male,2015,4.45812680480193
25518,Paime,Male,2015,4.625523610775598
25524,Pandi,Male,2015,3.774010043297156
25530,Paratebueno,Male,2015,3.525791541184447
25535,Pasca,Male,2015,3.6595921585773907
25572,Puerto Salgar,Male,2015,3.890524077196645
25580,Pulí,Male,2015,4.314651076857451
25592,Quebradanegra,Male,2015,4.62395477652586
25594,Quetame,Male,2015,3.728948410426388
25596,Quipile,Male,2015,4.956231647015938
25599,Apulo,Male,2015,3.6571562822527617
25612,Ricaurte,Male,2015,3.214725781846208
25645,San Antonio Del Tequendama,Male,2015,3.6782873913685776
25649,San Bernardo,Male,2015,3.61819718453183
25653,San Cayetano,Male,2015,4.0554520719768075
25658,San Francisco,Male,2015,3.1969915555252237
25662,San Juan De Rioseco,Male,2015,4.68610617704416
25718,Sasaima,Male,2015,4.017152774288886
25736,Sesquilé,Male,2015,3.429844302470829
25740,Sibaté,Male,2015,3.663997846911636
25743,Silvania,Male,2015,3.6001009660519583
25745,Simijaca,Male,2015,3.049680821070611
25754,Soacha,Male,2015,2.79438924838668
25758,Sopó,Male,2015,3.8665226931692023
25769,Subachoque,Male,2015,3.138462481607501
25772,Suesca,Male,2015,3.122846851722899
25777,Supatá,Male,2015,3.7895340366754415
25779,Susa,Male,2015,3.2708217583510475
25781,Sutatausa,Male,2015,2.749576935701626
25785,Tabio,Male,2015,3.356614779507809
25793,Tausa,Male,2015,2.9554273091120407
25797,Tena,Male,2015,3.411372432017479
25799,Tenjo,Male,2015,3.823032558819921
25805,Tibacuy,Male,2015,3.749092524789774
25807,Tibirita,Male,2015,5.788268300670249
25815,Tocaima,Male,2015,5.093794450277721
25817,Tocancipá,Male,2015,2.844104954368622
25823,Topaipí,Male,2015,4.898652802019756
25839,Ubalá,Male,2015,4.197162578608432
25841,Ubaque,Male,2015,4.752517399467879
25843,Villa De San Diego De Ubaté,Male,2015,4.154196031910256
25845,Une,Male,2015,4.024491816616684
25851,Útica,Male,2015,5.2382742907165225
25862,Vergara,Male,2015,5.172814913671259
25867,Vianí,Male,2015,3.919697018973201
25871,Villagómez,Male,2015,3.8561344655366634
25873,Villapinzón,Male,2015,3.1318868704252045
25875,Villeta,Male,2015,4.757299556484202
25878,Viotá,Male,2015,4.117758984095519
25885,Yacopí,Male,2015,4.857650841380523
25898,Zipacón,Male,2015,3.156525355856862
25899,Zipaquirá,Male,2015,3.5370124892927155
27001,Quibdó,Male,2015,3.040841026953998
27006,Acandí,Male,2015,2.7445452358802753
27025,Alto Baudó,Male,2015,2.752291581834664
27050,Atrato,Male,2015,2.94357746526412
27073,Bagadó,Male,2015,2.3417362355102376
27075,Bahía Solano,Male,2015,2.5924536398731037
27077,Bajo Baudó,Male,2015,2.5684193724175883
27099,Bojayá,Male,2015,2.163910288089205
27135,El Cantón Del San Pablo,Male,2015,2.572494879043342
27150,Carmen Del Darién,Male,2015,2.498617922727429
27160,Cértegui,Male,2015,2.6037817137209607
27205,Condoto,Male,2015,2.7792560675747935
27245,El Carmen De Atrato,Male,2015,3.172603593180395
27250,El Litoral Del San Juan,Male,2015,2.563893585765276
27361,Istmina,Male,2015,2.6614033685634286
27372,Juradó,Male,2015,2.442174969282752
27413,Lloró,Male,2015,2.123766586493057
27425,Medio Atrato,Male,2015,3.403803640848336
27430,Medio Baudó,Male,2015,2.56820121794176
27450,Medio San Juan,Male,2015,2.3735217701703806
27491,Nóvita,Male,2015,2.912748136675077
27495,Nuquí,Male,2015,2.545546270635847
27580,Río Iró,Male,2015,2.140945939675959
27600,Río Quito,Male,2015,2.869648922385783
27615,Riosucio,Male,2015,4.512409680833764
27660,San José Del Palmar,Male,2015,3.1762273186812937
27745,Sipí,Male,2015,2.7626772736218808
27787,Tadó,Male,2015,2.5798173187395923
27800,Unguía,Male,2015,2.804897678239753
27810,Unión Panamericana,Male,2015,3.070691841184402
41001,Neiva,Male,2015,3.5097026563230664
41006,Acevedo,Male,2015,4.86388918792638
41013,Agrado,Male,2015,3.3584496280594185
41016,Aipe,Male,2015,3.4042317159089435
41020,Algeciras,Male,2015,3.4957709281375773
41026,Altamira,Male,2015,3.429788143268235
41078,Baraya,Male,2015,4.192112325883761
41132,Campoalegre,Male,2015,3.8337691536859553
41206,Colombia,Male,2015,4.002066963809297
41244,Elías,Male,2015,3.260192578783637
41298,Garzón,Male,2015,3.2905084553857944
41306,Gigante,Male,2015,3.4237047809731473
41319,Guadalupe,Male,2015,3.280707721326543
41349,Hobo,Male,2015,3.0423449749638616
41357,Íquira,Male,2015,3.2266313050603292
41359,Isnos,Male,2015,3.3586753476846036
41378,La Argentina,Male,2015,3.8243541505410454
41396,La Plata,Male,2015,3.1964741432506547
41483,Nátaga,Male,2015,2.8957402489925483
41503,Oporapa,Male,2015,3.257199600442199
41518,Paicol,Male,2015,2.9110075079521036
41524,Palermo,Male,2015,3.1788653334353927
41530,Palestina,Male,2015,3.528067700599381
41548,Pital,Male,2015,2.9206806967320396
41551,Pitalito,Male,2015,3.7908036744728273
41615,Rivera,Male,2015,3.6139173313628246
41660,Saladoblanco,Male,2015,3.410133850197315
41668,San Agustín,Male,2015,3.3783879908696983
41676,Santa María,Male,2015,3.435506894898064
41770,Suaza,Male,2015,2.9314062759761326
41791,Tarqui,Male,2015,3.360473454775366
41797,Tesalia,Male,2015,3.1891079602679677
41799,Tello,Male,2015,3.308099955267755
41801,Teruel,Male,2015,4.047943444779261
41807,Timaná,Male,2015,3.4056097314461278
41872,Villavieja,Male,2015,5.0444974898193164
41885,Yaguará,Male,2015,3.3782460931109357
44001,Riohacha,Male,2015,2.808296028170015
44035,Albania,Male,2015,1.9772822159423797
44078,Barrancas,Male,2015,2.4606328790404772
44090,Dibulla,Male,2015,2.581714557014805
44098,Distracción,Male,2015,2.571873039184009
44110,El Molino,Male,2015,3.159099488231711
44279,Fonseca,Male,2015,2.307343559595655
44378,Hatonuevo,Male,2015,2.296411577366792
44420,La Jagua Del Pilar,Male,2015,2.593800839927316
44430,Maicao,Male,2015,2.4591712571709565
44560,Manaure,Male,2015,2.3423006854542074
44650,San Juan Del Cesar,Male,2015,2.7965381503627014
44847,Uribia,Male,2015,2.96968887847174
44855,Urumita,Male,2015,2.7033366426012044
44874,Villanueva,Male,2015,2.3907088385594313
47001,Santa Marta,Male,2015,3.207007669237751
47030,Algarrobo,Male,2015,2.639463488884686
47053,Aracataca,Male,2015,2.519403415436111
47058,Ariguaní,Male,2015,3.2486041936980445
47161,Cerro De San Antonio,Male,2015,3.6991972289069674
47170,Chivolo,Male,2015,3.289197592443037
47189,Ciénaga,Male,2015,3.0325188222038735
47205,Concordia,Male,2015,4.530991260152135
47245,El Banco,Male,2015,3.0005928411544747
47258,El Piñón,Male,2015,3.555976949389658
47268,El Retén,Male,2015,2.9767012703490923
47288,Fundación,Male,2015,2.798889281735243
47318,Guamal,Male,2015,3.3255846863234138
47460,Nueva Granada,Male,2015,2.889636817381985
47541,Pedraza,Male,2015,3.4562808629877
47545,Pijiño Del Carmen,Male,2015,2.7828679238568115
47551,Pivijay,Male,2015,3.6196462720883353
47555,Plato,Male,2015,3.135201704732756
47570,Puebloviejo,Male,2015,3.151065550427631
47605,Remolino,Male,2015,3.7695374884360997
47660,Sabanas De San Ángel,Male,2015,3.1877548101414495
47675,Salamina,Male,2015,3.6214408013574184
47692,San Sebastián De Buenavista,Male,2015,3.329763482050481
47703,San Zenón,Male,2015,2.7974012904080756
47707,Santa Ana,Male,2015,2.8754214663782376
47720,Santa Bárbara De Pinto,Male,2015,2.9886423297011797
47745,Sitionuevo,Male,2015,3.855109097956662
47798,Tenerife,Male,2015,3.3809320750014975
47960,Zapayán,Male,2015,3.4315253981419396
47980,Zona Bananera,Male,2015,21.168947794315116
50001,Villavicencio,Male,2015,3.6758026975010814
50006,Acacías,Male,2015,3.483464714084627
50110,Barranca De Upía,Male,2015,2.5705861952286546
50124,Cabuyaro,Male,2015,3.248826147963325
50150,Castilla La Nueva,Male,2015,2.8926789182509105
50223,Cubarral,Male,2015,3.3001309911958856
50226,Cumaral,Male,2015,2.9146724304801963
50245,El Calvario,Male,2015,3.0512109938240153
50251,El Castillo,Male,2015,3.2056917837567696
50270,El Dorado,Male,2015,3.1717674910927487
50287,Fuente De Oro,Male,2015,3.6569108179504912
50313,Granada,Male,2015,3.43430108538152
50318,Guamal,Male,2015,3.069390589620013
50325,Mapiripán,Male,2015,2.8634277427848858
50330,Mesetas,Male,2015,3.6625558178986317
50350,La Macarena,Male,2015,3.482392747588331
50370,Uribe,Male,2015,3.8662592416978896
50400,Lejanías,Male,2015,3.2474711283458535
50450,Puerto Concordia,Male,2015,3.116903553148489
50568,Puerto Gaitán,Male,2015,2.9050275683398143
50573,Puerto López,Male,2015,4.08864632211442
50577,Puerto Lleras,Male,2015,3.3647473572556295
50590,Puerto Rico,Male,2015,3.9664838557825313
50606,Restrepo,Male,2015,2.985064856269873
50680,San Carlos De Guaroa,Male,2015,2.9505042713212144
50683,San Juan De Arama,Male,2015,3.7219357066761707
50686,San Juanito,Male,2015,3.3547177288876675
50689,San Martín,Male,2015,2.873585403141421
50711,Vistahermosa,Male,2015,3.7495152978022364
52001,Pasto,Male,2015,3.386709529610996
52019,Albán,Male,2015,5.15009806124338
52022,Aldana,Male,2015,3.8224634609803396
52036,Ancuya,Male,2015,5.086863777118767
52051,Arboleda,Male,2015,4.919064005956031
52079,Barbacoas,Male,2015,2.8329116028136156
52083,Belén,Male,2015,5.01896543515387
52110,Buesaco,Male,2015,4.276864077366259
52203,Colón,Male,2015,4.908644538797391
52207,Consacá,Male,2015,4.769440283805672
52210,Contadero,Male,2015,4.1505671923197935
52215,Córdoba,Male,2015,3.634288846848988
52224,Cuaspud Carlosama,Male,2015,4.27143454789661
52227,Cumbal,Male,2015,3.3881939429640635
52233,Cumbitara,Male,2015,5.28887408863185
52240,Chachagüí,Male,2015,3.882451205536073
52250,El Charco,Male,2015,2.771269900046394
52254,El Peñol,Male,2015,5.418293670178786
52256,El Rosario,Male,2015,5.284782839176183
52258,El Tablón De Gómez,Male,2015,5.140708535977821
52260,El Tambo,Male,2015,4.551738529566525
52287,Funes,Male,2015,4.714901838532532
52317,Guachucal,Male,2015,4.5637246558972056
52320,Guaitarilla,Male,2015,4.76300383333376
52323,Gualmatán,Male,2015,4.7441605724406815
52352,Iles,Male,2015,4.159736919060308
52354,Imués,Male,2015,5.218574514800883
52356,Ipiales,Male,2015,3.37614154842641
52378,La Cruz,Male,2015,4.514757517639093
52381,La Florida,Male,2015,6.2857803309897715
52385,La Llanada,Male,2015,3.4675352512685627
52390,La Tola,Male,2015,2.625694717266434
52399,La Unión,Male,2015,5.226568574566643
52405,Leiva,Male,2015,4.281638473537646
52411,Linares,Male,2015,5.139118321327347
52418,Los Andes,Male,2015,4.28469017250739
52427,Magüí,Male,2015,2.6931376654413373
52435,Mallama,Male,2015,3.925518804994122
52473,Mosquera,Male,2015,3.869940546128841
52480,Nariño,Male,2015,4.274662013958925
52490,Olaya Herrera,Male,2015,2.8027859800649457
52506,Ospina,Male,2015,4.256230152721124
52520,Francisco Pizarro,Male,2015,3.404790816333201
52540,Policarpa,Male,2015,4.278356140749199
52560,Potosí,Male,2015,3.5805260651611968
52565,Providencia,Male,2015,4.54404290462653
52573,Puerres,Male,2015,3.9060595540623795
52585,Pupiales,Male,2015,4.33473590515698
52612,Ricaurte,Male,2015,3.098422937540186
52621,Roberto Payán,Male,2015,2.982835302839144
52678,Samaniego,Male,2015,5.16472463022147
52683,Sandoná,Male,2015,4.608197071702984
52685,San Bernardo,Male,2015,5.665440357991073
52687,San Lorenzo,Male,2015,5.264168317180688
52693,San Pablo,Male,2015,4.8529219332320475
52694,San Pedro De Cartago,Male,2015,4.8290676428978365
52696,Santa Bárbara,Male,2015,3.114090934354882
52699,Santacruz,Male,2015,4.970164862574276
52720,Sapuyes,Male,2015,4.934043261106257
52786,Taminango,Male,2015,5.128797149472589
52788,Tangua,Male,2015,5.088672252978324
52835,San Andrés De Tumaco,Male,2015,3.059048128978339
52838,Túquerres,Male,2015,4.1809090622139795
52885,Yacuanquer,Male,2015,4.730006816764828
54001,San José De Cúcuta,Male,2015,3.48575420545046
54003,Ábrego,Male,2015,3.4712562814687806
54051,Arboledas,Male,2015,4.123029301869142
54099,Bochalema,Male,2015,3.6245280045790103
54109,Bucarasica,Male,2015,3.4676851028298787
54125,Cácota,Male,2015,4.247613970739774
54128,Cáchira,Male,2015,3.690574299856031
54172,Chinácota,Male,2015,3.3231463770975873
54174,Chitagá,Male,2015,3.889197316947
54206,Convención,Male,2015,3.3607310251507148
54223,Cucutilla,Male,2015,5.1094977747209125
54239,Durania,Male,2015,4.187272690820104
54245,El Carmen,Male,2015,3.5960041751182725
54250,El Tarra,Male,2015,2.9974597837533663
54261,El Zulia,Male,2015,3.3170102381271787
54313,Gramalote,Male,2015,5.482498940334282
54344,Hacarí,Male,2015,3.0386723159152256
54347,Herrán,Male,2015,4.591795802393732
54377,Labateca,Male,2015,3.6865168021234114
54385,La Esperanza,Male,2015,3.058817941015394
54398,La Playa,Male,2015,3.9179417806004873
54405,Los Patios,Male,2015,3.1119063184652553
54418,Lourdes,Male,2015,3.294446771357404
54480,Mutiscua,Male,2015,3.893764339441276
54498,Ocaña,Male,2015,3.3817512483559318
54518,Pamplona,Male,2015,3.295903237419844
54520,Pamplonita,Male,2015,3.629518407152396
54553,Puerto Santander,Male,2015,5.555240793838258
54599,Ragonvalia,Male,2015,4.3141960620292155
54660,Salazar,Male,2015,3.72463701659211
54670,San Calixto,Male,2015,3.397234076554235
54673,San Cayetano,Male,2015,3.1701356925465682
54680,Santiago,Male,2015,4.030874875749977
54720,Sardinata,Male,2015,3.1873046424390665
54743,Silos,Male,2015,3.8214777172286993
54800,Teorama,Male,2015,3.0196644658417733
54810,Tibú,Male,2015,3.1249176017875073
54820,Toledo,Male,2015,3.8378007430511065
54871,Villa Caro,Male,2015,3.3888105019313093
54874,Villa Del Rosario,Male,2015,3.1051080670261735
63001,Armenia,Male,2015,4.659935943212464
63111,Buenavista,Male,2015,4.048934570337569
63130,Calarcá,Male,2015,4.015109381850089
63190,Circasia,Male,2015,3.92208696351143
63212,Córdoba,Male,2015,4.270801649620353
63272,Filandia,Male,2015,4.0407523260344025
63302,Génova,Male,2015,4.815997391064413
63401,La Tebaida,Male,2015,3.946207868540151
63470,Montenegro,Male,2015,4.17713880610133
63548,Pijao,Male,2015,4.476805525969305
63594,Quimbaya,Male,2015,3.998087475180202
63690,Salento,Male,2015,4.261622080000904
66001,Pereira,Male,2015,4.1516695062927225
66045,Apía,Male,2015,5.51798086200063
66075,Balboa,Male,2015,4.443724561931161
66088,Belén De Umbría,Male,2015,4.147285510962273
66170,Dosquebradas,Male,2015,3.6344567152213534
66318,Guática,Male,2015,4.438016149963677
66383,La Celia,Male,2015,4.832145919659421
66400,La Virginia,Male,2015,5.365808528625266
66440,Marsella,Male,2015,3.8736883885046502
66456,Mistrató,Male,2015,2.672734042609482
66572,Pueblo Rico,Male,2015,2.373989412718025
66594,Quinchía,Male,2015,3.913489121089256
66682,Santa Rosa De Cabal,Male,2015,3.721867883594616
66687,Santuario,Male,2015,4.419853371877369
68001,Bucaramanga,Male,2015,3.77043703819545
68013,Aguada,Male,2015,5.582614812353555
68020,Albania,Male,2015,4.840997863714196
68051,Aratoca,Male,2015,4.0818261887152625
68077,Barbosa,Male,2015,3.17955148873604
68079,Barichara,Male,2015,3.620654182228508
68081,Barrancabermeja,Male,2015,3.9888637962204565
68092,Betulia,Male,2015,3.6557703488477973
68101,Bolívar,Male,2015,4.0149178301586685
68121,Cabrera,Male,2015,4.066956319658571
68132,California,Male,2015,3.0541252915643646
68147,Capitanejo,Male,2015,3.9663230605990387
68152,Carcasí,Male,2015,4.5477847950063
68160,Cepitá,Male,2015,3.4244477047388377
68162,Cerrito,Male,2015,4.010347882788726
68167,Charalá,Male,2015,3.4626977893561106
68169,Charta,Male,2015,4.424674898772838
68176,Chima,Male,2015,4.4776355940416455
68179,Chipatá,Male,2015,5.389898054478667
68190,Cimitarra,Male,2015,3.5128720377529934
68207,Concepción,Male,2015,3.6767951447059573
68209,Confines,Male,2015,3.4292507333016844
68211,Contratación,Male,2015,4.161974945160257
68217,Coromoro,Male,2015,4.4669618380112235
68229,Curití,Male,2015,3.61493843481642
68235,El Carmen De Chucuri,Male,2015,4.158430998615429
68245,El Guacamayo,Male,2015,4.134405191767881
68250,El Peñón,Male,2015,3.743396791089754
68255,El Playón,Male,2015,3.688380599279894
68264,Encino,Male,2015,3.3017210480989427
68266,Enciso,Male,2015,4.00672190311529
68271,Florián,Male,2015,4.349035541085033
68276,Floridablanca,Male,2015,3.2980655945987434
68296,Galán,Male,2015,4.962511904831418
68298,Gámbita,Male,2015,5.3420572532544
68307,Girón,Male,2015,3.1881640833560354
68318,Guaca,Male,2015,5.092613556608504
68320,Guadalupe,Male,2015,4.497072330380168
68322,Guapotá,Male,2015,4.569103408598028
68324,Guavatá,Male,2015,5.353226936703456
68327,Güepsa,Male,2015,3.782367367104892
68344,Hato,Male,2015,4.480254502771188
68368,Jesús María,Male,2015,4.475394279867746
68370,Jordán,Male,2015,5.001157693309991
68377,La Belleza,Male,2015,3.727247006833876
68385,Landázuri,Male,2015,3.9869532822253904
68397,La Paz,Male,2015,4.505164612151733
68406,Lebrija,Male,2015,3.418880491314722
68418,Los Santos,Male,2015,3.874435956717946
68425,Macaravita,Male,2015,3.926625565489716
68432,Málaga,Male,2015,3.0652817490508197
68444,Matanza,Male,2015,4.3866502909599285
68464,Mogotes,Male,2015,3.640281768796939
68468,Molagavita,Male,2015,4.808056544171403
68498,Ocamonte,Male,2015,3.967430468973141
68500,Oiba,Male,2015,3.8025749355167493
68502,Onzaga,Male,2015,5.055544649794707
68522,Palmar,Male,2015,4.2159809692913
68524,Palmas Del Socorro,Male,2015,5.379260429153666
68533,Páramo,Male,2015,3.5144400159556435
68547,Piedecuesta,Male,2015,3.0949806581411856
68549,Pinchote,Male,2015,3.7148346053100023
68572,Puente Nacional,Male,2015,3.825863571370607
68573,Puerto Parra,Male,2015,2.8455803008928506
68575,Puerto Wilches,Male,2015,2.9300360786206867
68615,Rionegro,Male,2015,3.7206074845822177
68655,Sabana De Torres,Male,2015,2.890614269317186
68669,San Andrés,Male,2015,4.497572172878317
68673,San Benito,Male,2015,5.909600843236542
68679,San Gil,Male,2015,3.2319130725242946
68682,San Joaquín,Male,2015,5.36444634446702
68684,San José De Miranda,Male,2015,4.592997920072857
68686,San Miguel,Male,2015,3.864999709528904
68689,San Vicente De Chucurí,Male,2015,3.5772918590887537
68705,Santa Bárbara,Male,2015,4.9735894499799596
68720,Santa Helena Del Opón,Male,2015,3.839373664532777
68745,Simacota,Male,2015,3.9623291457216316
68755,Socorro,Male,2015,3.440359616953229
68770,Suaita,Male,2015,4.164566976225539
68773,Sucre,Male,2015,4.157954634387454
68780,Suratá,Male,2015,4.23605226274024
68820,Tona,Male,2015,4.104998339598755
68855,Valle De San José,Male,2015,4.2025721333389585
68861,Vélez,Male,2015,4.588577610868174
68867,Vetas,Male,2015,3.5327672887828734
68872,Villanueva,Male,2015,3.44558650405569
68895,Zapatoca,Male,2015,3.073394275205387
70001,Sincelejo,Male,2015,3.331429699825446
70110,Buenavista,Male,2015,3.388265023545631
70124,Caimito,Male,2015,3.7257469237729866
70204,Colosó,Male,2015,4.00530485495137
70215,Corozal,Male,2015,3.3630805121309177
70221,Coveñas,Male,2015,2.968701876532126
70230,Chalán,Male,2015,4.72721347288021
70233,El Roble,Male,2015,4.164855678053659
70235,Galeras,Male,2015,3.109177363666254
70265,Guaranda,Male,2015,3.3995909176452197
70400,La Unión,Male,2015,3.8786003161191847
70418,Los Palmitos,Male,2015,3.4548723413476274
70429,Majagual,Male,2015,3.7173731245232657
70473,Morroa,Male,2015,3.3355291897322985
70508,Ovejas,Male,2015,4.000663468604963
70523,Palmito,Male,2015,3.4759957120713616
70670,Sampués,Male,2015,3.590913471557601
70678,San Benito Abad,Male,2015,3.915460399342532
70702,San Juan De Betulia,Male,2015,3.966640170272526
70708,San Marcos,Male,2015,3.3609657451630346
70713,San Onofre,Male,2015,3.2489492352840794
70717,San Pedro,Male,2015,3.6133293899096848
70742,San Luis De Sincé,Male,2015,3.7969155894765834
70771,Sucre,Male,2015,4.148144251991811
70820,Santiago De Tolú,Male,2015,2.8124476095156403
70823,San José De Toluviejo,Male,2015,3.437734063882356
73001,Ibagué,Male,2015,3.367237491744255
73024,Alpujarra,Male,2015,3.520637177546435
73026,Alvarado,Male,2015,3.912917797887149
73030,Ambalema,Male,2015,4.566077254753394
73043,Anzoátegui,Male,2015,3.85970924947624
73055,Armero,Male,2015,3.5540787844123263
73067,Ataco,Male,2015,3.432887363115036
73124,Cajamarca,Male,2015,3.9701029586611676
73148,Carmen De Apicalá,Male,2015,3.394802269927292
73152,Casabianca,Male,2015,3.789281378949252
73168,Chaparral,Male,2015,3.5463650798960145
73200,Coello,Male,2015,3.6726857069239927
73217,Coyaima,Male,2015,3.6044158613076225
73226,Cunday,Male,2015,3.6626301154568854
73236,Dolores,Male,2015,3.589331979440414
73268,Espinal,Male,2015,3.87502616062924
73270,Falan,Male,2015,3.882553040006032
73275,Flandes,Male,2015,3.58145178392472
73283,Fresno,Male,2015,3.772323861607208
73319,Guamo,Male,2015,4.03548860483077
73347,Herveo,Male,2015,4.452577117531898
73349,Honda,Male,2015,4.236539732481959
73352,Icononzo,Male,2015,3.4215855246198577
73408,Lérida,Male,2015,4.125424335671348
73411,Líbano,Male,2015,3.9224072327064916
73443,San Sebastián De Mariquita,Male,2015,3.5597532007922252
73449,Melgar,Male,2015,3.495129704137813
73461,Murillo,Male,2015,4.156732740301415
73483,Natagaima,Male,2015,4.550444060898659
73504,Ortega,Male,2015,3.4642150282191
73520,Palocabildo,Male,2015,3.487314305675512
73547,Piedras,Male,2015,3.7808749360491123
73555,Planadas,Male,2015,2.9376559938624482
73563,Prado,Male,2015,3.6426994009471314
73585,Purificación,Male,2015,3.691312553499963
73616,Rioblanco,Male,2015,2.8777164489718725
73622,Roncesvalles,Male,2015,3.1982495800474484
73624,Rovira,Male,2015,3.5902193939536806
73671,Saldaña,Male,2015,3.6718856158189044
73675,San Antonio,Male,2015,3.4695595368158836
73678,San Luis,Male,2015,3.918123052550241
73686,Santa Isabel,Male,2015,3.748157534803061
73770,Suárez,Male,2015,4.448353168487809
73854,Valle De San Juan,Male,2015,3.8868354035963466
73861,Venadillo,Male,2015,3.577029839833467
73870,Villahermosa,Male,2015,3.9088223475659505
73873,Villarrica,Male,2015,3.8880682292942197
76001,Cali,Male,2015,3.419484744899582
76020,Alcalá,Male,2015,3.3833239031096256
76036,Andalucía,Male,2015,3.0662344482388186
76041,Ansermanuevo,Male,2015,3.698073797358744
76054,Argelia,Male,2015,3.2788906261429234
76100,Bolívar,Male,2015,2.8473841226395047
76109,Buenaventura,Male,2015,2.5030500917298393
76111,Guadalajara De Buga,Male,2015,3.963318666539225
76113,Bugalagrande,Male,2015,3.353336733765575
76122,Caicedonia,Male,2015,4.627917100397432
76126,Calima,Male,2015,3.41096587919388
76130,Candelaria,Male,2015,2.617781465285737
76147,Cartago,Male,2015,3.775484311542542
76233,Dagua,Male,2015,3.136975748437987
76243,El Águila,Male,2015,3.6012816815143647
76246,El Cairo,Male,2015,3.5250921063041396
76248,El Cerrito,Male,2015,3.4277418565584394
76250,El Dovio,Male,2015,3.5558220977580537
76275,Florida,Male,2015,2.8370032784673422
76306,Ginebra,Male,2015,3.047521738004213
76318,Guacarí,Male,2015,2.842426683326806
76364,Jamundí,Male,2015,3.053062586637183
76377,La Cumbre,Male,2015,3.7562546457581254
76400,La Unión,Male,2015,3.4953780241842725
76403,La Victoria,Male,2015,5.193939740399466
76497,Obando,Male,2015,3.2462090599743956
76520,Palmira,Male,2015,3.356287870778436
76563,Pradera,Male,2015,3.3516473170480583
76606,Restrepo,Male,2015,2.9545263687518437
76616,Riofrío,Male,2015,3.1841261970906816
76622,Roldanillo,Male,2015,3.197707670379035
76670,San Pedro,Male,2015,3.203346455925378
76736,Sevilla,Male,2015,3.6041721251103382
76823,Toro,Male,2015,2.914586140507231
76828,Trujillo,Male,2015,3.1075895753227556
76834,Tuluá,Male,2015,3.6375062278517154
76845,Ulloa,Male,2015,3.1493063863589272
76863,Versalles,Male,2015,3.300496366010091
76869,Vijes,Male,2015,3.276441389269996
76890,Yotoco,Male,2015,3.250213610375411
76892,Yumbo,Male,2015,3.0404531978757188
76895,Zarzal,Male,2015,2.8041565756646367
81001,Arauca,Male,2015,3.374454244113363
81065,Arauquita,Male,2015,2.954312907469973
81220,Cravo Norte,Male,2015,3.896978313429339
81300,Fortul,Male,2015,3.4397218124260194
81591,Puerto Rondón,Male,2015,3.409378885850312
81736,Saravena,Male,2015,2.986759988387957
81794,Tame,Male,2015,4.589275182627334
85001,Yopal,Male,2015,2.993738023417155
85010,Aguazul,Male,2015,3.0169154940719793
85015,Chámeza,Male,2015,3.434046260872574
85125,Hato Corozal,Male,2015,2.8900510399342765
85136,La Salina,Male,2015,3.697180609231517
85139,Maní,Male,2015,3.085404552352261
85162,Monterrey,Male,2015,3.045347228404223
85225,Nunchía,Male,2015,4.052144550539241
85230,Orocué,Male,2015,2.7378149007029906
85250,Paz De Ariporo,Male,2015,2.84000826093457
85263,Pore,Male,2015,2.9608264803234
85279,Recetor,Male,2015,4.280878480451524
85300,Sabanalarga,Male,2015,3.6024525124858076
85315,Sácama,Male,2015,2.8947242819587387
85325,San Luis De Palenque,Male,2015,2.9139732128942932
85400,Támara,Male,2015,3.0857141499820093
85410,Tauramena,Male,2015,2.742668409541359
85430,Trinidad,Male,2015,2.821039318510783
85440,Villanueva,Male,2015,2.8779515193274037
86001,Mocoa,Male,2015,2.887590308366087
86219,Colón,Male,2015,3.126530924478329
86320,Orito,Male,2015,2.760599940910962
86568,Puerto Asís,Male,2015,3.332119827041267
86569,Puerto Caicedo,Male,2015,3.1779332974592154
86571,Puerto Guzmán,Male,2015,2.9326160649819144
86573,Puerto Leguízamo,Male,2015,2.6190444673668845
86749,Sibundoy,Male,2015,3.0389789071499678
86755,San Francisco,Male,2015,2.9420713170981183
86757,San Miguel,Male,2015,3.0084779418417282
86760,Santiago,Male,2015,2.7293649266272584
86865,Valle Del Guamuez,Male,2015,3.2660869841523117
86885,Villagarzón,Male,2015,2.6259566638029352
88001,San Andrés,Male,2015,3.275149040222214
88564,Providencia,Male,2015,3.073634193131284
91001,Leticia,Male,2015,3.6893280579393894
91263,El Encanto,Male,2015,3.364138862448873
91405,La Chorrera,Male,2015,2.213000097131699
91407,La Pedrera,Male,2015,3.0916118504854215
91430,La Victoria,Male,2015,3.680791613289453
91460,Mirití - Paraná,Male,2015,2.720225995021798
91530,Puerto Alegría,Male,2015,2.6430804484205406
91536,Puerto Arica,Male,2015,3.3024562502357293
91540,Puerto Nariño,Male,2015,2.5978031677939346
91669,Puerto Santander,Male,2015,2.846755984243284
91798,Tarapacá,Male,2015,2.7935992234599922
94001,Inírida,Male,2015,2.714997391415269
94343,Barrancominas,Male,2015,1.2138545211666634
94883,San Felipe,Male,2015,1.8725605438449124
94884,Puerto Colombia,Male,2015,1.9868951552400682
94885,La Guadalupe,Male,2015,1.390301897013958
94886,Cacahual,Male,2015,1.4511248106329955
94887,Pana Pana,Male,2015,1.9879846902759513
94888,Morichal,Male,2015,1.9787875086914417
95001,San José Del Guaviare,Male,2015,2.832473154802978
95015,Calamar,Male,2015,3.8046405433075705
95025,El Retorno,Male,2015,2.917302739222043
95200,Miraflores,Male,2015,4.1531684485283735
97001,Mitú,Male,2015,2.195662063314397
97161,Carurú,Male,2015,2.571372486919462
97511,Pacoa,Male,2015,1.6697467657461547
97666,Taraira,Male,2015,2.345350767475085
97777,Papunahua,Male,2015,2.411120008656629
97889,Yavaraté,Male,2015,3.4038851262004104
99001,Puerto Carreño,Male,2015,3.832682387793276
99524,La Primavera,Male,2015,3.3422275147697507
99624,Santa Rosalía,Male,2015,3.0306566908380086
99773,Cumaribo,Male,2015,2.740614173600056
5001,Medellín,Female,2016,1.407755078652472
5002,Abejorral,Female,2016,1.330908492990755
5004,Abriaquí,Female,2016,1.1146759527079533
5021,Alejandría,Female,2016,1.0882654202480704
5030,Amagá,Female,2016,1.3460134520017448
5031,Amalfi,Female,2016,1.128374247112487
5034,Andes,Female,2016,1.37991036861341
5036,Angelópolis,Female,2016,1.7485640989530595
5038,Angostura,Female,2016,1.2770264287723683
5040,Anorí,Female,2016,1.0219084176143394
5042,Santa Fé De Antioquia,Female,2016,1.7071739831609982
5044,Anzá,Female,2016,1.2286803332122802
5045,Apartadó,Female,2016,1.4485403770903147
5051,Arboletes,Female,2016,1.092957543927359
5055,Argelia,Female,2016,1.1635658103491848
5059,Armenia,Female,2016,1.454030261217736
5079,Barbosa,Female,2016,1.3652378949548103
5086,Belmira,Female,2016,1.276734098914268
5088,Bello,Female,2016,1.2685233695035771
5091,Betania,Female,2016,1.2744559274692637
5093,Betulia,Female,2016,1.3866276605764585
5101,Ciudad Bolívar,Female,2016,1.535121844170921
5107,Briceño,Female,2016,1.5673058011907768
5113,Buriticá,Female,2016,1.016191490876888
5120,Cáceres,Female,2016,0.9786073816819462
5125,Caicedo,Female,2016,1.2171689978836238
5129,Caldas,Female,2016,1.5110601645150226
5134,Campamento,Female,2016,1.1198395974689237
5138,Cañasgordas,Female,2016,1.1329172366419942
5142,Caracolí,Female,2016,1.23031020565274
5145,Caramanta,Female,2016,1.479223320061636
5147,Carepa,Female,2016,1.1674384664409194
5148,El Carmen De Viboral,Female,2016,1.0881638989634372
5150,Carolina,Female,2016,1.6134358292548754
5154,Caucasia,Female,2016,1.2665547468126026
5172,Chigorodó,Female,2016,1.567458140431489
5190,Cisneros,Female,2016,1.9026495359384612
5197,Cocorná,Female,2016,1.1893412455233159
5206,Concepción,Female,2016,1.268702624803424
5209,Concordia,Female,2016,1.4580826918713103
5212,Copacabana,Female,2016,1.415521695906436
5234,Dabeiba,Female,2016,0.8853355760259276
5237,Donmatías,Female,2016,1.3079216598151675
5240,Ebéjico,Female,2016,1.4656510271134338
5250,El Bagre,Female,2016,1.2273841886417949
5264,Entrerríos,Female,2016,1.0654311872470983
5266,Envigado,Female,2016,1.830644279999489
5282,Fredonia,Female,2016,1.4437577429088468
5284,Frontino,Female,2016,0.9280442530225484
5306,Giraldo,Female,2016,0.9349381856734187
5308,Girardota,Female,2016,1.3229168324839025
5310,Gómez Plata,Female,2016,1.3793269493787281
5313,Granada,Female,2016,1.0456103211547048
5315,Guadalupe,Female,2016,1.222585051454326
5318,Guarne,Female,2016,1.2882805352948141
5321,Guatapé,Female,2016,1.146826885462554
5347,Heliconia,Female,2016,1.5384570222422431
5353,Hispania,Female,2016,1.3008411486504425
5360,Itagüí,Female,2016,1.4677816308260232
5361,Ituango,Female,2016,1.0999320342402166
5364,Jardín,Female,2016,1.3984540516200417
5368,Jericó,Female,2016,1.362293343302266
5376,La Ceja,Female,2016,1.273345823910627
5380,La Estrella,Female,2016,1.439714259131503
5390,La Pintada,Female,2016,2.197895139031678
5400,La Unión,Female,2016,1.203101178741721
5411,Liborina,Female,2016,1.2722776343849505
5425,Maceo,Female,2016,1.0955984162602779
5440,Marinilla,Female,2016,1.0482758918841577
5467,Montebello,Female,2016,1.4234404156743596
5475,Murindó,Female,2016,0.7865274128577325
5480,Mutatá,Female,2016,2.3697935156407866
5483,Nariño,Female,2016,1.1990380423054978
5490,Necoclí,Female,2016,1.069840010926977
5495,Nechí,Female,2016,0.9542139954040703
5501,Olaya,Female,2016,1.124931674369713
5541,Peñol,Female,2016,1.197300304083499
5543,Peque,Female,2016,1.0329548899971583
5576,Pueblorrico,Female,2016,1.274198299055007
5579,Puerto Berrío,Female,2016,2.0236332783854833
5585,Puerto Nare,Female,2016,1.1657798763699736
5591,Puerto Triunfo,Female,2016,1.14230685196391
5604,Remedios,Female,2016,1.022860174862093
5607,Retiro,Female,2016,1.3080631182802345
5615,Rionegro,Female,2016,1.323300968123899
5628,Sabanalarga,Female,2016,1.0051542180297488
5631,Sabaneta,Female,2016,1.7551091611577672
5642,Salgar,Female,2016,1.3605697987132044
5647,San Andrés De Cuerquía,Female,2016,1.2929190650989963
5649,San Carlos,Female,2016,1.0500571197364623
5652,San Francisco,Female,2016,0.9961126167134032
5656,San Jerónimo,Female,2016,1.2567809903798264
5658,San José De La Montaña,Female,2016,1.294660541232889
5659,San Juan De Urabá,Female,2016,1.0249745997826238
5660,San Luis,Female,2016,1.157249859640549
5664,San Pedro De Los Milagros,Female,2016,1.6135037442706377
5665,San Pedro De Urabá,Female,2016,1.1222882948722386
5667,San Rafael,Female,2016,1.3042787743768436
5670,San Roque,Female,2016,1.1850815516885083
5674,San Vicente Ferrer,Female,2016,1.1524971602435896
5679,Santa Bárbara,Female,2016,1.4121901675769206
5686,Santa Rosa De Osos,Female,2016,1.1013279459751257
5690,Santo Domingo,Female,2016,1.3266268199038982
5697,El Santuario,Female,2016,0.982266980760452
5736,Segovia,Female,2016,1.789850538078891
5756,Sonsón,Female,2016,1.2095375598844578
5761,Sopetrán,Female,2016,1.5005628465547987
5789,Támesis,Female,2016,1.4878039192537882
5790,Tarazá,Female,2016,2.3173116190151375
5792,Tarso,Female,2016,1.3679191946193088
5809,Titiribí,Female,2016,1.4196567728270755
5819,Toledo,Female,2016,1.5169497875035516
5837,Turbo,Female,2016,1.6536986136683802
5842,Uramita,Female,2016,1.06189787208032
5847,Urrao,Female,2016,1.1918675950167696
5854,Valdivia,Female,2016,2.3718391907476324
5856,Valparaíso,Female,2016,1.4844099117648084
5858,Vegachí,Female,2016,1.2105349930866631
5861,Venecia,Female,2016,1.8097322175453214
5873,Vigía Del Fuerte,Female,2016,0.8562358319778212
5885,Yalí,Female,2016,1.1327647678556145
5887,Yarumal,Female,2016,1.322429344216333
5890,Yolombó,Female,2016,1.2119768231780423
5893,Yondó,Female,2016,0.9299549992517478
5895,Zaragoza,Female,2016,1.057936371670397
8001,Barranquilla,Female,2016,1.416920710973619
8078,Baranoa,Female,2016,1.1275693675722152
8137,Campo De La Cruz,Female,2016,1.2293656190943496
8141,Candelaria,Female,2016,1.0929262587518946
8296,Galapa,Female,2016,0.9066802207487992
8372,Juan De Acosta,Female,2016,1.1758395641005912
8421,Luruaco,Female,2016,1.156217068908133
8433,Malambo,Female,2016,0.9733192724185352
8436,Manatí,Female,2016,0.9386907892734728
8520,Palmar De Varela,Female,2016,1.1213018748414167
8549,Piojó,Female,2016,1.1941124792877276
8558,Polonuevo,Female,2016,1.0616673008541446
8560,Ponedera,Female,2016,1.076089200750902
8573,Puerto Colombia,Female,2016,1.0666071434930393
8606,Repelón,Female,2016,1.168059807187576
8634,Sabanagrande,Female,2016,1.0660228151176268
8638,Sabanalarga,Female,2016,1.0670080534795792
8675,Santa Lucía,Female,2016,1.0066720926997332
8685,Santo Tomás,Female,2016,1.1050945799008112
8758,Soledad,Female,2016,0.9830691647526926
8770,Suan,Female,2016,1.0924610947092177
8832,Tubará,Female,2016,1.0810130331926835
8849,Usiacurí,Female,2016,1.136147603884583
11001,"Bogotá, D.C.",Female,2016,1.305092591975252
13001,Cartagena De Indias,Female,2016,1.1630555106588092
13006,Achí,Female,2016,1.1261910166500473
13030,Altos Del Rosario,Female,2016,0.9950370603293633
13042,Arenal,Female,2016,1.2674011803203964
13052,Arjona,Female,2016,1.2603305319584797
13062,Arroyohondo,Female,2016,1.3918262700954533
13074,Barranco De Loba,Female,2016,1.0471196755794068
13140,Calamar,Female,2016,1.2757006080855915
13160,Cantagallo,Female,2016,1.1485264346392152
13188,Cicuco,Female,2016,1.1015769601000454
13212,Córdoba,Female,2016,1.2193397727540365
13222,Clemencia,Female,2016,1.2153062954673772
13244,El Carmen De Bolívar,Female,2016,1.2522119926988493
13248,El Guamo,Female,2016,1.4069614711187284
13268,El Peñón,Female,2016,1.0819407712067637
13300,Hatillo De Loba,Female,2016,1.052644920680393
13430,Magangué,Female,2016,1.2118625228057995
13433,Mahates,Female,2016,1.2553948949654006
13440,Margarita,Female,2016,1.1750203571930364
13442,María La Baja,Female,2016,1.1745935459799282
13458,Montecristo,Female,2016,1.040610094533589
13468,Mompós,Female,2016,1.1294315289225856
13473,Morales,Female,2016,1.0744527897766765
13490,Norosí,Female,2016,0.37621832682452877
13549,Pinillos,Female,2016,1.0581835942803959
13580,Regidor,Female,2016,0.9307895224679595
13600,Río Viejo,Female,2016,1.1123752944555145
13620,San Cristóbal,Female,2016,1.2722657328981144
13647,San Estanislao,Female,2016,1.307245519965062
13650,San Fernando,Female,2016,1.0581213213754885
13654,San Jacinto,Female,2016,1.3594781227987314
13655,San Jacinto Del Cauca,Female,2016,1.137703484310409
13657,San Juan Nepomuceno,Female,2016,1.412738276170143
13667,San Martín De Loba,Female,2016,0.9907439758783506
13670,San Pablo,Female,2016,1.2319930578568772
13673,Santa Catalina,Female,2016,1.2583266225489271
13683,Santa Rosa,Female,2016,1.3209737524904295
13688,Santa Rosa Del Sur,Female,2016,1.054952829932328
13744,Simití,Female,2016,1.1582512315623161
13760,Soplaviento,Female,2016,1.328245063458078
13780,Talaigua Nuevo,Female,2016,0.9945933982003143
13810,Tiquisio,Female,2016,0.9405549375324697
13836,Turbaco,Female,2016,1.0537615990700733
13838,Turbaná,Female,2016,1.2810619474666607
13873,Villanueva,Female,2016,1.2019045095517518
13894,Zambrano,Female,2016,1.2330921271371984
15001,Tunja,Female,2016,1.3607163767139159
15022,Almeida,Female,2016,1.6049414135010183
15047,Aquitania,Female,2016,1.1030887395577695
15051,Arcabuco,Female,2016,1.0899465965265727
15087,Belén,Female,2016,1.2723709729140105
15090,Berbeo,Female,2016,1.2719861686843972
15092,Betéitiva,Female,2016,1.3549587351521872
15097,Boavita,Female,2016,1.2913524724500172
15104,Boyacá,Female,2016,1.5873277451749441
15106,Briceño,Female,2016,1.2832909195634592
15109,Buenavista,Female,2016,1.4044631993596768
15114,Busbanzá,Female,2016,1.0898568442922396
15131,Caldas,Female,2016,1.3611137767322368
15135,Campohermoso,Female,2016,1.0706644455457262
15162,Cerinza,Female,2016,1.4131845073185154
15172,Chinavita,Female,2016,1.5380487159508873
15176,Chiquinquirá,Female,2016,1.4054006347325614
15180,Chiscas,Female,2016,1.5369824364071578
15183,Chita,Female,2016,1.1233592028427066
15185,Chitaraque,Female,2016,1.9953683816475567
15187,Chivatá,Female,2016,0.9911558845946956
15189,Ciénega,Female,2016,1.1673335960806297
15204,Cómbita,Female,2016,1.2590763274657861
15212,Coper,Female,2016,1.3464106339919635
15215,Corrales,Female,2016,1.371718528425612
15218,Covarachía,Female,2016,1.4085441041270321
15223,Cubará,Female,2016,0.8191540076230183
15224,Cucaita,Female,2016,1.3088932335370893
15226,Cuítiva,Female,2016,1.0776198796045793
15232,Chíquiza,Female,2016,1.21290284988031
15236,Chivor,Female,2016,1.2464830482468205
15238,Duitama,Female,2016,1.346256096699928
15244,El Cocuy,Female,2016,1.5921889098262103
15248,El Espino,Female,2016,1.2771918811487422
15272,Firavitoba,Female,2016,1.1545775098045683
15276,Floresta,Female,2016,1.4388663671036144
15293,Gachantivá,Female,2016,1.1983843266631835
15296,Gámeza,Female,2016,1.1289475891213665
15299,Garagoa,Female,2016,1.259396617040634
15317,Guacamayas,Female,2016,0.9721789400375999
15322,Guateque,Female,2016,1.510083549884096
15325,Guayatá,Female,2016,1.4637229285462732
15332,Güicán De La Sierra,Female,2016,1.0552315724428296
15362,Iza,Female,2016,1.1616401399617915
15367,Jenesano,Female,2016,1.491426638196339
15368,Jericó,Female,2016,1.4088309249942974
15377,Labranzagrande,Female,2016,1.4831254448752502
15380,La Capilla,Female,2016,1.1619697763858792
15401,La Victoria,Female,2016,1.339124681139779
15403,La Uvita,Female,2016,1.29182799512473
15407,Villa De Leyva,Female,2016,1.2106603088192063
15425,Macanal,Female,2016,1.1770463663239221
15442,Maripí,Female,2016,1.4988527632269983
15455,Miraflores,Female,2016,1.362320354427056
15464,Mongua,Female,2016,1.2416579724378511
15466,Monguí,Female,2016,1.128195500128561
15469,Moniquirá,Female,2016,1.3957199922065426
15476,Motavita,Female,2016,1.1750029957040133
15480,Muzo,Female,2016,1.2634139554951633
15491,Nobsa,Female,2016,1.0993035479279065
15494,Nuevo Colón,Female,2016,1.36388687088822
15500,Oicatá,Female,2016,1.0965467229614505
15507,Otanche,Female,2016,1.1739719396898567
15511,Pachavita,Female,2016,1.209566844597252
15514,Páez,Female,2016,1.1986111065385323
15516,Paipa,Female,2016,1.2186024292225333
15518,Pajarito,Female,2016,1.030353026153533
15522,Panqueba,Female,2016,1.2036705653423876
15531,Pauna,Female,2016,1.426192421650222
15533,Paya,Female,2016,1.1353114120985246
15537,Paz De Río,Female,2016,1.1191851970693578
15542,Pesca,Female,2016,1.0522012867160544
15550,Pisba,Female,2016,1.1024859029248164
15572,Puerto Boyacá,Female,2016,1.4162966938327186
15580,Quípama,Female,2016,1.6724735432141384
15599,Ramiriquí,Female,2016,1.2926987264941205
15600,Ráquira,Female,2016,1.1016998202580452
15621,Rondón,Female,2016,1.2852296164124128
15632,Saboyá,Female,2016,1.129996730106254
15638,Sáchica,Female,2016,0.9537282712975302
15646,Samacá,Female,2016,1.33899711492155
15660,San Eduardo,Female,2016,1.4431248217284067
15664,San José De Pare,Female,2016,1.4212174842781744
15667,San Luis De Gaceno,Female,2016,1.2536617277578186
15673,San Mateo,Female,2016,1.5743093040334708
15676,San Miguel De Sema,Female,2016,1.1691710165798974
15681,San Pablo De Borbur,Female,2016,1.252750484494048
15686,Santana,Female,2016,1.827412503027398
15690,Santa María,Female,2016,1.1547319198446555
15693,Santa Rosa De Viterbo,Female,2016,1.2318008346398583
15696,Santa Sofía,Female,2016,1.038863382422264
15720,Sativanorte,Female,2016,1.464916865550658
15723,Sativasur,Female,2016,1.2376050230169473
15740,Siachoque,Female,2016,1.0348462660269047
15753,Soatá,Female,2016,1.202744958380729
15755,Socotá,Female,2016,1.0522343813470365
15757,Socha,Female,2016,1.0457830624930915
15759,Sogamoso,Female,2016,1.342589411491025
15761,Somondoco,Female,2016,1.6957447308893647
15762,Sora,Female,2016,1.3264367058428548
15763,Sotaquirá,Female,2016,1.0797613221826083
15764,Soracá,Female,2016,1.1204743875961565
15774,Susacón,Female,2016,1.2100745870216658
15776,Sutamarchán,Female,2016,1.2553576483915316
15778,Sutatenza,Female,2016,1.5389559542997753
15790,Tasco,Female,2016,1.0557372338313435
15798,Tenza,Female,2016,1.6657473353930141
15804,Tibaná,Female,2016,1.3023894012255086
15806,Tibasosa,Female,2016,1.089119344282955
15808,Tinjacá,Female,2016,1.196473996806281
15810,Tipacoque,Female,2016,1.3386560139289794
15814,Toca,Female,2016,1.020134048151626
15816,Togüí,Female,2016,1.1483249556503794
15820,Tópaga,Female,2016,1.069941501895083
15822,Tota,Female,2016,1.1461995802206133
15832,Tununguá,Female,2016,0.998453610536266
15835,Turmequé,Female,2016,1.4309190845270823
15837,Tuta,Female,2016,1.0370348479563898
15839,Tutazá,Female,2016,1.1378404518272647
15842,Úmbita,Female,2016,1.1708465973181241
15861,Ventaquemada,Female,2016,1.0906683818092462
15879,Viracachá,Female,2016,1.4739867318718172
15897,Zetaquira,Female,2016,1.4127153928252199
17001,Manizales,Female,2016,1.4569664531657966
17013,Aguadas,Female,2016,1.3585586251682007
17042,Anserma,Female,2016,1.4793485466815919
17050,Aranzazu,Female,2016,1.542296150483893
17088,Belalcázar,Female,2016,1.3234221559242287
17174,Chinchiná,Female,2016,1.7185931200027302
17272,Filadelfia,Female,2016,1.4401518429651532
17380,La Dorada,Female,2016,1.5276637437183038
17388,La Merced,Female,2016,1.5109594548403618
17433,Manzanares,Female,2016,1.3839128228873563
17442,Marmato,Female,2016,1.6602806520252673
17444,Marquetalia,Female,2016,1.2479423754935743
17446,Marulanda,Female,2016,1.2642023111208336
17486,Neira,Female,2016,1.4963416629133017
17495,Norcasia,Female,2016,1.218411627887878
17513,Pácora,Female,2016,1.5737377646936237
17524,Palestina,Female,2016,1.3394407994049848
17541,Pensilvania,Female,2016,1.2678882269485632
17614,Riosucio,Female,2016,1.3796874889797688
17616,Risaralda,Female,2016,1.4304918085334182
17653,Salamina,Female,2016,1.4704404370557382
17662,Samaná,Female,2016,1.246631730005743
17665,San José,Female,2016,1.317776768866206
17777,Supía,Female,2016,1.3567005495413436
17867,Victoria,Female,2016,1.2694764431597518
17873,Villamaría,Female,2016,1.4501969481815473
17877,Viterbo,Female,2016,1.506408091091414
18001,Florencia,Female,2016,1.3422810108404366
18029,Albania,Female,2016,0.952301529294639
18094,Belén De Los Andaquíes,Female,2016,1.0518978552888878
18150,Cartagena Del Chairá,Female,2016,1.0142122232952562
18205,Curillo,Female,2016,1.0872837634797552
18247,El Doncello,Female,2016,1.0576529358730826
18256,El Paujíl,Female,2016,0.9409007418390404
18410,La Montañita,Female,2016,0.9404735573777613
18460,Milán,Female,2016,0.7977702473374289
18479,Morelia,Female,2016,1.0002384945692582
18592,Puerto Rico,Female,2016,0.9809836504983427
18610,San José Del Fragua,Female,2016,1.2945752356273275
18753,San Vicente Del Caguán,Female,2016,1.0509813401758021
18756,Solano,Female,2016,0.8739304261435337
18785,Solita,Female,2016,1.02839777672236
18860,Valparaíso,Female,2016,0.9770325229221605
19001,Popayán,Female,2016,1.28717930342727
19022,Almaguer,Female,2016,1.6382095476100367
19050,Argelia,Female,2016,1.3575981114214957
19075,Balboa,Female,2016,1.350286226646521
19100,Bolívar,Female,2016,1.60746019842894
19110,Buenos Aires,Female,2016,1.0768549455191334
19130,Cajibío,Female,2016,1.2573250508848917
19137,Caldono,Female,2016,0.963502537531675
19142,Caloto,Female,2016,1.0540110695058647
19212,Corinto,Female,2016,1.772356789629097
19256,El Tambo,Female,2016,1.317625983434205
19290,Florencia,Female,2016,1.2600653002136928
19300,Guachené,Female,2016,0.46064133700302456
19318,Guapi,Female,2016,0.9652239416286623
19355,Inzá,Female,2016,1.0423575713981674
19364,Jambaló,Female,2016,0.9337159870795809
19392,La Sierra,Female,2016,1.5452226258431996
19397,La Vega,Female,2016,1.4983031788974581
19418,López De Micay,Female,2016,0.9877695541168949
19450,Mercaderes,Female,2016,1.4810694664322297
19455,Miranda,Female,2016,1.1455055644594603
19473,Morales,Female,2016,1.0265427136192962
19513,Padilla,Female,2016,1.207615222895903
19517,Páez,Female,2016,0.9351427532351724
19532,Patía,Female,2016,1.4029231454720101
19533,Piamonte,Female,2016,0.8008022688656814
19548,Piendamó - Tunía,Female,2016,1.1848452658938478
19573,Puerto Tejada,Female,2016,1.9702456299723092
19585,Puracé,Female,2016,1.116537156499022
19622,Rosas,Female,2016,1.5105193788381803
19693,San Sebastián,Female,2016,1.4921210492845982
19698,Santander De Quilichao,Female,2016,1.1582196051028866
19701,Santa Rosa,Female,2016,1.2700414065235122
19743,Silvia,Female,2016,1.064184391739535
19760,Sotará - Paispamba,Female,2016,1.248223380069858
19780,Suárez,Female,2016,1.08644446330091
19785,Sucre,Female,2016,1.7817050178457723
19807,Timbío,Female,2016,1.3689180319864962
19809,Timbiquí,Female,2016,0.9100795840546864
19821,Toribío,Female,2016,1.009908882734898
19824,Totoró,Female,2016,1.0668327798209245
19845,Villa Rica,Female,2016,1.213646961872603
20001,Valledupar,Female,2016,1.075604986035058
20011,Aguachica,Female,2016,1.1334723962020736
20013,Agustín Codazzi,Female,2016,1.0260679946871163
20032,Astrea,Female,2016,0.9464074284272878
20045,Becerril,Female,2016,0.8507568262895117
20060,Bosconia,Female,2016,0.9724086424637931
20175,Chimichagua,Female,2016,0.9080743409640079
20178,Chiriguaná,Female,2016,1.0703526664220702
20228,Curumaní,Female,2016,1.0248041453898498
20238,El Copey,Female,2016,0.983674545129289
20250,El Paso,Female,2016,0.868083545572927
20295,Gamarra,Female,2016,1.1918280629978601
20310,González,Female,2016,1.37540461665832
20383,La Gloria,Female,2016,1.0485996467417538
20400,La Jagua De Ibirico,Female,2016,0.8517006690305652
20443,Manaure Balcón Del Cesar,Female,2016,1.0627080608516744
20517,Pailitas,Female,2016,1.1112487939271807
20550,Pelaya,Female,2016,1.085566474463799
20570,Pueblo Bello,Female,2016,0.8231593152129509
20614,Río De Oro,Female,2016,1.3108894667744635
20621,La Paz,Female,2016,0.9716768202270102
20710,San Alberto,Female,2016,1.0260179358609285
20750,San Diego,Female,2016,1.00394749412362
20770,San Martín,Female,2016,1.0402219774555834
20787,Tamalameque,Female,2016,0.961071912546713
23001,Montería,Female,2016,1.1607115170990396
23068,Ayapel,Female,2016,1.0943085532596846
23079,Buenavista,Female,2016,1.1455994483964362
23090,Canalete,Female,2016,1.2700464148152757
23162,Cereté,Female,2016,1.2957432506975188
23168,Chimá,Female,2016,1.479858653274546
23182,Chinú,Female,2016,1.3481733400474656
23189,Ciénaga De Oro,Female,2016,1.363606308577321
23300,Cotorra,Female,2016,1.3225674170187873
23350,La Apartada,Female,2016,1.1644506370878094
23417,Lorica,Female,2016,1.241503288412323
23419,Los Córdobas,Female,2016,1.1956978602700694
23464,Momil,Female,2016,1.2046300845045184
23466,Montelíbano,Female,2016,1.0321303044429928
23500,Moñitos,Female,2016,1.2259436620064001
23555,Planeta Rica,Female,2016,1.1957831056617179
23570,Pueblo Nuevo,Female,2016,1.2072080043155717
23574,Puerto Escondido,Female,2016,1.281226326953574
23580,Puerto Libertador,Female,2016,0.9969341682703856
23586,Purísima De La Concepción,Female,2016,1.3068354202552575
23660,Sahagún,Female,2016,1.2730752586808807
23670,San Andrés De Sotavento,Female,2016,1.1354917045765265
23672,San Antero,Female,2016,1.1699444258160758
23675,San Bernardo Del Viento,Female,2016,1.2279677711696404
23678,San Carlos,Female,2016,1.316326481599793
23682,San José De Uré,Female,2016,0.33920443850115856
23686,San Pelayo,Female,2016,1.3999277554673428
23807,Tierralta,Female,2016,1.0467167061977414
23815,Tuchín,Female,2016,0.40357634003411136
23855,Valencia,Female,2016,1.198548070033031
25001,Agua De Dios,Female,2016,1.557124166571463
25019,Albán,Female,2016,1.0846721669134087
25035,Anapoima,Female,2016,1.2496870111492873
25040,Anolaima,Female,2016,1.2700613199862403
25053,Arbeláez,Female,2016,1.1022873317497146
25086,Beltrán,Female,2016,1.2097267339717108
25095,Bituima,Female,2016,1.146842321947334
25099,Bojacá,Female,2016,1.1494260183404046
25120,Cabrera,Female,2016,0.9735306981409853
25123,Cachipay,Female,2016,1.2875307264500797
25126,Cajicá,Female,2016,1.1405598214417412
25148,Caparrapí,Female,2016,1.349374948779782
25151,Cáqueza,Female,2016,1.3171855108005035
25154,Carmen De Carupa,Female,2016,1.1649398971624947
25168,Chaguaní,Female,2016,1.514403458776211
25175,Chía,Female,2016,1.4507146035122374
25178,Chipaque,Female,2016,1.1078430563479162
25181,Choachí,Female,2016,1.2196974605409283
25183,Chocontá,Female,2016,1.4937184302461612
25200,Cogua,Female,2016,1.1409557795646643
25214,Cota,Female,2016,1.115673472886857
25224,Cucunubá,Female,2016,1.0811751714006195
25245,El Colegio,Female,2016,1.3970512310332266
25258,El Peñón,Female,2016,1.3098455346758802
25260,El Rosal,Female,2016,0.9503571320019036
25269,Facatativá,Female,2016,1.4135458443960065
25279,Fómeque,Female,2016,1.1365402881848956
25281,Fosca,Female,2016,1.1675278972520171
25286,Funza,Female,2016,1.1954623307148609
25288,Fúquene,Female,2016,1.072768315120223
25290,Fusagasugá,Female,2016,1.5704208062586302
25293,Gachalá,Female,2016,1.401823623691385
25295,Gachancipá,Female,2016,1.0938585138391064
25297,Gachetá,Female,2016,1.6930025958051855
25299,Gama,Female,2016,1.3208732225197422
25307,Girardot,Female,2016,2.3505232093530903
25312,Granada,Female,2016,1.2532298835650313
25317,Guachetá,Female,2016,0.9704840907249597
25320,Guaduas,Female,2016,1.4778415380406507
25322,Guasca,Female,2016,1.0636521946562234
25324,Guataquí,Female,2016,1.2777053107431773
25326,Guatavita,Female,2016,1.7390791606172304
25328,Guayabal De Síquima,Female,2016,1.1502847132900569
25335,Guayabetal,Female,2016,0.9091838864984743
25339,Gutiérrez,Female,2016,1.1057026758357957
25368,Jerusalén,Female,2016,1.2732314842906354
25372,Junín,Female,2016,1.7884511537876897
25377,La Calera,Female,2016,1.3532855119477207
25386,La Mesa,Female,2016,1.5228189701243393
25394,La Palma,Female,2016,1.4044614397136272
25398,La Peña,Female,2016,1.5078497366018433
25402,La Vega,Female,2016,1.2569530296578846
25407,Lenguazaque,Female,2016,1.0280845022406597
25426,Machetá,Female,2016,1.4788993877541887
25430,Madrid,Female,2016,1.0764939927458064
25436,Manta,Female,2016,1.591990291850079
25438,Medina,Female,2016,1.0456421989235118
25473,Mosquera,Female,2016,1.1003857361155185
25483,Nariño,Female,2016,1.520881598331483
25486,Nemocón,Female,2016,1.1471791209863476
25488,Nilo,Female,2016,1.0313782155577167
25489,Nimaima,Female,2016,1.2984474079498258
25491,Nocaima,Female,2016,1.1734043773153064
25506,Venecia,Female,2016,1.1670087279947043
25513,Pacho,Female,2016,1.5167823180891733
25518,Paime,Female,2016,1.3375287387221426
25524,Pandi,Female,2016,1.203222131250921
25530,Paratebueno,Female,2016,1.6332994541822017
25535,Pasca,Female,2016,1.1818862414635487
25572,Puerto Salgar,Female,2016,1.3622244461419004
25580,Pulí,Female,2016,1.1111166565779298
25592,Quebradanegra,Female,2016,1.2826244765770798
25594,Quetame,Female,2016,1.3567160941466867
25596,Quipile,Female,2016,1.2453373347683974
25599,Apulo,Female,2016,1.0917854328551475
25612,Ricaurte,Female,2016,1.0502050915086565
25645,San Antonio Del Tequendama,Female,2016,1.1951956703619986
25649,San Bernardo,Female,2016,1.1352833412122894
25653,San Cayetano,Female,2016,1.0999933511023796
25658,San Francisco,Female,2016,1.0822577389254857
25662,San Juan De Rioseco,Female,2016,1.475923878622799
25718,Sasaima,Female,2016,1.2551360727385648
25736,Sesquilé,Female,2016,1.196908513813209
25740,Sibaté,Female,2016,1.251170072508172
25743,Silvania,Female,2016,1.2508833213694515
25745,Simijaca,Female,2016,1.1597527288609717
25754,Soacha,Female,2016,1.0962655946299813
25758,Sopó,Female,2016,1.4819196864019586
25769,Subachoque,Female,2016,1.070341096908066
25772,Suesca,Female,2016,1.1744109644640637
25777,Supatá,Female,2016,1.1585698365053663
25779,Susa,Female,2016,1.1050560285857303
25781,Sutatausa,Female,2016,1.1259868851824826
25785,Tabio,Female,2016,1.255481218600835
25793,Tausa,Female,2016,0.9025308597485783
25797,Tena,Female,2016,1.1124441062595287
25799,Tenjo,Female,2016,1.416701817757043
25805,Tibacuy,Female,2016,1.1063234177518744
25807,Tibirita,Female,2016,1.8358131777139168
25815,Tocaima,Female,2016,1.4438321693195237
25817,Tocancipá,Female,2016,1.0810482690549295
25823,Topaipí,Female,2016,1.2307605287017542
25839,Ubalá,Female,2016,1.2688732665894562
25841,Ubaque,Female,2016,1.2420770033843749
25843,Villa De San Diego De Ubaté,Female,2016,1.4947489190987842
25845,Une,Female,2016,1.1546944635685727
25851,Útica,Female,2016,1.325165197720334
25862,Vergara,Female,2016,1.499994575149369
25867,Vianí,Female,2016,1.1319456076817838
25871,Villagómez,Female,2016,1.2075739646324177
25873,Villapinzón,Female,2016,1.0955718322056438
25875,Villeta,Female,2016,1.5227134618877172
25878,Viotá,Female,2016,1.25766389151047
25885,Yacopí,Female,2016,1.4367629448625432
25898,Zipacón,Female,2016,1.056594500470652
25899,Zipaquirá,Female,2016,1.3472423819402575
27001,Quibdó,Female,2016,1.3489097119045814
27006,Acandí,Female,2016,1.0975047532300466
27025,Alto Baudó,Female,2016,1.071903122324943
27050,Atrato,Female,2016,1.1902163423800902
27073,Bagadó,Female,2016,0.8340589196083915
27075,Bahía Solano,Female,2016,0.9578002568028235
27077,Bajo Baudó,Female,2016,0.9523393999688445
27099,Bojayá,Female,2016,0.8042743521355368
27135,El Cantón Del San Pablo,Female,2016,0.9962044055590703
27150,Carmen Del Darién,Female,2016,0.8215209522817919
27160,Cértegui,Female,2016,1.1261226771430852
27205,Condoto,Female,2016,1.1374970750725473
27245,El Carmen De Atrato,Female,2016,1.1287340886407708
27250,El Litoral Del San Juan,Female,2016,0.8869257992897942
27361,Istmina,Female,2016,1.0953740164371892
27372,Juradó,Female,2016,0.8517804150093634
27413,Lloró,Female,2016,0.6598178882896714
27425,Medio Atrato,Female,2016,1.2914423773559403
27430,Medio Baudó,Female,2016,1.0211848347785768
27450,Medio San Juan,Female,2016,0.912896096069771
27491,Nóvita,Female,2016,1.0968919623379136
27495,Nuquí,Female,2016,0.8955507460384826
27580,Río Iró,Female,2016,0.8115644458119484
27600,Río Quito,Female,2016,1.3312662506522297
27615,Riosucio,Female,2016,1.3879163365093288
27660,San José Del Palmar,Female,2016,1.0307043391229591
27745,Sipí,Female,2016,0.8890005886337073
27787,Tadó,Female,2016,1.4571229611476637
27800,Unguía,Female,2016,1.0234794201947173
27810,Unión Panamericana,Female,2016,1.1657446731486028
41001,Neiva,Female,2016,1.332684007743696
41006,Acevedo,Female,2016,1.5671018446922607
41013,Agrado,Female,2016,1.167661485996294
41016,Aipe,Female,2016,1.1213404646902294
41020,Algeciras,Female,2016,1.1768073987037353
41026,Altamira,Female,2016,1.0367807181817108
41078,Baraya,Female,2016,1.245787341814949
41132,Campoalegre,Female,2016,1.4857746065869182
41206,Colombia,Female,2016,1.1468993053738492
41244,Elías,Female,2016,0.9061681295998459
41298,Garzón,Female,2016,1.125528695571726
41306,Gigante,Female,2016,1.2247613583110888
41319,Guadalupe,Female,2016,1.0802512752190163
41349,Hobo,Female,2016,1.330806039590976
41357,Íquira,Female,2016,1.0925756585292268
41359,Isnos,Female,2016,1.3839493778456309
41378,La Argentina,Female,2016,1.2061187479899669
41396,La Plata,Female,2016,1.0962888035458285
41483,Nátaga,Female,2016,0.9533649634812195
41503,Oporapa,Female,2016,1.1200809163656047
41518,Paicol,Female,2016,0.990243897530634
41524,Palermo,Female,2016,1.0428533657194958
41530,Palestina,Female,2016,1.136930563547057
41548,Pital,Female,2016,1.0218467211205706
41551,Pitalito,Female,2016,1.534476490317338
41615,Rivera,Female,2016,1.0503272780931643
41660,Saladoblanco,Female,2016,1.1414646827755206
41668,San Agustín,Female,2016,1.131945576326984
41676,Santa María,Female,2016,1.0268519122339381
41770,Suaza,Female,2016,0.9276189591013099
41791,Tarqui,Female,2016,1.1166347296106356
41797,Tesalia,Female,2016,1.1782657528296552
41799,Tello,Female,2016,1.0365285675540852
41801,Teruel,Female,2016,1.0610504178692937
41807,Timaná,Female,2016,1.140415004298523
41872,Villavieja,Female,2016,1.3319524242918221
41885,Yaguará,Female,2016,1.2346148695601085
44001,Riohacha,Female,2016,1.070433671009238
44035,Albania,Female,2016,0.7619052924635608
44078,Barrancas,Female,2016,0.9256156653813316
44090,Dibulla,Female,2016,0.8937184533123487
44098,Distracción,Female,2016,0.8941591266298398
44110,El Molino,Female,2016,1.086488626611882
44279,Fonseca,Female,2016,0.8614879977613535
44378,Hatonuevo,Female,2016,0.8590622326878942
44420,La Jagua Del Pilar,Female,2016,0.8077047778128249
44430,Maicao,Female,2016,1.0565725132654686
44560,Manaure,Female,2016,0.9322454734451463
44650,San Juan Del Cesar,Female,2016,0.9960299667808813
44847,Uribia,Female,2016,1.1913822302196382
44855,Urumita,Female,2016,0.9265382052635049
44874,Villanueva,Female,2016,0.8517208582591417
47001,Santa Marta,Female,2016,1.2020317094381079
47030,Algarrobo,Female,2016,0.9227692694435898
47053,Aracataca,Female,2016,0.8850074506741131
47058,Ariguaní,Female,2016,1.0860026472910709
47161,Cerro De San Antonio,Female,2016,1.215925260761562
47170,Chivolo,Female,2016,1.0075054018226237
47189,Ciénaga,Female,2016,1.1018806390838711
47205,Concordia,Female,2016,1.378228757304947
47245,El Banco,Female,2016,1.054981432905913
47258,El Piñón,Female,2016,1.1120656250872143
47268,El Retén,Female,2016,1.063527897305632
47288,Fundación,Female,2016,1.123099331645815
47318,Guamal,Female,2016,1.0627296220805023
47460,Nueva Granada,Female,2016,0.964903817045827
47541,Pedraza,Female,2016,1.1011751754965222
47545,Pijiño Del Carmen,Female,2016,0.9369358034337615
47551,Pivijay,Female,2016,1.1967405391645973
47555,Plato,Female,2016,1.0439624213368541
47570,Puebloviejo,Female,2016,1.060363632657784
47605,Remolino,Female,2016,1.1958590703207699
47660,Sabanas De San Ángel,Female,2016,0.9954782050814089
47675,Salamina,Female,2016,1.2358919730559168
47692,San Sebastián De Buenavista,Female,2016,1.1089185407176307
47703,San Zenón,Female,2016,0.8896943842332057
47707,Santa Ana,Female,2016,0.9209428008223005
47720,Santa Bárbara De Pinto,Female,2016,1.0381442067547062
47745,Sitionuevo,Female,2016,1.2243107071632338
47798,Tenerife,Female,2016,1.0712419317239101
47960,Zapayán,Female,2016,1.1349477041871523
47980,Zona Bananera,Female,2016,0.9348266380768853
50001,Villavicencio,Female,2016,1.307448620302692
50006,Acacías,Female,2016,1.0485717887005652
50110,Barranca De Upía,Female,2016,0.8907332006601206
50124,Cabuyaro,Female,2016,0.9021471447847544
50150,Castilla La Nueva,Female,2016,0.9360172587625964
50223,Cubarral,Female,2016,1.1010289059710918
50226,Cumaral,Female,2016,1.0595441367848188
50245,El Calvario,Female,2016,0.8335974728717478
50251,El Castillo,Female,2016,1.030570575034476
50270,El Dorado,Female,2016,1.1080320481509858
50287,Fuente De Oro,Female,2016,1.2281722558889758
50313,Granada,Female,2016,1.4750347092936562
50318,Guamal,Female,2016,1.1279707484625012
50325,Mapiripán,Female,2016,0.7645891184919418
50330,Mesetas,Female,2016,1.0775721070024635
50350,La Macarena,Female,2016,1.0170959433586733
50370,Uribe,Female,2016,1.2000853495689163
50400,Lejanías,Female,2016,1.1050502205798007
50450,Puerto Concordia,Female,2016,0.9078675936181118
50568,Puerto Gaitán,Female,2016,0.8176127317192763
50573,Puerto López,Female,2016,1.5074017088892806
50577,Puerto Lleras,Female,2016,0.9873298705192334
50590,Puerto Rico,Female,2016,1.04865127285244
50606,Restrepo,Female,2016,1.036837955552136
50680,San Carlos De Guaroa,Female,2016,0.9066629820137487
50683,San Juan De Arama,Female,2016,1.1309159851292798
50686,San Juanito,Female,2016,1.3338758594726174
50689,San Martín,Female,2016,1.0190910295434688
50711,Vistahermosa,Female,2016,1.1650155656476293
52001,Pasto,Female,2016,1.3237825363239342
52019,Albán,Female,2016,1.7771339323191997
52022,Aldana,Female,2016,1.4716313968206176
52036,Ancuya,Female,2016,1.599362826380985
52051,Arboleda,Female,2016,1.6039699300973453
52079,Barbacoas,Female,2016,0.9939273532189817
52083,Belén,Female,2016,1.7513005524902459
52110,Buesaco,Female,2016,1.483337790515069
52203,Colón,Female,2016,1.586887670829035
52207,Consacá,Female,2016,1.7356919880953634
52210,Contadero,Female,2016,1.5671949311088507
52215,Córdoba,Female,2016,1.4035789608209095
52224,Cuaspud Carlosama,Female,2016,1.5638560427352226
52227,Cumbal,Female,2016,1.2572555860678154
52233,Cumbitara,Female,2016,1.4393955394764413
52240,Chachagüí,Female,2016,1.3947978823565423
52250,El Charco,Female,2016,0.9856295301539101
52254,El Peñol,Female,2016,1.909082983273584
52256,El Rosario,Female,2016,1.7179515227278808
52258,El Tablón De Gómez,Female,2016,1.7401938639725354
52260,El Tambo,Female,2016,1.5814046364242387
52287,Funes,Female,2016,1.5734446506627562
52317,Guachucal,Female,2016,1.7012041137847138
52320,Guaitarilla,Female,2016,1.5741056955036732
52323,Gualmatán,Female,2016,1.7528310163270622
52352,Iles,Female,2016,1.5511184450493363
52354,Imués,Female,2016,1.9216005899327933
52356,Ipiales,Female,2016,1.2961928511374308
52378,La Cruz,Female,2016,1.5788245972032764
52381,La Florida,Female,2016,2.2228045056648194
52385,La Llanada,Female,2016,1.2755194017565883
52390,La Tola,Female,2016,0.9966541181940306
52399,La Unión,Female,2016,1.8314034816228573
52405,Leiva,Female,2016,1.3796501520875832
52411,Linares,Female,2016,1.6931288838963956
52418,Los Andes,Female,2016,1.5135345952104087
52427,Magüí,Female,2016,0.9400430173445277
52435,Mallama,Female,2016,1.5168096844062693
52473,Mosquera,Female,2016,1.3533667182965505
52480,Nariño,Female,2016,1.9436135731713213
52490,Olaya Herrera,Female,2016,1.044042528310298
52506,Ospina,Female,2016,1.4994149769667644
52520,Francisco Pizarro,Female,2016,1.1659879259434114
52540,Policarpa,Female,2016,1.7244351314487725
52560,Potosí,Female,2016,1.2879220611966997
52565,Providencia,Female,2016,1.7433016880778298
52573,Puerres,Female,2016,1.4179616276343805
52585,Pupiales,Female,2016,1.6113460706887581
52612,Ricaurte,Female,2016,1.127512429391863
52621,Roberto Payán,Female,2016,1.0717848371765077
52678,Samaniego,Female,2016,1.8043441016435264
52683,Sandoná,Female,2016,1.628854779878827
52685,San Bernardo,Female,2016,1.9084658894582631
52687,San Lorenzo,Female,2016,1.6883522811523757
52693,San Pablo,Female,2016,1.7362517636438104
52694,San Pedro De Cartago,Female,2016,1.709538267924825
52696,Santa Bárbara,Female,2016,1.071648450931763
52699,Santacruz,Female,2016,1.6795424798577836
52720,Sapuyes,Female,2016,1.7935874306669102
52786,Taminango,Female,2016,1.7399338568810578
52788,Tangua,Female,2016,1.796973973997114
52835,San Andrés De Tumaco,Female,2016,1.1661178490561073
52838,Túquerres,Female,2016,1.5245742330577259
52885,Yacuanquer,Female,2016,1.7375880398851309
54001,San José De Cúcuta,Female,2016,1.3827075487417555
54003,Ábrego,Female,2016,1.1762822732005334
54051,Arboledas,Female,2016,1.1237582678583091
54099,Bochalema,Female,2016,1.1887615911631795
54109,Bucarasica,Female,2016,1.0163668080110477
54125,Cácota,Female,2016,1.6006821632267054
54128,Cáchira,Female,2016,1.0828621056575882
54172,Chinácota,Female,2016,1.141794226574922
54174,Chitagá,Female,2016,1.2104898736904248
54206,Convención,Female,2016,1.0439542522288605
54223,Cucutilla,Female,2016,1.4695908197027743
54239,Durania,Female,2016,1.2554156267726184
54245,El Carmen,Female,2016,1.112421582879455
54250,El Tarra,Female,2016,0.9676209432907096
54261,El Zulia,Female,2016,1.1247628613288965
54313,Gramalote,Female,2016,1.399690701721612
54344,Hacarí,Female,2016,0.939945391682775
54347,Herrán,Female,2016,1.4761508594660575
54377,Labateca,Female,2016,1.0828039983489424
54385,La Esperanza,Female,2016,0.9840751364893291
54398,La Playa,Female,2016,1.1770543960316853
54405,Los Patios,Female,2016,1.228172335487031
54418,Lourdes,Female,2016,0.9606514687822846
54480,Mutiscua,Female,2016,1.2116986190629064
54498,Ocaña,Female,2016,1.291251458353361
54518,Pamplona,Female,2016,1.2316563820590531
54520,Pamplonita,Female,2016,1.1272083843244014
54553,Puerto Santander,Female,2016,1.5560920997607428
54599,Ragonvalia,Female,2016,1.2842163092614025
54660,Salazar,Female,2016,1.142270137986256
54670,San Calixto,Female,2016,1.0167482133882288
54673,San Cayetano,Female,2016,1.0920407022714829
54680,Santiago,Female,2016,1.2937540098675597
54720,Sardinata,Female,2016,0.995116932674657
54743,Silos,Female,2016,1.153026470538013
54800,Teorama,Female,2016,1.0094362570543043
54810,Tibú,Female,2016,1.0891772587944262
54820,Toledo,Female,2016,1.1822997619936475
54871,Villa Caro,Female,2016,1.13445502366508
54874,Villa Del Rosario,Female,2016,1.189147775366384
63001,Armenia,Female,2016,1.7861349849748636
63111,Buenavista,Female,2016,1.1720159502964933
63130,Calarcá,Female,2016,1.6317353084588007
63190,Circasia,Female,2016,1.4554685766613655
63212,Córdoba,Female,2016,1.26563394944774
63272,Filandia,Female,2016,1.4418049581903856
63302,Génova,Female,2016,1.5817771715936855
63401,La Tebaida,Female,2016,1.8107164838372423
63470,Montenegro,Female,2016,1.9843056623968551
63548,Pijao,Female,2016,1.7579052375445732
63594,Quimbaya,Female,2016,1.5080519945877084
63690,Salento,Female,2016,1.3727835987543249
66001,Pereira,Female,2016,1.5424158313418075
66045,Apía,Female,2016,1.4967696560004895
66075,Balboa,Female,2016,1.3947558669677993
66088,Belén De Umbría,Female,2016,1.3995577050047863
66170,Dosquebradas,Female,2016,1.4099413427790883
66318,Guática,Female,2016,1.4454929346882361
66383,La Celia,Female,2016,1.719992725477926
66400,La Virginia,Female,2016,2.45376030539432
66440,Marsella,Female,2016,1.3222453468230153
66456,Mistrató,Female,2016,0.9332196107933622
66572,Pueblo Rico,Female,2016,0.8778121111437945
66594,Quinchía,Female,2016,1.32502766643927
66682,Santa Rosa De Cabal,Female,2016,1.3490894154287694
66687,Santuario,Female,2016,1.4385013119633765
68001,Bucaramanga,Female,2016,1.4011553557892165
68013,Aguada,Female,2016,1.9522112798029958
68020,Albania,Female,2016,1.3743500531454054
68051,Aratoca,Female,2016,1.3039460849784699
68077,Barbosa,Female,2016,1.2198294595787793
68079,Barichara,Female,2016,1.2138648927386082
68081,Barrancabermeja,Female,2016,1.3488247426682272
68092,Betulia,Female,2016,1.1123931607450857
68101,Bolívar,Female,2016,1.2014441881050482
68121,Cabrera,Female,2016,1.3101712652053608
68132,California,Female,2016,0.8755797848176873
68147,Capitanejo,Female,2016,1.3644864865151625
68152,Carcasí,Female,2016,1.3470899881843228
68160,Cepitá,Female,2016,1.161910778890331
68162,Cerrito,Female,2016,1.1890891927988074
68167,Charalá,Female,2016,1.1049287776402166
68169,Charta,Female,2016,1.2498361042226467
68176,Chima,Female,2016,1.1937848654158942
68179,Chipatá,Female,2016,1.4680776895928591
68190,Cimitarra,Female,2016,1.1931091400542444
68207,Concepción,Female,2016,1.2167273406985144
68209,Confines,Female,2016,0.9742396277985985
68211,Contratación,Female,2016,1.406931939977398
68217,Coromoro,Female,2016,1.9412988595162646
68229,Curití,Female,2016,1.2228616388447346
68235,El Carmen De Chucuri,Female,2016,1.3496992196338677
68245,El Guacamayo,Female,2016,1.2675250423596207
68250,El Peñón,Female,2016,1.0781514263317498
68255,El Playón,Female,2016,1.1894327057582879
68264,Encino,Female,2016,0.9371973823090972
68266,Enciso,Female,2016,1.3529509359612268
68271,Florián,Female,2016,1.3860373693280952
68276,Floridablanca,Female,2016,1.3044217986421198
68296,Galán,Female,2016,1.154725538617795
68298,Gámbita,Female,2016,1.1411927819654344
68307,Girón,Female,2016,1.144019227569906
68318,Guaca,Female,2016,1.4247322910123263
68320,Guadalupe,Female,2016,1.3041565721355124
68322,Guapotá,Female,2016,1.0437279650664324
68324,Guavatá,Female,2016,1.6473089920719677
68327,Güepsa,Female,2016,1.2438209406166734
68344,Hato,Female,2016,1.3415862116747823
68368,Jesús María,Female,2016,1.373790132852946
68370,Jordán,Female,2016,1.263287119234147
68377,La Belleza,Female,2016,1.2011648547460545
68385,Landázuri,Female,2016,1.4016575966391909
68397,La Paz,Female,2016,1.2665850806690533
68406,Lebrija,Female,2016,1.1202057347696435
68418,Los Santos,Female,2016,1.210837919318353
68425,Macaravita,Female,2016,1.2357359218966582
68432,Málaga,Female,2016,1.170790973107163
68444,Matanza,Female,2016,1.3072190438056253
68464,Mogotes,Female,2016,1.1618416530176803
68468,Molagavita,Female,2016,1.4286205433986965
68498,Ocamonte,Female,2016,1.1491286372011655
68500,Oiba,Female,2016,1.2487742142535843
68502,Onzaga,Female,2016,1.3399141731925455
68522,Palmar,Female,2016,1.2926190378945874
68524,Palmas Del Socorro,Female,2016,1.111208788470634
68533,Páramo,Female,2016,1.080463346956527
68547,Piedecuesta,Female,2016,1.1805433142718356
68549,Pinchote,Female,2016,1.2190559212949998
68572,Puente Nacional,Female,2016,1.2437063802663817
68573,Puerto Parra,Female,2016,0.8847546062759721
68575,Puerto Wilches,Female,2016,1.0020990771229932
68615,Rionegro,Female,2016,1.1144248192729127
68655,Sabana De Torres,Female,2016,0.9997391262249757
68669,San Andrés,Female,2016,1.376118477167967
68673,San Benito,Female,2016,1.4868491826856836
68679,San Gil,Female,2016,1.2178809141725042
68682,San Joaquín,Female,2016,1.1014282001384734
68684,San José De Miranda,Female,2016,1.3818873405398564
68686,San Miguel,Female,2016,1.0623212931535768
68689,San Vicente De Chucurí,Female,2016,1.124697645966547
68705,Santa Bárbara,Female,2016,1.4568558552419626
68720,Santa Helena Del Opón,Female,2016,1.0943407410048935
68745,Simacota,Female,2016,1.1473992151337162
68755,Socorro,Female,2016,1.3826565001791324
68770,Suaita,Female,2016,1.3185610256656248
68773,Sucre,Female,2016,1.2743095875609733
68780,Suratá,Female,2016,1.3028209341486099
68820,Tona,Female,2016,1.158794569937114
68855,Valle De San José,Female,2016,1.1732800433188326
68861,Vélez,Female,2016,1.475462631118628
68867,Vetas,Female,2016,1.2165519928992403
68872,Villanueva,Female,2016,1.2190321860032167
68895,Zapatoca,Female,2016,1.0524782364989052
70001,Sincelejo,Female,2016,1.2776721721228197
70110,Buenavista,Female,2016,1.120091105062973
70124,Caimito,Female,2016,1.1412027301489407
70204,Colosó,Female,2016,1.2694502372582306
70215,Corozal,Female,2016,1.188883842511169
70221,Coveñas,Female,2016,0.9081005015293471
70230,Chalán,Female,2016,1.3679579094431966
70233,El Roble,Female,2016,1.2797405136849218
70235,Galeras,Female,2016,1.016164964007011
70265,Guaranda,Female,2016,1.1011610326824903
70400,La Unión,Female,2016,1.2691946428477177
70418,Los Palmitos,Female,2016,1.1299004600432099
70429,Majagual,Female,2016,1.1716235360151923
70473,Morroa,Female,2016,1.1453601602642378
70508,Ovejas,Female,2016,1.2439949592030675
70523,Palmito,Female,2016,1.129193452824137
70670,Sampués,Female,2016,1.1942089526924609
70678,San Benito Abad,Female,2016,1.1789430231075824
70702,San Juan De Betulia,Female,2016,1.2909069905318404
70708,San Marcos,Female,2016,1.1901554264677858
70713,San Onofre,Female,2016,1.094871575282829
70717,San Pedro,Female,2016,1.1836187667953646
70742,San Luis De Sincé,Female,2016,1.243854792758897
70771,Sucre,Female,2016,1.1962188888061192
70820,Santiago De Tolú,Female,2016,0.9916214666818279
70823,San José De Toluviejo,Female,2016,1.1602299928292679
73001,Ibagué,Female,2016,1.3252904927075102
73024,Alpujarra,Female,2016,1.2140654330143292
73026,Alvarado,Female,2016,1.2756945287763366
73030,Ambalema,Female,2016,1.145723482080773
73043,Anzoátegui,Female,2016,1.1234866164969943
73055,Armero,Female,2016,1.1782919854361595
73067,Ataco,Female,2016,1.019547834617109
73124,Cajamarca,Female,2016,1.1965389864885165
73148,Carmen De Apicalá,Female,2016,1.1571178468512764
73152,Casabianca,Female,2016,1.052055670406733
73168,Chaparral,Female,2016,1.1683708765273781
73200,Coello,Female,2016,1.183364389445004
73217,Coyaima,Female,2016,1.1437501005509563
73226,Cunday,Female,2016,1.070086890993432
73236,Dolores,Female,2016,1.0998900601579897
73268,Espinal,Female,2016,1.3615944469688432
73270,Falan,Female,2016,1.1321608195846713
73275,Flandes,Female,2016,1.1616968027366505
73283,Fresno,Female,2016,1.2476985814268
73319,Guamo,Female,2016,1.3246891053078034
73347,Herveo,Female,2016,1.4119203142318537
73349,Honda,Female,2016,1.7369426061054052
73352,Icononzo,Female,2016,1.130167753524507
73408,Lérida,Female,2016,1.470612389872544
73411,Líbano,Female,2016,1.4092819651125854
73443,San Sebastián De Mariquita,Female,2016,1.1938467381401707
73449,Melgar,Female,2016,1.211054355605356
73461,Murillo,Female,2016,1.2389479768044156
73483,Natagaima,Female,2016,1.5796651357308031
73504,Ortega,Female,2016,1.082403559529647
73520,Palocabildo,Female,2016,1.0674662150741454
73547,Piedras,Female,2016,1.1740199504027613
73555,Planadas,Female,2016,0.9568177670134793
73563,Prado,Female,2016,1.197201941704016
73585,Purificación,Female,2016,1.242715441619609
73616,Rioblanco,Female,2016,0.902660083494278
73622,Roncesvalles,Female,2016,1.037735513907675
73624,Rovira,Female,2016,1.3940737526663467
73671,Saldaña,Female,2016,1.3397431809238656
73675,San Antonio,Female,2016,1.0380275911823205
73678,San Luis,Female,2016,1.2927552198606134
73686,Santa Isabel,Female,2016,1.1709550092415781
73770,Suárez,Female,2016,1.5586424281482307
73854,Valle De San Juan,Female,2016,1.125955009836535
73861,Venadillo,Female,2016,1.170361129911456
73870,Villahermosa,Female,2016,1.2393674277252211
73873,Villarrica,Female,2016,1.120762749039339
76001,Cali,Female,2016,1.345427449356783
76020,Alcalá,Female,2016,1.5607920786316283
76036,Andalucía,Female,2016,1.159930892963547
76041,Ansermanuevo,Female,2016,1.1403720663991208
76054,Argelia,Female,2016,0.9474871238270405
76100,Bolívar,Female,2016,0.9316383492631163
76109,Buenaventura,Female,2016,0.9145049731754734
76111,Guadalajara De Buga,Female,2016,1.2680244875926685
76113,Bugalagrande,Female,2016,1.2988668214775159
76122,Caicedonia,Female,2016,1.9322490505159866
76126,Calima,Female,2016,1.2597153076502468
76130,Candelaria,Female,2016,1.097966567362132
76147,Cartago,Female,2016,1.3927625505306682
76233,Dagua,Female,2016,1.0347051774652085
76243,El Águila,Female,2016,1.1260360968569016
76246,El Cairo,Female,2016,1.0018153514224026
76248,El Cerrito,Female,2016,1.111078861773492
76250,El Dovio,Female,2016,1.455242849271114
76275,Florida,Female,2016,1.111929246406277
76306,Ginebra,Female,2016,1.051992420389579
76318,Guacarí,Female,2016,1.2524370071042168
76364,Jamundí,Female,2016,1.1288598903842044
76377,La Cumbre,Female,2016,1.183304226961016
76400,La Unión,Female,2016,1.2839490184894464
76403,La Victoria,Female,2016,1.3818176357604897
76497,Obando,Female,2016,1.2601223553629997
76520,Palmira,Female,2016,1.2175591656237144
76563,Pradera,Female,2016,1.2102993172785237
76606,Restrepo,Female,2016,1.5706064401715456
76616,Riofrío,Female,2016,1.0019027467122024
76622,Roldanillo,Female,2016,1.2981567903894966
76670,San Pedro,Female,2016,1.0561431113898836
76736,Sevilla,Female,2016,1.2268432313825681
76823,Toro,Female,2016,1.315521154317996
76828,Trujillo,Female,2016,1.0142754640771108
76834,Tuluá,Female,2016,1.1540974651977476
76845,Ulloa,Female,2016,0.9697704927173997
76863,Versalles,Female,2016,1.1628554553974357
76869,Vijes,Female,2016,1.0421969591608753
76890,Yotoco,Female,2016,1.0601698023758586
76892,Yumbo,Female,2016,1.1916780655078398
76895,Zarzal,Female,2016,1.092360204708884
81001,Arauca,Female,2016,1.1409453462573012
81065,Arauquita,Female,2016,0.9612020947089321
81220,Cravo Norte,Female,2016,1.1610876739700344
81300,Fortul,Female,2016,1.2309254562998735
81591,Puerto Rondón,Female,2016,1.1914698967199793
81736,Saravena,Female,2016,1.2240713435366926
81794,Tame,Female,2016,1.6033592282653755
85001,Yopal,Female,2016,1.1007226309628395
85010,Aguazul,Female,2016,1.1083501711762922
85015,Chámeza,Female,2016,1.0536449096143023
85125,Hato Corozal,Female,2016,0.9845021488241935
85136,La Salina,Female,2016,0.8329397318788879
85139,Maní,Female,2016,0.9575716212000169
85162,Monterrey,Female,2016,1.066316403550686
85225,Nunchía,Female,2016,1.1618661172993232
85230,Orocué,Female,2016,0.8246568480792215
85250,Paz De Ariporo,Female,2016,1.0199501888633862
85263,Pore,Female,2016,1.0223128960836954
85279,Recetor,Female,2016,1.235837882118406
85300,Sabanalarga,Female,2016,1.1775304328107319
85315,Sácama,Female,2016,0.9418773588916773
85325,San Luis De Palenque,Female,2016,0.8829923857711928
85400,Támara,Female,2016,0.8868266893137978
85410,Tauramena,Female,2016,0.9301341720196531
85430,Trinidad,Female,2016,0.9718177132075354
85440,Villanueva,Female,2016,1.0197882814905306
86001,Mocoa,Female,2016,1.079158920473259
86219,Colón,Female,2016,1.247375087731507
86320,Orito,Female,2016,1.0421526673916155
86568,Puerto Asís,Female,2016,1.1867551822635802
86569,Puerto Caicedo,Female,2016,1.0264910797910347
86571,Puerto Guzmán,Female,2016,0.9214613144542555
86573,Puerto Leguízamo,Female,2016,0.813901116275667
86749,Sibundoy,Female,2016,1.2095087942066878
86755,San Francisco,Female,2016,1.0285561167291526
86757,San Miguel,Female,2016,1.032824381712085
86760,Santiago,Female,2016,1.1014933176871247
86865,Valle Del Guamuez,Female,2016,1.2321009232408933
86885,Villagarzón,Female,2016,0.9508351075431772
88001,San Andrés,Female,2016,1.2298484037419202
88564,Providencia,Female,2016,1.157294551404613
91001,Leticia,Female,2016,0.9472025067377177
91263,El Encanto,Female,2016,0.6798768898052004
91405,La Chorrera,Female,2016,0.5702335603995023
91407,La Pedrera,Female,2016,0.9528586071450967
91430,La Victoria,Female,2016,1.1677844362019774
91460,Mirití - Paraná,Female,2016,0.89566321541751
91530,Puerto Alegría,Female,2016,0.9546548855982798
91536,Puerto Arica,Female,2016,1.0384260333584512
91540,Puerto Nariño,Female,2016,0.8299996651376249
91669,Puerto Santander,Female,2016,0.7442182412848832
91798,Tarapacá,Female,2016,0.8797299126923614
94001,Inírida,Female,2016,0.9441146235367062
94343,Barrancominas,Female,2016,0.3823381931636274
94883,San Felipe,Female,2016,0.5856632116668485
94884,Puerto Colombia,Female,2016,0.5995879314529409
94885,La Guadalupe,Female,2016,0.36409451333482973
94886,Cacahual,Female,2016,0.5155473071270351
94887,Pana Pana,Female,2016,0.6272291398447949
94888,Morichal,Female,2016,0.5836957422984266
95001,San José Del Guaviare,Female,2016,0.9538687069370345
95015,Calamar,Female,2016,0.9316275579436144
95025,El Retorno,Female,2016,0.846505808763772
95200,Miraflores,Female,2016,0.8404337926893746
97001,Mitú,Female,2016,0.6793616003385335
97161,Carurú,Female,2016,0.8000066259142938
97511,Pacoa,Female,2016,0.48281092239884943
97666,Taraira,Female,2016,0.7072676916697068
97777,Papunahua,Female,2016,0.7009798633969473
97889,Yavaraté,Female,2016,0.4938325498288898
99001,Puerto Carreño,Female,2016,1.092173044417625
99524,La Primavera,Female,2016,1.1665494675683457
99624,Santa Rosalía,Female,2016,0.8810857640133722
99773,Cumaribo,Female,2016,0.7923416592161517
5001,Medellín,Male,2016,3.454368996015858
5002,Abejorral,Male,2016,4.217222337704394
5004,Abriaquí,Male,2016,3.6475722178800725
5021,Alejandría,Male,2016,3.1105914642024945
5030,Amagá,Male,2016,3.616099722427575
5031,Amalfi,Male,2016,3.127719828668889
5034,Andes,Male,2016,4.170498078244107
5036,Angelópolis,Male,2016,4.984346166992407
5038,Angostura,Male,2016,3.5501009679045343
5040,Anorí,Male,2016,3.0904350513495857
5042,Santa Fé De Antioquia,Male,2016,4.596494259568469
5044,Anzá,Male,2016,3.5667766804898284
5045,Apartadó,Male,2016,3.4899108871200704
5051,Arboletes,Male,2016,2.799744737567054
5055,Argelia,Male,2016,3.243812120051807
5059,Armenia,Male,2016,4.446719704339948
5079,Barbosa,Male,2016,3.8082619603348005
5086,Belmira,Male,2016,3.728001558210999
5088,Bello,Male,2016,3.245512155364731
5091,Betania,Male,2016,3.8586712184865433
5093,Betulia,Male,2016,3.904727727257206
5101,Ciudad Bolívar,Male,2016,4.250498630150631
5107,Briceño,Male,2016,4.583378224563806
5113,Buriticá,Male,2016,3.362626005888765
5120,Cáceres,Male,2016,2.7494939856860405
5125,Caicedo,Male,2016,3.5162334281061454
5129,Caldas,Male,2016,3.9039833169078784
5134,Campamento,Male,2016,3.2235456888095517
5138,Cañasgordas,Male,2016,3.408078487509904
5142,Caracolí,Male,2016,3.8356446986893653
5145,Caramanta,Male,2016,4.1645107046082
5147,Carepa,Male,2016,2.8645372082356406
5148,El Carmen De Viboral,Male,2016,2.8861662961070746
5150,Carolina,Male,2016,4.636068510221434
5154,Caucasia,Male,2016,3.0803229257643916
5172,Chigorodó,Male,2016,3.616565805306868
5190,Cisneros,Male,2016,4.855117152868062
5197,Cocorná,Male,2016,3.2151697107904917
5206,Concepción,Male,2016,3.7706512406105253
5209,Concordia,Male,2016,4.040142909947556
5212,Copacabana,Male,2016,3.7247668299080354
5234,Dabeiba,Male,2016,2.397902531286031
5237,Donmatías,Male,2016,2.9858302708438993
5240,Ebéjico,Male,2016,4.457498630401273
5250,El Bagre,Male,2016,3.1572986716034492
5264,Entrerríos,Male,2016,3.1328812894670786
5266,Envigado,Male,2016,4.480903513679116
5282,Fredonia,Male,2016,4.304575280102431
5284,Frontino,Male,2016,2.5583690257683953
5306,Giraldo,Male,2016,2.888610761058653
5308,Girardota,Male,2016,3.521401530454441
5310,Gómez Plata,Male,2016,3.881916926829043
5313,Granada,Male,2016,2.7945703463271823
5315,Guadalupe,Male,2016,3.577488545589898
5318,Guarne,Male,2016,3.5188996780487236
5321,Guatapé,Male,2016,3.11547276965788
5347,Heliconia,Male,2016,4.9646650729702175
5353,Hispania,Male,2016,3.6344652658408223
5360,Itagüí,Male,2016,3.727892988741021
5361,Ituango,Male,2016,6.107194081315716
5364,Jardín,Male,2016,3.87682770982505
5368,Jericó,Male,2016,3.984957477036239
5376,La Ceja,Male,2016,3.2872571720535353
5380,La Estrella,Male,2016,3.6998320394149116
5390,La Pintada,Male,2016,5.949988000895539
5400,La Unión,Male,2016,3.23672606894095
5411,Liborina,Male,2016,3.8092115732077225
5425,Maceo,Male,2016,3.0202286535597085
5440,Marinilla,Male,2016,2.81493088388902
5467,Montebello,Male,2016,4.352268287688039
5475,Murindó,Male,2016,1.9472296130348448
5480,Mutatá,Male,2016,6.488281348101695
5483,Nariño,Male,2016,3.481349369164537
5490,Necoclí,Male,2016,2.631392041659613
5495,Nechí,Male,2016,2.6765738320269747
5501,Olaya,Male,2016,3.3128940652598375
5541,Peñol,Male,2016,3.309984446374046
5543,Peque,Male,2016,3.0498779306503985
5576,Pueblorrico,Male,2016,3.6128112346886136
5579,Puerto Berrío,Male,2016,5.584399769982867
5585,Puerto Nare,Male,2016,3.341770483343626
5591,Puerto Triunfo,Male,2016,3.9583516803307015
5604,Remedios,Male,2016,2.733380319759554
5607,Retiro,Male,2016,3.579058292313145
5615,Rionegro,Male,2016,3.565327267436618
5628,Sabanalarga,Male,2016,3.1959798055903783
5631,Sabaneta,Male,2016,4.21309570307793
5642,Salgar,Male,2016,3.9792422504873937
5647,San Andrés De Cuerquía,Male,2016,3.8780216840899655
5649,San Carlos,Male,2016,3.035209244616934
5652,San Francisco,Male,2016,2.744979985169582
5656,San Jerónimo,Male,2016,3.470304168750041
5658,San José De La Montaña,Male,2016,3.9228668425322093
5659,San Juan De Urabá,Male,2016,2.5376428735831538
5660,San Luis,Male,2016,3.015504282678431
5664,San Pedro De Los Milagros,Male,2016,4.0700688723590694
5665,San Pedro De Urabá,Male,2016,3.0226712241317992
5667,San Rafael,Male,2016,3.5447284338248757
5670,San Roque,Male,2016,3.4318073612290925
5674,San Vicente Ferrer,Male,2016,3.56362290273974
5679,Santa Bárbara,Male,2016,3.916689513685136
5686,Santa Rosa De Osos,Male,2016,3.04041239995918
5690,Santo Domingo,Male,2016,4.056148947482747
5697,El Santuario,Male,2016,2.3784404163805832
5736,Segovia,Male,2016,4.75306681124673
5756,Sonsón,Male,2016,3.457173696759248
5761,Sopetrán,Male,2016,4.527991683012812
5789,Támesis,Male,2016,4.409514573867
5790,Tarazá,Male,2016,5.8051135952795265
5792,Tarso,Male,2016,3.926641323457481
5809,Titiribí,Male,2016,4.037015461661649
5819,Toledo,Male,2016,4.672583436183647
5837,Turbo,Male,2016,3.74518146817479
5842,Uramita,Male,2016,3.2034723077684117
5847,Urrao,Male,2016,3.3019772319357523
5854,Valdivia,Male,2016,6.181807943631717
5856,Valparaíso,Male,2016,4.377969860367425
5858,Vegachí,Male,2016,3.228486158261009
5861,Venecia,Male,2016,4.980764831086067
5873,Vigía Del Fuerte,Male,2016,2.0428194223479736
5885,Yalí,Male,2016,3.516449259026191
5887,Yarumal,Male,2016,3.3271495154486144
5890,Yolombó,Male,2016,3.5910830651135988
5893,Yondó,Male,2016,2.69024020772028
5895,Zaragoza,Male,2016,2.7318279218761634
8001,Barranquilla,Male,2016,3.6392001202499378
8078,Baranoa,Male,2016,3.128379407144571
8137,Campo De La Cruz,Male,2016,3.4234397441208033
8141,Candelaria,Male,2016,3.10966686211007
8296,Galapa,Male,2016,2.4415900034161844
8372,Juan De Acosta,Male,2016,3.3839464879554595
8421,Luruaco,Male,2016,3.268612077592543
8433,Malambo,Male,2016,2.6083100500328613
8436,Manatí,Male,2016,2.649398420184125
8520,Palmar De Varela,Male,2016,3.1744194098217826
8549,Piojó,Male,2016,3.7612023593504906
8558,Polonuevo,Male,2016,2.9438836399996653
8560,Ponedera,Male,2016,3.024540397559349
8573,Puerto Colombia,Male,2016,2.727068677363595
8606,Repelón,Male,2016,3.1541777940299767
8634,Sabanagrande,Male,2016,2.932567743157696
8638,Sabanalarga,Male,2016,2.8854582871018355
8675,Santa Lucía,Male,2016,2.7530816109963436
8685,Santo Tomás,Male,2016,3.026360088619586
8758,Soledad,Male,2016,2.50912032443931
8770,Suan,Male,2016,2.860385807661331
8832,Tubará,Male,2016,3.3997342285930836
8849,Usiacurí,Male,2016,3.3731196885410437
11001,"Bogotá, D.C.",Male,2016,3.280915536928696
13001,Cartagena De Indias,Male,2016,2.985535835062525
13006,Achí,Male,2016,3.4921548939899107
13030,Altos Del Rosario,Male,2016,3.062485968777366
13042,Arenal,Male,2016,3.5803029593622924
13052,Arjona,Male,2016,3.3317095664178815
13062,Arroyohondo,Male,2016,3.8300871253711306
13074,Barranco De Loba,Male,2016,3.019017019694135
13140,Calamar,Male,2016,3.558319467497339
13160,Cantagallo,Male,2016,3.415633438462041
13188,Cicuco,Male,2016,3.080523954829175
13212,Córdoba,Male,2016,3.9742235214124193
13222,Clemencia,Male,2016,3.4667661579480824
13244,El Carmen De Bolívar,Male,2016,3.6616662716687265
13248,El Guamo,Male,2016,4.5662675192472335
13268,El Peñón,Male,2016,3.1125851686510337
13300,Hatillo De Loba,Male,2016,3.2056195989196192
13430,Magangué,Male,2016,3.212179071726837
13433,Mahates,Male,2016,3.554036147722119
13440,Margarita,Male,2016,3.772414639086322
13442,María La Baja,Male,2016,3.1255102538408366
13458,Montecristo,Male,2016,3.608660088498683
13468,Mompós,Male,2016,2.9927311984688583
13473,Morales,Male,2016,3.299934342957562
13490,Norosí,Male,2016,1.4331495263913023
13549,Pinillos,Male,2016,3.2577116396252808
13580,Regidor,Male,2016,2.7117825245465186
13600,Río Viejo,Male,2016,3.563663668272279
13620,San Cristóbal,Male,2016,3.3689783415036683
13647,San Estanislao,Male,2016,3.473047811128962
13650,San Fernando,Male,2016,3.164562898953255
13654,San Jacinto,Male,2016,3.9673160997597283
13655,San Jacinto Del Cauca,Male,2016,3.6560762291013473
13657,San Juan Nepomuceno,Male,2016,4.19644125862494
13667,San Martín De Loba,Male,2016,2.975796206869522
13670,San Pablo,Male,2016,3.4547686930551573
13673,Santa Catalina,Male,2016,3.2811808483607576
13683,Santa Rosa,Male,2016,3.4571407622657606
13688,Santa Rosa Del Sur,Male,2016,2.9705113189595784
13744,Simití,Male,2016,3.4801791674840703
13760,Soplaviento,Male,2016,3.4949120536138514
13780,Talaigua Nuevo,Male,2016,2.8294638321533294
13810,Tiquisio,Male,2016,2.940168952859993
13836,Turbaco,Male,2016,2.8416151767915663
13838,Turbaná,Male,2016,3.5805077014088993
13873,Villanueva,Male,2016,3.3987553351491746
13894,Zambrano,Male,2016,3.8034507081099673
15001,Tunja,Male,2016,3.1422327889752655
15022,Almeida,Male,2016,5.807436056109368
15047,Aquitania,Male,2016,3.301362135304429
15051,Arcabuco,Male,2016,3.021385146298262
15087,Belén,Male,2016,3.340805913634673
15090,Berbeo,Male,2016,4.1342171511333605
15092,Betéitiva,Male,2016,4.309033719344586
15097,Boavita,Male,2016,3.9495135406665827
15104,Boyacá,Male,2016,5.107864658117987
15106,Briceño,Male,2016,4.34262411674555
15109,Buenavista,Male,2016,4.404249967143654
15114,Busbanzá,Male,2016,3.398446299124385
15131,Caldas,Male,2016,3.8907494548758015
15135,Campohermoso,Male,2016,3.6713109861741136
15162,Cerinza,Male,2016,3.859608665239272
15172,Chinavita,Male,2016,4.62635783239586
15176,Chiquinquirá,Male,2016,3.3153340565534863
15180,Chiscas,Male,2016,4.4901493188385055
15183,Chita,Male,2016,3.3237738578835185
15185,Chitaraque,Male,2016,6.4554042811030214
15187,Chivatá,Male,2016,2.9085555678653483
15189,Ciénega,Male,2016,3.390390668102613
15204,Cómbita,Male,2016,7.753327924900411
15212,Coper,Male,2016,4.061637300206206
15215,Corrales,Male,2016,3.8631261894810995
15218,Covarachía,Male,2016,4.389655085796054
15223,Cubará,Male,2016,2.2193204514327087
15224,Cucaita,Male,2016,3.741867856825997
15226,Cuítiva,Male,2016,3.231138074248432
15232,Chíquiza,Male,2016,3.783537749966702
15236,Chivor,Male,2016,4.431848454614249
15238,Duitama,Male,2016,3.233418850827898
15244,El Cocuy,Male,2016,4.414044277217025
15248,El Espino,Male,2016,3.7748913991923865
15272,Firavitoba,Male,2016,3.0774338286829965
15276,Floresta,Male,2016,3.9828868192705316
15293,Gachantivá,Male,2016,4.3127250577443705
15296,Gámeza,Male,2016,3.3173431433451634
15299,Garagoa,Male,2016,3.3741700224387365
15317,Guacamayas,Male,2016,2.7876278266889427
15322,Guateque,Male,2016,4.07494761647109
15325,Guayatá,Male,2016,4.8936105564385635
15332,Güicán De La Sierra,Male,2016,2.9576529284376734
15362,Iza,Male,2016,3.066299114975367
15367,Jenesano,Male,2016,4.371162494987502
15368,Jericó,Male,2016,4.469151079540709
15377,Labranzagrande,Male,2016,5.958124367982127
15380,La Capilla,Male,2016,3.7155604735178236
15401,La Victoria,Male,2016,4.444495494086627
15403,La Uvita,Male,2016,4.4960447159187185
15407,Villa De Leyva,Male,2016,3.0801440013591175
15425,Macanal,Male,2016,3.6868366365185623
15442,Maripí,Male,2016,5.3807594248483035
15455,Miraflores,Male,2016,3.6074546388218875
15464,Mongua,Male,2016,3.207554342641667
15466,Monguí,Male,2016,2.8946287057440654
15469,Moniquirá,Male,2016,3.831775994506346
15476,Motavita,Male,2016,3.1624869890853224
15480,Muzo,Male,2016,4.53651993304314
15491,Nobsa,Male,2016,2.7597577330635774
15494,Nuevo Colón,Male,2016,4.184348567788747
15500,Oicatá,Male,2016,2.9967834363917887
15507,Otanche,Male,2016,3.811493961070234
15511,Pachavita,Male,2016,4.77708981092833
15514,Páez,Male,2016,3.75297461857695
15516,Paipa,Male,2016,3.0478391337906876
15518,Pajarito,Male,2016,3.055082312013803
15522,Panqueba,Male,2016,3.4654785419925704
15531,Pauna,Male,2016,4.593354483444746
15533,Paya,Male,2016,3.716969565877999
15537,Paz De Río,Male,2016,3.177169814780437
15542,Pesca,Male,2016,3.0110371477622513
15550,Pisba,Male,2016,3.4820701622829913
15572,Puerto Boyacá,Male,2016,3.79087873296946
15580,Quípama,Male,2016,5.75623236906182
15599,Ramiriquí,Male,2016,3.7298470517156224
15600,Ráquira,Male,2016,3.6131711484857836
15621,Rondón,Male,2016,3.6725770389947736
15632,Saboyá,Male,2016,3.1966722716048057
15638,Sáchica,Male,2016,2.7718472868485806
15646,Samacá,Male,2016,3.600266818313251
15660,San Eduardo,Male,2016,4.521233320450183
15664,San José De Pare,Male,2016,4.727221878549976
15667,San Luis De Gaceno,Male,2016,3.753236162381356
15673,San Mateo,Male,2016,4.715511874497081
15676,San Miguel De Sema,Male,2016,3.13762211875197
15681,San Pablo De Borbur,Male,2016,4.393112471434015
15686,Santana,Male,2016,5.372530571640992
15690,Santa María,Male,2016,3.807012920846669
15693,Santa Rosa De Viterbo,Male,2016,3.7417440791096928
15696,Santa Sofía,Male,2016,3.1947290339465195
15720,Sativanorte,Male,2016,5.239974469853902
15723,Sativasur,Male,2016,3.4676950285814665
15740,Siachoque,Male,2016,3.177963798998817
15753,Soatá,Male,2016,3.1361025739291892
15755,Socotá,Male,2016,3.7088329691888844
15757,Socha,Male,2016,3.0418431566284747
15759,Sogamoso,Male,2016,3.2738971964125034
15761,Somondoco,Male,2016,5.824199268525175
15762,Sora,Male,2016,3.7805301141915297
15763,Sotaquirá,Male,2016,3.2655084869913273
15764,Soracá,Male,2016,3.1280665614489678
15774,Susacón,Male,2016,4.217868280736431
15776,Sutamarchán,Male,2016,3.4688048567138727
15778,Sutatenza,Male,2016,4.4417501312083525
15790,Tasco,Male,2016,3.1889653082341645
15798,Tenza,Male,2016,4.843143801224901
15804,Tibaná,Male,2016,3.8646682128434025
15806,Tibasosa,Male,2016,2.817628474708823
15808,Tinjacá,Male,2016,3.478024129861983
15810,Tipacoque,Male,2016,3.7565569165333037
15814,Toca,Male,2016,2.8631787190238933
15816,Togüí,Male,2016,3.8421326780540355
15820,Tópaga,Male,2016,2.865860472517367
15822,Tota,Male,2016,3.323127117092099
15832,Tununguá,Male,2016,3.597882102304704
15835,Turmequé,Male,2016,4.1852459153313175
15837,Tuta,Male,2016,2.916198047808012
15839,Tutazá,Male,2016,3.036330621921782
15842,Úmbita,Male,2016,4.03675453383866
15861,Ventaquemada,Male,2016,2.864903822954364
15879,Viracachá,Male,2016,4.776980228604501
15897,Zetaquira,Male,2016,4.1326571789627495
17001,Manizales,Male,2016,3.7258252268231793
17013,Aguadas,Male,2016,3.960493503843323
17042,Anserma,Male,2016,4.264838801815042
17050,Aranzazu,Male,2016,3.8398733779057705
17088,Belalcázar,Male,2016,3.669776031016795
17174,Chinchiná,Male,2016,4.499355422367266
17272,Filadelfia,Male,2016,4.254475042967754
17380,La Dorada,Male,2016,4.173988155070184
17388,La Merced,Male,2016,4.399050963731253
17433,Manzanares,Male,2016,3.9997080982815807
17442,Marmato,Male,2016,4.772030180633925
17444,Marquetalia,Male,2016,3.779623908303674
17446,Marulanda,Male,2016,3.717713942052709
17486,Neira,Male,2016,4.18310026463777
17495,Norcasia,Male,2016,3.411221871242398
17513,Pácora,Male,2016,4.79842174801633
17524,Palestina,Male,2016,3.860758404034459
17541,Pensilvania,Male,2016,3.8532220616837907
17614,Riosucio,Male,2016,3.8193530077455193
17616,Risaralda,Male,2016,4.618923892846373
17653,Salamina,Male,2016,4.365323125204567
17662,Samaná,Male,2016,3.6697195410834875
17665,San José,Male,2016,4.2335077587346905
17777,Supía,Male,2016,3.627132944190254
17867,Victoria,Male,2016,3.5772924271521656
17873,Villamaría,Male,2016,3.706387590806964
17877,Viterbo,Male,2016,3.854893090764802
18001,Florencia,Male,2016,3.5532614120309862
18029,Albania,Male,2016,2.779996211611197
18094,Belén De Los Andaquíes,Male,2016,2.673508655967195
18150,Cartagena Del Chairá,Male,2016,2.934784845165333
18205,Curillo,Male,2016,3.046951524218797
18247,El Doncello,Male,2016,2.801664733248907
18256,El Paujíl,Male,2016,2.640274844750322
18410,La Montañita,Male,2016,2.9633206879925664
18460,Milán,Male,2016,2.4266124384374246
18479,Morelia,Male,2016,3.0064837561533917
18592,Puerto Rico,Male,2016,2.7870936346156814
18610,San José Del Fragua,Male,2016,3.5412637117082553
18753,San Vicente Del Caguán,Male,2016,3.174964632371967
18756,Solano,Male,2016,2.950560365284917
18785,Solita,Male,2016,2.949804095752478
18860,Valparaíso,Male,2016,2.826815921463223
19001,Popayán,Male,2016,3.3022300115285916
19022,Almaguer,Male,2016,4.748789250089739
19050,Argelia,Male,2016,4.083511483399964
19075,Balboa,Male,2016,3.803030423352029
19100,Bolívar,Male,2016,4.789385363640944
19110,Buenos Aires,Male,2016,2.841076849760607
19130,Cajibío,Male,2016,3.686992667999449
19137,Caldono,Male,2016,2.733714143920642
19142,Caloto,Male,2016,2.8732906895805317
19212,Corinto,Male,2016,4.812948769494665
19256,El Tambo,Male,2016,3.985155967618316
19290,Florencia,Male,2016,3.634690515870063
19300,Guachené,Male,2016,1.2217825177939072
19318,Guapi,Male,2016,2.442977586563264
19355,Inzá,Male,2016,2.97420765663042
19364,Jambaló,Male,2016,2.562547229439554
19392,La Sierra,Male,2016,4.724573790497758
19397,La Vega,Male,2016,4.434214884745618
19418,López De Micay,Male,2016,2.673440816829043
19450,Mercaderes,Male,2016,4.322328341165153
19455,Miranda,Male,2016,3.0566914204926796
19473,Morales,Male,2016,3.0171617628967886
19513,Padilla,Male,2016,2.8091494369948466
19517,Páez,Male,2016,2.7108917662045418
19532,Patía,Male,2016,3.713885623376003
19533,Piamonte,Male,2016,2.659650182869161
19548,Piendamó - Tunía,Male,2016,3.2089804154842545
19573,Puerto Tejada,Male,2016,4.421990073842134
19585,Puracé,Male,2016,3.0723447018280132
19622,Rosas,Male,2016,4.5902064991322185
19693,San Sebastián,Male,2016,4.572943152082514
19698,Santander De Quilichao,Male,2016,2.9251770343125956
19701,Santa Rosa,Male,2016,4.154433375509652
19743,Silvia,Male,2016,2.8536642393905662
19760,Sotará - Paispamba,Male,2016,3.524870139511213
19780,Suárez,Male,2016,3.0574711295080124
19785,Sucre,Male,2016,5.154891102599563
19807,Timbío,Male,2016,3.7818592895287773
19809,Timbiquí,Male,2016,2.4851816968201708
19821,Toribío,Male,2016,2.798741457827307
19824,Totoró,Male,2016,2.9433219469799594
19845,Villa Rica,Male,2016,2.756486549964587
20001,Valledupar,Male,2016,2.7281781346178926
20011,Aguachica,Male,2016,2.823123168546287
20013,Agustín Codazzi,Male,2016,2.837918978093287
20032,Astrea,Male,2016,2.7190377796245806
20045,Becerril,Male,2016,2.345231982555937
20060,Bosconia,Male,2016,2.569272259486614
20175,Chimichagua,Male,2016,2.527328321694862
20178,Chiriguaná,Male,2016,2.8203300686622903
20228,Curumaní,Male,2016,2.6274528721813932
20238,El Copey,Male,2016,2.6951652366772323
20250,El Paso,Male,2016,2.248677962467025
20295,Gamarra,Male,2016,3.4131652224578186
20310,González,Male,2016,4.048581883287672
20383,La Gloria,Male,2016,3.0537476411830777
20400,La Jagua De Ibirico,Male,2016,2.1922309624290097
20443,Manaure Balcón Del Cesar,Male,2016,2.987283138128838
20517,Pailitas,Male,2016,2.867437532756301
20550,Pelaya,Male,2016,2.8463730110050363
20570,Pueblo Bello,Male,2016,2.23670031851622
20614,Río De Oro,Male,2016,3.842074040746162
20621,La Paz,Male,2016,2.606731293027482
20710,San Alberto,Male,2016,2.7968746126424793
20750,San Diego,Male,2016,2.732230223702879
20770,San Martín,Male,2016,2.994216153909571
20787,Tamalameque,Male,2016,2.5258022437692325
23001,Montería,Male,2016,2.9796250517167167
23068,Ayapel,Male,2016,3.114931083240692
23079,Buenavista,Male,2016,3.3061841737262228
23090,Canalete,Male,2016,3.727126996210351
23162,Cereté,Male,2016,3.4609712347961983
23168,Chimá,Male,2016,4.563854119977168
23182,Chinú,Male,2016,4.079575724464013
23189,Ciénaga De Oro,Male,2016,3.9077137572602716
23300,Cotorra,Male,2016,3.6681717593178353
23350,La Apartada,Male,2016,3.187631144623791
23417,Lorica,Male,2016,3.3495032025971048
23419,Los Córdobas,Male,2016,3.4859924656006096
23464,Momil,Male,2016,3.4920790643444826
23466,Montelíbano,Male,2016,2.6499715467942515
23500,Moñitos,Male,2016,3.4190705452485184
23555,Planeta Rica,Male,2016,3.1502506563530486
23570,Pueblo Nuevo,Male,2016,3.456674223481408
23574,Puerto Escondido,Male,2016,3.8354144567198576
23580,Puerto Libertador,Male,2016,2.964413504971074
23586,Purísima De La Concepción,Male,2016,3.629008973037048
23660,Sahagún,Male,2016,3.496710934781624
23670,San Andrés De Sotavento,Male,2016,3.6850511025391235
23672,San Antero,Male,2016,3.0624480561261
23675,San Bernardo Del Viento,Male,2016,3.437882409714652
23678,San Carlos,Male,2016,3.895559311475961
23682,San José De Uré,Male,2016,1.2042579439816652
23686,San Pelayo,Male,2016,4.077605675711198
23807,Tierralta,Male,2016,2.926178834725094
23815,Tuchín,Male,2016,1.4263553457527374
23855,Valencia,Male,2016,3.220179944469878
25001,Agua De Dios,Male,2016,4.394463870316659
25019,Albán,Male,2016,3.4124602155376484
25035,Anapoima,Male,2016,3.5648598943918515
25040,Anolaima,Male,2016,4.08421188019946
25053,Arbeláez,Male,2016,3.4644767246410564
25086,Beltrán,Male,2016,3.986603114375648
25095,Bituima,Male,2016,4.175429060858979
25099,Bojacá,Male,2016,3.2081120252130586
25120,Cabrera,Male,2016,3.4714179357518566
25123,Cachipay,Male,2016,3.987274130154573
25126,Cajicá,Male,2016,2.8462430502897473
25148,Caparrapí,Male,2016,4.722673201702102
25151,Cáqueza,Male,2016,3.796361668169148
25154,Carmen De Carupa,Male,2016,3.834901128102313
25168,Chaguaní,Male,2016,5.78214771618141
25175,Chía,Male,2016,3.6494663681534747
25178,Chipaque,Male,2016,3.3479976255695516
25181,Choachí,Male,2016,3.5382261136161914
25183,Chocontá,Male,2016,4.199556127734747
25200,Cogua,Male,2016,3.099325341881614
25214,Cota,Male,2016,2.7881560704223207
25224,Cucunubá,Male,2016,3.083126241168631
25245,El Colegio,Male,2016,3.9376455920841607
25258,El Peñón,Male,2016,4.251756613013045
25260,El Rosal,Male,2016,2.6205929978962677
25269,Facatativá,Male,2016,3.6363046906941516
25279,Fómeque,Male,2016,3.5001659271284264
25281,Fosca,Male,2016,3.695599327188829
25286,Funza,Male,2016,3.063137555016849
25288,Fúquene,Male,2016,3.0971143288972005
25290,Fusagasugá,Male,2016,4.095951833289538
25293,Gachalá,Male,2016,4.84769215919109
25295,Gachancipá,Male,2016,2.8677914824455923
25297,Gachetá,Male,2016,5.356875025855893
25299,Gama,Male,2016,4.006735265388551
25307,Girardot,Male,2016,6.393901582316191
25312,Granada,Male,2016,3.394009941582094
25317,Guachetá,Male,2016,2.969820273643767
25320,Guaduas,Male,2016,5.704457604270181
25322,Guasca,Male,2016,2.992467747095078
25324,Guataquí,Male,2016,4.226424097697983
25326,Guatavita,Male,2016,5.264807318408281
25328,Guayabal De Síquima,Male,2016,3.860642283786818
25335,Guayabetal,Male,2016,2.892003813836808
25339,Gutiérrez,Male,2016,3.6673102622857834
25368,Jerusalén,Male,2016,4.571441858710106
25372,Junín,Male,2016,5.1326520119812145
25377,La Calera,Male,2016,3.6092601337154773
25386,La Mesa,Male,2016,4.611236325329884
25394,La Palma,Male,2016,4.795932261923404
25398,La Peña,Male,2016,5.734664075494535
25402,La Vega,Male,2016,3.6341705501026182
25407,Lenguazaque,Male,2016,3.181199881879883
25426,Machetá,Male,2016,4.942135280796811
25430,Madrid,Male,2016,2.792914325228575
25436,Manta,Male,2016,5.02952051738284
25438,Medina,Male,2016,3.3274018045975575
25473,Mosquera,Male,2016,2.8193878486423842
25483,Nariño,Male,2016,5.008968615854411
25486,Nemocón,Male,2016,3.036891135264067
25488,Nilo,Male,2016,4.535278017189
25489,Nimaima,Male,2016,4.7988072153904655
25491,Nocaima,Male,2016,4.026298299371294
25506,Venecia,Male,2016,3.9930458659307395
25513,Pacho,Male,2016,4.2465709520995985
25518,Paime,Male,2016,4.5998538033729535
25524,Pandi,Male,2016,3.791863775568506
25530,Paratebueno,Male,2016,4.823221157828165
25535,Pasca,Male,2016,3.5879558469384745
25572,Puerto Salgar,Male,2016,3.856332041375183
25580,Pulí,Male,2016,4.076564470674668
25592,Quebradanegra,Male,2016,4.46463960936858
25594,Quetame,Male,2016,4.121416720797876
25596,Quipile,Male,2016,4.863581582156871
25599,Apulo,Male,2016,3.5759475219195336
25612,Ricaurte,Male,2016,3.185176931367037
25645,San Antonio Del Tequendama,Male,2016,3.6071981933977466
25649,San Bernardo,Male,2016,3.60501005766916
25653,San Cayetano,Male,2016,3.988772450062386
25658,San Francisco,Male,2016,3.13322839735571
25662,San Juan De Rioseco,Male,2016,4.542336997503985
25718,Sasaima,Male,2016,3.8842342755729193
25736,Sesquilé,Male,2016,3.3433044212798606
25740,Sibaté,Male,2016,3.3817493343784855
25743,Silvania,Male,2016,3.53901231933948
25745,Simijaca,Male,2016,2.9496077341548
25754,Soacha,Male,2016,2.723333815501567
25758,Sopó,Male,2016,3.7211613241586923
25769,Subachoque,Male,2016,3.06530603445592
25772,Suesca,Male,2016,3.036283373629514
25777,Supatá,Male,2016,3.689431224445401
25779,Susa,Male,2016,3.2552948204589813
25781,Sutatausa,Male,2016,3.2665440517045687
25785,Tabio,Male,2016,3.231596442137926
25793,Tausa,Male,2016,2.8145815743346425
25797,Tena,Male,2016,3.37462731329818
25799,Tenjo,Male,2016,3.724824397819164
25805,Tibacuy,Male,2016,3.6387543601759185
25807,Tibirita,Male,2016,6.060744895932292
25815,Tocaima,Male,2016,4.155152034466202
25817,Tocancipá,Male,2016,2.7727863795800936
25823,Topaipí,Male,2016,4.939375935697977
25839,Ubalá,Male,2016,4.191845372700109
25841,Ubaque,Male,2016,3.961835676320282
25843,Villa De San Diego De Ubaté,Male,2016,3.8715392064301435
25845,Une,Male,2016,3.865566433400642
25851,Útica,Male,2016,4.965851185803059
25862,Vergara,Male,2016,5.2483381799602675
25867,Vianí,Male,2016,3.931713610708668
25871,Villagómez,Male,2016,3.823294017430889
25873,Villapinzón,Male,2016,3.063349334275774
25875,Villeta,Male,2016,4.313753829444507
25878,Viotá,Male,2016,4.081751760886273
25885,Yacopí,Male,2016,4.827818482943327
25898,Zipacón,Male,2016,3.1015753349062125
25899,Zipaquirá,Male,2016,3.419231728034908
27001,Quibdó,Male,2016,3.019244194439484
27006,Acandí,Male,2016,2.664623552223105
27025,Alto Baudó,Male,2016,2.615670956677544
27050,Atrato,Male,2016,2.812263247817331
27073,Bagadó,Male,2016,2.2318126200072053
27075,Bahía Solano,Male,2016,2.4537547287063632
27077,Bajo Baudó,Male,2016,2.4634478919609157
27099,Bojayá,Male,2016,2.0762023941143206
27135,El Cantón Del San Pablo,Male,2016,2.4276422305673906
27150,Carmen Del Darién,Male,2016,2.5204430143124057
27160,Cértegui,Male,2016,2.6258628501225374
27205,Condoto,Male,2016,2.539742485332284
27245,El Carmen De Atrato,Male,2016,2.973135048774168
27250,El Litoral Del San Juan,Male,2016,2.461086633077166
27361,Istmina,Male,2016,2.575800130693693
27372,Juradó,Male,2016,2.475109475595932
27413,Lloró,Male,2016,2.052466545363203
27425,Medio Atrato,Male,2016,3.527025988998542
27430,Medio Baudó,Male,2016,2.589538782180221
27450,Medio San Juan,Male,2016,2.4334807985212286
27491,Nóvita,Male,2016,2.7678540734428823
27495,Nuquí,Male,2016,2.4043753343423018
27580,Río Iró,Male,2016,2.1925609677151114
27600,Río Quito,Male,2016,2.8778525313812673
27615,Riosucio,Male,2016,4.402061517644293
27660,San José Del Palmar,Male,2016,3.08268939855776
27745,Sipí,Male,2016,2.7398393220994834
27787,Tadó,Male,2016,3.2301278022954767
27800,Unguía,Male,2016,2.7459619114292986
27810,Unión Panamericana,Male,2016,3.0806473007124686
41001,Neiva,Male,2016,3.388073120572095
41006,Acevedo,Male,2016,4.616522745108535
41013,Agrado,Male,2016,3.1737008761596184
41016,Aipe,Male,2016,3.1795912245202556
41020,Algeciras,Male,2016,3.408102252373223
41026,Altamira,Male,2016,3.219026250159579
41078,Baraya,Male,2016,4.089641993865656
41132,Campoalegre,Male,2016,4.027150141219675
41206,Colombia,Male,2016,3.8519953868944623
41244,Elías,Male,2016,3.0664167700017617
41298,Garzón,Male,2016,3.118909579776037
41306,Gigante,Male,2016,3.442774593076264
41319,Guadalupe,Male,2016,3.152339170354598
41349,Hobo,Male,2016,3.866629851161168
41357,Íquira,Male,2016,3.1189856165405447
41359,Isnos,Male,2016,4.06007237419503
41378,La Argentina,Male,2016,3.3066996251279144
41396,La Plata,Male,2016,3.0834209316896346
41483,Nátaga,Male,2016,2.9927806605061917
41503,Oporapa,Male,2016,3.1553046363673016
41518,Paicol,Male,2016,2.7528841629035097
41524,Palermo,Male,2016,3.09709747310085
41530,Palestina,Male,2016,3.329607688957512
41548,Pital,Male,2016,2.8869460663381727
41551,Pitalito,Male,2016,4.027342970541247
41615,Rivera,Male,2016,3.4929306613755173
41660,Saladoblanco,Male,2016,3.358926678433804
41668,San Agustín,Male,2016,3.2075068370133177
41676,Santa María,Male,2016,3.2802121425768536
41770,Suaza,Male,2016,2.7702714630745735
41791,Tarqui,Male,2016,3.2627163435103337
41797,Tesalia,Male,2016,3.296110232720957
41799,Tello,Male,2016,3.1373247652814342
41801,Teruel,Male,2016,3.1327740587773114
41807,Timaná,Male,2016,3.2763494123555796
41872,Villavieja,Male,2016,4.012749971442199
41885,Yaguará,Male,2016,3.655629908003378
44001,Riohacha,Male,2016,2.7424600326029025
44035,Albania,Male,2016,2.001175277639665
44078,Barrancas,Male,2016,2.3600478594644447
44090,Dibulla,Male,2016,2.486222802525973
44098,Distracción,Male,2016,2.47408502105889
44110,El Molino,Male,2016,3.080222291289472
44279,Fonseca,Male,2016,2.2217516900074052
44378,Hatonuevo,Male,2016,2.2071404165616655
44420,La Jagua Del Pilar,Male,2016,2.6689583599078124
44430,Maicao,Male,2016,2.492414281836042
44560,Manaure,Male,2016,2.255644626736426
44650,San Juan Del Cesar,Male,2016,2.692487269438473
44847,Uribia,Male,2016,2.8752725002483306
44855,Urumita,Male,2016,2.6123681413223796
44874,Villanueva,Male,2016,2.3049030940370514
47001,Santa Marta,Male,2016,3.065881302326297
47030,Algarrobo,Male,2016,2.706396802737102
47053,Aracataca,Male,2016,2.4243410006092456
47058,Ariguaní,Male,2016,3.134897716930664
47161,Cerro De San Antonio,Male,2016,3.683892314341875
47170,Chivolo,Male,2016,3.1359028949163514
47189,Ciénaga,Male,2016,2.8960004396972976
47205,Concordia,Male,2016,4.379010843512728
47245,El Banco,Male,2016,2.9021794041134514
47258,El Piñón,Male,2016,3.425599529044045
47268,El Retén,Male,2016,2.8904804301374214
47288,Fundación,Male,2016,2.8246970202732977
47318,Guamal,Male,2016,3.2060261196005273
47460,Nueva Granada,Male,2016,2.9093370085153283
47541,Pedraza,Male,2016,3.3430558955875966
47545,Pijiño Del Carmen,Male,2016,2.7597222763963223
47551,Pivijay,Male,2016,3.4994872957788927
47555,Plato,Male,2016,3.038681312402277
47570,Puebloviejo,Male,2016,3.077653998907027
47605,Remolino,Male,2016,3.646478884425969
47660,Sabanas De San Ángel,Male,2016,3.216897316054279
47675,Salamina,Male,2016,3.5701389384361066
47692,San Sebastián De Buenavista,Male,2016,3.216796397195619
47703,San Zenón,Male,2016,2.6199243640385115
47707,Santa Ana,Male,2016,2.784854514208533
47720,Santa Bárbara De Pinto,Male,2016,3.066909687077805
47745,Sitionuevo,Male,2016,3.6640314226446002
47798,Tenerife,Male,2016,3.283366433775055
47960,Zapayán,Male,2016,3.4805074924701125
47980,Zona Bananera,Male,2016,21.209409927267053
50001,Villavicencio,Male,2016,3.448686011252628
50006,Acacías,Male,2016,3.343119243938245
50110,Barranca De Upía,Male,2016,2.5411663386043415
50124,Cabuyaro,Male,2016,3.1898456268661617
50150,Castilla La Nueva,Male,2016,2.8118267050426353
50223,Cubarral,Male,2016,3.087535184481483
50226,Cumaral,Male,2016,2.9087351145672153
50245,El Calvario,Male,2016,2.7477426568641197
50251,El Castillo,Male,2016,3.165253541008141
50270,El Dorado,Male,2016,3.0412553448399655
50287,Fuente De Oro,Male,2016,3.553551261798321
50313,Granada,Male,2016,3.8102231686353965
50318,Guamal,Male,2016,3.0962074250576337
50325,Mapiripán,Male,2016,2.71990868610936
50330,Mesetas,Male,2016,3.3571648342585227
50350,La Macarena,Male,2016,3.418786640616667
50370,Uribe,Male,2016,4.238357906615856
50400,Lejanías,Male,2016,3.274638006632586
50450,Puerto Concordia,Male,2016,3.00160808330535
50568,Puerto Gaitán,Male,2016,2.770919535257077
50573,Puerto López,Male,2016,4.266155793185356
50577,Puerto Lleras,Male,2016,3.2382426978315104
50590,Puerto Rico,Male,2016,3.770743834310809
50606,Restrepo,Male,2016,2.8773735919972556
50680,San Carlos De Guaroa,Male,2016,2.891185455857326
50683,San Juan De Arama,Male,2016,3.5602805484556743
50686,San Juanito,Male,2016,4.168259642146485
50689,San Martín,Male,2016,2.839164616849605
50711,Vistahermosa,Male,2016,3.792048430728544
52001,Pasto,Male,2016,3.2773823038426295
52019,Albán,Male,2016,5.063709505020833
52022,Aldana,Male,2016,3.73358921817821
52036,Ancuya,Male,2016,4.86913135576305
52051,Arboleda,Male,2016,4.848228019495137
52079,Barbacoas,Male,2016,2.7537528171574768
52083,Belén,Male,2016,4.788124312937183
52110,Buesaco,Male,2016,4.183675791509995
52203,Colón,Male,2016,4.785972593485031
52207,Consacá,Male,2016,4.570111937424778
52210,Contadero,Male,2016,4.065538740242888
52215,Córdoba,Male,2016,3.4969583932283252
52224,Cuaspud Carlosama,Male,2016,4.1878123570068535
52227,Cumbal,Male,2016,3.2909066518919565
52233,Cumbitara,Male,2016,3.979249824758098
52240,Chachagüí,Male,2016,3.7965346000081492
52250,El Charco,Male,2016,2.6643463144853894
52254,El Peñol,Male,2016,5.6873855315117945
52256,El Rosario,Male,2016,5.071983699658931
52258,El Tablón De Gómez,Male,2016,4.994827694287663
52260,El Tambo,Male,2016,4.333297959288699
52287,Funes,Male,2016,4.5829109593603885
52317,Guachucal,Male,2016,4.373208014915743
52320,Guaitarilla,Male,2016,4.593848611924749
52323,Gualmatán,Male,2016,4.604380894141288
52352,Iles,Male,2016,4.062770404060046
52354,Imués,Male,2016,5.0962525668760446
52356,Ipiales,Male,2016,3.2592652684728276
52378,La Cruz,Male,2016,4.421399648553451
52381,La Florida,Male,2016,6.031823290087157
52385,La Llanada,Male,2016,3.524399359556489
52390,La Tola,Male,2016,2.6194011121633145
52399,La Unión,Male,2016,5.103794598578954
52405,Leiva,Male,2016,4.194461800916072
52411,Linares,Male,2016,5.002994871419474
52418,Los Andes,Male,2016,4.171267126096805
52427,Magüí,Male,2016,2.6006870881124757
52435,Mallama,Male,2016,4.237030676238363
52473,Mosquera,Male,2016,3.7053472450751
52480,Nariño,Male,2016,5.199061242086169
52490,Olaya Herrera,Male,2016,2.724954571443512
52506,Ospina,Male,2016,4.09936029712072
52520,Francisco Pizarro,Male,2016,3.3068859220592506
52540,Policarpa,Male,2016,4.831553804784485
52560,Potosí,Male,2016,3.4885452983955325
52565,Providencia,Male,2016,4.615171302266223
52573,Puerres,Male,2016,3.744700441673558
52585,Pupiales,Male,2016,4.176176607447352
52612,Ricaurte,Male,2016,3.0195797400008915
52621,Roberto Payán,Male,2016,2.8935824601887212
52678,Samaniego,Male,2016,5.035496367442651
52683,Sandoná,Male,2016,4.481916473741424
52685,San Bernardo,Male,2016,5.572617415439671
52687,San Lorenzo,Male,2016,5.091094864897492
52693,San Pablo,Male,2016,4.7213858985326205
52694,San Pedro De Cartago,Male,2016,4.778803675268166
52696,Santa Bárbara,Male,2016,2.9896823446167082
52699,Santacruz,Male,2016,4.843044721447322
52720,Sapuyes,Male,2016,4.7834793832788
52786,Taminango,Male,2016,5.080929996081566
52788,Tangua,Male,2016,5.001757059269393
52835,San Andrés De Tumaco,Male,2016,2.962963841501256
52838,Túquerres,Male,2016,4.033797953263158
52885,Yacuanquer,Male,2016,4.638829184538678
54001,San José De Cúcuta,Male,2016,3.5244845375986156
54003,Ábrego,Male,2016,3.337121540817893
54051,Arboledas,Male,2016,3.9881992741973655
54099,Bochalema,Male,2016,3.6200789123207056
54109,Bucarasica,Male,2016,3.2418908950453016
54125,Cácota,Male,2016,5.518051962175837
54128,Cáchira,Male,2016,3.6674135588771604
54172,Chinácota,Male,2016,3.167331250336316
54174,Chitagá,Male,2016,3.736196141598722
54206,Convención,Male,2016,3.141751527486426
54223,Cucutilla,Male,2016,4.894489992343876
54239,Durania,Male,2016,4.076593374413162
54245,El Carmen,Male,2016,3.45444345282833
54250,El Tarra,Male,2016,2.963664437318485
54261,El Zulia,Male,2016,3.1074538805429817
54313,Gramalote,Male,2016,5.252136347276656
54344,Hacarí,Male,2016,2.9240704248478395
54347,Herrán,Male,2016,4.513917420855114
54377,Labateca,Male,2016,3.734989091415386
54385,La Esperanza,Male,2016,2.910143062587987
54398,La Playa,Male,2016,3.8971520831331103
54405,Los Patios,Male,2016,2.992813237561152
54418,Lourdes,Male,2016,3.203806686263263
54480,Mutiscua,Male,2016,3.754640109457595
54498,Ocaña,Male,2016,3.315553092972041
54518,Pamplona,Male,2016,3.158013689192188
54520,Pamplonita,Male,2016,3.5723783003890586
54553,Puerto Santander,Male,2016,3.8830737497603276
54599,Ragonvalia,Male,2016,4.249662092108678
54660,Salazar,Male,2016,3.6355970253416654
54670,San Calixto,Male,2016,3.2515787291956766
54673,San Cayetano,Male,2016,3.1171332300974286
54680,Santiago,Male,2016,4.026536371627478
54720,Sardinata,Male,2016,3.084805615487736
54743,Silos,Male,2016,3.742462202755223
54800,Teorama,Male,2016,2.945919161710295
54810,Tibú,Male,2016,3.2737806972289816
54820,Toledo,Male,2016,3.6958335934489166
54871,Villa Caro,Male,2016,3.2197739086039907
54874,Villa Del Rosario,Male,2016,2.994626796039447
63001,Armenia,Male,2016,4.556643601875774
63111,Buenavista,Male,2016,3.8602122285919656
63130,Calarcá,Male,2016,4.459743388792914
63190,Circasia,Male,2016,3.837754052476564
63212,Córdoba,Male,2016,4.1381376811097175
63272,Filandia,Male,2016,3.926225581306303
63302,Génova,Male,2016,5.1017535761229436
63401,La Tebaida,Male,2016,4.666420676928804
63470,Montenegro,Male,2016,5.482420293569358
63548,Pijao,Male,2016,4.991561351881848
63594,Quimbaya,Male,2016,3.9676833739662087
63690,Salento,Male,2016,4.183262870339397
66001,Pereira,Male,2016,3.909753230560322
66045,Apía,Male,2016,4.350503794005538
66075,Balboa,Male,2016,4.2925332562128435
66088,Belén De Umbría,Male,2016,4.026589784835455
66170,Dosquebradas,Male,2016,3.5216321633808088
66318,Guática,Male,2016,4.314417193777414
66383,La Celia,Male,2016,5.427409626083745
66400,La Virginia,Male,2016,6.04908738435631
66440,Marsella,Male,2016,3.728229727767182
66456,Mistrató,Male,2016,2.5730560500876773
66572,Pueblo Rico,Male,2016,2.365605146048935
66594,Quinchía,Male,2016,3.7988642665730183
66682,Santa Rosa De Cabal,Male,2016,3.7665296069625396
66687,Santuario,Male,2016,4.2414621895743965
68001,Bucaramanga,Male,2016,3.5362388649787313
68013,Aguada,Male,2016,6.771654578525271
68020,Albania,Male,2016,4.8193234311317354
68051,Aratoca,Male,2016,3.9907558297367802
68077,Barbosa,Male,2016,3.0413407360626197
68079,Barichara,Male,2016,3.491992697889469
68081,Barrancabermeja,Male,2016,3.5346175929156822
68092,Betulia,Male,2016,3.5248472962517847
68101,Bolívar,Male,2016,3.9017930544140125
68121,Cabrera,Male,2016,3.943674220769249
68132,California,Male,2016,2.901541525627908
68147,Capitanejo,Male,2016,3.7695774644919755
68152,Carcasí,Male,2016,4.394640455586243
68160,Cepitá,Male,2016,3.6294511216837715
68162,Cerrito,Male,2016,3.952497874791027
68167,Charalá,Male,2016,3.2815330098042494
68169,Charta,Male,2016,4.394799402596876
68176,Chima,Male,2016,4.367031248072351
68179,Chipatá,Male,2016,5.345156462770042
68190,Cimitarra,Male,2016,3.408135399974477
68207,Concepción,Male,2016,3.5971220006856015
68209,Confines,Male,2016,3.3967295774549005
68211,Contratación,Male,2016,4.146499297347305
68217,Coromoro,Male,2016,6.665446315030717
68229,Curití,Male,2016,3.5589401900772635
68235,El Carmen De Chucuri,Male,2016,4.109252396903905
68245,El Guacamayo,Male,2016,4.008989456088493
68250,El Peñón,Male,2016,3.571700806422415
68255,El Playón,Male,2016,3.52955007193543
68264,Encino,Male,2016,3.0013437756791754
68266,Enciso,Male,2016,4.097284734159987
68271,Florián,Male,2016,4.271292975754333
68276,Floridablanca,Male,2016,3.193505202311311
68296,Galán,Male,2016,3.801581553030545
68298,Gámbita,Male,2016,3.8792646156250377
68307,Girón,Male,2016,3.07746933905379
68318,Guaca,Male,2016,4.872911331342359
68320,Guadalupe,Male,2016,4.089671775206036
68322,Guapotá,Male,2016,4.22853968543328
68324,Guavatá,Male,2016,5.28853915388307
68327,Güepsa,Male,2016,3.704089973936915
68344,Hato,Male,2016,4.375693983662863
68368,Jesús María,Male,2016,4.407758771779847
68370,Jordán,Male,2016,3.9950052662077455
68377,La Belleza,Male,2016,3.678468484918979
68385,Landázuri,Male,2016,4.171573127035969
68397,La Paz,Male,2016,4.444067000568377
68406,Lebrija,Male,2016,3.315851569684781
68418,Los Santos,Male,2016,3.7398604019958994
68425,Macaravita,Male,2016,3.9036495070210138
68432,Málaga,Male,2016,2.929670613823408
68444,Matanza,Male,2016,4.266566781195356
68464,Mogotes,Male,2016,3.576833750885833
68468,Molagavita,Male,2016,4.595420665098125
68498,Ocamonte,Male,2016,3.944459935332887
68500,Oiba,Male,2016,3.680206943123951
68502,Onzaga,Male,2016,4.675839086808417
68522,Palmar,Male,2016,4.222633941100005
68524,Palmas Del Socorro,Male,2016,3.367018917726348
68533,Páramo,Male,2016,3.387474712311172
68547,Piedecuesta,Male,2016,2.9967452332250244
68549,Pinchote,Male,2016,3.645266749204514
68572,Puente Nacional,Male,2016,3.6886766565492013
68573,Puerto Parra,Male,2016,2.7817857238849157
68575,Puerto Wilches,Male,2016,2.8293605801575876
68615,Rionegro,Male,2016,3.590660621201149
68655,Sabana De Torres,Male,2016,2.804444007166488
68669,San Andrés,Male,2016,4.434925331881617
68673,San Benito,Male,2016,5.820642771959155
68679,San Gil,Male,2016,3.116169193150156
68682,San Joaquín,Male,2016,3.711935962845511
68684,San José De Miranda,Male,2016,4.3749406635358925
68686,San Miguel,Male,2016,3.6196911987631295
68689,San Vicente De Chucurí,Male,2016,3.461033391802241
68705,Santa Bárbara,Male,2016,4.794285457915876
68720,Santa Helena Del Opón,Male,2016,3.7266951367739583
68745,Simacota,Male,2016,3.9541363832640086
68755,Socorro,Male,2016,3.627566881937702
68770,Suaita,Male,2016,4.046698492674349
68773,Sucre,Male,2016,3.9877870653628094
68780,Suratá,Male,2016,4.0173352808288305
68820,Tona,Male,2016,3.927944303311595
68855,Valle De San José,Male,2016,3.7822047606459352
68861,Vélez,Male,2016,4.457399524835241
68867,Vetas,Male,2016,3.552097360433009
68872,Villanueva,Male,2016,3.3435304221443687
68895,Zapatoca,Male,2016,2.991821274289379
70001,Sincelejo,Male,2016,3.254149279991876
70110,Buenavista,Male,2016,3.2653536385583912
70124,Caimito,Male,2016,3.6288681211946345
70204,Colosó,Male,2016,3.93183160268387
70215,Corozal,Male,2016,3.2180804880945506
70221,Coveñas,Male,2016,3.0197473696013257
70230,Chalán,Male,2016,4.586735449517957
70233,El Roble,Male,2016,4.084673890440807
70235,Galeras,Male,2016,2.999443505027798
70265,Guaranda,Male,2016,3.2769474836459485
70400,La Unión,Male,2016,3.7145707410533495
70418,Los Palmitos,Male,2016,3.2941463351032843
70429,Majagual,Male,2016,3.653648952982934
70473,Morroa,Male,2016,3.1826046686997924
70508,Ovejas,Male,2016,3.8721042326979767
70523,Palmito,Male,2016,3.3541554940279625
70670,Sampués,Male,2016,3.460447986208431
70678,San Benito Abad,Male,2016,3.786559777989817
70702,San Juan De Betulia,Male,2016,3.8024205890405822
70708,San Marcos,Male,2016,3.2656305319474477
70713,San Onofre,Male,2016,3.1467025617250575
70717,San Pedro,Male,2016,3.4411516881266477
70742,San Luis De Sincé,Male,2016,3.714687182329145
70771,Sucre,Male,2016,4.043998323918163
70820,Santiago De Tolú,Male,2016,2.689370523769488
70823,San José De Toluviejo,Male,2016,3.3539746537145363
73001,Ibagué,Male,2016,3.37943371215507
73024,Alpujarra,Male,2016,3.8421401706551617
73026,Alvarado,Male,2016,3.825634373283194
73030,Ambalema,Male,2016,3.4326054401270745
73043,Anzoátegui,Male,2016,3.876093697625433
73055,Armero,Male,2016,3.4024205301368577
73067,Ataco,Male,2016,3.280720599887985
73124,Cajamarca,Male,2016,3.5859081534240516
73148,Carmen De Apicalá,Male,2016,3.1982420589055787
73152,Casabianca,Male,2016,3.6657442040121557
73168,Chaparral,Male,2016,3.3814505412392024
73200,Coello,Male,2016,3.5436653840340417
73217,Coyaima,Male,2016,3.5945178375176696
73226,Cunday,Male,2016,3.5751054527472657
73236,Dolores,Male,2016,3.4309577718122024
73268,Espinal,Male,2016,3.69550088849112
73270,Falan,Male,2016,3.8142733402547018
73275,Flandes,Male,2016,3.1627670314506533
73283,Fresno,Male,2016,3.774314170538038
73319,Guamo,Male,2016,3.827337478409256
73347,Herveo,Male,2016,4.32166860514456
73349,Honda,Male,2016,4.878686420140743
73352,Icononzo,Male,2016,3.434012366007677
73408,Lérida,Male,2016,3.982784097978535
73411,Líbano,Male,2016,3.996297547680026
73443,San Sebastián De Mariquita,Male,2016,3.310605004658882
73449,Melgar,Male,2016,3.4378641510769574
73461,Murillo,Male,2016,4.183493225945168
73483,Natagaima,Male,2016,4.713081798363375
73504,Ortega,Male,2016,3.340061524675486
73520,Palocabildo,Male,2016,3.426339924725025
73547,Piedras,Male,2016,3.6911498236379985
73555,Planadas,Male,2016,2.75780806955514
73563,Prado,Male,2016,3.695331460187788
73585,Purificación,Male,2016,3.6039742425488392
73616,Rioblanco,Male,2016,2.79704832260868
73622,Roncesvalles,Male,2016,3.0896226746190423
73624,Rovira,Male,2016,4.245118790257303
73671,Saldaña,Male,2016,3.5805583847827878
73675,San Antonio,Male,2016,3.2450798126547302
73678,San Luis,Male,2016,3.9233760399292086
73686,Santa Isabel,Male,2016,3.751048219222108
73770,Suárez,Male,2016,4.944535842912209
73854,Valle De San Juan,Male,2016,3.7064693037209246
73861,Venadillo,Male,2016,3.456106370875085
73870,Villahermosa,Male,2016,3.8949082204554233
73873,Villarrica,Male,2016,3.8582257622224554
76001,Cali,Male,2016,3.3372141498990833
76020,Alcalá,Male,2016,4.460927601691967
76036,Andalucía,Male,2016,3.116435319917236
76041,Ansermanuevo,Male,2016,3.2630898428337574
76054,Argelia,Male,2016,3.1136073849048898
76100,Bolívar,Male,2016,2.754798568443992
76109,Buenaventura,Male,2016,2.1105208525639148
76111,Guadalajara De Buga,Male,2016,3.338311552566826
76113,Bugalagrande,Male,2016,3.639854816132602
76122,Caicedonia,Male,2016,5.59395738927682
76126,Calima,Male,2016,3.5567491971879406
76130,Candelaria,Male,2016,2.7525586595133937
76147,Cartago,Male,2016,3.4913378221120785
76233,Dagua,Male,2016,2.991223858618447
76243,El Águila,Male,2016,3.614996717255114
76246,El Cairo,Male,2016,3.2738011323516107
76248,El Cerrito,Male,2016,2.8862483611890575
76250,El Dovio,Male,2016,3.7147814306863145
76275,Florida,Male,2016,2.856725221209808
76306,Ginebra,Male,2016,2.9021912636637808
76318,Guacarí,Male,2016,3.2071707034577366
76364,Jamundí,Male,2016,2.9139293140246045
76377,La Cumbre,Male,2016,3.62825662978585
76400,La Unión,Male,2016,3.2011941177492758
76403,La Victoria,Male,2016,3.8265646594030884
76497,Obando,Male,2016,3.6295980135003263
76520,Palmira,Male,2016,3.168682364662811
76563,Pradera,Male,2016,2.9596028919727444
76606,Restrepo,Male,2016,4.287318327018583
76616,Riofrío,Male,2016,2.801874253058235
76622,Roldanillo,Male,2016,3.2671643233332763
76670,San Pedro,Male,2016,2.8054257153924107
76736,Sevilla,Male,2016,3.501092912308741
76823,Toro,Male,2016,3.5068744705465704
76828,Trujillo,Male,2016,2.950913950387721
76834,Tuluá,Male,2016,2.885493416863573
76845,Ulloa,Male,2016,2.943520237638942
76863,Versalles,Male,2016,3.468491755563946
76869,Vijes,Male,2016,3.1509916105831532
76890,Yotoco,Male,2016,3.096662888133757
76892,Yumbo,Male,2016,3.115879426108807
76895,Zarzal,Male,2016,2.7592959263585994
81001,Arauca,Male,2016,3.089881287460451
81065,Arauquita,Male,2016,2.8220450180384153
81220,Cravo Norte,Male,2016,3.9816193044595303
81300,Fortul,Male,2016,3.425523873092893
81591,Puerto Rondón,Male,2016,3.6110968694314427
81736,Saravena,Male,2016,3.317707986645669
81794,Tame,Male,2016,4.426007976709175
85001,Yopal,Male,2016,2.928110332564114
85010,Aguazul,Male,2016,2.8814166503511287
85015,Chámeza,Male,2016,3.2303643308610526
85125,Hato Corozal,Male,2016,2.9939421326535856
85136,La Salina,Male,2016,2.6025822126610496
85139,Maní,Male,2016,3.0659336375622983
85162,Monterrey,Male,2016,2.934277590189681
85225,Nunchía,Male,2016,3.957471701579968
85230,Orocué,Male,2016,2.5860021900806363
85250,Paz De Ariporo,Male,2016,2.967679437669384
85263,Pore,Male,2016,2.879719509987919
85279,Recetor,Male,2016,4.155089408789561
85300,Sabanalarga,Male,2016,3.5312047260915582
85315,Sácama,Male,2016,2.8770360186121704
85325,San Luis De Palenque,Male,2016,2.8224229763241353
85400,Támara,Male,2016,3.0233150678183347
85410,Tauramena,Male,2016,2.633319430377961
85430,Trinidad,Male,2016,2.7219466640185788
85440,Villanueva,Male,2016,2.7803922295799075
86001,Mocoa,Male,2016,2.8118737262491416
86219,Colón,Male,2016,3.075915718791836
86320,Orito,Male,2016,2.7292770588441027
86568,Puerto Asís,Male,2016,3.175615756000277
86569,Puerto Caicedo,Male,2016,3.050464959548724
86571,Puerto Guzmán,Male,2016,2.882825796220858
86573,Puerto Leguízamo,Male,2016,2.554551615904967
86749,Sibundoy,Male,2016,2.9165267263565844
86755,San Francisco,Male,2016,2.869202433263719
86757,San Miguel,Male,2016,2.9541062418526245
86760,Santiago,Male,2016,2.7843214610478535
86865,Valle Del Guamuez,Male,2016,3.178717762521511
86885,Villagarzón,Male,2016,2.5263816586701537
88001,San Andrés,Male,2016,3.1765014987918265
88564,Providencia,Male,2016,2.870763280081556
91001,Leticia,Male,2016,2.751392660084676
91263,El Encanto,Male,2016,2.403655965477056
91405,La Chorrera,Male,2016,2.1452132303126454
91407,La Pedrera,Male,2016,2.913038222871581
91430,La Victoria,Male,2016,3.518172039458882
91460,Mirití - Paraná,Male,2016,2.681503472470809
91530,Puerto Alegría,Male,2016,2.710884445741856
91536,Puerto Arica,Male,2016,3.2285286965712383
91540,Puerto Nariño,Male,2016,2.4771007024527147
91669,Puerto Santander,Male,2016,2.6926806556261984
91798,Tarapacá,Male,2016,2.735581905958166
94001,Inírida,Male,2016,2.7331098455321463
94343,Barrancominas,Male,2016,1.1947154777927382
94883,San Felipe,Male,2016,1.8004683732242714
94884,Puerto Colombia,Male,2016,1.908098216100323
94885,La Guadalupe,Male,2016,1.4084411423069811
94886,Cacahual,Male,2016,1.406459902557886
94887,Pana Pana,Male,2016,1.9689225565674249
94888,Morichal,Male,2016,1.8993342014340822
95001,San José Del Guaviare,Male,2016,2.7974942755486714
95015,Calamar,Male,2016,3.701529774974671
95025,El Retorno,Male,2016,2.851338250422549
95200,Miraflores,Male,2016,4.551344365798158
97001,Mitú,Male,2016,2.161801619801454
97161,Carurú,Male,2016,2.642496179143911
97511,Pacoa,Male,2016,1.5687591421150546
97666,Taraira,Male,2016,2.113884800847218
97777,Papunahua,Male,2016,2.213103974334432
97889,Yavaraté,Male,2016,1.8583421549037236
99001,Puerto Carreño,Male,2016,3.3414144918271553
99524,La Primavera,Male,2016,3.525384839843761
99624,Santa Rosalía,Male,2016,2.7762885196235096
99773,Cumaribo,Male,2016,2.644685160432325
5001,Medellín,Female,2017,1.422037360056789
5002,Abejorral,Female,2017,1.3458825040429425
5004,Abriaquí,Female,2017,1.1427951483432428
5021,Alejandría,Female,2017,1.07619111826549
5030,Amagá,Female,2017,1.5390531627219761
5031,Amalfi,Female,2017,1.1635989518720946
5034,Andes,Female,2017,1.5568029866454471
5036,Angelópolis,Female,2017,1.9655805888212252
5038,Angostura,Female,2017,1.2668058782768454
5040,Anorí,Female,2017,1.0172299615943179
5042,Santa Fé De Antioquia,Female,2017,1.200021716148149
5044,Anzá,Female,2017,1.225295002549875
5045,Apartadó,Female,2017,1.583925295517415
5051,Arboletes,Female,2017,1.1164483106955103
5055,Argelia,Female,2017,1.2084990432437355
5059,Armenia,Female,2017,1.4430362243501453
5079,Barbosa,Female,2017,1.3659465221815548
5086,Belmira,Female,2017,1.39805255867413
5088,Bello,Female,2017,1.282421997811436
5091,Betania,Female,2017,1.2481522695935903
5093,Betulia,Female,2017,1.3569019105775453
5101,Ciudad Bolívar,Female,2017,1.9202902099582653
5107,Briceño,Female,2017,2.126257366805616
5113,Buriticá,Female,2017,1.0645644391411093
5120,Cáceres,Female,2017,1.006727782184217
5125,Caicedo,Female,2017,1.2844665319383486
5129,Caldas,Female,2017,1.5221480095263644
5134,Campamento,Female,2017,1.1774484937781111
5138,Cañasgordas,Female,2017,1.164530453574185
5142,Caracolí,Female,2017,1.508473422882014
5145,Caramanta,Female,2017,1.4732725122271702
5147,Carepa,Female,2017,1.17464064715386
5148,El Carmen De Viboral,Female,2017,1.0961492943439328
5150,Carolina,Female,2017,1.5029689799163577
5154,Caucasia,Female,2017,1.5405624352145881
5172,Chigorodó,Female,2017,1.4273183845330053
5190,Cisneros,Female,2017,1.4441544032814435
5197,Cocorná,Female,2017,1.1942091623751911
5206,Concepción,Female,2017,1.2135632686648297
5209,Concordia,Female,2017,1.4330968183501238
5212,Copacabana,Female,2017,1.4271218208503913
5234,Dabeiba,Female,2017,0.9680911026016165
5237,Donmatías,Female,2017,1.37069414447838
5240,Ebéjico,Female,2017,1.4819466685437162
5250,El Bagre,Female,2017,1.0521748644840907
5264,Entrerríos,Female,2017,1.0402466449816732
5266,Envigado,Female,2017,1.851689355816774
5282,Fredonia,Female,2017,1.4720520610470924
5284,Frontino,Female,2017,0.9610795068767904
5306,Giraldo,Female,2017,0.9948193356658166
5308,Girardota,Female,2017,1.3333592534933463
5310,Gómez Plata,Female,2017,1.3784221998733857
5313,Granada,Female,2017,0.9823385017164699
5315,Guadalupe,Female,2017,1.2549422478299102
5318,Guarne,Female,2017,1.3073541626985237
5321,Guatapé,Female,2017,1.1689009922221836
5347,Heliconia,Female,2017,1.4535808135180734
5353,Hispania,Female,2017,1.2763896422213894
5360,Itagüí,Female,2017,1.475772349661074
5361,Ituango,Female,2017,1.1204031846455775
5364,Jardín,Female,2017,1.4028546917708038
5368,Jericó,Female,2017,1.382410954802494
5376,La Ceja,Female,2017,1.2639031489959467
5380,La Estrella,Female,2017,1.4466204437138472
5390,La Pintada,Female,2017,1.7855307125471847
5400,La Unión,Female,2017,1.192992601704925
5411,Liborina,Female,2017,1.5200180595447743
5425,Maceo,Female,2017,1.1584854596059828
5440,Marinilla,Female,2017,1.0726787023788595
5467,Montebello,Female,2017,1.406089230270927
5475,Murindó,Female,2017,0.8127494931446786
5480,Mutatá,Female,2017,1.774791112764703
5483,Nariño,Female,2017,1.1581906021993318
5490,Necoclí,Female,2017,1.099746676037989
5495,Nechí,Female,2017,0.9531597118177115
5501,Olaya,Female,2017,1.3965242731430203
5541,Peñol,Female,2017,1.1324468823470344
5543,Peque,Female,2017,1.011217065168053
5576,Pueblorrico,Female,2017,1.2861901526317707
5579,Puerto Berrío,Female,2017,2.2606474376951495
5585,Puerto Nare,Female,2017,1.1826069863437993
5591,Puerto Triunfo,Female,2017,1.265043427539866
5604,Remedios,Female,2017,1.0229918292705538
5607,Retiro,Female,2017,1.334457450877353
5615,Rionegro,Female,2017,1.3361842235724186
5628,Sabanalarga,Female,2017,1.3086081856347103
5631,Sabaneta,Female,2017,1.7735112534661603
5642,Salgar,Female,2017,1.4749555551841664
5647,San Andrés De Cuerquía,Female,2017,1.0266543622403017
5649,San Carlos,Female,2017,1.0567551196361373
5652,San Francisco,Female,2017,0.9939437538888212
5656,San Jerónimo,Female,2017,1.2790334478130734
5658,San José De La Montaña,Female,2017,1.8480489358008267
5659,San Juan De Urabá,Female,2017,1.0290989116726983
5660,San Luis,Female,2017,0.9766196553164991
5664,San Pedro De Los Milagros,Female,2017,1.4905589455472297
5665,San Pedro De Urabá,Female,2017,1.1491156461732748
5667,San Rafael,Female,2017,1.271379079020694
5670,San Roque,Female,2017,1.189729285905256
5674,San Vicente Ferrer,Female,2017,1.143064222922989
5679,Santa Bárbara,Female,2017,1.3870090696828128
5686,Santa Rosa De Osos,Female,2017,1.1474442357349857
5690,Santo Domingo,Female,2017,1.3104793775431698
5697,El Santuario,Female,2017,0.9847746378370607
5736,Segovia,Female,2017,1.543282520728654
5756,Sonsón,Female,2017,1.236748276432179
5761,Sopetrán,Female,2017,1.228269328342508
5789,Támesis,Female,2017,1.4828275528231085
5790,Tarazá,Female,2017,1.8569179103337112
5792,Tarso,Female,2017,1.4969228135376555
5809,Titiribí,Female,2017,1.4636414919340368
5819,Toledo,Female,2017,1.3890479070936432
5837,Turbo,Female,2017,1.6668812738296177
5842,Uramita,Female,2017,1.061277118859484
5847,Urrao,Female,2017,1.062152377998165
5854,Valdivia,Female,2017,1.9649166039776513
5856,Valparaíso,Female,2017,1.2625943138971505
5858,Vegachí,Female,2017,2.0560018600389234
5861,Venecia,Female,2017,1.632020293688836
5873,Vigía Del Fuerte,Female,2017,0.8626870601801702
5885,Yalí,Female,2017,1.1884855418787916
5887,Yarumal,Female,2017,1.4896084695473815
5890,Yolombó,Female,2017,1.2344271030282044
5893,Yondó,Female,2017,0.9489577298566654
5895,Zaragoza,Female,2017,1.0823956853538859
8001,Barranquilla,Female,2017,1.454249398335342
8078,Baranoa,Female,2017,1.1328952082409243
8137,Campo De La Cruz,Female,2017,1.2494886965007634
8141,Candelaria,Female,2017,1.0940120501107782
8296,Galapa,Female,2017,0.9176907743719555
8372,Juan De Acosta,Female,2017,1.1701438436862206
8421,Luruaco,Female,2017,1.1737793917293866
8433,Malambo,Female,2017,0.9762534864186506
8436,Manatí,Female,2017,0.9500533106981957
8520,Palmar De Varela,Female,2017,1.109771591231107
8549,Piojó,Female,2017,1.25653026207714
8558,Polonuevo,Female,2017,1.035011257360774
8560,Ponedera,Female,2017,1.0735456906871417
8573,Puerto Colombia,Female,2017,1.0595272305952796
8606,Repelón,Female,2017,1.1764395270576533
8634,Sabanagrande,Female,2017,1.0649134409961687
8638,Sabanalarga,Female,2017,1.0733711505316303
8675,Santa Lucía,Female,2017,1.017305430428953
8685,Santo Tomás,Female,2017,1.089296684833364
8758,Soledad,Female,2017,0.9904686756529543
8770,Suan,Female,2017,1.0731047126371605
8832,Tubará,Female,2017,1.1088779648748655
8849,Usiacurí,Female,2017,1.1463091240617185
11001,"Bogotá, D.C.",Female,2017,1.3264696622932426
13001,Cartagena De Indias,Female,2017,1.2354890016610516
13006,Achí,Female,2017,1.13250751898487
13030,Altos Del Rosario,Female,2017,0.9910053549340999
13042,Arenal,Female,2017,1.2620552706328474
13052,Arjona,Female,2017,1.2715957991276092
13062,Arroyohondo,Female,2017,1.4506646038675752
13074,Barranco De Loba,Female,2017,1.0230180421611696
13140,Calamar,Female,2017,1.2890400229872219
13160,Cantagallo,Female,2017,1.1761058422859139
13188,Cicuco,Female,2017,1.1343544930742926
13212,Córdoba,Female,2017,1.230253189405232
13222,Clemencia,Female,2017,1.2179645726068082
13244,El Carmen De Bolívar,Female,2017,1.2543664522573217
13248,El Guamo,Female,2017,1.4568467986741123
13268,El Peñón,Female,2017,1.0385678333199488
13300,Hatillo De Loba,Female,2017,1.0460870076043411
13430,Magangué,Female,2017,1.2033550423965729
13433,Mahates,Female,2017,1.2446870045000833
13440,Margarita,Female,2017,1.1736658931841564
13442,María La Baja,Female,2017,1.1883837106657025
13458,Montecristo,Female,2017,1.0336474879142952
13468,Mompós,Female,2017,1.116765170062004
13473,Morales,Female,2017,1.0447076804499782
13490,Norosí,Female,2017,0.4325851108892568
13549,Pinillos,Female,2017,1.0236990308423957
13580,Regidor,Female,2017,0.9502589429298934
13600,Río Viejo,Female,2017,1.1127207999325197
13620,San Cristóbal,Female,2017,1.263830465932357
13647,San Estanislao,Female,2017,1.2690202937294488
13650,San Fernando,Female,2017,1.0781554590839997
13654,San Jacinto,Female,2017,1.3879306798934372
13655,San Jacinto Del Cauca,Female,2017,1.1260464937327472
13657,San Juan Nepomuceno,Female,2017,1.4245557884022382
13667,San Martín De Loba,Female,2017,1.0217422930927382
13670,San Pablo,Female,2017,1.1677982260662272
13673,Santa Catalina,Female,2017,1.2456381250149704
13683,Santa Rosa,Female,2017,1.380935868521456
13688,Santa Rosa Del Sur,Female,2017,1.0754926224112602
13744,Simití,Female,2017,1.168024768174594
13760,Soplaviento,Female,2017,1.3100546658693393
13780,Talaigua Nuevo,Female,2017,0.9677549748762215
13810,Tiquisio,Female,2017,0.9606062078700014
13836,Turbaco,Female,2017,1.0547624474354025
13838,Turbaná,Female,2017,1.2457929913857508
13873,Villanueva,Female,2017,1.1885879204707626
13894,Zambrano,Female,2017,1.2410180977457694
15001,Tunja,Female,2017,1.325192194990224
15022,Almeida,Female,2017,1.6578930089853663
15047,Aquitania,Female,2017,1.186387659949846
15051,Arcabuco,Female,2017,1.0477440797194075
15087,Belén,Female,2017,1.1418382999152568
15090,Berbeo,Female,2017,1.305968283636369
15092,Betéitiva,Female,2017,1.3491519690892668
15097,Boavita,Female,2017,1.5798074861855622
15104,Boyacá,Female,2017,1.1586999249477175
15106,Briceño,Female,2017,1.3120308747223046
15109,Buenavista,Female,2017,1.5896585517559743
15114,Busbanzá,Female,2017,1.4704995762332442
15131,Caldas,Female,2017,1.3345256201422995
15135,Campohermoso,Female,2017,1.1027810997785477
15162,Cerinza,Female,2017,1.365732222972939
15172,Chinavita,Female,2017,1.5518422019625335
15176,Chiquinquirá,Female,2017,1.3767353524145276
15180,Chiscas,Female,2017,1.544446629002106
15183,Chita,Female,2017,1.120625398019958
15185,Chitaraque,Female,2017,1.6300383176807913
15187,Chivatá,Female,2017,1.013089676226089
15189,Ciénega,Female,2017,1.2137902273444907
15204,Cómbita,Female,2017,1.246010637574726
15212,Coper,Female,2017,1.1897070002631296
15215,Corrales,Female,2017,1.2233618201007628
15218,Covarachía,Female,2017,1.2986993321030522
15223,Cubará,Female,2017,0.8096458908686535
15224,Cucaita,Female,2017,1.3626835822408183
15226,Cuítiva,Female,2017,1.0067583678537904
15232,Chíquiza,Female,2017,1.2216872901782416
15236,Chivor,Female,2017,1.1685339566313435
15238,Duitama,Female,2017,1.325629241603333
15244,El Cocuy,Female,2017,1.2852666526750576
15248,El Espino,Female,2017,1.2874301718657664
15272,Firavitoba,Female,2017,1.1344105641969953
15276,Floresta,Female,2017,1.7623955602829615
15293,Gachantivá,Female,2017,1.2027998129012476
15296,Gámeza,Female,2017,1.0713198488465476
15299,Garagoa,Female,2017,1.2531464290565115
15317,Guacamayas,Female,2017,1.0911751739415885
15322,Guateque,Female,2017,1.4405929363742564
15325,Guayatá,Female,2017,1.4253839332936162
15332,Güicán De La Sierra,Female,2017,1.4642222865154597
15362,Iza,Female,2017,1.1648246561206512
15367,Jenesano,Female,2017,1.1706374305329224
15368,Jericó,Female,2017,1.3625459292489888
15377,Labranzagrande,Female,2017,1.5895107885059938
15380,La Capilla,Female,2017,1.242094701116602
15401,La Victoria,Female,2017,1.5738735467964902
15403,La Uvita,Female,2017,1.2872785029575295
15407,Villa De Leyva,Female,2017,1.1881490483884967
15425,Macanal,Female,2017,1.1510103303421604
15442,Maripí,Female,2017,1.3714791579047918
15455,Miraflores,Female,2017,1.2899003366004171
15464,Mongua,Female,2017,1.2666878277729094
15466,Monguí,Female,2017,1.2447765101728574
15469,Moniquirá,Female,2017,1.361243062444838
15476,Motavita,Female,2017,1.3346877101110213
15480,Muzo,Female,2017,1.2515083297993461
15491,Nobsa,Female,2017,1.1046287783931175
15494,Nuevo Colón,Female,2017,1.36718193413443
15500,Oicatá,Female,2017,1.0792498766484326
15507,Otanche,Female,2017,1.1836870631625485
15511,Pachavita,Female,2017,1.310357486614275
15514,Páez,Female,2017,1.0959972296512703
15516,Paipa,Female,2017,1.2132302402710726
15518,Pajarito,Female,2017,1.072598080481283
15522,Panqueba,Female,2017,1.2065269737434778
15531,Pauna,Female,2017,1.3987486471855446
15533,Paya,Female,2017,1.121402014035413
15537,Paz De Río,Female,2017,1.433979468183243
15542,Pesca,Female,2017,1.047432499710009
15550,Pisba,Female,2017,1.0785187560066465
15572,Puerto Boyacá,Female,2017,1.4302249492806909
15580,Quípama,Female,2017,1.6667875013428075
15599,Ramiriquí,Female,2017,1.1463004063285789
15600,Ráquira,Female,2017,1.0974447040750468
15621,Rondón,Female,2017,1.2002797446377138
15632,Saboyá,Female,2017,1.1176280813979822
15638,Sáchica,Female,2017,0.9514692661551507
15646,Samacá,Female,2017,1.1465725010512875
15660,San Eduardo,Female,2017,1.3606613256650337
15664,San José De Pare,Female,2017,1.5154117181937186
15667,San Luis De Gaceno,Female,2017,1.2816193853520692
15673,San Mateo,Female,2017,1.2451887437066118
15676,San Miguel De Sema,Female,2017,1.7636370898405418
15681,San Pablo De Borbur,Female,2017,1.2394894288633371
15686,Santana,Female,2017,1.3283169123194818
15690,Santa María,Female,2017,1.1666580753388096
15693,Santa Rosa De Viterbo,Female,2017,1.2224702468760777
15696,Santa Sofía,Female,2017,1.0361819325153983
15720,Sativanorte,Female,2017,1.5134593105109857
15723,Sativasur,Female,2017,1.2047590326962858
15740,Siachoque,Female,2017,1.0817915557539963
15753,Soatá,Female,2017,1.1893077659081
15755,Socotá,Female,2017,1.0552095813123525
15757,Socha,Female,2017,0.9825317005220277
15759,Sogamoso,Female,2017,1.3193906911230224
15761,Somondoco,Female,2017,1.7692215602121268
15762,Sora,Female,2017,1.272521279863784
15763,Sotaquirá,Female,2017,1.2189860775901489
15764,Soracá,Female,2017,1.1396984234190097
15774,Susacón,Female,2017,1.24599603092799
15776,Sutamarchán,Female,2017,1.2040429683450657
15778,Sutatenza,Female,2017,1.6070421760285925
15790,Tasco,Female,2017,0.9943769475961456
15798,Tenza,Female,2017,1.6802944205170078
15804,Tibaná,Female,2017,1.2835768203846152
15806,Tibasosa,Female,2017,1.0653866619352053
15808,Tinjacá,Female,2017,1.1716316222185224
15810,Tipacoque,Female,2017,1.3475043125521182
15814,Toca,Female,2017,1.0405328406307022
15816,Togüí,Female,2017,1.1591596013958092
15820,Tópaga,Female,2017,1.8157205085238999
15822,Tota,Female,2017,1.155884408932602
15832,Tununguá,Female,2017,1.0197520518329415
15835,Turmequé,Female,2017,1.4412328524786935
15837,Tuta,Female,2017,1.0520369581440683
15839,Tutazá,Female,2017,1.1801907211617593
15842,Úmbita,Female,2017,1.2005044789848156
15861,Ventaquemada,Female,2017,1.0666866877984162
15879,Viracachá,Female,2017,1.3027698330150677
15897,Zetaquira,Female,2017,1.4152601595084922
17001,Manizales,Female,2017,1.4592902560464922
17013,Aguadas,Female,2017,1.364091625318441
17042,Anserma,Female,2017,1.5224992447687662
17050,Aranzazu,Female,2017,1.4120676917817756
17088,Belalcázar,Female,2017,1.2052126180669198
17174,Chinchiná,Female,2017,1.6468113797736514
17272,Filadelfia,Female,2017,1.4063008533984895
17380,La Dorada,Female,2017,1.442946676385955
17388,La Merced,Female,2017,1.4918854475733088
17433,Manzanares,Female,2017,1.3598290538546258
17442,Marmato,Female,2017,1.2100053782213485
17444,Marquetalia,Female,2017,1.2645697344620088
17446,Marulanda,Female,2017,1.2396853847998297
17486,Neira,Female,2017,1.4421009256569777
17495,Norcasia,Female,2017,1.2301209564075952
17513,Pácora,Female,2017,1.5790235295165864
17524,Palestina,Female,2017,1.31460379998457
17541,Pensilvania,Female,2017,1.270516449878456
17614,Riosucio,Female,2017,1.3088946311344545
17616,Risaralda,Female,2017,1.4741379767305682
17653,Salamina,Female,2017,1.471883821456731
17662,Samaná,Female,2017,1.216780140367097
17665,San José,Female,2017,1.3519759181233728
17777,Supía,Female,2017,1.387680318830049
17867,Victoria,Female,2017,1.2532181026399358
17873,Villamaría,Female,2017,1.4386575891655404
17877,Viterbo,Female,2017,1.7441544309006192
18001,Florencia,Female,2017,1.2474540840445534
18029,Albania,Female,2017,0.9783685227662905
18094,Belén De Los Andaquíes,Female,2017,1.031336735614125
18150,Cartagena Del Chairá,Female,2017,1.0966964983023841
18205,Curillo,Female,2017,1.2388812616957734
18247,El Doncello,Female,2017,1.2248811524977705
18256,El Paujíl,Female,2017,0.9499613410944373
18410,La Montañita,Female,2017,0.9369446844999485
18460,Milán,Female,2017,0.7927877773446789
18479,Morelia,Female,2017,1.005047777302764
18592,Puerto Rico,Female,2017,0.9799942273344029
18610,San José Del Fragua,Female,2017,1.051445347397672
18753,San Vicente Del Caguán,Female,2017,1.0521074777407569
18756,Solano,Female,2017,0.8780365253883416
18785,Solita,Female,2017,1.0335678753034463
18860,Valparaíso,Female,2017,0.9874756904467207
19001,Popayán,Female,2017,1.3095706306770551
19022,Almaguer,Female,2017,1.689354612938578
19050,Argelia,Female,2017,1.3538231414401392
19075,Balboa,Female,2017,1.3719987625816379
19100,Bolívar,Female,2017,1.6178195431567777
19110,Buenos Aires,Female,2017,1.066698827714518
19130,Cajibío,Female,2017,1.2849414903478336
19137,Caldono,Female,2017,0.9655012652252764
19142,Caloto,Female,2017,1.0865360183639334
19212,Corinto,Female,2017,1.9205290709756928
19256,El Tambo,Female,2017,1.3384307199494092
19290,Florencia,Female,2017,1.3168978409940528
19300,Guachené,Female,2017,0.5604227402060478
19318,Guapi,Female,2017,0.9822352523513403
19355,Inzá,Female,2017,1.027262458978718
19364,Jambaló,Female,2017,0.9540935190067782
19392,La Sierra,Female,2017,1.5723623309538552
19397,La Vega,Female,2017,1.538468430275003
19418,López De Micay,Female,2017,0.989928797431242
19450,Mercaderes,Female,2017,1.5128594927895362
19455,Miranda,Female,2017,1.1746822126883674
19473,Morales,Female,2017,1.0581255131275216
19513,Padilla,Female,2017,1.2496430420273887
19517,Páez,Female,2017,0.915944216788797
19532,Patía,Female,2017,1.4504090302527202
19533,Piamonte,Female,2017,0.8716065043452657
19548,Piendamó - Tunía,Female,2017,1.1938913368062798
19573,Puerto Tejada,Female,2017,2.1310430221006307
19585,Puracé,Female,2017,1.1026938334392813
19622,Rosas,Female,2017,1.561254414573227
19693,San Sebastián,Female,2017,1.578231892957126
19698,Santander De Quilichao,Female,2017,1.1621570803971217
19701,Santa Rosa,Female,2017,1.3218388753328123
19743,Silvia,Female,2017,1.083506051864244
19760,Sotará - Paispamba,Female,2017,1.2562443714765235
19780,Suárez,Female,2017,1.0628244668644455
19785,Sucre,Female,2017,2.0262011429305713
19807,Timbío,Female,2017,1.383165073657706
19809,Timbiquí,Female,2017,0.9160731062469645
19821,Toribío,Female,2017,1.0159592373683428
19824,Totoró,Female,2017,1.081730927763505
19845,Villa Rica,Female,2017,1.240610424534727
20001,Valledupar,Female,2017,1.0902361830651275
20011,Aguachica,Female,2017,1.183768606827873
20013,Agustín Codazzi,Female,2017,1.0322371872135712
20032,Astrea,Female,2017,0.9585717126241939
20045,Becerril,Female,2017,0.8594638435034209
20060,Bosconia,Female,2017,0.9822458272314111
20175,Chimichagua,Female,2017,0.913300035907383
20178,Chiriguaná,Female,2017,1.1996076611662743
20228,Curumaní,Female,2017,1.0257439702041717
20238,El Copey,Female,2017,1.0066746317664306
20250,El Paso,Female,2017,0.8653552781548262
20295,Gamarra,Female,2017,1.2005654390630376
20310,González,Female,2017,1.3354841427319502
20383,La Gloria,Female,2017,1.0427315708457805
20400,La Jagua De Ibirico,Female,2017,0.8663423622984876
20443,Manaure Balcón Del Cesar,Female,2017,1.0920610120628547
20517,Pailitas,Female,2017,1.2334598190836834
20550,Pelaya,Female,2017,1.0989746912163803
20570,Pueblo Bello,Female,2017,0.8227989062381784
20614,Río De Oro,Female,2017,1.3146246359667977
20621,La Paz,Female,2017,0.9526008996308407
20710,San Alberto,Female,2017,1.0553857141828238
20750,San Diego,Female,2017,0.9712050476973658
20770,San Martín,Female,2017,1.077507911230058
20787,Tamalameque,Female,2017,0.9651477742411815
23001,Montería,Female,2017,1.1681808140708645
23068,Ayapel,Female,2017,1.1074372339944099
23079,Buenavista,Female,2017,1.163715030103219
23090,Canalete,Female,2017,1.2511980462232888
23162,Cereté,Female,2017,1.290285017302657
23168,Chimá,Female,2017,1.5029252067047938
23182,Chinú,Female,2017,1.3503686914587165
23189,Ciénaga De Oro,Female,2017,1.3506191817133264
23300,Cotorra,Female,2017,1.3406829936231908
23350,La Apartada,Female,2017,1.1865533662653045
23417,Lorica,Female,2017,1.2516628791551259
23419,Los Córdobas,Female,2017,1.2248450521458019
23464,Momil,Female,2017,1.2137720170581812
23466,Montelíbano,Female,2017,1.028872550284136
23500,Moñitos,Female,2017,1.2461641881899201
23555,Planeta Rica,Female,2017,1.1778269041491638
23570,Pueblo Nuevo,Female,2017,1.1896781809863612
23574,Puerto Escondido,Female,2017,1.2992155270530759
23580,Puerto Libertador,Female,2017,1.0175738477785525
23586,Purísima De La Concepción,Female,2017,1.2880403594612042
23660,Sahagún,Female,2017,1.2644887527889312
23670,San Andrés De Sotavento,Female,2017,1.1235806638491295
23672,San Antero,Female,2017,1.1574658924173669
23675,San Bernardo Del Viento,Female,2017,1.2410009666886481
23678,San Carlos,Female,2017,1.3116748032338512
23682,San José De Uré,Female,2017,0.3994735968078929
23686,San Pelayo,Female,2017,1.4152834128913587
23807,Tierralta,Female,2017,1.0408724470158384
23815,Tuchín,Female,2017,0.4612286925116412
23855,Valencia,Female,2017,1.194999956564056
25001,Agua De Dios,Female,2017,1.623797378686548
25019,Albán,Female,2017,1.120008330397992
25035,Anapoima,Female,2017,1.243406629513691
25040,Anolaima,Female,2017,1.2913617827915327
25053,Arbeláez,Female,2017,1.1516874521814493
25086,Beltrán,Female,2017,1.2753178980557978
25095,Bituima,Female,2017,1.1235522101810815
25099,Bojacá,Female,2017,1.164285489118164
25120,Cabrera,Female,2017,0.9962670776035765
25123,Cachipay,Female,2017,1.3462222693167218
25126,Cajicá,Female,2017,1.1515891905057325
25148,Caparrapí,Female,2017,1.3626018147947498
25151,Cáqueza,Female,2017,1.3068322285974057
25154,Carmen De Carupa,Female,2017,1.2304478975531772
25168,Chaguaní,Female,2017,1.4887143022908054
25175,Chía,Female,2017,1.4689804905921942
25178,Chipaque,Female,2017,1.1364336854435348
25181,Choachí,Female,2017,1.2485315977995337
25183,Chocontá,Female,2017,1.4832500214865
25200,Cogua,Female,2017,1.1344513153329243
25214,Cota,Female,2017,1.1147824505383501
25224,Cucunubá,Female,2017,0.9868260326301709
25245,El Colegio,Female,2017,1.3593437478205483
25258,El Peñón,Female,2017,1.2602359939813494
25260,El Rosal,Female,2017,0.9702913789016133
25269,Facatativá,Female,2017,1.4309950199877581
25279,Fómeque,Female,2017,1.1650544789527963
25281,Fosca,Female,2017,1.2130195470016716
25286,Funza,Female,2017,1.2195683450827184
25288,Fúquene,Female,2017,1.067052688642773
25290,Fusagasugá,Female,2017,1.5023258154146082
25293,Gachalá,Female,2017,1.450406211808708
25295,Gachancipá,Female,2017,1.082097196283336
25297,Gachetá,Female,2017,1.7660640611339338
25299,Gama,Female,2017,1.3936014170354967
25307,Girardot,Female,2017,2.2285908776368535
25312,Granada,Female,2017,1.0550405618245338
25317,Guachetá,Female,2017,1.007944115657926
25320,Guaduas,Female,2017,1.4675469335304585
25322,Guasca,Female,2017,1.0494186662963916
25324,Guataquí,Female,2017,1.3414137345395523
25326,Guatavita,Female,2017,1.4120621454279487
25328,Guayabal De Síquima,Female,2017,1.1757312773596083
25335,Guayabetal,Female,2017,0.951211465037897
25339,Gutiérrez,Female,2017,1.0774949311510318
25368,Jerusalén,Female,2017,1.1682305620943128
25372,Junín,Female,2017,1.782126826694283
25377,La Calera,Female,2017,1.3947923410917638
25386,La Mesa,Female,2017,1.5217700882348952
25394,La Palma,Female,2017,1.4564684170213134
25398,La Peña,Female,2017,1.4367211679407272
25402,La Vega,Female,2017,1.2867241817639514
25407,Lenguazaque,Female,2017,1.0401846804422277
25426,Machetá,Female,2017,1.5278046338592577
25430,Madrid,Female,2017,1.0951937730529253
25436,Manta,Female,2017,1.5611574226968825
25438,Medina,Female,2017,1.0971508114090671
25473,Mosquera,Female,2017,1.1117012048065082
25483,Nariño,Female,2017,1.5493241952982728
25486,Nemocón,Female,2017,1.1495694665859153
25488,Nilo,Female,2017,1.0213444603436896
25489,Nimaima,Female,2017,1.3391556388936758
25491,Nocaima,Female,2017,1.1601400950194107
25506,Venecia,Female,2017,1.264776569835754
25513,Pacho,Female,2017,1.7888582137947444
25518,Paime,Female,2017,1.3554763820075468
25524,Pandi,Female,2017,1.1837071667165349
25530,Paratebueno,Female,2017,1.36636323549961
25535,Pasca,Female,2017,1.1488682930305962
25572,Puerto Salgar,Female,2017,1.372120449587741
25580,Pulí,Female,2017,1.1775203790792572
25592,Quebradanegra,Female,2017,1.2943421045663188
25594,Quetame,Female,2017,1.0697477945468103
25596,Quipile,Female,2017,1.2777402096665467
25599,Apulo,Female,2017,1.156769751096832
25612,Ricaurte,Female,2017,1.0971588972267634
25645,San Antonio Del Tequendama,Female,2017,1.1933713633217795
25649,San Bernardo,Female,2017,1.1190044628890328
25653,San Cayetano,Female,2017,1.1574062715986295
25658,San Francisco,Female,2017,1.1194642368326553
25662,San Juan De Rioseco,Female,2017,1.4677835098672785
25718,Sasaima,Female,2017,1.2686366305784922
25736,Sesquilé,Female,2017,1.2505768152571741
25740,Sibaté,Female,2017,1.4983131818158428
25743,Silvania,Female,2017,1.265394654103527
25745,Simijaca,Female,2017,1.1557936870549759
25754,Soacha,Female,2017,1.1037694149362611
25758,Sopó,Female,2017,1.5030918768400627
25769,Subachoque,Female,2017,1.0637982630555174
25772,Suesca,Female,2017,1.162313962763277
25777,Supatá,Female,2017,1.1401128620255212
25779,Susa,Female,2017,1.0630766479859586
25781,Sutatausa,Female,2017,1.095767974317981
25785,Tabio,Female,2017,1.2401171443262984
25793,Tausa,Female,2017,0.8923932328302818
25797,Tena,Female,2017,1.1117952734851866
25799,Tenjo,Female,2017,1.3715765476896187
25805,Tibacuy,Female,2017,1.1559695181441865
25807,Tibirita,Female,2017,1.7877398677319747
25815,Tocaima,Female,2017,1.4259346197447853
25817,Tocancipá,Female,2017,1.0783538283325642
25823,Topaipí,Female,2017,1.3537889519848643
25839,Ubalá,Female,2017,1.3300096805944135
25841,Ubaque,Female,2017,1.4366355058176712
25843,Villa De San Diego De Ubaté,Female,2017,1.5587942523470455
25845,Une,Female,2017,1.2082554914580217
25851,Útica,Female,2017,1.2805301313580437
25862,Vergara,Female,2017,1.4749428911680595
25867,Vianí,Female,2017,1.18920804998452
25871,Villagómez,Female,2017,1.160116160441823
25873,Villapinzón,Female,2017,1.0875501715454003
25875,Villeta,Female,2017,1.6047572352226869
25878,Viotá,Female,2017,1.2814042643210917
25885,Yacopí,Female,2017,1.463899278540025
25898,Zipacón,Female,2017,1.1132807615691545
25899,Zipaquirá,Female,2017,1.355518326348343
27001,Quibdó,Female,2017,1.2157415202785293
27006,Acandí,Female,2017,1.079734123974857
27025,Alto Baudó,Female,2017,1.0676251695145644
27050,Atrato,Female,2017,1.1638170585072676
27073,Bagadó,Female,2017,0.8535366396272578
27075,Bahía Solano,Female,2017,0.9572071911563151
27077,Bajo Baudó,Female,2017,0.9560546818207954
27099,Bojayá,Female,2017,0.7744659471469929
27135,El Cantón Del San Pablo,Female,2017,1.019039393512027
27150,Carmen Del Darién,Female,2017,0.9106176100695178
27160,Cértegui,Female,2017,1.22973941645533
27205,Condoto,Female,2017,1.1715795907030664
27245,El Carmen De Atrato,Female,2017,1.1554567070406525
27250,El Litoral Del San Juan,Female,2017,0.8861926658354582
27361,Istmina,Female,2017,1.1105341791040708
27372,Juradó,Female,2017,0.8822863929920504
27413,Lloró,Female,2017,0.6920750557720823
27425,Medio Atrato,Female,2017,1.2603467321004835
27430,Medio Baudó,Female,2017,1.0176837899609683
27450,Medio San Juan,Female,2017,0.988928586650715
27491,Nóvita,Female,2017,1.0859282124361824
27495,Nuquí,Female,2017,0.908211563228926
27580,Río Iró,Female,2017,0.903167133389656
27600,Río Quito,Female,2017,1.2426643485581854
27615,Riosucio,Female,2017,1.3853066506072358
27660,San José Del Palmar,Female,2017,1.1580743664751845
27745,Sipí,Female,2017,0.9477542534902015
27787,Tadó,Female,2017,1.3364878975764103
27800,Unguía,Female,2017,1.002295317711511
27810,Unión Panamericana,Female,2017,1.2757396361080973
41001,Neiva,Female,2017,1.3006000487635248
41006,Acevedo,Female,2017,1.6035399276415347
41013,Agrado,Female,2017,1.1932409886905466
41016,Aipe,Female,2017,1.1222976877415922
41020,Algeciras,Female,2017,1.1889328962377301
41026,Altamira,Female,2017,1.1346719211216663
41078,Baraya,Female,2017,1.257730074166512
41132,Campoalegre,Female,2017,1.4313796934056395
41206,Colombia,Female,2017,1.1684064639127356
41244,Elías,Female,2017,0.9634636876461101
41298,Garzón,Female,2017,1.1206962076299098
41306,Gigante,Female,2017,1.146263482495809
41319,Guadalupe,Female,2017,1.1485662582088743
41349,Hobo,Female,2017,1.0431378952070467
41357,Íquira,Female,2017,1.1337971921884356
41359,Isnos,Female,2017,1.1138164391868999
41378,La Argentina,Female,2017,1.1974507856461012
41396,La Plata,Female,2017,1.0869648784166457
41483,Nátaga,Female,2017,1.0407952781780698
41503,Oporapa,Female,2017,1.0679226683620857
41518,Paicol,Female,2017,1.0041976778739163
41524,Palermo,Female,2017,1.0531921882648034
41530,Palestina,Female,2017,1.1826946516493273
41548,Pital,Female,2017,0.9646051391341607
41551,Pitalito,Female,2017,1.437092064582987
41615,Rivera,Female,2017,1.0615873358600953
41660,Saladoblanco,Female,2017,1.136370669212588
41668,San Agustín,Female,2017,1.1045142291116634
41676,Santa María,Female,2017,1.001476943041599
41770,Suaza,Female,2017,0.9353148030252691
41791,Tarqui,Female,2017,1.1466463603711905
41797,Tesalia,Female,2017,1.0915947958203318
41799,Tello,Female,2017,1.0370412634498536
41801,Teruel,Female,2017,1.0716343458422297
41807,Timaná,Female,2017,1.1220748306523896
41872,Villavieja,Female,2017,1.2529317940251892
41885,Yaguará,Female,2017,1.087388083465155
44001,Riohacha,Female,2017,1.0929167443635615
44035,Albania,Female,2017,0.8183550099501965
44078,Barrancas,Female,2017,0.9315498223876835
44090,Dibulla,Female,2017,0.8973569965652727
44098,Distracción,Female,2017,0.9176391308130306
44110,El Molino,Female,2017,1.0595087936270957
44279,Fonseca,Female,2017,0.8780907657232007
44378,Hatonuevo,Female,2017,0.8787716589608149
44420,La Jagua Del Pilar,Female,2017,0.8245359375756386
44430,Maicao,Female,2017,1.0652822103343949
44560,Manaure,Female,2017,0.93438980816768
44650,San Juan Del Cesar,Female,2017,1.0246494659368632
44847,Uribia,Female,2017,1.2040249686275266
44855,Urumita,Female,2017,0.932070803381776
44874,Villanueva,Female,2017,0.8670402800075949
47001,Santa Marta,Female,2017,1.208589725344457
47030,Algarrobo,Female,2017,0.9227022566966511
47053,Aracataca,Female,2017,0.8863926586928136
47058,Ariguaní,Female,2017,1.1104004813816846
47161,Cerro De San Antonio,Female,2017,1.192007133574284
47170,Chivolo,Female,2017,1.0041467763762681
47189,Ciénaga,Female,2017,1.1081017842057344
47205,Concordia,Female,2017,1.3528703065250347
47245,El Banco,Female,2017,1.059829368536188
47258,El Piñón,Female,2017,1.090707760650976
47268,El Retén,Female,2017,1.069806429861081
47288,Fundación,Female,2017,1.0773433543527717
47318,Guamal,Female,2017,1.0708001729804892
47460,Nueva Granada,Female,2017,1.0743464166342955
47541,Pedraza,Female,2017,1.1007653445782257
47545,Pijiño Del Carmen,Female,2017,0.9349798431583846
47551,Pivijay,Female,2017,1.2151178341366813
47555,Plato,Female,2017,1.044744038638505
47570,Puebloviejo,Female,2017,1.0433799103956733
47605,Remolino,Female,2017,1.1642247336772205
47660,Sabanas De San Ángel,Female,2017,0.9962182310566208
47675,Salamina,Female,2017,1.2505039726028888
47692,San Sebastián De Buenavista,Female,2017,1.1286980516783907
47703,San Zenón,Female,2017,0.8950736837551663
47707,Santa Ana,Female,2017,0.9379994767466426
47720,Santa Bárbara De Pinto,Female,2017,1.1369959654449653
47745,Sitionuevo,Female,2017,1.225024457899302
47798,Tenerife,Female,2017,1.0435151707724633
47960,Zapayán,Female,2017,1.2179168935817788
47980,Zona Bananera,Female,2017,0.9639608960696067
50001,Villavicencio,Female,2017,1.1888496980620538
50006,Acacías,Female,2017,1.052559333552258
50110,Barranca De Upía,Female,2017,0.8985974950174905
50124,Cabuyaro,Female,2017,0.8908136436973283
50150,Castilla La Nueva,Female,2017,0.9250560893188329
50223,Cubarral,Female,2017,1.2196985905513749
50226,Cumaral,Female,2017,1.020415553140967
50245,El Calvario,Female,2017,0.8236196866775758
50251,El Castillo,Female,2017,1.0178798298933798
50270,El Dorado,Female,2017,1.1264979756334224
50287,Fuente De Oro,Female,2017,1.2383944714100117
50313,Granada,Female,2017,1.3607017373379295
50318,Guamal,Female,2017,1.0768863634577421
50325,Mapiripán,Female,2017,0.767228732680277
50330,Mesetas,Female,2017,1.1569175109552337
50350,La Macarena,Female,2017,1.030429260296972
50370,Uribe,Female,2017,1.0783700246958545
50400,Lejanías,Female,2017,1.142261961995878
50450,Puerto Concordia,Female,2017,0.9473313580154069
50568,Puerto Gaitán,Female,2017,0.8417145765783415
50573,Puerto López,Female,2017,1.242918248640848
50577,Puerto Lleras,Female,2017,0.9932278321890989
50590,Puerto Rico,Female,2017,1.0413554149421704
50606,Restrepo,Female,2017,1.038256397042815
50680,San Carlos De Guaroa,Female,2017,0.8670913973010915
50683,San Juan De Arama,Female,2017,1.1231029041909484
50686,San Juanito,Female,2017,1.4069861747515917
50689,San Martín,Female,2017,1.003754495541125
50711,Vistahermosa,Female,2017,1.110038351344765
52001,Pasto,Female,2017,1.3222198961346365
52019,Albán,Female,2017,1.7943271281863402
52022,Aldana,Female,2017,1.5347025302589743
52036,Ancuya,Female,2017,1.62645446484425
52051,Arboleda,Female,2017,1.682863037384373
52079,Barbacoas,Female,2017,0.993717225031872
52083,Belén,Female,2017,1.7604279112837309
52110,Buesaco,Female,2017,1.4841619245643756
52203,Colón,Female,2017,1.652634373410502
52207,Consacá,Female,2017,1.7325530158282874
52210,Contadero,Female,2017,1.556861684710954
52215,Córdoba,Female,2017,1.4031429725499618
52224,Cuaspud Carlosama,Female,2017,1.5939188538605908
52227,Cumbal,Female,2017,1.2589928668801837
52233,Cumbitara,Female,2017,1.4438980878881909
52240,Chachagüí,Female,2017,1.4162989140286169
52250,El Charco,Female,2017,0.9917694679811725
52254,El Peñol,Female,2017,1.9261314532179885
52256,El Rosario,Female,2017,1.735680709973572
52258,El Tablón De Gómez,Female,2017,1.736296470461108
52260,El Tambo,Female,2017,1.5788853325981245
52287,Funes,Female,2017,1.6055059572012587
52317,Guachucal,Female,2017,1.7047309576392071
52320,Guaitarilla,Female,2017,1.5959894537820343
52323,Gualmatán,Female,2017,1.780517580694956
52352,Iles,Female,2017,1.5519678606301044
52354,Imués,Female,2017,1.8657561954643236
52356,Ipiales,Female,2017,1.304102965064412
52378,La Cruz,Female,2017,1.6012933419286373
52381,La Florida,Female,2017,2.2714083627782533
52385,La Llanada,Female,2017,1.1995184546961006
52390,La Tola,Female,2017,1.022476623266512
52399,La Unión,Female,2017,1.852284100713545
52405,Leiva,Female,2017,1.402392748383274
52411,Linares,Female,2017,1.7330773868195277
52418,Los Andes,Female,2017,1.5324442761113442
52427,Magüí,Female,2017,0.9341679187789598
52435,Mallama,Female,2017,1.3953188274255208
52473,Mosquera,Female,2017,1.391673926323609
52480,Nariño,Female,2017,1.9118155503864984
52490,Olaya Herrera,Female,2017,1.0446300279759058
52506,Ospina,Female,2017,1.5690873796096991
52520,Francisco Pizarro,Female,2017,1.1800963687606296
52540,Policarpa,Female,2017,2.0551428487196852
52560,Potosí,Female,2017,1.2601136835357005
52565,Providencia,Female,2017,1.7045415726890756
52573,Puerres,Female,2017,1.4252582409075705
52585,Pupiales,Female,2017,1.6183421773748525
52612,Ricaurte,Female,2017,1.1146849808922397
52621,Roberto Payán,Female,2017,1.09055878420656
52678,Samaniego,Female,2017,1.796329557695535
52683,Sandoná,Female,2017,1.6800134315747426
52685,San Bernardo,Female,2017,1.9046172840016986
52687,San Lorenzo,Female,2017,1.7333254291584523
52693,San Pablo,Female,2017,1.7384144578502607
52694,San Pedro De Cartago,Female,2017,1.7063811197722385
52696,Santa Bárbara,Female,2017,1.051960417522839
52699,Santacruz,Female,2017,1.7082623329171658
52720,Sapuyes,Female,2017,1.817590682090912
52786,Taminango,Female,2017,1.7862029149959837
52788,Tangua,Female,2017,1.8162986084748922
52835,San Andrés De Tumaco,Female,2017,1.1808709673228606
52838,Túquerres,Female,2017,1.5287930401702332
52885,Yacuanquer,Female,2017,1.7513393828411095
54001,San José De Cúcuta,Female,2017,1.3797364277071729
54003,Ábrego,Female,2017,1.1673321938126011
54051,Arboledas,Female,2017,1.1643123657012768
54099,Bochalema,Female,2017,1.1653883069598416
54109,Bucarasica,Female,2017,1.032965343549859
54125,Cácota,Female,2017,1.2629435341047472
54128,Cáchira,Female,2017,1.099007732296388
54172,Chinácota,Female,2017,1.1681465698271702
54174,Chitagá,Female,2017,1.180705016265668
54206,Convención,Female,2017,1.079198274295095
54223,Cucutilla,Female,2017,1.4442205666472085
54239,Durania,Female,2017,1.300528139905073
54245,El Carmen,Female,2017,1.0755870054410088
54250,El Tarra,Female,2017,0.9309201982772103
54261,El Zulia,Female,2017,1.3924732992530444
54313,Gramalote,Female,2017,1.2565606669088794
54344,Hacarí,Female,2017,0.9414931525678317
54347,Herrán,Female,2017,1.4940786794181216
54377,Labateca,Female,2017,1.1642561062545471
54385,La Esperanza,Female,2017,0.9720601241482456
54398,La Playa,Female,2017,1.1894412324997705
54405,Los Patios,Female,2017,1.2225005565298526
54418,Lourdes,Female,2017,0.9955295588260596
54480,Mutiscua,Female,2017,1.169096283870343
54498,Ocaña,Female,2017,1.25885859652635
54518,Pamplona,Female,2017,1.2406210104995758
54520,Pamplonita,Female,2017,1.163624257567437
54553,Puerto Santander,Female,2017,2.314976531186919
54599,Ragonvalia,Female,2017,1.3755868444073196
54660,Salazar,Female,2017,1.102602201785916
54670,San Calixto,Female,2017,0.9859956531531389
54673,San Cayetano,Female,2017,1.1008311719932966
54680,Santiago,Female,2017,1.256308377894154
54720,Sardinata,Female,2017,0.9727851038086203
54743,Silos,Female,2017,1.1799490887094177
54800,Teorama,Female,2017,1.0061438960608862
54810,Tibú,Female,2017,1.4169919912682367
54820,Toledo,Female,2017,1.1741455626827133
54871,Villa Caro,Female,2017,1.1274370460101513
54874,Villa Del Rosario,Female,2017,1.1749973432014587
63001,Armenia,Female,2017,1.6129060568216183
63111,Buenavista,Female,2017,1.1971897325118337
63130,Calarcá,Female,2017,1.471252990081997
63190,Circasia,Female,2017,1.7419684628106937
63212,Córdoba,Female,2017,1.2981176022481193
63272,Filandia,Female,2017,1.4184067470569754
63302,Génova,Female,2017,2.0683433554862014
63401,La Tebaida,Female,2017,1.54662617146243
63470,Montenegro,Female,2017,1.393107580902217
63548,Pijao,Female,2017,1.6141915515628695
63594,Quimbaya,Female,2017,1.6102297464303441
63690,Salento,Female,2017,1.411903423745476
66001,Pereira,Female,2017,1.491522633239397
66045,Apía,Female,2017,1.4084546380966163
66075,Balboa,Female,2017,1.4317021844173647
66088,Belén De Umbría,Female,2017,1.3870004047257245
66170,Dosquebradas,Female,2017,1.3987971336577811
66318,Guática,Female,2017,1.4298435832683627
66383,La Celia,Female,2017,1.5119851892707623
66400,La Virginia,Female,2017,2.264312705040206
66440,Marsella,Female,2017,1.3263129136467402
66456,Mistrató,Female,2017,0.9037942357753633
66572,Pueblo Rico,Female,2017,1.052928968232786
66594,Quinchía,Female,2017,1.2974750447798844
66682,Santa Rosa De Cabal,Female,2017,1.3045682096473037
66687,Santuario,Female,2017,1.4547852704686097
68001,Bucaramanga,Female,2017,1.3603849857707266
68013,Aguada,Female,2017,2.788873475527638
68020,Albania,Female,2017,1.3792125698973063
68051,Aratoca,Female,2017,1.298007404606323
68077,Barbosa,Female,2017,1.2339761572269397
68079,Barichara,Female,2017,1.2462735773122111
68081,Barrancabermeja,Female,2017,1.310594040592842
68092,Betulia,Female,2017,1.0926845866219748
68101,Bolívar,Female,2017,1.2538812517616902
68121,Cabrera,Female,2017,1.8790813860405322
68132,California,Female,2017,0.9619917503293358
68147,Capitanejo,Female,2017,1.2830226040868158
68152,Carcasí,Female,2017,1.3178899654893566
68160,Cepitá,Female,2017,1.1698401173192134
68162,Cerrito,Female,2017,1.2090917877936107
68167,Charalá,Female,2017,1.2288672031626833
68169,Charta,Female,2017,1.2531562485187064
68176,Chima,Female,2017,1.2245515823152882
68179,Chipatá,Female,2017,1.4457806949902519
68190,Cimitarra,Female,2017,1.2347709966820135
68207,Concepción,Female,2017,1.1620458607426012
68209,Confines,Female,2017,0.9774554180338996
68211,Contratación,Female,2017,1.373660302581042
68217,Coromoro,Female,2017,1.2080220658305427
68229,Curití,Female,2017,1.2152531708031704
68235,El Carmen De Chucuri,Female,2017,1.3389843583313492
68245,El Guacamayo,Female,2017,1.2367828165795507
68250,El Peñón,Female,2017,1.1154406445909657
68255,El Playón,Female,2017,1.1422321241880569
68264,Encino,Female,2017,0.9499308722593812
68266,Enciso,Female,2017,1.3513987525925857
68271,Florián,Female,2017,1.3366982047068316
68276,Floridablanca,Female,2017,1.3073987055760155
68296,Galán,Female,2017,1.2573093616012263
68298,Gámbita,Female,2017,1.1074158193433323
68307,Girón,Female,2017,1.143384921958447
68318,Guaca,Female,2017,1.4447511162382558
68320,Guadalupe,Female,2017,1.2628916471664322
68322,Guapotá,Female,2017,1.5876636418953316
68324,Guavatá,Female,2017,1.6705252674967621
68327,Güepsa,Female,2017,1.2431625705202787
68344,Hato,Female,2017,1.289309229983505
68368,Jesús María,Female,2017,1.4497135642190662
68370,Jordán,Female,2017,1.3309014951010916
68377,La Belleza,Female,2017,1.190895213759967
68385,Landázuri,Female,2017,1.326031787322895
68397,La Paz,Female,2017,1.264405132032763
68406,Lebrija,Female,2017,1.1157225832618103
68418,Los Santos,Female,2017,1.2621243138664426
68425,Macaravita,Female,2017,1.0309088475992607
68432,Málaga,Female,2017,1.158984647365095
68444,Matanza,Female,2017,1.2899553655772564
68464,Mogotes,Female,2017,1.393748161929758
68468,Molagavita,Female,2017,1.437680162158768
68498,Ocamonte,Female,2017,1.1441301036429727
68500,Oiba,Female,2017,1.2667415233395127
68502,Onzaga,Female,2017,1.7136892783911981
68522,Palmar,Female,2017,1.2248000753906627
68524,Palmas Del Socorro,Female,2017,1.109402104977943
68533,Páramo,Female,2017,1.0813161947318075
68547,Piedecuesta,Female,2017,1.1759333150888558
68549,Pinchote,Female,2017,1.2192474706289134
68572,Puente Nacional,Female,2017,1.2487622264032607
68573,Puerto Parra,Female,2017,0.9312346434298764
68575,Puerto Wilches,Female,2017,0.9883131296432589
68615,Rionegro,Female,2017,1.1395755929254823
68655,Sabana De Torres,Female,2017,0.9900501100723104
68669,San Andrés,Female,2017,1.3776718872394147
68673,San Benito,Female,2017,1.5635196229792978
68679,San Gil,Female,2017,1.202015675408326
68682,San Joaquín,Female,2017,1.4467832022496665
68684,San José De Miranda,Female,2017,1.3495671982929698
68686,San Miguel,Female,2017,0.9999810140467532
68689,San Vicente De Chucurí,Female,2017,1.120255872059195
68705,Santa Bárbara,Female,2017,1.510374928663492
68720,Santa Helena Del Opón,Female,2017,1.0969148519269922
68745,Simacota,Female,2017,1.1449076974681078
68755,Socorro,Female,2017,1.2671859600902429
68770,Suaita,Female,2017,1.3062060182490582
68773,Sucre,Female,2017,1.3321138517387476
68780,Suratá,Female,2017,1.285151968056461
68820,Tona,Female,2017,1.1951254055405633
68855,Valle De San José,Female,2017,1.1783454593861271
68861,Vélez,Female,2017,1.4760931847728254
68867,Vetas,Female,2017,1.162160710944537
68872,Villanueva,Female,2017,1.2018780159697737
68895,Zapatoca,Female,2017,1.3017589182974345
70001,Sincelejo,Female,2017,1.3038528070548507
70110,Buenavista,Female,2017,1.1101372995818803
70124,Caimito,Female,2017,1.1559334587208094
70204,Colosó,Female,2017,1.3276030055111339
70215,Corozal,Female,2017,1.1869656865553186
70221,Coveñas,Female,2017,1.039881352373278
70230,Chalán,Female,2017,1.335541669537323
70233,El Roble,Female,2017,1.2504021033081831
70235,Galeras,Female,2017,1.002636693256218
70265,Guaranda,Female,2017,1.0876507811413207
70400,La Unión,Female,2017,1.2404096409172938
70418,Los Palmitos,Female,2017,1.1192049801353472
70429,Majagual,Female,2017,1.1845666862100785
70473,Morroa,Female,2017,1.1594100890727623
70508,Ovejas,Female,2017,1.259197807562306
70523,Palmito,Female,2017,1.1245021478167532
70670,Sampués,Female,2017,1.1843052355120782
70678,San Benito Abad,Female,2017,1.1704775677005534
70702,San Juan De Betulia,Female,2017,1.3194173998974263
70708,San Marcos,Female,2017,1.1644176029815267
70713,San Onofre,Female,2017,1.097051140709785
70717,San Pedro,Female,2017,1.214733935700229
70742,San Luis De Sincé,Female,2017,1.2504832737769431
70771,Sucre,Female,2017,1.1933058203784908
70820,Santiago De Tolú,Female,2017,1.0152945546788177
70823,San José De Toluviejo,Female,2017,1.1858836152709482
73001,Ibagué,Female,2017,1.2638115371643166
73024,Alpujarra,Female,2017,1.0715037661301552
73026,Alvarado,Female,2017,1.294007804907918
73030,Ambalema,Female,2017,1.150102606033517
73043,Anzoátegui,Female,2017,1.1645175843503395
73055,Armero,Female,2017,1.1693907889703674
73067,Ataco,Female,2017,1.014139396908448
73124,Cajamarca,Female,2017,1.248522350976549
73148,Carmen De Apicalá,Female,2017,1.1387887060269704
73152,Casabianca,Female,2017,1.1226546370519022
73168,Chaparral,Female,2017,1.1756727996317464
73200,Coello,Female,2017,1.167150198814076
73217,Coyaima,Female,2017,1.1473356181320284
73226,Cunday,Female,2017,1.0770049942954076
73236,Dolores,Female,2017,1.0727282637727884
73268,Espinal,Female,2017,1.416709863575352
73270,Falan,Female,2017,1.1393381907919886
73275,Flandes,Female,2017,1.0751103814277436
73283,Fresno,Female,2017,1.3927383738593027
73319,Guamo,Female,2017,1.2305496662758033
73347,Herveo,Female,2017,1.3987968481519524
73349,Honda,Female,2017,1.5417162834166518
73352,Icononzo,Female,2017,1.1166973812934302
73408,Lérida,Female,2017,1.2735128567808451
73411,Líbano,Female,2017,1.3716234662767266
73443,San Sebastián De Mariquita,Female,2017,1.21589039673992
73449,Melgar,Female,2017,1.4035436280223497
73461,Murillo,Female,2017,1.2278037199298466
73483,Natagaima,Female,2017,1.5465931904498964
73504,Ortega,Female,2017,1.0855590071985535
73520,Palocabildo,Female,2017,1.0693998987282334
73547,Piedras,Female,2017,1.1624711344336396
73555,Planadas,Female,2017,1.2939121044321713
73563,Prado,Female,2017,1.1164244579688438
73585,Purificación,Female,2017,1.27356001241434
73616,Rioblanco,Female,2017,0.9058240494674193
73622,Roncesvalles,Female,2017,1.0489616471650531
73624,Rovira,Female,2017,1.2702483841552248
73671,Saldaña,Female,2017,1.3175526903098864
73675,San Antonio,Female,2017,1.0707494825816748
73678,San Luis,Female,2017,1.2556289676830068
73686,Santa Isabel,Female,2017,1.2339120723386627
73770,Suárez,Female,2017,1.3456876205443886
73854,Valle De San Juan,Female,2017,1.1537990212378872
73861,Venadillo,Female,2017,1.176640300363622
73870,Villahermosa,Female,2017,1.2492719091075983
73873,Villarrica,Female,2017,1.0793105106123542
76001,Cali,Female,2017,1.2774971621102027
76020,Alcalá,Female,2017,1.3588160849523074
76036,Andalucía,Female,2017,1.3657749268042518
76041,Ansermanuevo,Female,2017,1.482415341797421
76054,Argelia,Female,2017,1.0646189202603638
76100,Bolívar,Female,2017,0.9296737776481657
76109,Buenaventura,Female,2017,0.9423875784479062
76111,Guadalajara De Buga,Female,2017,1.1734273924684797
76113,Bugalagrande,Female,2017,1.2396710945845908
76122,Caicedonia,Female,2017,1.5930436369262053
76126,Calima,Female,2017,1.1585409318888589
76130,Candelaria,Female,2017,0.9987647654615499
76147,Cartago,Female,2017,1.371591837520497
76233,Dagua,Female,2017,1.0317722413225323
76243,El Águila,Female,2017,1.138057679104916
76246,El Cairo,Female,2017,1.0173424871314989
76248,El Cerrito,Female,2017,1.1925859528398963
76250,El Dovio,Female,2017,1.1256958684932015
76275,Florida,Female,2017,1.0570216556699035
76306,Ginebra,Female,2017,1.047238715825255
76318,Guacarí,Female,2017,1.1730070359309843
76364,Jamundí,Female,2017,1.1214248149538544
76377,La Cumbre,Female,2017,1.2053233422323124
76400,La Unión,Female,2017,1.2791198192554643
76403,La Victoria,Female,2017,1.2202723315443802
76497,Obando,Female,2017,1.061535906817813
76520,Palmira,Female,2017,1.1800067787097046
76563,Pradera,Female,2017,1.2704778982543827
76606,Restrepo,Female,2017,1.0560317990956347
76616,Riofrío,Female,2017,0.997489162207701
76622,Roldanillo,Female,2017,1.163761497932747
76670,San Pedro,Female,2017,1.2873130245713682
76736,Sevilla,Female,2017,1.2111779855573053
76823,Toro,Female,2017,1.0983466046679171
76828,Trujillo,Female,2017,1.019861919347445
76834,Tuluá,Female,2017,1.1783750745334267
76845,Ulloa,Female,2017,1.0067195218700031
76863,Versalles,Female,2017,1.1189553852477638
76869,Vijes,Female,2017,1.0290051132764197
76890,Yotoco,Female,2017,1.1873696347351057
76892,Yumbo,Female,2017,1.083487829827848
76895,Zarzal,Female,2017,1.0540100028299126
81001,Arauca,Female,2017,1.1490705964535508
81065,Arauquita,Female,2017,0.9714606114242416
81220,Cravo Norte,Female,2017,1.1757454201644653
81300,Fortul,Female,2017,1.213018888837163
81591,Puerto Rondón,Female,2017,1.1382058819339702
81736,Saravena,Female,2017,1.0907776732232457
81794,Tame,Female,2017,1.727397898489623
85001,Yopal,Female,2017,1.085061359519094
85010,Aguazul,Female,2017,1.1239143063813073
85015,Chámeza,Female,2017,1.0144221090392478
85125,Hato Corozal,Female,2017,0.8916117356500746
85136,La Salina,Female,2017,0.8292044073146999
85139,Maní,Female,2017,0.9896594716619268
85162,Monterrey,Female,2017,1.1064304725504366
85225,Nunchía,Female,2017,1.1705647107001964
85230,Orocué,Female,2017,0.8405966658432189
85250,Paz De Ariporo,Female,2017,0.9679350283457377
85263,Pore,Female,2017,1.0199789663666072
85279,Recetor,Female,2017,1.1130911738835452
85300,Sabanalarga,Female,2017,1.2945343241701623
85315,Sácama,Female,2017,0.9427160456171357
85325,San Luis De Palenque,Female,2017,0.9912572351908798
85400,Támara,Female,2017,0.9375266794968904
85410,Tauramena,Female,2017,0.9264932754476632
85430,Trinidad,Female,2017,0.9835567838988839
85440,Villanueva,Female,2017,1.021060601333479
86001,Mocoa,Female,2017,2.2088323229703373
86219,Colón,Female,2017,1.2541803342931142
86320,Orito,Female,2017,1.0696903425488336
86568,Puerto Asís,Female,2017,1.203490223906695
86569,Puerto Caicedo,Female,2017,1.0466329098200422
86571,Puerto Guzmán,Female,2017,0.9428895854155745
86573,Puerto Leguízamo,Female,2017,0.8117514069200711
86749,Sibundoy,Female,2017,1.2061314151570235
86755,San Francisco,Female,2017,1.078590776957469
86757,San Miguel,Female,2017,1.06118034833485
86760,Santiago,Female,2017,1.1724905934499195
86865,Valle Del Guamuez,Female,2017,1.243587000621099
86885,Villagarzón,Female,2017,0.9935018595495796
88001,San Andrés,Female,2017,1.2527933099727833
88564,Providencia,Female,2017,1.1931681535886685
91001,Leticia,Female,2017,0.9801746988333868
91263,El Encanto,Female,2017,0.6879271843181322
91405,La Chorrera,Female,2017,0.6552324366527332
91407,La Pedrera,Female,2017,0.9494830835399589
91430,La Victoria,Female,2017,1.2513489325958984
91460,Mirití - Paraná,Female,2017,0.8035204172934466
91530,Puerto Alegría,Female,2017,0.7679368585731814
91536,Puerto Arica,Female,2017,1.0291325274329661
91540,Puerto Nariño,Female,2017,0.7966827975934416
91669,Puerto Santander,Female,2017,0.7495529521701039
91798,Tarapacá,Female,2017,0.7654941661245434
94001,Inírida,Female,2017,0.9181147051839268
94343,Barrancominas,Female,2017,0.3863052166588864
94883,San Felipe,Female,2017,0.5856258181873121
94884,Puerto Colombia,Female,2017,0.5979278508816391
94885,La Guadalupe,Female,2017,0.4683352300092804
94886,Cacahual,Female,2017,0.521180792415193
94887,Pana Pana,Female,2017,0.6296940244948099
94888,Morichal,Female,2017,0.5276324270160259
95001,San José Del Guaviare,Female,2017,1.0835002718397961
95015,Calamar,Female,2017,0.9394781277284231
95025,El Retorno,Female,2017,0.8263151579647252
95200,Miraflores,Female,2017,0.8037924410453225
97001,Mitú,Female,2017,0.6301249426359022
97161,Carurú,Female,2017,0.6198264076239344
97511,Pacoa,Female,2017,0.5071100725770922
97666,Taraira,Female,2017,0.8642370525599518
97777,Papunahua,Female,2017,0.6397676310318557
97889,Yavaraté,Female,2017,0.5077276451617
99001,Puerto Carreño,Female,2017,1.2951747845152812
99524,La Primavera,Female,2017,1.0336464787290405
99624,Santa Rosalía,Female,2017,0.8693764840979628
99773,Cumaribo,Female,2017,0.7960031927148155
5001,Medellín,Male,2017,3.415432457790796
5002,Abejorral,Male,2017,4.10561458737864
5004,Abriaquí,Male,2017,3.6159066748788224
5021,Alejandría,Male,2017,2.9917967873016176
5030,Amagá,Male,2017,4.045769816554668
5031,Amalfi,Male,2017,3.083784911252436
5034,Andes,Male,2017,4.558370080156885
5036,Angelópolis,Male,2017,5.404243541911985
5038,Angostura,Male,2017,3.510780755980972
5040,Anorí,Male,2017,3.068960485321956
5042,Santa Fé De Antioquia,Male,2017,3.2260312545070917
5044,Anzá,Male,2017,3.431553406289531
5045,Apartadó,Male,2017,3.7171081103616213
5051,Arboletes,Male,2017,2.7718325227776095
5055,Argelia,Male,2017,3.268607568757785
5059,Armenia,Male,2017,4.297048637293339
5079,Barbosa,Male,2017,3.750197247836107
5086,Belmira,Male,2017,4.004579015917382
5088,Bello,Male,2017,3.1979150198486592
5091,Betania,Male,2017,3.9316312878976385
5093,Betulia,Male,2017,3.8242689204247426
5101,Ciudad Bolívar,Male,2017,5.08443688435582
5107,Briceño,Male,2017,6.141917293186286
5113,Buriticá,Male,2017,3.3201807341682965
5120,Cáceres,Male,2017,2.728140435579285
5125,Caicedo,Male,2017,3.568406435928271
5129,Caldas,Male,2017,3.870726506934574
5134,Campamento,Male,2017,3.270131564656642
5138,Cañasgordas,Male,2017,3.3698382905181368
5142,Caracolí,Male,2017,4.630430043407919
5145,Caramanta,Male,2017,4.2364444523321305
5147,Carepa,Male,2017,2.8157239066028215
5148,El Carmen De Viboral,Male,2017,2.8528425123032886
5150,Carolina,Male,2017,4.249284097215127
5154,Caucasia,Male,2017,3.673807303046053
5172,Chigorodó,Male,2017,3.2154196066199443
5190,Cisneros,Male,2017,3.6826525314814877
5197,Cocorná,Male,2017,3.114195281336654
5206,Concepción,Male,2017,3.6297670226685805
5209,Concordia,Male,2017,3.934176826702797
5212,Copacabana,Male,2017,3.6927366518754465
5234,Dabeiba,Male,2017,2.603488286130584
5237,Donmatías,Male,2017,3.1017340438687966
5240,Ebéjico,Male,2017,4.40239330338333
5250,El Bagre,Male,2017,2.632302468952288
5264,Entrerríos,Male,2017,2.9308395811654204
5266,Envigado,Male,2017,4.4004501789575805
5282,Fredonia,Male,2017,4.286132231496213
5284,Frontino,Male,2017,2.5738829086503654
5306,Giraldo,Male,2017,2.935882678052766
5308,Girardota,Male,2017,3.480017385301724
5310,Gómez Plata,Male,2017,3.8907559439977426
5313,Granada,Male,2017,2.618402047577528
5315,Guadalupe,Male,2017,3.5632166105809677
5318,Guarne,Male,2017,3.485718760309614
5321,Guatapé,Male,2017,3.0585815931075766
5347,Heliconia,Male,2017,4.710954565534161
5353,Hispania,Male,2017,3.5917868431998645
5360,Itagüí,Male,2017,3.6661063082893
5361,Ituango,Male,2017,6.058031069541511
5364,Jardín,Male,2017,3.9067279314656584
5368,Jericó,Male,2017,3.9072711622099607
5376,La Ceja,Male,2017,3.214892142348444
5380,La Estrella,Male,2017,3.616135491138144
5390,La Pintada,Male,2017,4.728636048490209
5400,La Unión,Male,2017,3.1404741674343075
5411,Liborina,Male,2017,4.544982617467373
5425,Maceo,Male,2017,3.178594445961054
5440,Marinilla,Male,2017,2.783935877691444
5467,Montebello,Male,2017,4.218928455251907
5475,Murindó,Male,2017,2.034350678142081
5480,Mutatá,Male,2017,4.826823691910451
5483,Nariño,Male,2017,3.367999288227006
5490,Necoclí,Male,2017,2.639177923469148
5495,Nechí,Male,2017,2.691031759763171
5501,Olaya,Male,2017,3.9286379826851148
5541,Peñol,Male,2017,3.0665437723303066
5543,Peque,Male,2017,3.0215633584557655
5576,Pueblorrico,Male,2017,3.551578752094581
5579,Puerto Berrío,Male,2017,6.024370775352374
5585,Puerto Nare,Male,2017,3.328143079514472
5591,Puerto Triunfo,Male,2017,4.3476349087555946
5604,Remedios,Male,2017,2.679109401294076
5607,Retiro,Male,2017,3.5125534552521183
5615,Rionegro,Male,2017,3.508541383588443
5628,Sabanalarga,Male,2017,4.043506231991157
5631,Sabaneta,Male,2017,4.147128764695398
5642,Salgar,Male,2017,4.222863108557679
5647,San Andrés De Cuerquía,Male,2017,2.978331620963729
5649,San Carlos,Male,2017,2.980347108379834
5652,San Francisco,Male,2017,2.731996600654487
5656,San Jerónimo,Male,2017,3.4413531713429086
5658,San José De La Montaña,Male,2017,5.248514682119565
5659,San Juan De Urabá,Male,2017,2.4714223068353465
5660,San Luis,Male,2017,2.466179248801436
5664,San Pedro De Los Milagros,Male,2017,3.6535392722330884
5665,San Pedro De Urabá,Male,2017,2.9699944535132308
5667,San Rafael,Male,2017,3.4364894850747496
5670,San Roque,Male,2017,3.419035330776783
5674,San Vicente Ferrer,Male,2017,3.4480488052519584
5679,Santa Bárbara,Male,2017,3.737319977881487
5686,Santa Rosa De Osos,Male,2017,3.0213456085879313
5690,Santo Domingo,Male,2017,4.056379154956462
5697,El Santuario,Male,2017,2.320472102109236
5736,Segovia,Male,2017,3.9546653630376896
5756,Sonsón,Male,2017,3.4065929689262298
5761,Sopetrán,Male,2017,3.573795226367906
5789,Támesis,Male,2017,4.2822413409043385
5790,Tarazá,Male,2017,4.503776441792936
5792,Tarso,Male,2017,4.27061715220229
5809,Titiribí,Male,2017,4.121215178556211
5819,Toledo,Male,2017,4.081928974979777
5837,Turbo,Male,2017,3.652105738792299
5842,Uramita,Male,2017,3.0703100404318886
5847,Urrao,Male,2017,2.8313308180183974
5854,Valdivia,Male,2017,5.090330686941453
5856,Valparaíso,Male,2017,3.7155204887301108
5858,Vegachí,Male,2017,5.133613824849826
5861,Venecia,Male,2017,4.278695026659774
5873,Vigía Del Fuerte,Male,2017,2.0008178100860086
5885,Yalí,Male,2017,3.5686250789148217
5887,Yarumal,Male,2017,3.641503445791358
5890,Yolombó,Male,2017,3.5311522216475275
5893,Yondó,Male,2017,2.6818118021408166
5895,Zaragoza,Male,2017,2.776956622325819
8001,Barranquilla,Male,2017,3.6297851364516633
8078,Baranoa,Male,2017,3.078760597034049
8137,Campo De La Cruz,Male,2017,3.3787401448383054
8141,Candelaria,Male,2017,3.0254423900612517
8296,Galapa,Male,2017,2.356044101915069
8372,Juan De Acosta,Male,2017,3.2907492175818844
8421,Luruaco,Male,2017,3.1836513833974514
8433,Malambo,Male,2017,2.5612537873244814
8436,Manatí,Male,2017,2.5585994042160656
8520,Palmar De Varela,Male,2017,3.093462750602063
8549,Piojó,Male,2017,3.7317019549289108
8558,Polonuevo,Male,2017,2.8757113414841187
8560,Ponedera,Male,2017,2.922036771585879
8573,Puerto Colombia,Male,2017,2.6949225596166158
8606,Repelón,Male,2017,3.0996256050997513
8634,Sabanagrande,Male,2017,2.862877616361138
8638,Sabanalarga,Male,2017,2.823486663221713
8675,Santa Lucía,Male,2017,2.703085358178101
8685,Santo Tomás,Male,2017,3.0074665537653713
8758,Soledad,Male,2017,2.4544957863315564
8770,Suan,Male,2017,2.7505732722182366
8832,Tubará,Male,2017,3.3514336743980038
8849,Usiacurí,Male,2017,3.3012401579762325
11001,"Bogotá, D.C.",Male,2017,3.252686984959102
13001,Cartagena De Indias,Male,2017,3.0908298731125643
13006,Achí,Male,2017,3.3490152219238722
13030,Altos Del Rosario,Male,2017,2.919098420220727
13042,Arenal,Male,2017,3.5838333715616426
13052,Arjona,Male,2017,3.241437111939902
13062,Arroyohondo,Male,2017,3.7734381970490785
13074,Barranco De Loba,Male,2017,2.9123192863552645
13140,Calamar,Male,2017,3.4915395452171913
13160,Cantagallo,Male,2017,3.427692636441589
13188,Cicuco,Male,2017,3.0026699950789806
13212,Córdoba,Male,2017,3.847521652577837
13222,Clemencia,Male,2017,3.352334348675822
13244,El Carmen De Bolívar,Male,2017,3.587126527922212
13248,El Guamo,Male,2017,4.533527227190264
13268,El Peñón,Male,2017,3.1290215043176124
13300,Hatillo De Loba,Male,2017,3.1216247800121097
13430,Magangué,Male,2017,3.1565931758274997
13433,Mahates,Male,2017,3.412821737088086
13440,Margarita,Male,2017,3.6583841391929823
13442,María La Baja,Male,2017,3.058447356576174
13458,Montecristo,Male,2017,3.548747418156227
13468,Mompós,Male,2017,2.947017377925566
13473,Morales,Male,2017,3.260289004646879
13490,Norosí,Male,2017,1.5387116480410086
13549,Pinillos,Male,2017,3.1829200553117567
13580,Regidor,Male,2017,2.4966257801904432
13600,Río Viejo,Male,2017,3.538453405140879
13620,San Cristóbal,Male,2017,3.202667565864112
13647,San Estanislao,Male,2017,3.3909176983681735
13650,San Fernando,Male,2017,3.099266416856088
13654,San Jacinto,Male,2017,3.8942725194477923
13655,San Jacinto Del Cauca,Male,2017,3.538541263057558
13657,San Juan Nepomuceno,Male,2017,4.123758649741418
13667,San Martín De Loba,Male,2017,2.876913879177612
13670,San Pablo,Male,2017,3.1727838316975623
13673,Santa Catalina,Male,2017,3.1739171810598696
13683,Santa Rosa,Male,2017,3.5382561450935817
13688,Santa Rosa Del Sur,Male,2017,2.917377829275669
13744,Simití,Male,2017,3.425925901411297
13760,Soplaviento,Male,2017,3.4932114399598033
13780,Talaigua Nuevo,Male,2017,2.7224489959177025
13810,Tiquisio,Male,2017,2.8375343950907794
13836,Turbaco,Male,2017,2.7702831140732913
13838,Turbaná,Male,2017,3.5177688811580876
13873,Villanueva,Male,2017,3.2594063454099453
13894,Zambrano,Male,2017,3.6723236775537527
15001,Tunja,Male,2017,3.006651637075373
15022,Almeida,Male,2017,6.080827672431743
15047,Aquitania,Male,2017,3.408698192685276
15051,Arcabuco,Male,2017,2.8310135856439635
15087,Belén,Male,2017,2.853375153791956
15090,Berbeo,Male,2017,4.237685649856549
15092,Betéitiva,Male,2017,4.225662585347535
15097,Boavita,Male,2017,4.549622195468238
15104,Boyacá,Male,2017,3.5704227218584674
15106,Briceño,Male,2017,4.353995542631755
15109,Buenavista,Male,2017,5.077942689631653
15114,Busbanzá,Male,2017,4.457561750567512
15131,Caldas,Male,2017,3.8199273669630243
15135,Campohermoso,Male,2017,3.462854967826561
15162,Cerinza,Male,2017,3.6734522307130435
15172,Chinavita,Male,2017,4.408696056610123
15176,Chiquinquirá,Male,2017,3.174563764507434
15180,Chiscas,Male,2017,4.376638678176303
15183,Chita,Male,2017,3.2447635657983107
15185,Chitaraque,Male,2017,5.063265788405543
15187,Chivatá,Male,2017,2.7621542283880975
15189,Ciénega,Male,2017,3.3932095492206877
15204,Cómbita,Male,2017,7.541801340347706
15212,Coper,Male,2017,3.4523919452475442
15215,Corrales,Male,2017,3.5612786918235075
15218,Covarachía,Male,2017,4.0202580344653205
15223,Cubará,Male,2017,2.171919092691943
15224,Cucaita,Male,2017,3.5998953994509937
15226,Cuítiva,Male,2017,2.8726489635858212
15232,Chíquiza,Male,2017,3.662767533350013
15236,Chivor,Male,2017,4.316417864459119
15238,Duitama,Male,2017,3.118349382465898
15244,El Cocuy,Male,2017,3.3354260158390905
15248,El Espino,Male,2017,3.825777321399897
15272,Firavitoba,Male,2017,2.983185989861397
15276,Floresta,Male,2017,4.668983118638332
15293,Gachantivá,Male,2017,4.274616678832738
15296,Gámeza,Male,2017,3.2622149136201326
15299,Garagoa,Male,2017,3.2106910598591067
15317,Guacamayas,Male,2017,2.8682525728733923
15322,Guateque,Male,2017,3.8568295666096963
15325,Guayatá,Male,2017,4.894017902854733
15332,Güicán De La Sierra,Male,2017,3.8889128395767067
15362,Iza,Male,2017,2.9792536246669257
15367,Jenesano,Male,2017,3.3403500969921827
15368,Jericó,Male,2017,4.171735333510409
15377,Labranzagrande,Male,2017,5.7318735866259205
15380,La Capilla,Male,2017,3.6743467863504096
15401,La Victoria,Male,2017,4.5839634482552984
15403,La Uvita,Male,2017,4.419358317134684
15407,Villa De Leyva,Male,2017,2.9896924273042713
15425,Macanal,Male,2017,3.672396863984829
15442,Maripí,Male,2017,5.101750317782752
15455,Miraflores,Male,2017,3.4184687652016463
15464,Mongua,Male,2017,3.296617015090805
15466,Monguí,Male,2017,3.1872004790303863
15469,Moniquirá,Male,2017,3.6482537539054003
15476,Motavita,Male,2017,3.490345144110218
15480,Muzo,Male,2017,4.515747865306579
15491,Nobsa,Male,2017,2.699164627389182
15494,Nuevo Colón,Male,2017,4.073415757791176
15500,Oicatá,Male,2017,2.838286377146287
15507,Otanche,Male,2017,3.6912700073358606
15511,Pachavita,Male,2017,4.615176397522667
15514,Páez,Male,2017,3.5749926756922004
15516,Paipa,Male,2017,2.9836068469515
15518,Pajarito,Male,2017,2.94020957666046
15522,Panqueba,Male,2017,3.6369783434314855
15531,Pauna,Male,2017,4.453388311948065
15533,Paya,Male,2017,3.649104476628725
15537,Paz De Río,Male,2017,3.8264122955771
15542,Pesca,Male,2017,2.96390505607717
15550,Pisba,Male,2017,3.4529723537611337
15572,Puerto Boyacá,Male,2017,3.780843640644788
15580,Quípama,Male,2017,5.588107796475432
15599,Ramiriquí,Male,2017,3.1742065970886313
15600,Ráquira,Male,2017,3.5365043605124833
15621,Rondón,Male,2017,3.423838162134012
15632,Saboyá,Male,2017,3.1440994091078256
15638,Sáchica,Male,2017,2.6474825503133483
15646,Samacá,Male,2017,3.0510064093574427
15660,San Eduardo,Male,2017,4.3026734397037245
15664,San José De Pare,Male,2017,4.753739514507847
15667,San Luis De Gaceno,Male,2017,3.647003273701156
15673,San Mateo,Male,2017,3.655767239974096
15676,San Miguel De Sema,Male,2017,4.715885141825762
15681,San Pablo De Borbur,Male,2017,4.253827726008143
15686,Santana,Male,2017,4.067704498948517
15690,Santa María,Male,2017,3.69275895630113
15693,Santa Rosa De Viterbo,Male,2017,3.578860491581272
15696,Santa Sofía,Male,2017,3.0912591265787435
15720,Sativanorte,Male,2017,4.845512408254405
15723,Sativasur,Male,2017,3.5008528382177664
15740,Siachoque,Male,2017,3.1556496740134166
15753,Soatá,Male,2017,3.028310547354946
15755,Socotá,Male,2017,3.649241239512723
15757,Socha,Male,2017,2.848884987117974
15759,Sogamoso,Male,2017,3.1406612489893
15761,Somondoco,Male,2017,5.712262026137661
15762,Sora,Male,2017,3.749360783579282
15763,Sotaquirá,Male,2017,3.7069912964743015
15764,Soracá,Male,2017,3.1201649823060604
15774,Susacón,Male,2017,4.038272439083496
15776,Sutamarchán,Male,2017,3.4229592653770573
15778,Sutatenza,Male,2017,4.518841397618031
15790,Tasco,Male,2017,3.1313635791270875
15798,Tenza,Male,2017,4.740616537843982
15804,Tibaná,Male,2017,3.584470430443122
15806,Tibasosa,Male,2017,2.799775599924421
15808,Tinjacá,Male,2017,3.450799715813828
15810,Tipacoque,Male,2017,3.5901555554731783
15814,Toca,Male,2017,2.8320463085063228
15816,Togüí,Male,2017,3.6311860397396205
15820,Tópaga,Male,2017,4.761153561449091
15822,Tota,Male,2017,3.2214708291383634
15832,Tununguá,Male,2017,3.41566924944964
15835,Turmequé,Male,2017,4.045178609371513
15837,Tuta,Male,2017,2.811816525317789
15839,Tutazá,Male,2017,2.9258332700561027
15842,Úmbita,Male,2017,3.9879974237233173
15861,Ventaquemada,Male,2017,2.7700003935404416
15879,Viracachá,Male,2017,4.021011177710937
15897,Zetaquira,Male,2017,4.129622317698085
17001,Manizales,Male,2017,3.6339774657752435
17013,Aguadas,Male,2017,3.9073873322050208
17042,Anserma,Male,2017,4.282366827308857
17050,Aranzazu,Male,2017,3.4312226563240933
17088,Belalcázar,Male,2017,3.410578496316259
17174,Chinchiná,Male,2017,4.204394680329445
17272,Filadelfia,Male,2017,4.054663248230814
17380,La Dorada,Male,2017,3.801359439190252
17388,La Merced,Male,2017,4.427959465683554
17433,Manzanares,Male,2017,3.9299481111644994
17442,Marmato,Male,2017,3.3613764046349788
17444,Marquetalia,Male,2017,3.6999470814914104
17446,Marulanda,Male,2017,3.9103996710600937
17486,Neira,Male,2017,3.990910164720628
17495,Norcasia,Male,2017,3.326585040386131
17513,Pácora,Male,2017,4.683247668550038
17524,Palestina,Male,2017,3.7689102748185466
17541,Pensilvania,Male,2017,3.77508675243802
17614,Riosucio,Male,2017,3.5913430379997475
17616,Risaralda,Male,2017,4.570758570135706
17653,Salamina,Male,2017,4.263184027299265
17662,Samaná,Male,2017,3.648186468249139
17665,San José,Male,2017,4.213971226551492
17777,Supía,Male,2017,3.5315557018578754
17867,Victoria,Male,2017,3.531909523259623
17873,Villamaría,Male,2017,3.610532618336966
17877,Viterbo,Male,2017,4.338933004337068
18001,Florencia,Male,2017,3.2115016922212045
18029,Albania,Male,2017,2.6088912440122747
18094,Belén De Los Andaquíes,Male,2017,2.535993754472185
18150,Cartagena Del Chairá,Male,2017,3.0613550010466204
18205,Curillo,Male,2017,3.247253051638708
18247,El Doncello,Male,2017,3.0778588142920573
18256,El Paujíl,Male,2017,2.611243665177587
18410,La Montañita,Male,2017,2.818629389018462
18460,Milán,Male,2017,2.3711664935181886
18479,Morelia,Male,2017,2.9869451223246664
18592,Puerto Rico,Male,2017,2.7425761044429313
18610,San José Del Fragua,Male,2017,2.8339239626375092
18753,San Vicente Del Caguán,Male,2017,3.105923223017111
18756,Solano,Male,2017,2.855770645704908
18785,Solita,Male,2017,2.8827593503064843
18860,Valparaíso,Male,2017,2.7996073895005873
19001,Popayán,Male,2017,3.2443811327452137
19022,Almaguer,Male,2017,4.635721686366725
19050,Argelia,Male,2017,3.978828665760228
19075,Balboa,Male,2017,3.7636234786305023
19100,Bolívar,Male,2017,4.716072591923575
19110,Buenos Aires,Male,2017,2.7985441502035746
19130,Cajibío,Male,2017,3.642835591186495
19137,Caldono,Male,2017,2.6850808409069304
19142,Caloto,Male,2017,2.8822861373832276
19212,Corinto,Male,2017,4.944313361648515
19256,El Tambo,Male,2017,3.917921381523834
19290,Florencia,Male,2017,3.6197607390969355
19300,Guachené,Male,2017,1.4013068228013503
19318,Guapi,Male,2017,2.4452170373256386
19355,Inzá,Male,2017,2.9061635449102603
19364,Jambaló,Male,2017,2.5018654340219406
19392,La Sierra,Male,2017,4.663294662554725
19397,La Vega,Male,2017,4.402798075992164
19418,López De Micay,Male,2017,2.636386819942924
19450,Mercaderes,Male,2017,4.237733888163523
19455,Miranda,Male,2017,2.962548234704239
19473,Morales,Male,2017,2.9588614911796447
19513,Padilla,Male,2017,2.767693044275142
19517,Páez,Male,2017,2.601057018573979
19532,Patía,Male,2017,3.7022006527012175
19533,Piamonte,Male,2017,2.6488466961077615
19548,Piendamó - Tunía,Male,2017,3.17452333206481
19573,Puerto Tejada,Male,2017,4.593925979183838
19585,Puracé,Male,2017,2.96517806727563
19622,Rosas,Male,2017,4.582986912752629
19693,San Sebastián,Male,2017,4.510546206668375
19698,Santander De Quilichao,Male,2017,2.8539592330627426
19701,Santa Rosa,Male,2017,4.185832272586075
19743,Silvia,Male,2017,2.82263465718824
19760,Sotará - Paispamba,Male,2017,3.4951221181098857
19780,Suárez,Male,2017,3.011624340771711
19785,Sucre,Male,2017,5.510833115200361
19807,Timbío,Male,2017,3.7214125819224644
19809,Timbiquí,Male,2017,2.446153810086473
19821,Toribío,Male,2017,2.7572794290759495
19824,Totoró,Male,2017,2.8803461163874298
19845,Villa Rica,Male,2017,2.7143762294044116
20001,Valledupar,Male,2017,2.6700191681914367
20011,Aguachica,Male,2017,2.851224403384187
20013,Agustín Codazzi,Male,2017,2.795418720255819
20032,Astrea,Male,2017,2.686321279718132
20045,Becerril,Male,2017,2.3179983208946937
20060,Bosconia,Male,2017,2.5156130453951855
20175,Chimichagua,Male,2017,2.4731085222451696
20178,Chiriguaná,Male,2017,3.0515330440654327
20228,Curumaní,Male,2017,2.577370296518278
20238,El Copey,Male,2017,2.6494161296636265
20250,El Paso,Male,2017,2.2053940004805597
20295,Gamarra,Male,2017,3.3394911276314403
20310,González,Male,2017,4.017075011864558
20383,La Gloria,Male,2017,2.924927094845517
20400,La Jagua De Ibirico,Male,2017,2.122350410707768
20443,Manaure Balcón Del Cesar,Male,2017,2.9574561128430257
20517,Pailitas,Male,2017,3.121597496927165
20550,Pelaya,Male,2017,2.81994536812563
20570,Pueblo Bello,Male,2017,2.186450927700936
20614,Río De Oro,Male,2017,3.7648269450699012
20621,La Paz,Male,2017,2.566625279912736
20710,San Alberto,Male,2017,2.7608510894955614
20750,San Diego,Male,2017,2.6394491795391097
20770,San Martín,Male,2017,2.9650845816049
20787,Tamalameque,Male,2017,2.5261704053740415
23001,Montería,Male,2017,2.903452594892486
23068,Ayapel,Male,2017,3.0577612344190537
23079,Buenavista,Male,2017,3.2410841534567663
23090,Canalete,Male,2017,3.6451357997188474
23162,Cereté,Male,2017,3.356174169507125
23168,Chimá,Male,2017,4.476389084427795
23182,Chinú,Male,2017,3.9512725690891473
23189,Ciénaga De Oro,Male,2017,3.783175323518863
23300,Cotorra,Male,2017,3.583158525713618
23350,La Apartada,Male,2017,3.0781087466025707
23417,Lorica,Male,2017,3.2529068233224163
23419,Los Córdobas,Male,2017,3.4085198178783327
23464,Momil,Male,2017,3.3468522958450015
23466,Montelíbano,Male,2017,2.5667937054394594
23500,Moñitos,Male,2017,3.366010896171488
23555,Planeta Rica,Male,2017,3.0513840930663583
23570,Pueblo Nuevo,Male,2017,3.338209285907637
23574,Puerto Escondido,Male,2017,3.6910074426146284
23580,Puerto Libertador,Male,2017,2.836957879316902
23586,Purísima De La Concepción,Male,2017,3.5314232187483214
23660,Sahagún,Male,2017,3.429604057549096
23670,San Andrés De Sotavento,Male,2017,3.5880681631681064
23672,San Antero,Male,2017,2.974119258557997
23675,San Bernardo Del Viento,Male,2017,3.351884030550778
23678,San Carlos,Male,2017,3.789980609533427
23682,San José De Uré,Male,2017,1.3108616127055226
23686,San Pelayo,Male,2017,3.981007205154903
23807,Tierralta,Male,2017,2.825705334550384
23815,Tuchín,Male,2017,1.536666015843053
23855,Valencia,Male,2017,3.099816761822856
25001,Agua De Dios,Male,2017,4.345709354654844
25019,Albán,Male,2017,3.3906139588107362
25035,Anapoima,Male,2017,3.5218028583067693
25040,Anolaima,Male,2017,3.9935120165398286
25053,Arbeláez,Male,2017,3.4302193555713716
25086,Beltrán,Male,2017,4.00636507215459
25095,Bituima,Male,2017,3.9510447074731596
25099,Bojacá,Male,2017,3.1857924797252326
25120,Cabrera,Male,2017,3.546614502911487
25123,Cachipay,Male,2017,4.0353032954335015
25126,Cajicá,Male,2017,2.8058276186464504
25148,Caparrapí,Male,2017,4.669724771396106
25151,Cáqueza,Male,2017,3.745446019249161
25154,Carmen De Carupa,Male,2017,3.7323518016834822
25168,Chaguaní,Male,2017,5.651679251379791
25175,Chía,Male,2017,3.5960293064078925
25178,Chipaque,Male,2017,3.314327390256888
25181,Choachí,Male,2017,3.5316750169619886
25183,Chocontá,Male,2017,4.171121770589833
25200,Cogua,Male,2017,2.994008565358398
25214,Cota,Male,2017,2.7240830674403815
25224,Cucunubá,Male,2017,2.703328873546926
25245,El Colegio,Male,2017,3.769296441785421
25258,El Peñón,Male,2017,4.031176006160886
25260,El Rosal,Male,2017,2.5462938147782643
25269,Facatativá,Male,2017,3.561231300969685
25279,Fómeque,Male,2017,3.5196910550633316
25281,Fosca,Male,2017,3.602969978615192
25286,Funza,Male,2017,3.029218747298854
25288,Fúquene,Male,2017,3.075238364440132
25290,Fusagasugá,Male,2017,3.829813040607337
25293,Gachalá,Male,2017,4.947849814941201
25295,Gachancipá,Male,2017,2.8499839375069604
25297,Gachetá,Male,2017,5.231543303530393
25299,Gama,Male,2017,3.8478810211421317
25307,Girardot,Male,2017,5.8693473488696615
25312,Granada,Male,2017,2.803892280046098
25317,Guachetá,Male,2017,2.9274264352495476
25320,Guaduas,Male,2017,5.5259785638388514
25322,Guasca,Male,2017,2.948128631075816
25324,Guataquí,Male,2017,4.05127891885891
25326,Guatavita,Male,2017,4.110406336879896
25328,Guayabal De Síquima,Male,2017,3.718031425384584
25335,Guayabetal,Male,2017,2.8643443918692246
25339,Gutiérrez,Male,2017,3.3173793928290296
25368,Jerusalén,Male,2017,4.267474386400268
25372,Junín,Male,2017,5.048879326533161
25377,La Calera,Male,2017,3.566327592841967
25386,La Mesa,Male,2017,4.464057947688449
25394,La Palma,Male,2017,4.709606202648684
25398,La Peña,Male,2017,5.518795139694393
25402,La Vega,Male,2017,3.529705438390529
25407,Lenguazaque,Male,2017,3.151389219379646
25426,Machetá,Male,2017,4.857939250618794
25430,Madrid,Male,2017,2.762658691781249
25436,Manta,Male,2017,4.972915298057228
25438,Medina,Male,2017,3.3680380266285734
25473,Mosquera,Male,2017,2.769656785451246
25483,Nariño,Male,2017,5.078906625323895
25486,Nemocón,Male,2017,2.9502408716164865
25488,Nilo,Male,2017,4.6000529070950815
25489,Nimaima,Male,2017,4.638671651760201
25491,Nocaima,Male,2017,3.944625154857801
25506,Venecia,Male,2017,3.795393330025865
25513,Pacho,Male,2017,4.805532467734599
25518,Paime,Male,2017,4.553168895552529
25524,Pandi,Male,2017,3.7229057344023064
25530,Paratebueno,Male,2017,4.013455745699576
25535,Pasca,Male,2017,3.47151351231373
25572,Puerto Salgar,Male,2017,3.7739532415526984
25580,Pulí,Male,2017,4.228157160464014
25592,Quebradanegra,Male,2017,4.4016053526109165
25594,Quetame,Male,2017,3.2447406016935436
25596,Quipile,Male,2017,4.69828486673113
25599,Apulo,Male,2017,3.542736210897893
25612,Ricaurte,Male,2017,3.1038071333683477
25645,San Antonio Del Tequendama,Male,2017,3.5485512518592977
25649,San Bernardo,Male,2017,3.500601295402572
25653,San Cayetano,Male,2017,3.7685597427919517
25658,San Francisco,Male,2017,3.108962736018762
25662,San Juan De Rioseco,Male,2017,4.341769068690993
25718,Sasaima,Male,2017,3.907861347883153
25736,Sesquilé,Male,2017,3.338421295357179
25740,Sibaté,Male,2017,3.9587987153290816
25743,Silvania,Male,2017,3.512020057524799
25745,Simijaca,Male,2017,2.9134318297119717
25754,Soacha,Male,2017,2.6756954283872827
25758,Sopó,Male,2017,3.6341823475139203
25769,Subachoque,Male,2017,2.9583624635001575
25772,Suesca,Male,2017,2.966020367909715
25777,Supatá,Male,2017,3.737276897508978
25779,Susa,Male,2017,3.0929774691952487
25781,Sutatausa,Male,2017,3.022245260527407
25785,Tabio,Male,2017,3.173835052086178
25793,Tausa,Male,2017,2.807993339615709
25797,Tena,Male,2017,3.273364880453213
25799,Tenjo,Male,2017,3.5539669412931287
25805,Tibacuy,Male,2017,3.6160698083468024
25807,Tibirita,Male,2017,5.856400954881399
25815,Tocaima,Male,2017,4.037614089600474
25817,Tocancipá,Male,2017,2.7018611749715102
25823,Topaipí,Male,2017,5.02266200616925
25839,Ubalá,Male,2017,4.120919618584321
25841,Ubaque,Male,2017,4.5131893679015285
25843,Villa De San Diego De Ubaté,Male,2017,3.842826084037691
25845,Une,Male,2017,3.7902118063940353
25851,Útica,Male,2017,4.805906158706845
25862,Vergara,Male,2017,5.049504601487248
25867,Vianí,Male,2017,3.845452731152385
25871,Villagómez,Male,2017,3.5575193364810196
25873,Villapinzón,Male,2017,3.006953113042074
25875,Villeta,Male,2017,4.3742997661453344
25878,Viotá,Male,2017,4.009996885823549
25885,Yacopí,Male,2017,4.684893181228918
25898,Zipacón,Male,2017,3.042534469176284
25899,Zipaquirá,Male,2017,3.340356007911433
27001,Quibdó,Male,2017,2.6451250540495033
27006,Acandí,Male,2017,2.5691980575150732
27025,Alto Baudó,Male,2017,2.5530826186444404
27050,Atrato,Male,2017,2.741104302998545
27073,Bagadó,Male,2017,2.2200474522646987
27075,Bahía Solano,Male,2017,2.376871073920784
27077,Bajo Baudó,Male,2017,2.398648531941774
27099,Bojayá,Male,2017,2.0573219918380494
27135,El Cantón Del San Pablo,Male,2017,2.471844613474595
27150,Carmen Del Darién,Male,2017,2.648962016962678
27160,Cértegui,Male,2017,2.7819663909025065
27205,Condoto,Male,2017,2.5194356565647187
27245,El Carmen De Atrato,Male,2017,2.9116479380150797
27250,El Litoral Del San Juan,Male,2017,2.412230411773798
27361,Istmina,Male,2017,2.46643162581787
27372,Juradó,Male,2017,2.38545972692168
27413,Lloró,Male,2017,2.0535287425689845
27425,Medio Atrato,Male,2017,3.3385253566643684
27430,Medio Baudó,Male,2017,2.5121465835600705
27450,Medio San Juan,Male,2017,2.5125911730881896
27491,Nóvita,Male,2017,2.674140794661259
27495,Nuquí,Male,2017,2.4036524243722734
27580,Río Iró,Male,2017,2.328919177352036
27600,Río Quito,Male,2017,2.6935236139522005
27615,Riosucio,Male,2017,4.240579731406914
27660,San José Del Palmar,Male,2017,3.3319844203272453
27745,Sipí,Male,2017,2.628382778017001
27787,Tadó,Male,2017,2.803271398660637
27800,Unguía,Male,2017,2.683040970113517
27810,Unión Panamericana,Male,2017,3.097694651074992
41001,Neiva,Male,2017,3.210353027912546
41006,Acevedo,Male,2017,4.532793244819041
41013,Agrado,Male,2017,3.2100042308751053
41016,Aipe,Male,2017,3.0524708814139316
41020,Algeciras,Male,2017,3.306874512564866
41026,Altamira,Male,2017,3.3498549939228814
41078,Baraya,Male,2017,3.9189181725902507
41132,Campoalegre,Male,2017,3.749192530064068
41206,Colombia,Male,2017,3.8052612539889834
41244,Elías,Male,2017,3.029025539293741
41298,Garzón,Male,2017,3.0138630311760646
41306,Gigante,Male,2017,3.188319016589407
41319,Guadalupe,Male,2017,3.238723919385547
41349,Hobo,Male,2017,2.9262883926740337
41357,Íquira,Male,2017,3.230867519849069
41359,Isnos,Male,2017,3.1367919392505748
41378,La Argentina,Male,2017,3.241847224798718
41396,La Plata,Male,2017,2.9642922140341232
41483,Nátaga,Male,2017,2.97922974314283
41503,Oporapa,Male,2017,3.0645572144210433
41518,Paicol,Male,2017,2.6989915287542807
41524,Palermo,Male,2017,3.014648795500695
41530,Palestina,Male,2017,3.3902369737995097
41548,Pital,Male,2017,2.7618049979542003
41551,Pitalito,Male,2017,3.682212767943463
41615,Rivera,Male,2017,3.3504068281091577
41660,Saladoblanco,Male,2017,3.2178183893948638
41668,San Agustín,Male,2017,3.0607168879718607
41676,Santa María,Male,2017,3.157640266911333
41770,Suaza,Male,2017,2.71185617365011
41791,Tarqui,Male,2017,3.1648525823722693
41797,Tesalia,Male,2017,2.949370557363795
41799,Tello,Male,2017,3.086945823019177
41801,Teruel,Male,2017,3.1303192023893396
41807,Timaná,Male,2017,3.1907552837848625
41872,Villavieja,Male,2017,3.6649603310300565
41885,Yaguará,Male,2017,3.129414059579783
44001,Riohacha,Male,2017,2.7259376596217684
44035,Albania,Male,2017,2.0978808050301754
44078,Barrancas,Male,2017,2.3067410325700997
44090,Dibulla,Male,2017,2.4172692715588933
44098,Distracción,Male,2017,2.4217112125080478
44110,El Molino,Male,2017,2.967088508988849
44279,Fonseca,Male,2017,2.172129814172275
44378,Hatonuevo,Male,2017,2.15435465618571
44420,La Jagua Del Pilar,Male,2017,2.6234659142993704
44430,Maicao,Male,2017,2.475975111313466
44560,Manaure,Male,2017,2.2115361451112903
44650,San Juan Del Cesar,Male,2017,2.6676187150476465
44847,Uribia,Male,2017,2.800379188260797
44855,Urumita,Male,2017,2.536468728893278
44874,Villanueva,Male,2017,2.27188520360048
47001,Santa Marta,Male,2017,3.00603750657675
47030,Algarrobo,Male,2017,2.5930544878641
47053,Aracataca,Male,2017,2.3615263179548
47058,Ariguaní,Male,2017,3.0809529287306248
47161,Cerro De San Antonio,Male,2017,3.5170707394887333
47170,Chivolo,Male,2017,3.0663748299835336
47189,Ciénaga,Male,2017,2.848472679137938
47205,Concordia,Male,2017,4.263601855571194
47245,El Banco,Male,2017,2.837270257811417
47258,El Piñón,Male,2017,3.3593430836299354
47268,El Retén,Male,2017,2.8299723588952843
47288,Fundación,Male,2017,2.671955310244532
47318,Guamal,Male,2017,3.108739228973233
47460,Nueva Granada,Male,2017,3.053937888164553
47541,Pedraza,Male,2017,3.2652010590978495
47545,Pijiño Del Carmen,Male,2017,2.665522040713442
47551,Pivijay,Male,2017,3.4021488853810324
47555,Plato,Male,2017,2.968644138710676
47570,Puebloviejo,Male,2017,2.9637251354941445
47605,Remolino,Male,2017,3.4816175399567575
47660,Sabanas De San Ángel,Male,2017,3.188338998040536
47675,Salamina,Male,2017,3.4355744810277247
47692,San Sebastián De Buenavista,Male,2017,3.1691837351971115
47703,San Zenón,Male,2017,2.61095139937899
47707,Santa Ana,Male,2017,2.692795163533788
47720,Santa Bárbara De Pinto,Male,2017,3.211574265874636
47745,Sitionuevo,Male,2017,3.5851914836186416
47798,Tenerife,Male,2017,3.209240479680801
47960,Zapayán,Male,2017,3.6935535791184853
47980,Zona Bananera,Male,2017,2.634016205861604
50001,Villavicencio,Male,2017,3.0481905240372438
50006,Acacías,Male,2017,3.2502645459732817
50110,Barranca De Upía,Male,2017,2.486461487197008
50124,Cabuyaro,Male,2017,3.1262219446445387
50150,Castilla La Nueva,Male,2017,2.689966849821933
50223,Cubarral,Male,2017,3.3135335648609554
50226,Cumaral,Male,2017,2.712445012754831
50245,El Calvario,Male,2017,2.789899491350452
50251,El Castillo,Male,2017,3.118499013009535
50270,El Dorado,Male,2017,3.0139180733092163
50287,Fuente De Oro,Male,2017,3.4620182117025573
50313,Granada,Male,2017,3.391122174790071
50318,Guamal,Male,2017,2.887590435077013
50325,Mapiripán,Male,2017,2.7230747736507857
50330,Mesetas,Male,2017,3.583551657488142
50350,La Macarena,Male,2017,3.308808765106324
50370,Uribe,Male,2017,3.774372606931888
50400,Lejanías,Male,2017,3.243137436956521
50450,Puerto Concordia,Male,2017,3.044715903161832
50568,Puerto Gaitán,Male,2017,2.7394142415378226
50573,Puerto López,Male,2017,3.3881951169400306
50577,Puerto Lleras,Male,2017,3.191540455592291
50590,Puerto Rico,Male,2017,3.6850888592604862
50606,Restrepo,Male,2017,2.8073963678286105
50680,San Carlos De Guaroa,Male,2017,2.7698117471377013
50683,San Juan De Arama,Male,2017,3.5347278940975477
50686,San Juanito,Male,2017,4.162108564019483
50689,San Martín,Male,2017,2.746956801678735
50711,Vistahermosa,Male,2017,3.552543355399488
52001,Pasto,Male,2017,3.2044276279123776
52019,Albán,Male,2017,4.893137792509826
52022,Aldana,Male,2017,3.5924951547542143
52036,Ancuya,Male,2017,4.765577856531151
52051,Arboleda,Male,2017,4.736396320521878
52079,Barbacoas,Male,2017,2.6929363309417282
52083,Belén,Male,2017,4.756304941734748
52110,Buesaco,Male,2017,4.059885145623288
52203,Colón,Male,2017,4.742852487173662
52207,Consacá,Male,2017,4.480181129689422
52210,Contadero,Male,2017,4.080165269261974
52215,Córdoba,Male,2017,3.434399924358048
52224,Cuaspud Carlosama,Male,2017,4.122262804474598
52227,Cumbal,Male,2017,3.209384764846855
52233,Cumbitara,Male,2017,3.9745833474399395
52240,Chachagüí,Male,2017,3.6999721878611185
52250,El Charco,Male,2017,2.619536441363854
52254,El Peñol,Male,2017,5.467749931478244
52256,El Rosario,Male,2017,5.040496970353764
52258,El Tablón De Gómez,Male,2017,4.9826720685369335
52260,El Tambo,Male,2017,4.311282956755006
52287,Funes,Male,2017,4.590703268056352
52317,Guachucal,Male,2017,4.304759014402759
52320,Guaitarilla,Male,2017,4.546920013267728
52323,Gualmatán,Male,2017,4.447886272038465
52352,Iles,Male,2017,3.9396149890020293
52354,Imués,Male,2017,4.944346459531277
52356,Ipiales,Male,2017,3.2052971404444666
52378,La Cruz,Male,2017,4.291538265368615
52381,La Florida,Male,2017,5.943962319975882
52385,La Llanada,Male,2017,3.290974667428708
52390,La Tola,Male,2017,2.5632346056532302
52399,La Unión,Male,2017,5.0007856853718735
52405,Leiva,Male,2017,4.136661640805438
52411,Linares,Male,2017,4.924982111418101
52418,Los Andes,Male,2017,4.149895381631976
52427,Magüí,Male,2017,2.551363765811879
52435,Mallama,Male,2017,3.77844642676536
52473,Mosquera,Male,2017,3.6916372299152145
52480,Nariño,Male,2017,4.927437897125442
52490,Olaya Herrera,Male,2017,2.6818273067820186
52506,Ospina,Male,2017,4.0506781562121486
52520,Francisco Pizarro,Male,2017,3.2344158746222
52540,Policarpa,Male,2017,5.497011206563516
52560,Potosí,Male,2017,3.3949048102563464
52565,Providencia,Male,2017,4.38954312045389
52573,Puerres,Male,2017,3.708456146527531
52585,Pupiales,Male,2017,4.121481043432861
52612,Ricaurte,Male,2017,2.927968941962165
52621,Roberto Payán,Male,2017,2.8465297553042666
52678,Samaniego,Male,2017,4.955013614976108
52683,Sandoná,Male,2017,4.349684237185866
52685,San Bernardo,Male,2017,5.463388831225606
52687,San Lorenzo,Male,2017,5.00670233721305
52693,San Pablo,Male,2017,4.625521151603249
52694,San Pedro De Cartago,Male,2017,4.757207507343524
52696,Santa Bárbara,Male,2017,2.930178981668533
52699,Santacruz,Male,2017,4.675369388499552
52720,Sapuyes,Male,2017,4.676215626032617
52786,Taminango,Male,2017,4.912946187320259
52788,Tangua,Male,2017,4.8775112573391795
52835,San Andrés De Tumaco,Male,2017,2.9396600798073846
52838,Túquerres,Male,2017,3.972274516032418
52885,Yacuanquer,Male,2017,4.548145615405416
54001,San José De Cúcuta,Male,2017,3.4185033609783764
54003,Ábrego,Male,2017,3.232256822026755
54051,Arboledas,Male,2017,3.962948037018328
54099,Bochalema,Male,2017,3.5124170576638947
54109,Bucarasica,Male,2017,3.2180808061187705
54125,Cácota,Male,2017,4.095534579796888
54128,Cáchira,Male,2017,3.51370230002581
54172,Chinácota,Male,2017,3.139456937808122
54174,Chitagá,Male,2017,3.659797800358632
54206,Convención,Male,2017,3.0436255432002604
54223,Cucutilla,Male,2017,4.8415853636125785
54239,Durania,Male,2017,4.10970571099865
54245,El Carmen,Male,2017,3.447132340490294
54250,El Tarra,Male,2017,2.7941513365702444
54261,El Zulia,Male,2017,3.7664571186340488
54313,Gramalote,Male,2017,5.04050424974105
54344,Hacarí,Male,2017,2.8354783230782936
54347,Herrán,Male,2017,4.343006396927027
54377,Labateca,Male,2017,3.7575458442715246
54385,La Esperanza,Male,2017,2.831157940236734
54398,La Playa,Male,2017,3.7798846510725608
54405,Los Patios,Male,2017,2.933431940845908
54418,Lourdes,Male,2017,3.159187128416017
54480,Mutiscua,Male,2017,3.587442730633602
54498,Ocaña,Male,2017,3.1668749452603357
54518,Pamplona,Male,2017,3.087534669012743
54520,Pamplonita,Male,2017,3.435844983106954
54553,Puerto Santander,Male,2017,5.53138233354109
54599,Ragonvalia,Male,2017,4.154261033956633
54660,Salazar,Male,2017,3.5870205506397475
54670,San Calixto,Male,2017,3.208754669906121
54673,San Cayetano,Male,2017,3.0252254182775604
54680,Santiago,Male,2017,3.9210631447330107
54720,Sardinata,Male,2017,2.965909031203735
54743,Silos,Male,2017,3.561571988946411
54800,Teorama,Male,2017,2.876992545966582
54810,Tibú,Male,2017,4.142009829187591
54820,Toledo,Male,2017,3.574521148653798
54871,Villa Caro,Male,2017,3.1747121795647897
54874,Villa Del Rosario,Male,2017,2.922001987295198
63001,Armenia,Male,2017,4.01834421176442
63111,Buenavista,Male,2017,3.7186991231110587
63130,Calarcá,Male,2017,3.9543167254731335
63190,Circasia,Male,2017,4.453457148764345
63212,Córdoba,Male,2017,4.148075209164806
63272,Filandia,Male,2017,3.8039094429775857
63302,Génova,Male,2017,6.356531051871279
63401,La Tebaida,Male,2017,3.874125956524928
63470,Montenegro,Male,2017,3.753192931580899
63548,Pijao,Male,2017,4.646546554586302
63594,Quimbaya,Male,2017,4.125256260568447
63690,Salento,Male,2017,4.147993646150473
66001,Pereira,Male,2017,3.6794862410757916
66045,Apía,Male,2017,4.044530848214584
66075,Balboa,Male,2017,4.191537719909855
66088,Belén De Umbría,Male,2017,3.872464571897292
66170,Dosquebradas,Male,2017,3.401085654642145
66318,Guática,Male,2017,4.299295589226656
66383,La Celia,Male,2017,4.579018918797887
66400,La Virginia,Male,2017,5.353672111285664
66440,Marsella,Male,2017,3.6929379532609365
66456,Mistrató,Male,2017,2.5624827717711476
66572,Pueblo Rico,Male,2017,2.724013063155836
66594,Quinchía,Male,2017,3.6002178063941708
66682,Santa Rosa De Cabal,Male,2017,3.5287678180959534
66687,Santuario,Male,2017,4.2403014710513185
68001,Bucaramanga,Male,2017,3.3579483356805313
68013,Aguada,Male,2017,9.405381917688114
68020,Albania,Male,2017,4.651120412629911
68051,Aratoca,Male,2017,3.8639935600418607
68077,Barbosa,Male,2017,2.969093154928692
68079,Barichara,Male,2017,3.4974145700188375
68081,Barrancabermeja,Male,2017,3.325794957757144
68092,Betulia,Male,2017,3.406961437587741
68101,Bolívar,Male,2017,3.876349395777121
68121,Cabrera,Male,2017,5.6080518069661895
68132,California,Male,2017,2.8061395066305
68147,Capitanejo,Male,2017,3.710220572900459
68152,Carcasí,Male,2017,4.3111211782290555
68160,Cepitá,Male,2017,3.5573125292147694
68162,Cerrito,Male,2017,3.8293502755524234
68167,Charalá,Male,2017,3.503465977272351
68169,Charta,Male,2017,4.30698085144083
68176,Chima,Male,2017,4.15042735844586
68179,Chipatá,Male,2017,5.321485670636147
68190,Cimitarra,Male,2017,3.4301419190568305
68207,Concepción,Male,2017,3.5651684262158896
68209,Confines,Male,2017,3.264021426685683
68211,Contratación,Male,2017,4.037615845107026
68217,Coromoro,Male,2017,4.25250148842537
68229,Curití,Male,2017,3.4971229386065796
68235,El Carmen De Chucuri,Male,2017,3.963360133711595
68245,El Guacamayo,Male,2017,3.8332636455095357
68250,El Peñón,Male,2017,3.464731896486508
68255,El Playón,Male,2017,3.35888196747863
68264,Encino,Male,2017,2.9849020863512368
68266,Enciso,Male,2017,3.863517314028396
68271,Florián,Male,2017,4.1293288390449545
68276,Floridablanca,Male,2017,3.12536972443463
68296,Galán,Male,2017,3.8336776377364172
68298,Gámbita,Male,2017,3.5938623418837774
68307,Girón,Male,2017,2.9965633836043724
68318,Guaca,Male,2017,4.720457918170419
68320,Guadalupe,Male,2017,3.92388591791935
68322,Guapotá,Male,2017,6.252994974125568
68324,Guavatá,Male,2017,5.202681990827986
68327,Güepsa,Male,2017,3.648917049391579
68344,Hato,Male,2017,4.179639286230284
68368,Jesús María,Male,2017,4.308872498423481
68370,Jordán,Male,2017,3.847688812018868
68377,La Belleza,Male,2017,3.5795390523289634
68385,Landázuri,Male,2017,3.9233464510896154
68397,La Paz,Male,2017,4.282589097286748
68406,Lebrija,Male,2017,3.193434117401194
68418,Los Santos,Male,2017,3.692402989404257
68425,Macaravita,Male,2017,3.6755527260491436
68432,Málaga,Male,2017,2.8514588535536833
68444,Matanza,Male,2017,4.167387279905341
68464,Mogotes,Male,2017,4.277092873144683
68468,Molagavita,Male,2017,4.55324271622992
68498,Ocamonte,Male,2017,3.9209412106769377
68500,Oiba,Male,2017,3.692222586061
68502,Onzaga,Male,2017,5.6636813996633215
68522,Palmar,Male,2017,4.039832745056776
68524,Palmas Del Socorro,Male,2017,3.3526727061804635
68533,Páramo,Male,2017,3.240978874865559
68547,Piedecuesta,Male,2017,2.934871280581805
68549,Pinchote,Male,2017,3.5802505125420523
68572,Puente Nacional,Male,2017,3.66041603652582
68573,Puerto Parra,Male,2017,2.728404589694931
68575,Puerto Wilches,Male,2017,2.775230292761618
68615,Rionegro,Male,2017,3.501031102605798
68655,Sabana De Torres,Male,2017,2.738457483594395
68669,San Andrés,Male,2017,4.2968387221598325
68673,San Benito,Male,2017,5.665145110315569
68679,San Gil,Male,2017,3.048535352399422
68682,San Joaquín,Male,2017,4.702232530498379
68684,San José De Miranda,Male,2017,4.379613562350771
68686,San Miguel,Male,2017,3.5884319875382626
68689,San Vicente De Chucurí,Male,2017,3.4447534832314206
68705,Santa Bárbara,Male,2017,4.791761964412531
68720,Santa Helena Del Opón,Male,2017,3.6155548587026405
68745,Simacota,Male,2017,3.8775927957410663
68755,Socorro,Male,2017,3.2587799343766966
68770,Suaita,Male,2017,3.996359144062387
68773,Sucre,Male,2017,4.012295806291185
68780,Suratá,Male,2017,3.998543959751027
68820,Tona,Male,2017,3.902059758751902
68855,Valle De San José,Male,2017,3.597518017333887
68861,Vélez,Male,2017,4.376844373550015
68867,Vetas,Male,2017,3.4178061832476976
68872,Villanueva,Male,2017,3.3185838553748317
68895,Zapatoca,Male,2017,3.4698168243348615
70001,Sincelejo,Male,2017,3.2102243721037356
70110,Buenavista,Male,2017,3.2013966961679006
70124,Caimito,Male,2017,3.521288382480239
70204,Colosó,Male,2017,3.9047897134686886
70215,Corozal,Male,2017,3.1698017672992473
70221,Coveñas,Male,2017,3.161004466277993
70230,Chalán,Male,2017,4.510336393152587
70233,El Roble,Male,2017,3.913293197030078
70235,Galeras,Male,2017,2.9025562566453442
70265,Guaranda,Male,2017,3.2061010238495697
70400,La Unión,Male,2017,3.6787236140764143
70418,Los Palmitos,Male,2017,3.231951846921844
70429,Majagual,Male,2017,3.5620502699024583
70473,Morroa,Male,2017,3.122200915394985
70508,Ovejas,Male,2017,3.7226339836021554
70523,Palmito,Male,2017,3.291967615038559
70670,Sampués,Male,2017,3.394715698511936
70678,San Benito Abad,Male,2017,3.6920535305666444
70702,San Juan De Betulia,Male,2017,3.778172007405821
70708,San Marcos,Male,2017,3.1991046396813725
70713,San Onofre,Male,2017,3.0602241095831326
70717,San Pedro,Male,2017,3.4171266940264213
70742,San Luis De Sincé,Male,2017,3.5808804725203567
70771,Sucre,Male,2017,3.971593224169692
70820,Santiago De Tolú,Male,2017,2.6291784231341797
70823,San José De Toluviejo,Male,2017,3.3601024356928213
73001,Ibagué,Male,2017,3.147971918570476
73024,Alpujarra,Male,2017,3.3738627394692275
73026,Alvarado,Male,2017,3.688326744110944
73030,Ambalema,Male,2017,3.3985784214145753
73043,Anzoátegui,Male,2017,3.7951461007529006
73055,Armero,Male,2017,3.3107374835634116
73067,Ataco,Male,2017,3.2634931813915053
73124,Cajamarca,Male,2017,3.575106944688241
73148,Carmen De Apicalá,Male,2017,3.178071460543872
73152,Casabianca,Male,2017,3.708813236957746
73168,Chaparral,Male,2017,3.3329200319083134
73200,Coello,Male,2017,3.5280183103459675
73217,Coyaima,Male,2017,3.4831396983550302
73226,Cunday,Male,2017,3.577892141363908
73236,Dolores,Male,2017,3.3783217558448264
73268,Espinal,Male,2017,3.7354379497515793
73270,Falan,Male,2017,3.6694581121782504
73275,Flandes,Male,2017,2.897530956256997
73283,Fresno,Male,2017,4.029382088756545
73319,Guamo,Male,2017,3.483910186649492
73347,Herveo,Male,2017,4.153598236269212
73349,Honda,Male,2017,4.221985530438783
73352,Icononzo,Male,2017,3.3430699915192745
73408,Lérida,Male,2017,3.369261907653904
73411,Líbano,Male,2017,3.735252700960326
73443,San Sebastián De Mariquita,Male,2017,3.2393827598282177
73449,Melgar,Male,2017,3.8630211329241297
73461,Murillo,Male,2017,3.9649425126151945
73483,Natagaima,Male,2017,4.4905570087985875
73504,Ortega,Male,2017,3.224985302152898
73520,Palocabildo,Male,2017,3.3706669493326022
73547,Piedras,Male,2017,3.6282670918247906
73555,Planadas,Male,2017,3.7272717056703053
73563,Prado,Male,2017,3.451274657786183
73585,Purificación,Male,2017,3.5133806229013045
73616,Rioblanco,Male,2017,2.77658734379916
73622,Roncesvalles,Male,2017,3.063811570293043
73624,Rovira,Male,2017,3.725150828349837
73671,Saldaña,Male,2017,3.4400332533795277
73675,San Antonio,Male,2017,3.296510400232245
73678,San Luis,Male,2017,3.809317009284992
73686,Santa Isabel,Male,2017,3.916446434500659
73770,Suárez,Male,2017,4.267050666029616
73854,Valle De San Juan,Male,2017,3.7950995257526148
73861,Venadillo,Male,2017,3.406090295894795
73870,Villahermosa,Male,2017,3.9043498736275466
73873,Villarrica,Male,2017,3.67101266122439
76001,Cali,Male,2017,3.086610657348823
76020,Alcalá,Male,2017,3.803944588323028
76036,Andalucía,Male,2017,3.519345881325066
76041,Ansermanuevo,Male,2017,4.094853102413233
76054,Argelia,Male,2017,3.335385688103422
76100,Bolívar,Male,2017,2.6494064355291376
76109,Buenaventura,Male,2017,2.0962793075736053
76111,Guadalajara De Buga,Male,2017,3.0135816240028888
76113,Bugalagrande,Male,2017,3.4064929876451178
76122,Caicedonia,Male,2017,4.481101282282021
76126,Calima,Male,2017,3.114646242710375
76130,Candelaria,Male,2017,2.427621279113586
76147,Cartago,Male,2017,3.330917561424452
76233,Dagua,Male,2017,2.8993280896215397
76243,El Águila,Male,2017,3.648865730581317
76246,El Cairo,Male,2017,3.2807351330429335
76248,El Cerrito,Male,2017,3.0131155321424594
76250,El Dovio,Male,2017,2.830345105142808
76275,Florida,Male,2017,2.61625759868662
76306,Ginebra,Male,2017,2.792042357644307
76318,Guacarí,Male,2017,2.9117374848171114
76364,Jamundí,Male,2017,2.831179403059014
76377,La Cumbre,Male,2017,3.5187580921266877
76400,La Unión,Male,2017,3.134010710726876
76403,La Victoria,Male,2017,3.1168068473603667
76497,Obando,Male,2017,2.993906326448593
76520,Palmira,Male,2017,2.9934419391922584
76563,Pradera,Male,2017,3.09434938725324
76606,Restrepo,Male,2017,2.800290138323145
76616,Riofrío,Male,2017,2.7155654304360755
76622,Roldanillo,Male,2017,2.860771916442349
76670,San Pedro,Male,2017,3.37627803943221
76736,Sevilla,Male,2017,3.370913054623678
76823,Toro,Male,2017,2.7935524420784223
76828,Trujillo,Male,2017,2.8567459339171637
76834,Tuluá,Male,2017,2.857693539895597
76845,Ulloa,Male,2017,2.88511463616598
76863,Versalles,Male,2017,3.1664958402278143
76869,Vijes,Male,2017,3.019465253013136
76890,Yotoco,Male,2017,3.4120326087618
76892,Yumbo,Male,2017,2.793095636240212
76895,Zarzal,Male,2017,2.5976203168365024
81001,Arauca,Male,2017,3.0174018507814315
81065,Arauquita,Male,2017,2.7933801828364837
81220,Cravo Norte,Male,2017,3.640904238753273
81300,Fortul,Male,2017,3.274904278572485
81591,Puerto Rondón,Male,2017,3.206750138344595
81736,Saravena,Male,2017,2.8326006254751905
81794,Tame,Male,2017,4.596505647439543
85001,Yopal,Male,2017,2.812722421544054
85010,Aguazul,Male,2017,2.8564539908301434
85015,Chámeza,Male,2017,3.0464418161358986
85125,Hato Corozal,Male,2017,2.752571134568644
85136,La Salina,Male,2017,2.7058970250447314
85139,Maní,Male,2017,2.9442976265695506
85162,Monterrey,Male,2017,2.8851602464701642
85225,Nunchía,Male,2017,3.8377757690184935
85230,Orocué,Male,2017,2.545731115961385
85250,Paz De Ariporo,Male,2017,2.690541994179094
85263,Pore,Male,2017,2.8816439887691336
85279,Recetor,Male,2017,4.149758104438659
85300,Sabanalarga,Male,2017,3.394974745522057
85315,Sácama,Male,2017,2.7711032017309707
85325,San Luis De Palenque,Male,2017,3.0521769883037266
85400,Támara,Male,2017,2.9629388457856
85410,Tauramena,Male,2017,2.5161136789950986
85430,Trinidad,Male,2017,2.6960105113850186
85440,Villanueva,Male,2017,2.6946896680483916
86001,Mocoa,Male,2017,5.494608140601526
86219,Colón,Male,2017,2.952047467971403
86320,Orito,Male,2017,2.7013851012310455
86568,Puerto Asís,Male,2017,3.086727142662141
86569,Puerto Caicedo,Male,2017,3.0204272947525057
86571,Puerto Guzmán,Male,2017,2.8597035850966352
86573,Puerto Leguízamo,Male,2017,2.4876371315792403
86749,Sibundoy,Male,2017,2.826667599006048
86755,San Francisco,Male,2017,2.8140501670205444
86757,San Miguel,Male,2017,2.9549559449685363
86760,Santiago,Male,2017,3.028728232990238
86865,Valle Del Guamuez,Male,2017,3.146970947818593
86885,Villagarzón,Male,2017,2.565205948203295
88001,San Andrés,Male,2017,3.140255816426991
88564,Providencia,Male,2017,3.081954527913644
91001,Leticia,Male,2017,2.65465836107773
91263,El Encanto,Male,2017,2.27599313161861
91405,La Chorrera,Male,2017,2.4194999280608935
91407,La Pedrera,Male,2017,2.8333257656204025
91430,La Victoria,Male,2017,3.648396248829088
91460,Mirití - Paraná,Male,2017,2.685583691851057
91530,Puerto Alegría,Male,2017,2.435839221719906
91536,Puerto Arica,Male,2017,3.10446348044744
91540,Puerto Nariño,Male,2017,2.342035291817281
91669,Puerto Santander,Male,2017,2.69359705201757
91798,Tarapacá,Male,2017,2.3464669008925316
94001,Inírida,Male,2017,2.564722729704508
94343,Barrancominas,Male,2017,1.1661492759787866
94883,San Felipe,Male,2017,1.8376438284388865
94884,Puerto Colombia,Male,2017,1.8573992161785455
94885,La Guadalupe,Male,2017,1.3468685901886717
94886,Cacahual,Male,2017,1.4170381200744107
94887,Pana Pana,Male,2017,1.8651865671675054
94888,Morichal,Male,2017,1.7958718572268515
95001,San José Del Guaviare,Male,2017,3.0349251564479456
95015,Calamar,Male,2017,3.6018186071930587
95025,El Retorno,Male,2017,2.6948682370559074
95200,Miraflores,Male,2017,3.901827830156888
97001,Mitú,Male,2017,1.958949338304818
97161,Carurú,Male,2017,2.3248052965046306
97511,Pacoa,Male,2017,1.4836134400715346
97666,Taraira,Male,2017,2.3524636069876674
97777,Papunahua,Male,2017,2.135971758437234
97889,Yavaraté,Male,2017,1.6816713863942103
99001,Puerto Carreño,Male,2017,3.7361554724358546
99524,La Primavera,Male,2017,3.007797427496052
99624,Santa Rosalía,Male,2017,2.7250932791948634
99773,Cumaribo,Male,2017,2.578933398879878
5001,Medellín,Female,2018,1.4279243303264144
5002,Abejorral,Female,2018,1.4052153012882798
5004,Abriaquí,Female,2018,1.1421285228629097
5021,Alejandría,Female,2018,1.1402371617382199
5030,Amagá,Female,2018,1.3310507798146032
5031,Amalfi,Female,2018,1.2165363631563226
5034,Andes,Female,2018,1.4893122202136309
5036,Angelópolis,Female,2018,1.3284377286907174
5038,Angostura,Female,2018,1.3926522308672298
5040,Anorí,Female,2018,1.215437552209451
5042,Santa Fé De Antioquia,Female,2018,1.223623433872773
5044,Anzá,Female,2018,1.2761736249798195
5045,Apartadó,Female,2018,1.399595580192004
5051,Arboletes,Female,2018,1.1865402030501035
5055,Argelia,Female,2018,1.207334290517243
5059,Armenia,Female,2018,1.5000513808132234
5079,Barbosa,Female,2018,1.360749895978071
5086,Belmira,Female,2018,1.2368475180153085
5088,Bello,Female,2018,1.2543034946772185
5091,Betania,Female,2018,1.4355605851772932
5093,Betulia,Female,2018,1.4284177653113461
5101,Ciudad Bolívar,Female,2018,1.7066624373400336
5107,Briceño,Female,2018,1.189353527988997
5113,Buriticá,Female,2018,1.1324602539699176
5120,Cáceres,Female,2018,1.4589065417023088
5125,Caicedo,Female,2018,1.3430285452665753
5129,Caldas,Female,2018,1.4785505030280264
5134,Campamento,Female,2018,1.261990512255
5138,Cañasgordas,Female,2018,1.2088077545317766
5142,Caracolí,Female,2018,1.287322559260026
5145,Caramanta,Female,2018,1.4703726219541169
5147,Carepa,Female,2018,1.225607904528599
5148,El Carmen De Viboral,Female,2018,1.0826730716078061
5150,Carolina,Female,2018,1.4857352213537114
5154,Caucasia,Female,2018,1.9371507414926592
5172,Chigorodó,Female,2018,1.9712999917310308
5190,Cisneros,Female,2018,1.5661532210840385
5197,Cocorná,Female,2018,1.231295716231972
5206,Concepción,Female,2018,1.3096340111957085
5209,Concordia,Female,2018,1.5187403184221515
5212,Copacabana,Female,2018,1.4018974930426416
5234,Dabeiba,Female,2018,1.0486342017466228
5237,Donmatías,Female,2018,1.2861942268220943
5240,Ebéjico,Female,2018,1.5439553745551085
5250,El Bagre,Female,2018,1.3762691952626716
5264,Entrerríos,Female,2018,1.0630199523701782
5266,Envigado,Female,2018,1.788023078331146
5282,Fredonia,Female,2018,1.4842578639674255
5284,Frontino,Female,2018,1.0320671154497845
5306,Giraldo,Female,2018,1.1413307765364327
5308,Girardota,Female,2018,1.3102579455811696
5310,Gómez Plata,Female,2018,1.4348920797296418
5313,Granada,Female,2018,0.9897525253158713
5315,Guadalupe,Female,2018,1.333356179011199
5318,Guarne,Female,2018,1.298694980543979
5321,Guatapé,Female,2018,1.1364904216709648
5347,Heliconia,Female,2018,1.525973939856807
5353,Hispania,Female,2018,1.7308270180319911
5360,Itagüí,Female,2018,1.4422193274978365
5361,Ituango,Female,2018,1.242644631285047
5364,Jardín,Female,2018,1.6194596024096808
5368,Jericó,Female,2018,1.3608026377908968
5376,La Ceja,Female,2018,1.2203844578185488
5380,La Estrella,Female,2018,1.4035154041411246
5390,La Pintada,Female,2018,1.9004554895969927
5400,La Unión,Female,2018,1.2316261520185363
5411,Liborina,Female,2018,1.3297087631545415
5425,Maceo,Female,2018,1.1094306506698335
5440,Marinilla,Female,2018,1.0552636742728612
5467,Montebello,Female,2018,1.4532663593603243
5475,Murindó,Female,2018,0.8585043346370621
5480,Mutatá,Female,2018,2.8864074783149607
5483,Nariño,Female,2018,1.2997950529299755
5490,Necoclí,Female,2018,1.1953031703605943
5495,Nechí,Female,2018,1.0455405287311597
5501,Olaya,Female,2018,1.1422731380744817
5541,Peñol,Female,2018,1.1002065227529236
5543,Peque,Female,2018,1.1257105527684117
5576,Pueblorrico,Female,2018,1.3852118455395988
5579,Puerto Berrío,Female,2018,2.146917049766056
5585,Puerto Nare,Female,2018,1.211347520541688
5591,Puerto Triunfo,Female,2018,1.3351193238689805
5604,Remedios,Female,2018,1.0997489880701166
5607,Retiro,Female,2018,1.297021571270829
5615,Rionegro,Female,2018,1.3119037669455262
5628,Sabanalarga,Female,2018,1.1228733027940296
5631,Sabaneta,Female,2018,1.7122366907845288
5642,Salgar,Female,2018,1.4457884100692169
5647,San Andrés De Cuerquía,Female,2018,1.3289048289884362
5649,San Carlos,Female,2018,1.06080244569206
5652,San Francisco,Female,2018,1.0655108599327043
5656,San Jerónimo,Female,2018,1.3124960800101644
5658,San José De La Montaña,Female,2018,1.1247972773663932
5659,San Juan De Urabá,Female,2018,1.1233730154663677
5660,San Luis,Female,2018,1.075579543164423
5664,San Pedro De Los Milagros,Female,2018,1.5139090308794358
5665,San Pedro De Urabá,Female,2018,1.256437237193911
5667,San Rafael,Female,2018,1.3142042864969483
5670,San Roque,Female,2018,1.2467318103043654
5674,San Vicente Ferrer,Female,2018,1.1785977589510512
5679,Santa Bárbara,Female,2018,1.4130665494819086
5686,Santa Rosa De Osos,Female,2018,1.145837682235308
5690,Santo Domingo,Female,2018,1.3906173948709897
5697,El Santuario,Female,2018,0.9617936843662661
5736,Segovia,Female,2018,1.6725451158680842
5756,Sonsón,Female,2018,1.2964678170639286
5761,Sopetrán,Female,2018,1.2367708971944074
5789,Támesis,Female,2018,1.5137929731515314
5790,Tarazá,Female,2018,3.9531463193137806
5792,Tarso,Female,2018,1.4497554515287265
5809,Titiribí,Female,2018,1.4828497947696566
5819,Toledo,Female,2018,1.2351039920570492
5837,Turbo,Female,2018,1.6134525638757524
5842,Uramita,Female,2018,1.1586399164997392
5847,Urrao,Female,2018,1.1181542237172126
5854,Valdivia,Female,2018,2.109202363669969
5856,Valparaíso,Female,2018,1.3113942645183247
5858,Vegachí,Female,2018,1.8038463532714333
5861,Venecia,Female,2018,2.0443752826274526
5873,Vigía Del Fuerte,Female,2018,1.0163627604297754
5885,Yalí,Female,2018,1.2603796122404354
5887,Yarumal,Female,2018,1.5279824533341075
5890,Yolombó,Female,2018,1.290850697231305
5893,Yondó,Female,2018,0.9966353600799561
5895,Zaragoza,Female,2018,1.2388474872666961
8001,Barranquilla,Female,2018,1.4478508577786795
8078,Baranoa,Female,2018,1.1603823158348476
8137,Campo De La Cruz,Female,2018,1.4030182310503514
8141,Candelaria,Female,2018,1.1659934088461255
8296,Galapa,Female,2018,0.9017875859829395
8372,Juan De Acosta,Female,2018,1.1982748166335373
8421,Luruaco,Female,2018,1.2640642270050362
8433,Malambo,Female,2018,0.9915988579343503
8436,Manatí,Female,2018,1.0583881078930235
8520,Palmar De Varela,Female,2018,1.1526952737374134
8549,Piojó,Female,2018,1.32087485471998
8558,Polonuevo,Female,2018,1.051317848266881
8560,Ponedera,Female,2018,1.1509388781188568
8573,Puerto Colombia,Female,2018,1.0390578494186113
8606,Repelón,Female,2018,1.2359810924965093
8634,Sabanagrande,Female,2018,1.0597976456716407
8638,Sabanalarga,Female,2018,1.0982030363501105
8675,Santa Lucía,Female,2018,1.0831485819159619
8685,Santo Tomás,Female,2018,1.095820696115226
8758,Soledad,Female,2018,0.9735618358138926
8770,Suan,Female,2018,1.1369033773945139
8832,Tubará,Female,2018,1.1236685269903435
8849,Usiacurí,Female,2018,1.132531264393366
11001,"Bogotá, D.C.",Female,2018,1.2989312727019109
13001,Cartagena De Indias,Female,2018,1.3164184906811387
13006,Achí,Female,2018,1.1919761636332014
13030,Altos Del Rosario,Female,2018,1.0424279693732899
13042,Arenal,Female,2018,1.2532662767937057
13052,Arjona,Female,2018,1.2307453513290019
13062,Arroyohondo,Female,2018,1.4591973313503588
13074,Barranco De Loba,Female,2018,1.11514519834322
13140,Calamar,Female,2018,1.3314903061821703
13160,Cantagallo,Female,2018,1.1105860846849498
13188,Cicuco,Female,2018,1.1158118177444014
13212,Córdoba,Female,2018,1.2633151687957926
13222,Clemencia,Female,2018,1.2257518535179326
13244,El Carmen De Bolívar,Female,2018,1.2650366487956102
13248,El Guamo,Female,2018,1.4232261250230709
13268,El Peñón,Female,2018,1.1466530461186029
13300,Hatillo De Loba,Female,2018,1.1050028259861393
13430,Magangué,Female,2018,1.1997283242878791
13433,Mahates,Female,2018,1.2796959131992725
13440,Margarita,Female,2018,1.2992209805476516
13442,María La Baja,Female,2018,1.2208577949259627
13458,Montecristo,Female,2018,1.1167471417434345
13468,Mompós,Female,2018,1.1024488866306787
13473,Morales,Female,2018,1.1106377245159482
13490,Norosí,Female,2018,0.6107097700328037
13549,Pinillos,Female,2018,1.1406213687163576
13580,Regidor,Female,2018,0.9430700538079387
13600,Río Viejo,Female,2018,1.2164049833197341
13620,San Cristóbal,Female,2018,1.2466765732835488
13647,San Estanislao,Female,2018,1.2593236262797927
13650,San Fernando,Female,2018,1.1388899051569124
13654,San Jacinto,Female,2018,1.3519067944998708
13655,San Jacinto Del Cauca,Female,2018,1.2201675037239514
13657,San Juan Nepomuceno,Female,2018,1.4278942307042342
13667,San Martín De Loba,Female,2018,1.0503588383988964
13670,San Pablo,Female,2018,1.0563838651598847
13673,Santa Catalina,Female,2018,1.2847627256467566
13683,Santa Rosa,Female,2018,1.2856708058810076
13688,Santa Rosa Del Sur,Female,2018,1.07786038515713
13744,Simití,Female,2018,1.1894447190265178
13760,Soplaviento,Female,2018,1.2443317149144777
13780,Talaigua Nuevo,Female,2018,1.0105415852597883
13810,Tiquisio,Female,2018,1.0213905212116805
13836,Turbaco,Female,2018,1.1388725375093662
13838,Turbaná,Female,2018,1.2257194651181598
13873,Villanueva,Female,2018,1.1595605051459983
13894,Zambrano,Female,2018,1.2230956227641618
15001,Tunja,Female,2018,1.2594249980830945
15022,Almeida,Female,2018,1.5593494407290667
15047,Aquitania,Female,2018,1.0945186672637035
15051,Arcabuco,Female,2018,1.0190693239277726
15087,Belén,Female,2018,1.1250331432603973
15090,Berbeo,Female,2018,1.441655196503655
15092,Betéitiva,Female,2018,1.4820752188251418
15097,Boavita,Female,2018,1.4227847758670609
15104,Boyacá,Female,2018,1.4493472262126605
15106,Briceño,Female,2018,1.3729111378188903
15109,Buenavista,Female,2018,1.35061978493295
15114,Busbanzá,Female,2018,1.1391803893857224
15131,Caldas,Female,2018,1.3871790781934168
15135,Campohermoso,Female,2018,1.256173462802708
15162,Cerinza,Female,2018,1.4104971427181865
15172,Chinavita,Female,2018,1.6259780063034168
15176,Chiquinquirá,Female,2018,1.4027904104401754
15180,Chiscas,Female,2018,1.6838799862941654
15183,Chita,Female,2018,1.2406850365856925
15185,Chitaraque,Female,2018,1.3145896488978195
15187,Chivatá,Female,2018,1.1219683035096746
15189,Ciénega,Female,2018,1.191296153343836
15204,Cómbita,Female,2018,1.2923965857541027
15212,Coper,Female,2018,1.2583777752279162
15215,Corrales,Female,2018,1.2311337315679516
15218,Covarachía,Female,2018,1.5755792217138154
15223,Cubará,Female,2018,0.932923278932135
15224,Cucaita,Female,2018,1.3119125639346116
15226,Cuítiva,Female,2018,1.1104330422617583
15232,Chíquiza,Female,2018,1.3431306580701967
15236,Chivor,Female,2018,1.3121320927550733
15238,Duitama,Female,2018,1.2523928797313686
15244,El Cocuy,Female,2018,1.3374573357165278
15248,El Espino,Female,2018,1.254269970353686
15272,Firavitoba,Female,2018,1.129713285359084
15276,Floresta,Female,2018,1.6428642373903917
15293,Gachantivá,Female,2018,1.2916786312785211
15296,Gámeza,Female,2018,1.2042055256888107
15299,Garagoa,Female,2018,1.2187428848928004
15317,Guacamayas,Female,2018,1.0864471180067183
15322,Guateque,Female,2018,1.4242505203857523
15325,Guayatá,Female,2018,1.531632029818405
15332,Güicán De La Sierra,Female,2018,1.0461313884492818
15362,Iza,Female,2018,1.2094581357879872
15367,Jenesano,Female,2018,1.2320413110146773
15368,Jericó,Female,2018,1.5290041942786594
15377,Labranzagrande,Female,2018,1.6655672283911251
15380,La Capilla,Female,2018,1.2548907752234941
15401,La Victoria,Female,2018,1.6864086446091169
15403,La Uvita,Female,2018,1.363213463540131
15407,Villa De Leyva,Female,2018,1.1220435411347203
15425,Macanal,Female,2018,1.1351784902180795
15442,Maripí,Female,2018,1.5859629479384438
15455,Miraflores,Female,2018,1.236518100505358
15464,Mongua,Female,2018,1.547957006030332
15466,Monguí,Female,2018,1.07359660198443
15469,Moniquirá,Female,2018,1.3266604343727852
15476,Motavita,Female,2018,1.1940479342841148
15480,Muzo,Female,2018,1.237902911546635
15491,Nobsa,Female,2018,1.0454675457582114
15494,Nuevo Colón,Female,2018,1.4442422260536507
15500,Oicatá,Female,2018,1.0875793701147376
15507,Otanche,Female,2018,1.2455298852080015
15511,Pachavita,Female,2018,1.3414253991903389
15514,Páez,Female,2018,1.1764411410041802
15516,Paipa,Female,2018,1.1653321788374527
15518,Pajarito,Female,2018,1.0162005688595375
15522,Panqueba,Female,2018,1.316451308096919
15531,Pauna,Female,2018,1.5066879530687176
15533,Paya,Female,2018,1.27820691041295
15537,Paz De Río,Female,2018,1.1720799759530107
15542,Pesca,Female,2018,1.0667552348822336
15550,Pisba,Female,2018,1.173529577471345
15572,Puerto Boyacá,Female,2018,1.4352027129306872
15580,Quípama,Female,2018,1.7859713712575807
15599,Ramiriquí,Female,2018,1.1483372702912722
15600,Ráquira,Female,2018,1.134832591314626
15621,Rondón,Female,2018,1.2484526711383137
15632,Saboyá,Female,2018,1.2123832152403566
15638,Sáchica,Female,2018,0.9594619442796215
15646,Samacá,Female,2018,1.2044539577009397
15660,San Eduardo,Female,2018,1.3962373803659875
15664,San José De Pare,Female,2018,1.7166265423738185
15667,San Luis De Gaceno,Female,2018,1.443376880534136
15673,San Mateo,Female,2018,1.2713923324128058
15676,San Miguel De Sema,Female,2018,1.149970855816084
15681,San Pablo De Borbur,Female,2018,1.285202643963384
15686,Santana,Female,2018,1.395581316363989
15690,Santa María,Female,2018,1.1547295145256546
15693,Santa Rosa De Viterbo,Female,2018,1.188713053378749
15696,Santa Sofía,Female,2018,1.0237651659774971
15720,Sativanorte,Female,2018,1.757425799065808
15723,Sativasur,Female,2018,2.0956427342867956
15740,Siachoque,Female,2018,1.0875980527174558
15753,Soatá,Female,2018,1.1689569188641253
15755,Socotá,Female,2018,1.1246385466138409
15757,Socha,Female,2018,0.9995229794061543
15759,Sogamoso,Female,2018,1.2686511380449688
15761,Somondoco,Female,2018,1.8653806958819705
15762,Sora,Female,2018,1.4409020021496486
15763,Sotaquirá,Female,2018,1.0361206670344854
15764,Soracá,Female,2018,1.0957236667889942
15774,Susacón,Female,2018,1.5806702027137967
15776,Sutamarchán,Female,2018,1.2532821313833942
15778,Sutatenza,Female,2018,1.66264510801239
15790,Tasco,Female,2018,1.0766905431909684
15798,Tenza,Female,2018,1.6773649885295858
15804,Tibaná,Female,2018,1.372194972825362
15806,Tibasosa,Female,2018,1.0549948373983526
15808,Tinjacá,Female,2018,1.2084665561875358
15810,Tipacoque,Female,2018,1.6827057736843158
15814,Toca,Female,2018,1.0607863608956642
15816,Togüí,Female,2018,1.197439671186349
15820,Tópaga,Female,2018,1.0227206461558536
15822,Tota,Female,2018,1.1726334884503065
15832,Tununguá,Female,2018,1.012187276671316
15835,Turmequé,Female,2018,1.5102281668988626
15837,Tuta,Female,2018,1.0559411631808073
15839,Tutazá,Female,2018,1.347087373908786
15842,Úmbita,Female,2018,1.271075280817802
15861,Ventaquemada,Female,2018,1.0642315813312504
15879,Viracachá,Female,2018,1.3643359450254064
15897,Zetaquira,Female,2018,1.4204324185998385
17001,Manizales,Female,2018,1.4832154264423167
17013,Aguadas,Female,2018,1.32596721226351
17042,Anserma,Female,2018,1.4522412392905737
17050,Aranzazu,Female,2018,1.3856750891326381
17088,Belalcázar,Female,2018,1.2407206236275279
17174,Chinchiná,Female,2018,1.7906111693620637
17272,Filadelfia,Female,2018,1.4210815845907172
17380,La Dorada,Female,2018,1.4040884035352124
17388,La Merced,Female,2018,1.4747984670726277
17433,Manzanares,Female,2018,1.3403202186841152
17442,Marmato,Female,2018,1.2156952934193483
17444,Marquetalia,Female,2018,1.371269440902752
17446,Marulanda,Female,2018,1.2372396483376447
17486,Neira,Female,2018,1.3926005729209714
17495,Norcasia,Female,2018,1.211201241038759
17513,Pácora,Female,2018,1.5520145848705607
17524,Palestina,Female,2018,1.5365638425587802
17541,Pensilvania,Female,2018,1.2618610429998163
17614,Riosucio,Female,2018,1.3073844179683274
17616,Risaralda,Female,2018,1.47116534630106
17653,Salamina,Female,2018,1.4320818495578747
17662,Samaná,Female,2018,1.2640843919474751
17665,San José,Female,2018,1.365134692246462
17777,Supía,Female,2018,1.546111568375517
17867,Victoria,Female,2018,1.2321952944344485
17873,Villamaría,Female,2018,1.3342491286552096
17877,Viterbo,Female,2018,1.4950926639099948
18001,Florencia,Female,2018,1.2693985341711074
18029,Albania,Female,2018,0.9311524119255017
18094,Belén De Los Andaquíes,Female,2018,1.059967372075586
18150,Cartagena Del Chairá,Female,2018,1.1231290006529804
18205,Curillo,Female,2018,1.7063380109578898
18247,El Doncello,Female,2018,1.109555748495053
18256,El Paujíl,Female,2018,0.9822121208109842
18410,La Montañita,Female,2018,1.002004516642769
18460,Milán,Female,2018,0.8906136376967472
18479,Morelia,Female,2018,1.0367300762270526
18592,Puerto Rico,Female,2018,1.0426639654325631
18610,San José Del Fragua,Female,2018,1.0058724844181242
18753,San Vicente Del Caguán,Female,2018,1.1281142954391405
18756,Solano,Female,2018,0.9370835618763946
18785,Solita,Female,2018,1.2732616898438123
18860,Valparaíso,Female,2018,1.0290949637009417
19001,Popayán,Female,2018,1.3480689511194264
19022,Almaguer,Female,2018,1.8106807162219805
19050,Argelia,Female,2018,1.4446733930492388
19075,Balboa,Female,2018,1.4369906861220765
19100,Bolívar,Female,2018,1.734271973957235
19110,Buenos Aires,Female,2018,1.1338483852396128
19130,Cajibío,Female,2018,1.38588278982917
19137,Caldono,Female,2018,1.043670722382607
19142,Caloto,Female,2018,1.1569999041777312
19212,Corinto,Female,2018,1.954421461307848
19256,El Tambo,Female,2018,1.4191402900097956
19290,Florencia,Female,2018,1.351959002932709
19300,Guachené,Female,2018,0.698214224944477
19318,Guapi,Female,2018,1.1458791731774747
19355,Inzá,Female,2018,1.1597042572800742
19364,Jambaló,Female,2018,1.0055528205948565
19392,La Sierra,Female,2018,1.667075260476606
19397,La Vega,Female,2018,1.6446086974461955
19418,López De Micay,Female,2018,1.1022379541277347
19450,Mercaderes,Female,2018,1.6049114351704048
19455,Miranda,Female,2018,1.151125228846068
19473,Morales,Female,2018,1.1216985596149276
19513,Padilla,Female,2018,1.5893044017425448
19517,Páez,Female,2018,0.9809044352115144
19532,Patía,Female,2018,1.6045375039520253
19533,Piamonte,Female,2018,0.9075441504635744
19548,Piendamó - Tunía,Female,2018,1.2052793272176139
19573,Puerto Tejada,Female,2018,2.3026991617597306
19585,Puracé,Female,2018,1.13803023044033
19622,Rosas,Female,2018,1.6119556325634992
19693,San Sebastián,Female,2018,1.6752764120873331
19698,Santander De Quilichao,Female,2018,1.1946019888535602
19701,Santa Rosa,Female,2018,1.4405575807998041
19743,Silvia,Female,2018,1.1549319404174556
19760,Sotará - Paispamba,Female,2018,1.3091385123953099
19780,Suárez,Female,2018,1.137227178586266
19785,Sucre,Female,2018,2.272218392432384
19807,Timbío,Female,2018,1.4168046206438696
19809,Timbiquí,Female,2018,1.0338386618909123
19821,Toribío,Female,2018,1.0894885795421096
19824,Totoró,Female,2018,1.168694500566601
19845,Villa Rica,Female,2018,1.2114277191235159
20001,Valledupar,Female,2018,1.2271037613272446
20011,Aguachica,Female,2018,1.2423128208691319
20013,Agustín Codazzi,Female,2018,1.067399495771951
20032,Astrea,Female,2018,1.0117021742970156
20045,Becerril,Female,2018,0.9146995432757803
20060,Bosconia,Female,2018,1.0537191901044543
20175,Chimichagua,Female,2018,0.9705385771250589
20178,Chiriguaná,Female,2018,1.1136827138066547
20228,Curumaní,Female,2018,1.0721368544239742
20238,El Copey,Female,2018,1.042975998728846
20250,El Paso,Female,2018,0.9200060430385049
20295,Gamarra,Female,2018,1.267753029681403
20310,González,Female,2018,1.4631204113028504
20383,La Gloria,Female,2018,1.11344215744038
20400,La Jagua De Ibirico,Female,2018,0.8523429493109028
20443,Manaure Balcón Del Cesar,Female,2018,1.0858673660404021
20517,Pailitas,Female,2018,1.2448202539397677
20550,Pelaya,Female,2018,1.152200106605851
20570,Pueblo Bello,Female,2018,0.9116124299142848
20614,Río De Oro,Female,2018,1.384653267055
20621,La Paz,Female,2018,0.9986893223147256
20710,San Alberto,Female,2018,1.0624160917996401
20750,San Diego,Female,2018,1.0285948200400985
20770,San Martín,Female,2018,1.0707772818509542
20787,Tamalameque,Female,2018,1.001316774259235
23001,Montería,Female,2018,1.1845214664889443
23068,Ayapel,Female,2018,1.1874136070387875
23079,Buenavista,Female,2018,1.2242649795274754
23090,Canalete,Female,2018,1.3875782311832707
23162,Cereté,Female,2018,1.3045329804479768
23168,Chimá,Female,2018,1.594498954504569
23182,Chinú,Female,2018,1.412887813178444
23189,Ciénaga De Oro,Female,2018,1.4268879005528505
23300,Cotorra,Female,2018,1.3730378203954683
23350,La Apartada,Female,2018,1.2533702451987248
23417,Lorica,Female,2018,1.291294913742912
23419,Los Córdobas,Female,2018,1.3102266110441314
23464,Momil,Female,2018,1.2479187022315432
23466,Montelíbano,Female,2018,1.087685067264652
23500,Moñitos,Female,2018,1.3563524301716696
23555,Planeta Rica,Female,2018,1.210794750247674
23570,Pueblo Nuevo,Female,2018,1.2904382258931009
23574,Puerto Escondido,Female,2018,1.4158421748903984
23580,Puerto Libertador,Female,2018,1.1051848478735005
23586,Purísima De La Concepción,Female,2018,1.3738068501808154
23660,Sahagún,Female,2018,1.3115385506015977
23670,San Andrés De Sotavento,Female,2018,1.375854010789482
23672,San Antero,Female,2018,1.2190684977355732
23675,San Bernardo Del Viento,Female,2018,1.323097970385704
23678,San Carlos,Female,2018,1.4111347140730948
23682,San José De Uré,Female,2018,0.5269057388600261
23686,San Pelayo,Female,2018,1.4860918402886372
23807,Tierralta,Female,2018,1.1276926052069578
23815,Tuchín,Female,2018,0.654222120745599
23855,Valencia,Female,2018,1.2812507412870402
25001,Agua De Dios,Female,2018,1.530540418015135
25019,Albán,Female,2018,1.423630841158502
25035,Anapoima,Female,2018,1.2610796981289667
25040,Anolaima,Female,2018,1.2641468433494356
25053,Arbeláez,Female,2018,1.1066979976652072
25086,Beltrán,Female,2018,1.342809095743811
25095,Bituima,Female,2018,1.0700346716329328
25099,Bojacá,Female,2018,1.1088947207410054
25120,Cabrera,Female,2018,1.0354986556264012
25123,Cachipay,Female,2018,1.2570115193263178
25126,Cajicá,Female,2018,1.126422996858491
25148,Caparrapí,Female,2018,1.4469812579172046
25151,Cáqueza,Female,2018,1.3634882466790856
25154,Carmen De Carupa,Female,2018,1.2473793292729807
25168,Chaguaní,Female,2018,1.628710965933543
25175,Chía,Female,2018,1.404587227140033
25178,Chipaque,Female,2018,1.1628337621105744
25181,Choachí,Female,2018,1.2277525446196682
25183,Chocontá,Female,2018,1.455063075750437
25200,Cogua,Female,2018,1.0950743050862262
25214,Cota,Female,2018,1.0906034586328621
25224,Cucunubá,Female,2018,1.0051528285837807
25245,El Colegio,Female,2018,1.3033454628112338
25258,El Peñón,Female,2018,1.41565609837269
25260,El Rosal,Female,2018,0.9494862808260927
25269,Facatativá,Female,2018,1.369128099525971
25279,Fómeque,Female,2018,1.1553155438690712
25281,Fosca,Female,2018,1.3108090892402604
25286,Funza,Female,2018,1.1774151947791005
25288,Fúquene,Female,2018,1.0754268324079936
25290,Fusagasugá,Female,2018,1.4460579965312494
25293,Gachalá,Female,2018,1.5414437462696315
25295,Gachancipá,Female,2018,1.0433079554720672
25297,Gachetá,Female,2018,1.746149617080689
25299,Gama,Female,2018,1.3909326202121206
25307,Girardot,Female,2018,2.093200102579251
25312,Granada,Female,2018,1.1008458271595092
25317,Guachetá,Female,2018,1.2423733570451048
25320,Guaduas,Female,2018,1.4231362901335487
25322,Guasca,Female,2018,1.0591840695437449
25324,Guataquí,Female,2018,1.4061896099031959
25326,Guatavita,Female,2018,1.2568144014558034
25328,Guayabal De Síquima,Female,2018,1.215601779192373
25335,Guayabetal,Female,2018,0.9575370235400193
25339,Gutiérrez,Female,2018,1.1104648722545576
25368,Jerusalén,Female,2018,1.2149583076739452
25372,Junín,Female,2018,1.9434003096239625
25377,La Calera,Female,2018,1.3327532554554968
25386,La Mesa,Female,2018,1.5004351113814969
25394,La Palma,Female,2018,1.4840351499282942
25398,La Peña,Female,2018,1.5686824712632461
25402,La Vega,Female,2018,1.2164090468861972
25407,Lenguazaque,Female,2018,1.4409012245257227
25426,Machetá,Female,2018,1.5646114662982062
25430,Madrid,Female,2018,1.0445509397511945
25436,Manta,Female,2018,1.5742103468027013
25438,Medina,Female,2018,1.243407539957657
25473,Mosquera,Female,2018,1.0732998758668382
25483,Nariño,Female,2018,1.602896099173577
25486,Nemocón,Female,2018,1.0771794685652252
25488,Nilo,Female,2018,1.0750528487879976
25489,Nimaima,Female,2018,1.340232211326758
25491,Nocaima,Female,2018,1.1371974340671633
25506,Venecia,Female,2018,1.297275106604152
25513,Pacho,Female,2018,1.5182993824437212
25518,Paime,Female,2018,1.441384528105642
25524,Pandi,Female,2018,1.2340267932435531
25530,Paratebueno,Female,2018,1.0483142167581094
25535,Pasca,Female,2018,1.1854768230253694
25572,Puerto Salgar,Female,2018,1.482944599208554
25580,Pulí,Female,2018,1.1978519735282016
25592,Quebradanegra,Female,2018,1.303105384638109
25594,Quetame,Female,2018,1.101125002205834
25596,Quipile,Female,2018,1.3233836840636846
25599,Apulo,Female,2018,1.1302135338348425
25612,Ricaurte,Female,2018,1.0593899081894056
25645,San Antonio Del Tequendama,Female,2018,1.170604418995746
25649,San Bernardo,Female,2018,1.1809334769788424
25653,San Cayetano,Female,2018,1.1379767747519354
25658,San Francisco,Female,2018,1.105016227023828
25662,San Juan De Rioseco,Female,2018,1.4960378822501388
25718,Sasaima,Female,2018,1.2373388134913093
25736,Sesquilé,Female,2018,1.151393738290879
25740,Sibaté,Female,2018,1.8776720648456526
25743,Silvania,Female,2018,1.2549868230497583
25745,Simijaca,Female,2018,1.1480615358517157
25754,Soacha,Female,2018,1.0769750368937936
25758,Sopó,Female,2018,1.412735180464512
25769,Subachoque,Female,2018,1.0536946092305395
25772,Suesca,Female,2018,1.1179582826605736
25777,Supatá,Female,2018,1.1676040086788948
25779,Susa,Female,2018,1.08029333494453
25781,Sutatausa,Female,2018,0.8830749762517589
25785,Tabio,Female,2018,1.2008985998449637
25793,Tausa,Female,2018,0.9395750884849391
25797,Tena,Female,2018,1.138083578545802
25799,Tenjo,Female,2018,1.321559887320323
25805,Tibacuy,Female,2018,1.1332190722306756
25807,Tibirita,Female,2018,1.9730463255059227
25815,Tocaima,Female,2018,1.3841381451733477
25817,Tocancipá,Female,2018,1.0411379954995652
25823,Topaipí,Female,2018,1.3714265520880886
25839,Ubalá,Female,2018,1.3710027552046025
25841,Ubaque,Female,2018,1.4773619388450907
25843,Villa De San Diego De Ubaté,Female,2018,1.4662210882284938
25845,Une,Female,2018,1.1972080597835615
25851,Útica,Female,2018,1.3582084458723303
25862,Vergara,Female,2018,1.5587188667633358
25867,Vianí,Female,2018,1.13662339158222
25871,Villagómez,Female,2018,1.2670752541350203
25873,Villapinzón,Female,2018,1.1092071531284593
25875,Villeta,Female,2018,1.4371207831905928
25878,Viotá,Female,2018,1.3069381788651913
25885,Yacopí,Female,2018,1.567289965353731
25898,Zipacón,Female,2018,1.0982330554202484
25899,Zipaquirá,Female,2018,1.2727917223791505
27001,Quibdó,Female,2018,1.2863785415209248
27006,Acandí,Female,2018,1.1438755919401253
27025,Alto Baudó,Female,2018,1.2257142591524264
27050,Atrato,Female,2018,1.2743957084653832
27073,Bagadó,Female,2018,0.9752022389290971
27075,Bahía Solano,Female,2018,0.9991246790267893
27077,Bajo Baudó,Female,2018,1.0854357996183084
27099,Bojayá,Female,2018,0.9112837920894736
27135,El Cantón Del San Pablo,Female,2018,1.1273598277789094
27150,Carmen Del Darién,Female,2018,1.1074687533168643
27160,Cértegui,Female,2018,1.316734780146279
27205,Condoto,Female,2018,1.1928618640727906
27245,El Carmen De Atrato,Female,2018,1.2152414242238756
27250,El Litoral Del San Juan,Female,2018,1.0155232194321016
27361,Istmina,Female,2018,1.352968795994031
27372,Juradó,Female,2018,0.9580905841850572
27413,Lloró,Female,2018,0.7485316277966669
27425,Medio Atrato,Female,2018,1.4333708395579179
27430,Medio Baudó,Female,2018,1.1841254114203703
27450,Medio San Juan,Female,2018,1.2435578225280768
27491,Nóvita,Female,2018,1.2047949117588108
27495,Nuquí,Female,2018,1.0467075991752635
27580,Río Iró,Female,2018,1.1402057987999392
27600,Río Quito,Female,2018,1.3433074822945488
27615,Riosucio,Female,2018,1.5351873258877906
27660,San José Del Palmar,Female,2018,1.1375116575579247
27745,Sipí,Female,2018,1.049135734584873
27787,Tadó,Female,2018,1.2237769939412435
27800,Unguía,Female,2018,1.112312905199166
27810,Unión Panamericana,Female,2018,1.4077235649647808
41001,Neiva,Female,2018,1.3470358049754037
41006,Acevedo,Female,2018,1.546974831978135
41013,Agrado,Female,2018,1.207342407012766
41016,Aipe,Female,2018,1.0945342807895713
41020,Algeciras,Female,2018,1.1989384274612553
41026,Altamira,Female,2018,1.086040943214501
41078,Baraya,Female,2018,1.280637174942293
41132,Campoalegre,Female,2018,1.5599865780789626
41206,Colombia,Female,2018,1.2983182694741582
41244,Elías,Female,2018,0.9197421423302121
41298,Garzón,Female,2018,1.1736715456183378
41306,Gigante,Female,2018,1.1649838340707672
41319,Guadalupe,Female,2018,1.1261512112388814
41349,Hobo,Female,2018,1.038604253394007
41357,Íquira,Female,2018,1.111032610375402
41359,Isnos,Female,2018,1.159506341275484
41378,La Argentina,Female,2018,1.2202103435888405
41396,La Plata,Female,2018,1.0977392077421064
41483,Nátaga,Female,2018,0.9677039339217675
41503,Oporapa,Female,2018,1.1636671412585131
41518,Paicol,Female,2018,1.0040381794902964
41524,Palermo,Female,2018,1.0434271315153236
41530,Palestina,Female,2018,1.1681313440220666
41548,Pital,Female,2018,1.0327074172779462
41551,Pitalito,Female,2018,1.3309424294267311
41615,Rivera,Female,2018,1.0233233200115281
41660,Saladoblanco,Female,2018,1.233345017566064
41668,San Agustín,Female,2018,1.1253976857627972
41676,Santa María,Female,2018,1.0991162554707878
41770,Suaza,Female,2018,0.9640171983809106
41791,Tarqui,Female,2018,1.168170959029179
41797,Tesalia,Female,2018,1.1117148583796568
41799,Tello,Female,2018,1.0158408011627569
41801,Teruel,Female,2018,1.1207733980849586
41807,Timaná,Female,2018,1.1490499074773113
41872,Villavieja,Female,2018,1.2593387410172003
41885,Yaguará,Female,2018,1.114097152344705
44001,Riohacha,Female,2018,1.3392544617447901
44035,Albania,Female,2018,0.9040038249113707
44078,Barrancas,Female,2018,1.0092777190998172
44090,Dibulla,Female,2018,1.0542277003214973
44098,Distracción,Female,2018,0.9942024421285769
44110,El Molino,Female,2018,1.1320912978329205
44279,Fonseca,Female,2018,0.9130409613180266
44378,Hatonuevo,Female,2018,0.9184074591723362
44420,La Jagua Del Pilar,Female,2018,0.8988061463428871
44430,Maicao,Female,2018,1.3065826146198452
44560,Manaure,Female,2018,1.0650669539861268
44650,San Juan Del Cesar,Female,2018,1.049531444099817
44847,Uribia,Female,2018,1.486511663781608
44855,Urumita,Female,2018,0.9500606508252863
44874,Villanueva,Female,2018,0.9025865917368288
47001,Santa Marta,Female,2018,1.4362481507890716
47030,Algarrobo,Female,2018,0.9831006887949655
47053,Aracataca,Female,2018,1.0081607191441657
47058,Ariguaní,Female,2018,1.1395858144754227
47161,Cerro De San Antonio,Female,2018,1.2803259725514862
47170,Chivolo,Female,2018,1.052072723271671
47189,Ciénaga,Female,2018,1.1190513505186683
47205,Concordia,Female,2018,1.4831503529707317
47245,El Banco,Female,2018,1.0964840878158884
47258,El Piñón,Female,2018,1.1553409835301212
47268,El Retén,Female,2018,1.1276417238282208
47288,Fundación,Female,2018,1.1009874250501903
47318,Guamal,Female,2018,1.1429208101632216
47460,Nueva Granada,Female,2018,1.1684341188090006
47541,Pedraza,Female,2018,1.1501663128009565
47545,Pijiño Del Carmen,Female,2018,0.9847682445090199
47551,Pivijay,Female,2018,1.249541005240382
47555,Plato,Female,2018,1.070026332318622
47570,Puebloviejo,Female,2018,1.127703367089094
47605,Remolino,Female,2018,1.2428815708484449
47660,Sabanas De San Ángel,Female,2018,1.0930644478310554
47675,Salamina,Female,2018,1.2171216293822265
47692,San Sebastián De Buenavista,Female,2018,1.20076159430122
47703,San Zenón,Female,2018,0.9582836269970937
47707,Santa Ana,Female,2018,0.9687328749756843
47720,Santa Bárbara De Pinto,Female,2018,1.153893697368459
47745,Sitionuevo,Female,2018,1.3355286185431698
47798,Tenerife,Female,2018,1.1040119753053537
47960,Zapayán,Female,2018,1.3388930628763247
47980,Zona Bananera,Female,2018,1.0348005465957797
50001,Villavicencio,Female,2018,1.2683173392564187
50006,Acacías,Female,2018,0.9801208568461692
50110,Barranca De Upía,Female,2018,0.8995701552604846
50124,Cabuyaro,Female,2018,0.8703741946455378
50150,Castilla La Nueva,Female,2018,0.8983496895261639
50223,Cubarral,Female,2018,1.0003588273574644
50226,Cumaral,Female,2018,0.9613065883812667
50245,El Calvario,Female,2018,0.8878915280366877
50251,El Castillo,Female,2018,1.058395553123794
50270,El Dorado,Female,2018,1.0945731431787404
50287,Fuente De Oro,Female,2018,1.1954647849381164
50313,Granada,Female,2018,1.317438587581124
50318,Guamal,Female,2018,1.206444915362234
50325,Mapiripán,Female,2018,0.8079770098850436
50330,Mesetas,Female,2018,1.1519450365086463
50350,La Macarena,Female,2018,1.116720369378913
50370,Uribe,Female,2018,1.3870856061582464
50400,Lejanías,Female,2018,1.136576452703567
50450,Puerto Concordia,Female,2018,1.2938017789477692
50568,Puerto Gaitán,Female,2018,0.8638173819353016
50573,Puerto López,Female,2018,1.0658785719538353
50577,Puerto Lleras,Female,2018,1.0006667594109986
50590,Puerto Rico,Female,2018,1.0673374522596257
50606,Restrepo,Female,2018,0.9613111210993555
50680,San Carlos De Guaroa,Female,2018,0.8526797084437336
50683,San Juan De Arama,Female,2018,1.1154390043965279
50686,San Juanito,Female,2018,1.09283853512172
50689,San Martín,Female,2018,0.9376298528694681
50711,Vistahermosa,Female,2018,1.131123364311327
52001,Pasto,Female,2018,1.4090621082129082
52019,Albán,Female,2018,1.809076798310442
52022,Aldana,Female,2018,1.454105055960122
52036,Ancuya,Female,2018,1.5692958775938075
52051,Arboleda,Female,2018,1.7576724240336046
52079,Barbacoas,Female,2018,1.1094320559546427
52083,Belén,Female,2018,1.7628683390002722
52110,Buesaco,Female,2018,1.5180919200164225
52203,Colón,Female,2018,1.6573969731243936
52207,Consacá,Female,2018,1.767596510817726
52210,Contadero,Female,2018,1.6268687856707078
52215,Córdoba,Female,2018,1.4568009443676613
52224,Cuaspud Carlosama,Female,2018,1.7078646659302488
52227,Cumbal,Female,2018,1.2625960120051662
52233,Cumbitara,Female,2018,1.6177424151184614
52240,Chachagüí,Female,2018,1.426142982021131
52250,El Charco,Female,2018,1.107613990433322
52254,El Peñol,Female,2018,2.019736811151032
52256,El Rosario,Female,2018,1.826138225895264
52258,El Tablón De Gómez,Female,2018,1.8912652495526632
52260,El Tambo,Female,2018,1.5549687830394485
52287,Funes,Female,2018,1.6201015421021014
52317,Guachucal,Female,2018,1.7203170322162133
52320,Guaitarilla,Female,2018,1.6167035904030806
52323,Gualmatán,Female,2018,1.793431861196677
52352,Iles,Female,2018,1.556555618898635
52354,Imués,Female,2018,1.968307967133686
52356,Ipiales,Female,2018,1.2419380645782117
52378,La Cruz,Female,2018,1.5595597168568558
52381,La Florida,Female,2018,2.4056499597285708
52385,La Llanada,Female,2018,1.2177842054576764
52390,La Tola,Female,2018,1.123669345257567
52399,La Unión,Female,2018,1.8973420297960848
52405,Leiva,Female,2018,1.4836594188662346
52411,Linares,Female,2018,1.7434558385693377
52418,Los Andes,Female,2018,1.5534173961855755
52427,Magüí,Female,2018,1.077997977953052
52435,Mallama,Female,2018,1.4017926914420862
52473,Mosquera,Female,2018,1.5282443410092663
52480,Nariño,Female,2018,2.2287565655357056
52490,Olaya Herrera,Female,2018,1.1631533639254155
52506,Ospina,Female,2018,1.5345591625692512
52520,Francisco Pizarro,Female,2018,1.261215055052573
52540,Policarpa,Female,2018,2.189966139989158
52560,Potosí,Female,2018,1.306009077313639
52565,Providencia,Female,2018,1.9164024454014683
52573,Puerres,Female,2018,1.4418513454169914
52585,Pupiales,Female,2018,1.5680474016638777
52612,Ricaurte,Female,2018,1.25176695277967
52621,Roberto Payán,Female,2018,1.2322068983625796
52678,Samaniego,Female,2018,2.11457476800214
52683,Sandoná,Female,2018,1.6648860265288408
52685,San Bernardo,Female,2018,2.0512553628226917
52687,San Lorenzo,Female,2018,1.8877113029687547
52693,San Pablo,Female,2018,1.7766919316123824
52694,San Pedro De Cartago,Female,2018,1.8450062337530788
52696,Santa Bárbara,Female,2018,1.1582240528320529
52699,Santacruz,Female,2018,1.8667780910836267
52720,Sapuyes,Female,2018,1.9330393008615487
52786,Taminango,Female,2018,1.8134190511876656
52788,Tangua,Female,2018,1.9152864138376127
52835,San Andrés De Tumaco,Female,2018,1.2645715036353735
52838,Túquerres,Female,2018,1.5393782734246826
52885,Yacuanquer,Female,2018,1.7803811311590296
54001,San José De Cúcuta,Female,2018,1.4626090608466613
54003,Ábrego,Female,2018,1.2572691023171787
54051,Arboledas,Female,2018,1.2298492167409458
54099,Bochalema,Female,2018,1.2479887524810793
54109,Bucarasica,Female,2018,1.128674583369427
54125,Cácota,Female,2018,1.2372176821923497
54128,Cáchira,Female,2018,1.1544893222505672
54172,Chinácota,Female,2018,1.1759858529812537
54174,Chitagá,Female,2018,1.2835528232482687
54206,Convención,Female,2018,1.160529891484479
54223,Cucutilla,Female,2018,1.633061466956203
54239,Durania,Female,2018,1.3377967004343612
54245,El Carmen,Female,2018,1.2258201592440954
54250,El Tarra,Female,2018,1.073581035500627
54261,El Zulia,Female,2018,1.1515293246646707
54313,Gramalote,Female,2018,1.3609151688896242
54344,Hacarí,Female,2018,1.0697620732677104
54347,Herrán,Female,2018,1.646308643668971
54377,Labateca,Female,2018,1.1236816851169853
54385,La Esperanza,Female,2018,1.0322198420320448
54398,La Playa,Female,2018,1.3214928332773217
54405,Los Patios,Female,2018,1.177826011449557
54418,Lourdes,Female,2018,1.0817318873904649
54480,Mutiscua,Female,2018,1.2798117997908638
54498,Ocaña,Female,2018,1.3019762724478574
54518,Pamplona,Female,2018,1.2038545514267087
54520,Pamplonita,Female,2018,1.2237762598214186
54553,Puerto Santander,Female,2018,3.644098169104167
54599,Ragonvalia,Female,2018,1.3095867267180639
54660,Salazar,Female,2018,1.1723370987575965
54670,San Calixto,Female,2018,1.1305018029805913
54673,San Cayetano,Female,2018,1.1287388061504269
54680,Santiago,Female,2018,1.3583729942945488
54720,Sardinata,Female,2018,1.0486679614986982
54743,Silos,Female,2018,1.2441543878119816
54800,Teorama,Female,2018,1.1074608679732283
54810,Tibú,Female,2018,1.398004265267303
54820,Toledo,Female,2018,1.2347218478746698
54871,Villa Caro,Female,2018,1.2395271649113437
54874,Villa Del Rosario,Female,2018,1.16456756869064
63001,Armenia,Female,2018,1.6418015822362433
63111,Buenavista,Female,2018,1.214948224265156
63130,Calarcá,Female,2018,1.6319605464198776
63190,Circasia,Female,2018,1.4087936420024114
63212,Córdoba,Female,2018,1.293027326484513
63272,Filandia,Female,2018,1.3795427433388976
63302,Génova,Female,2018,1.4429804583662134
63401,La Tebaida,Female,2018,1.5458536217997658
63470,Montenegro,Female,2018,1.5659728742331402
63548,Pijao,Female,2018,1.3390805878213423
63594,Quimbaya,Female,2018,1.5158331845895305
63690,Salento,Female,2018,1.3289619070040954
66001,Pereira,Female,2018,1.5291323267150698
66045,Apía,Female,2018,1.3454042809309088
66075,Balboa,Female,2018,1.690210755888614
66088,Belén De Umbría,Female,2018,1.3458394973840464
66170,Dosquebradas,Female,2018,1.3428002962136578
66318,Guática,Female,2018,1.3610021487193737
66383,La Celia,Female,2018,1.4455365016552315
66400,La Virginia,Female,2018,2.2153967922883564
66440,Marsella,Female,2018,1.2956938890746459
66456,Mistrató,Female,2018,0.9638205242559171
66572,Pueblo Rico,Female,2018,0.9254180971146793
66594,Quinchía,Female,2018,1.2662959760022896
66682,Santa Rosa De Cabal,Female,2018,1.325905870197918
66687,Santuario,Female,2018,1.4000097420911293
68001,Bucaramanga,Female,2018,1.3793003470405283
68013,Aguada,Female,2018,2.6831199639764587
68020,Albania,Female,2018,1.6737861438152088
68051,Aratoca,Female,2018,1.3417556713094758
68077,Barbosa,Female,2018,1.1720708151077563
68079,Barichara,Female,2018,1.2250645771230384
68081,Barrancabermeja,Female,2018,1.551277723028827
68092,Betulia,Female,2018,1.1358095076457988
68101,Bolívar,Female,2018,1.305453832802251
68121,Cabrera,Female,2018,1.3264804678478508
68132,California,Female,2018,0.9443130720438949
68147,Capitanejo,Female,2018,1.337174703862117
68152,Carcasí,Female,2018,1.4644443408896135
68160,Cepitá,Female,2018,1.1936611506094295
68162,Cerrito,Female,2018,1.2260270580975356
68167,Charalá,Female,2018,1.1369714169878924
68169,Charta,Female,2018,1.2390852400328471
68176,Chima,Female,2018,1.3769773702822043
68179,Chipatá,Female,2018,1.581300440332907
68190,Cimitarra,Female,2018,1.3414275625494136
68207,Concepción,Female,2018,1.2357790058569236
68209,Confines,Female,2018,1.2917635850830995
68211,Contratación,Female,2018,1.3890799819035937
68217,Coromoro,Female,2018,1.387610952634271
68229,Curití,Female,2018,1.2366609263871329
68235,El Carmen De Chucuri,Female,2018,1.463440646176806
68245,El Guacamayo,Female,2018,1.2587840613375798
68250,El Peñón,Female,2018,1.1923069115074365
68255,El Playón,Female,2018,1.1831330849110733
68264,Encino,Female,2018,0.9322030202120241
68266,Enciso,Female,2018,1.4051329188169908
68271,Florián,Female,2018,1.4702136506559034
68276,Floridablanca,Female,2018,1.2472468102573038
68296,Galán,Female,2018,1.3089400108441787
68298,Gámbita,Female,2018,1.2080815506569942
68307,Girón,Female,2018,1.1024426067309168
68318,Guaca,Female,2018,1.5585985606306978
68320,Guadalupe,Female,2018,1.340086519309061
68322,Guapotá,Female,2018,1.0767584518246998
68324,Guavatá,Female,2018,1.654638956350681
68327,Güepsa,Female,2018,1.2076138284804647
68344,Hato,Female,2018,1.3153400076049035
68368,Jesús María,Female,2018,1.4788680703534414
68370,Jordán,Female,2018,1.4076591100564373
68377,La Belleza,Female,2018,1.2384084575117607
68385,Landázuri,Female,2018,1.4037259412967265
68397,La Paz,Female,2018,1.473748277117455
68406,Lebrija,Female,2018,1.1289210517591635
68418,Los Santos,Female,2018,1.291752301133249
68425,Macaravita,Female,2018,1.2329319859756571
68432,Málaga,Female,2018,1.13395719368027
68444,Matanza,Female,2018,1.3600082525899824
68464,Mogotes,Female,2018,1.2723477419605091
68468,Molagavita,Female,2018,1.5037129955619695
68498,Ocamonte,Female,2018,1.1950356808159344
68500,Oiba,Female,2018,1.2371870424774278
68502,Onzaga,Female,2018,1.626499402434263
68522,Palmar,Female,2018,1.3677178114848858
68524,Palmas Del Socorro,Female,2018,1.625324544330482
68533,Páramo,Female,2018,1.0893850587136695
68547,Piedecuesta,Female,2018,1.1408017633471872
68549,Pinchote,Female,2018,1.1740913520491163
68572,Puente Nacional,Female,2018,1.2148943834972752
68573,Puerto Parra,Female,2018,0.9114705710602018
68575,Puerto Wilches,Female,2018,1.0245384528277515
68615,Rionegro,Female,2018,1.1499032794935218
68655,Sabana De Torres,Female,2018,1.0318196106469393
68669,San Andrés,Female,2018,1.4611681634866993
68673,San Benito,Female,2018,1.6531582165403043
68679,San Gil,Female,2018,1.1703999806322216
68682,San Joaquín,Female,2018,1.246464855044289
68684,San José De Miranda,Female,2018,1.399317890553628
68686,San Miguel,Female,2018,1.053835611833227
68689,San Vicente De Chucurí,Female,2018,1.160488261091485
68705,Santa Bárbara,Female,2018,1.4366193681821646
68720,Santa Helena Del Opón,Female,2018,1.2131411397169078
68745,Simacota,Female,2018,1.1922340516972374
68755,Socorro,Female,2018,1.1880446754085265
68770,Suaita,Female,2018,1.3660525910477423
68773,Sucre,Female,2018,1.3515796226132957
68780,Suratá,Female,2018,1.3291926632145326
68820,Tona,Female,2018,1.247869768310237
68855,Valle De San José,Female,2018,1.2033963241239658
68861,Vélez,Female,2018,1.4787807416427659
68867,Vetas,Female,2018,1.211646419844592
68872,Villanueva,Female,2018,1.2923713638153749
68895,Zapatoca,Female,2018,1.0827939373561903
70001,Sincelejo,Female,2018,1.3237797669764517
70110,Buenavista,Female,2018,1.2069141788664903
70124,Caimito,Female,2018,1.2458405325860784
70204,Colosó,Female,2018,1.3963228641887633
70215,Corozal,Female,2018,1.227754554517516
70221,Coveñas,Female,2018,1.1622948812716858
70230,Chalán,Female,2018,1.5631974757665437
70233,El Roble,Female,2018,1.361214701445116
70235,Galeras,Female,2018,1.0713612656951788
70265,Guaranda,Female,2018,1.2228935092087707
70400,La Unión,Female,2018,1.3543929592086883
70418,Los Palmitos,Female,2018,1.1843463881007834
70429,Majagual,Female,2018,1.2926088285197679
70473,Morroa,Female,2018,1.222327383456326
70508,Ovejas,Female,2018,1.3580332583339843
70523,Palmito,Female,2018,1.2302887778414984
70670,Sampués,Female,2018,1.2975670957394287
70678,San Benito Abad,Female,2018,1.2851566826331504
70702,San Juan De Betulia,Female,2018,1.3372722567470134
70708,San Marcos,Female,2018,1.294308202500487
70713,San Onofre,Female,2018,1.2268638135962484
70717,San Pedro,Female,2018,1.268083950886728
70742,San Luis De Sincé,Female,2018,1.3285106402152347
70771,Sucre,Female,2018,1.3189907939258791
70820,Santiago De Tolú,Female,2018,1.056429644141343
70823,San José De Toluviejo,Female,2018,1.2471430877847511
73001,Ibagué,Female,2018,1.2517346399594196
73024,Alpujarra,Female,2018,1.6999797948631934
73026,Alvarado,Female,2018,1.3289300387221576
73030,Ambalema,Female,2018,2.1377868518287797
73043,Anzoátegui,Female,2018,1.2458522526384688
73055,Armero,Female,2018,1.1945490047998844
73067,Ataco,Female,2018,1.133991717860486
73124,Cajamarca,Female,2018,1.1752516756597635
73148,Carmen De Apicalá,Female,2018,1.140254169485194
73152,Casabianca,Female,2018,1.1694343917093137
73168,Chaparral,Female,2018,1.305728758711477
73200,Coello,Female,2018,1.223306173293924
73217,Coyaima,Female,2018,1.298169373653747
73226,Cunday,Female,2018,1.0888505113722473
73236,Dolores,Female,2018,1.1375574546922063
73268,Espinal,Female,2018,1.3968775763384347
73270,Falan,Female,2018,1.172819084187417
73275,Flandes,Female,2018,1.0966133686941544
73283,Fresno,Female,2018,1.2712738008911233
73319,Guamo,Female,2018,1.2673940343207009
73347,Herveo,Female,2018,1.5443371561758281
73349,Honda,Female,2018,1.3393849933046957
73352,Icononzo,Female,2018,1.1953060511615337
73408,Lérida,Female,2018,1.303902072232655
73411,Líbano,Female,2018,1.403965458611801
73443,San Sebastián De Mariquita,Female,2018,1.2302845104642648
73449,Melgar,Female,2018,1.1857686190593044
73461,Murillo,Female,2018,1.3302742141519086
73483,Natagaima,Female,2018,1.6063240570959374
73504,Ortega,Female,2018,1.1720773201419135
73520,Palocabildo,Female,2018,1.1359568248605525
73547,Piedras,Female,2018,1.186718868365256
73555,Planadas,Female,2018,1.0563678030468209
73563,Prado,Female,2018,1.1579878728071236
73585,Purificación,Female,2018,1.268749122108627
73616,Rioblanco,Female,2018,1.0007925360366476
73622,Roncesvalles,Female,2018,1.0663737212229172
73624,Rovira,Female,2018,1.1754306246707023
73671,Saldaña,Female,2018,1.3758780100101657
73675,San Antonio,Female,2018,1.1443548048779983
73678,San Luis,Female,2018,1.348086111868752
73686,Santa Isabel,Female,2018,1.2693140557360316
73770,Suárez,Female,2018,1.4529379789308132
73854,Valle De San Juan,Female,2018,1.3130099624856733
73861,Venadillo,Female,2018,1.246539701123329
73870,Villahermosa,Female,2018,1.3653211678630488
73873,Villarrica,Female,2018,1.1281419297417106
76001,Cali,Female,2018,1.3329403957679826
76020,Alcalá,Female,2018,1.4092271625452644
76036,Andalucía,Female,2018,1.458223178426875
76041,Ansermanuevo,Female,2018,1.359604836398636
76054,Argelia,Female,2018,1.2109875655661084
76100,Bolívar,Female,2018,0.9086066616868306
76109,Buenaventura,Female,2018,1.0744729418268013
76111,Guadalajara De Buga,Female,2018,1.1458993731125295
76113,Bugalagrande,Female,2018,1.254521119608391
76122,Caicedonia,Female,2018,1.3659090296613932
76126,Calima,Female,2018,1.119863926293994
76130,Candelaria,Female,2018,1.0767517405948674
76147,Cartago,Female,2018,1.2914653280101531
76233,Dagua,Female,2018,1.0268341270497972
76243,El Águila,Female,2018,1.106515489244159
76246,El Cairo,Female,2018,1.0019469697589378
76248,El Cerrito,Female,2018,1.1096446000882367
76250,El Dovio,Female,2018,1.3563120108976077
76275,Florida,Female,2018,1.088798276847761
76306,Ginebra,Female,2018,0.9850649440895652
76318,Guacarí,Female,2018,1.2090282430651798
76364,Jamundí,Female,2018,1.0997212481120346
76377,La Cumbre,Female,2018,1.1818996959663384
76400,La Unión,Female,2018,1.4079755401418914
76403,La Victoria,Female,2018,1.149752017204917
76497,Obando,Female,2018,1.060989523988569
76520,Palmira,Female,2018,1.165995399385399
76563,Pradera,Female,2018,1.335401407758901
76606,Restrepo,Female,2018,1.1239031852142567
76616,Riofrío,Female,2018,0.9665087791878545
76622,Roldanillo,Female,2018,1.072557968077176
76670,San Pedro,Female,2018,1.0959496714110637
76736,Sevilla,Female,2018,1.1768097687169596
76823,Toro,Female,2018,1.71918355521619
76828,Trujillo,Female,2018,1.0133121386679589
76834,Tuluá,Female,2018,1.1061866309994814
76845,Ulloa,Female,2018,0.9700418201972061
76863,Versalles,Female,2018,1.169076086965244
76869,Vijes,Female,2018,1.004811131672195
76890,Yotoco,Female,2018,1.0004017762228279
76892,Yumbo,Female,2018,1.0554697768856456
76895,Zarzal,Female,2018,1.1561550278855288
81001,Arauca,Female,2018,1.2869931594353552
81065,Arauquita,Female,2018,1.0511593887265696
81220,Cravo Norte,Female,2018,1.221145439447962
81300,Fortul,Female,2018,1.396382764058882
81591,Puerto Rondón,Female,2018,1.1849735237985892
81736,Saravena,Female,2018,1.1368628530648937
81794,Tame,Female,2018,1.5015430893321466
85001,Yopal,Female,2018,1.1383014587394935
85010,Aguazul,Female,2018,1.1567904035709788
85015,Chámeza,Female,2018,1.0792703592334294
85125,Hato Corozal,Female,2018,0.935746389684784
85136,La Salina,Female,2018,0.8777768911140089
85139,Maní,Female,2018,0.9721471989556881
85162,Monterrey,Female,2018,1.0487854906717484
85225,Nunchía,Female,2018,1.2459081783732409
85230,Orocué,Female,2018,0.8825080298582237
85250,Paz De Ariporo,Female,2018,1.0058008751365408
85263,Pore,Female,2018,1.057186566832346
85279,Recetor,Female,2018,1.236545924513333
85300,Sabanalarga,Female,2018,1.2499669526612396
85315,Sácama,Female,2018,0.8782651842571974
85325,San Luis De Palenque,Female,2018,0.9442495994536054
85400,Támara,Female,2018,1.004017872285815
85410,Tauramena,Female,2018,0.9756493212807797
85430,Trinidad,Female,2018,0.9828576481223972
85440,Villanueva,Female,2018,0.9916785468074956
86001,Mocoa,Female,2018,1.1392950241989868
86219,Colón,Female,2018,1.2667904962486582
86320,Orito,Female,2018,1.1325635632674083
86568,Puerto Asís,Female,2018,1.4321819564936145
86569,Puerto Caicedo,Female,2018,1.122660971402248
86571,Puerto Guzmán,Female,2018,1.036211573454748
86573,Puerto Leguízamo,Female,2018,0.8986701380930046
86749,Sibundoy,Female,2018,1.2012660864209552
86755,San Francisco,Female,2018,1.0757078388326469
86757,San Miguel,Female,2018,1.1322367798693347
86760,Santiago,Female,2018,1.1991997238818024
86865,Valle Del Guamuez,Female,2018,1.3435347162813853
86885,Villagarzón,Female,2018,1.0287056345958139
88001,San Andrés,Female,2018,1.1944324293111237
88564,Providencia,Female,2018,1.3231703933363825
91001,Leticia,Female,2018,1.0691126061044172
91263,El Encanto,Female,2018,0.8290145587841884
91405,La Chorrera,Female,2018,0.6262219358984135
91407,La Pedrera,Female,2018,1.0689839169423216
91430,La Victoria,Female,2018,1.4189470330880556
91460,Mirití - Paraná,Female,2018,0.9668185905945016
91530,Puerto Alegría,Female,2018,1.045222034439186
91536,Puerto Arica,Female,2018,1.3088195249148036
91540,Puerto Nariño,Female,2018,0.8228408470318367
91669,Puerto Santander,Female,2018,0.8030460852975965
91798,Tarapacá,Female,2018,0.8231211954140959
94001,Inírida,Female,2018,1.1108125107774955
94343,Barrancominas,Female,2018,0.4342679974477284
94883,San Felipe,Female,2018,0.7231229145356143
94884,Puerto Colombia,Female,2018,0.9534293250706068
94885,La Guadalupe,Female,2018,0.4602392425557942
94886,Cacahual,Female,2018,1.2120485305025044
94887,Pana Pana,Female,2018,0.8033019580648043
94888,Morichal,Female,2018,0.7538576808611587
95001,San José Del Guaviare,Female,2018,1.162869128757529
95015,Calamar,Female,2018,1.0344515959609106
95025,El Retorno,Female,2018,0.8520981908987114
95200,Miraflores,Female,2018,0.806635871275828
97001,Mitú,Female,2018,0.726512381211364
97161,Carurú,Female,2018,0.712778725341703
97511,Pacoa,Female,2018,0.5566476384410336
97666,Taraira,Female,2018,0.6702850466554422
97777,Papunahua,Female,2018,0.779994609987941
97889,Yavaraté,Female,2018,0.5750269378953289
99001,Puerto Carreño,Female,2018,1.4892775336297706
99524,La Primavera,Female,2018,1.0918077790397196
99624,Santa Rosalía,Female,2018,1.0043962232452794
99773,Cumaribo,Female,2018,0.9483678880572189
5001,Medellín,Male,2018,3.5175455553568127
5002,Abejorral,Male,2018,4.349274959391105
5004,Abriaquí,Male,2018,3.740085856945335
5021,Alejandría,Male,2018,3.140491600890752
5030,Amagá,Male,2018,3.640323470649623
5031,Amalfi,Male,2018,3.3347623523763885
5034,Andes,Male,2018,4.451931678949732
5036,Angelópolis,Male,2018,3.7480727880223803
5038,Angostura,Male,2018,3.9169710376117903
5040,Anorí,Male,2018,3.736323231059722
5042,Santa Fé De Antioquia,Male,2018,3.3927464678262753
5044,Anzá,Male,2018,3.7305614201116826
5045,Apartadó,Male,2018,3.3662084389331555
5051,Arboletes,Male,2018,3.1180137591723334
5055,Argelia,Male,2018,3.413707610952083
5059,Armenia,Male,2018,4.652621665498743
5079,Barbosa,Male,2018,3.8106018832570894
5086,Belmira,Male,2018,3.5710234866846347
5088,Bello,Male,2018,3.2142785757906767
5091,Betania,Male,2018,4.417693748638547
5093,Betulia,Male,2018,4.137566280131906
5101,Ciudad Bolívar,Male,2018,4.753927225899165
5107,Briceño,Male,2018,3.57997289957402
5113,Buriticá,Male,2018,3.6805764159806182
5120,Cáceres,Male,2018,4.068507100586437
5125,Caicedo,Male,2018,3.857002434514606
5129,Caldas,Male,2018,3.8996290212077414
5134,Campamento,Male,2018,3.5826723455040326
5138,Cañasgordas,Male,2018,3.6618756656453
5142,Caracolí,Male,2018,3.9112599652183393
5145,Caramanta,Male,2018,4.2378561305969065
5147,Carepa,Male,2018,3.0018789649155098
5148,El Carmen De Viboral,Male,2018,2.8996917698887374
5150,Carolina,Male,2018,4.285967487251112
5154,Caucasia,Male,2018,4.7112775072518405
5172,Chigorodó,Male,2018,4.610015276624673
5190,Cisneros,Male,2018,4.079181345082723
5197,Cocorná,Male,2018,3.3996404885277265
5206,Concepción,Male,2018,3.868093467145935
5209,Concordia,Male,2018,4.255102068849618
5212,Copacabana,Male,2018,3.7052424402120434
5234,Dabeiba,Male,2018,2.9532360250408267
5237,Donmatías,Male,2018,2.970560005106068
5240,Ebéjico,Male,2018,4.710485064669005
5250,El Bagre,Male,2018,3.549213764122472
5264,Entrerríos,Male,2018,3.0154068703418027
5266,Envigado,Male,2018,4.376454911933128
5282,Fredonia,Male,2018,4.446985912998763
5284,Frontino,Male,2018,2.85380624579735
5306,Giraldo,Male,2018,3.603988957832165
5308,Girardota,Male,2018,3.4946222257276913
5310,Gómez Plata,Male,2018,4.006889980019403
5313,Granada,Male,2018,2.624509755077644
5315,Guadalupe,Male,2018,3.773806051586282
5318,Guarne,Male,2018,3.5404821339779278
5321,Guatapé,Male,2018,3.0645808141637882
5347,Heliconia,Male,2018,5.032036038824984
5353,Hispania,Male,2018,4.816500925784185
5360,Itagüí,Male,2018,3.6641938182036684
5361,Ituango,Male,2018,6.817161530252057
5364,Jardín,Male,2018,4.58142338508323
5368,Jericó,Male,2018,4.036152360313006
5376,La Ceja,Male,2018,3.2089406807445484
5380,La Estrella,Male,2018,3.639589226090134
5390,La Pintada,Male,2018,5.124002611453952
5400,La Unión,Male,2018,3.3181345062364946
5411,Liborina,Male,2018,4.031216660463458
5425,Maceo,Male,2018,3.1586776715392357
5440,Marinilla,Male,2018,2.7959271191575836
5467,Montebello,Male,2018,4.440929297662328
5475,Murindó,Male,2018,2.2464994668701936
5480,Mutatá,Male,2018,8.013280720014015
5483,Nariño,Male,2018,3.736800341401862
5490,Necoclí,Male,2018,2.9856779059828975
5495,Nechí,Male,2018,3.032284955590251
5501,Olaya,Male,2018,3.420185389271907
5541,Peñol,Male,2018,3.024673525507516
5543,Peque,Male,2018,3.2936953074316353
5576,Pueblorrico,Male,2018,3.841599404973564
5579,Puerto Berrío,Male,2018,5.839480649365087
5585,Puerto Nare,Male,2018,3.5292361395615677
5591,Puerto Triunfo,Male,2018,4.6919719884096756
5604,Remedios,Male,2018,2.9188996225676016
5607,Retiro,Male,2018,3.528074287933277
5615,Rionegro,Male,2018,3.49710594454797
5628,Sabanalarga,Male,2018,3.506959579111046
5631,Sabaneta,Male,2018,4.125890218464206
5642,Salgar,Male,2018,4.266158440501066
5647,San Andrés De Cuerquía,Male,2018,3.9300550601767554
5649,San Carlos,Male,2018,3.0794520780031767
5652,San Francisco,Male,2018,2.938206622494002
5656,San Jerónimo,Male,2018,3.705462367806183
5658,San José De La Montaña,Male,2018,3.3080213900326783
5659,San Juan De Urabá,Male,2018,2.825749975168516
5660,San Luis,Male,2018,2.7955525631219738
5664,San Pedro De Los Milagros,Male,2018,3.8066907791381395
5665,San Pedro De Urabá,Male,2018,3.3824969975294485
5667,San Rafael,Male,2018,3.5965295314878074
5670,San Roque,Male,2018,3.6431228094179584
5674,San Vicente Ferrer,Male,2018,3.5782348917215994
5679,Santa Bárbara,Male,2018,3.903258942899158
5686,Santa Rosa De Osos,Male,2018,3.1483939623165837
5690,Santo Domingo,Male,2018,4.346217127933684
5697,El Santuario,Male,2018,2.3345117353303397
5736,Segovia,Male,2018,4.473939898480121
5756,Sonsón,Male,2018,3.659184741410181
5761,Sopetrán,Male,2018,3.732629063925507
5789,Támesis,Male,2018,4.519827690588285
5790,Tarazá,Male,2018,9.723113480501956
5792,Tarso,Male,2018,4.219194831602909
5809,Titiribí,Male,2018,4.238596890347476
5819,Toledo,Male,2018,3.885754364830748
5837,Turbo,Male,2018,3.6545792154324235
5842,Uramita,Male,2018,3.5269390372008926
5847,Urrao,Male,2018,3.094419171509839
5854,Valdivia,Male,2018,5.503711125131501
5856,Valparaíso,Male,2018,3.7692144159671077
5858,Vegachí,Male,2018,4.63028210597724
5861,Venecia,Male,2018,5.521079672013539
5873,Vigía Del Fuerte,Male,2018,2.3970403512908467
5885,Yalí,Male,2018,3.8107149516653496
5887,Yarumal,Male,2018,3.85729680193312
5890,Yolombó,Male,2018,3.8075273444412114
5893,Yondó,Male,2018,2.9167948601486544
5895,Zaragoza,Male,2018,3.2309127788782765
8001,Barranquilla,Male,2018,3.699929786743846
8078,Baranoa,Male,2018,3.2045642594534973
8137,Campo De La Cruz,Male,2018,3.8878937953100277
8141,Candelaria,Male,2018,3.3915808120596878
8296,Galapa,Male,2018,2.4415493900895
8372,Juan De Acosta,Male,2018,3.516792868316319
8421,Luruaco,Male,2018,3.5400442012009825
8433,Malambo,Male,2018,2.6733825334403782
8436,Manatí,Male,2018,2.8676948071649595
8520,Palmar De Varela,Male,2018,3.27828447236102
8549,Piojó,Male,2018,4.046751764156667
8558,Polonuevo,Male,2018,2.9939826094323574
8560,Ponedera,Male,2018,3.19418501727991
8573,Puerto Colombia,Male,2018,2.677523924878104
8606,Repelón,Male,2018,3.4514686077412104
8634,Sabanagrande,Male,2018,2.9568444424063576
8638,Sabanalarga,Male,2018,2.9975636016706653
8675,Santa Lucía,Male,2018,2.905989345331215
8685,Santo Tomás,Male,2018,3.0465583181178393
8758,Soledad,Male,2018,2.470650538249168
8770,Suan,Male,2018,2.989146756344128
8832,Tubará,Male,2018,3.537121330187045
8849,Usiacurí,Male,2018,3.4637800385675
11001,"Bogotá, D.C.",Male,2018,3.2770772803068455
13001,Cartagena De Indias,Male,2018,3.3116877300092216
13006,Achí,Male,2018,3.7723397489501544
13030,Altos Del Rosario,Male,2018,3.309796184900137
13042,Arenal,Male,2018,3.721197355594535
13052,Arjona,Male,2018,3.319193555206311
13062,Arroyohondo,Male,2018,4.016469978357845
13074,Barranco De Loba,Male,2018,3.2665612717533294
13140,Calamar,Male,2018,3.763179275474255
13160,Cantagallo,Male,2018,3.520993482368824
13188,Cicuco,Male,2018,3.1892955270575425
13212,Córdoba,Male,2018,4.273887508027814
13222,Clemencia,Male,2018,3.482801701731236
13244,El Carmen De Bolívar,Male,2018,3.808404748763627
13248,El Guamo,Male,2018,4.747834906047183
13268,El Peñón,Male,2018,3.4477911740027634
13300,Hatillo De Loba,Male,2018,3.5625046257629998
13430,Magangué,Male,2018,3.291437861747824
13433,Mahates,Male,2018,3.7100284852386785
13440,Margarita,Male,2018,4.113275125134821
13442,María La Baja,Male,2018,3.3306425323973192
13458,Montecristo,Male,2018,3.9665998925869572
13468,Mompós,Male,2018,3.0463587925968
13473,Morales,Male,2018,3.48677723055599
13490,Norosí,Male,2018,2.155541350007841
13549,Pinillos,Male,2018,3.5494389000065505
13580,Regidor,Male,2018,2.67542890288156
13600,Río Viejo,Male,2018,3.8601541466453058
13620,San Cristóbal,Male,2018,3.4082058475513333
13647,San Estanislao,Male,2018,3.5548694931007088
13650,San Fernando,Male,2018,3.4357132275323914
13654,San Jacinto,Male,2018,4.086676811018487
13655,San Jacinto Del Cauca,Male,2018,3.9898521039707164
13657,San Juan Nepomuceno,Male,2018,4.2770418271191675
13667,San Martín De Loba,Male,2018,3.1304597466465505
13670,San Pablo,Male,2018,2.9782381497067014
13673,Santa Catalina,Male,2018,3.4335719601872507
13683,Santa Rosa,Male,2018,3.499841503248034
13688,Santa Rosa Del Sur,Male,2018,3.1451034022224493
13744,Simití,Male,2018,3.6697935180969465
13760,Soplaviento,Male,2018,3.442992434599496
13780,Talaigua Nuevo,Male,2018,2.866049288762849
13810,Tiquisio,Male,2018,3.221014041474964
13836,Turbaco,Male,2018,2.9926426941336026
13838,Turbaná,Male,2018,3.5533010952335737
13873,Villanueva,Male,2018,3.374305217713238
13894,Zambrano,Male,2018,3.89970537080979
15001,Tunja,Male,2018,2.9375154574685123
15022,Almeida,Male,2018,5.637937271146444
15047,Aquitania,Male,2018,3.319562601246326
15051,Arcabuco,Male,2018,2.951783465267819
15087,Belén,Male,2018,2.992333172761135
15090,Berbeo,Male,2018,4.527342905561084
15092,Betéitiva,Male,2018,4.416289795147019
15097,Boavita,Male,2018,4.231179824257815
15104,Boyacá,Male,2018,4.651454950747298
15106,Briceño,Male,2018,4.7254298078812695
15109,Buenavista,Male,2018,4.557886867269098
15114,Busbanzá,Male,2018,3.25250959283762
15131,Caldas,Male,2018,4.166726414252665
15135,Campohermoso,Male,2018,3.894389895969322
15162,Cerinza,Male,2018,3.830035617630701
15172,Chinavita,Male,2018,4.722123408251533
15176,Chiquinquirá,Male,2018,3.3155850739140593
15180,Chiscas,Male,2018,4.81683820387453
15183,Chita,Male,2018,3.7954500356064425
15185,Chitaraque,Male,2018,4.176912455067345
15187,Chivatá,Male,2018,3.274421551314345
15189,Ciénega,Male,2018,3.39366658808342
15204,Cómbita,Male,2018,7.99886715982325
15212,Coper,Male,2018,3.7448077361190606
15215,Corrales,Male,2018,3.593970088005014
15218,Covarachía,Male,2018,4.873723600831994
15223,Cubará,Male,2018,2.4319985613443067
15224,Cucaita,Male,2018,3.5841791715197675
15226,Cuítiva,Male,2018,3.0280968737843077
15232,Chíquiza,Male,2018,4.04958438225952
15236,Chivor,Male,2018,4.672227261919622
15238,Duitama,Male,2018,3.025801627642046
15244,El Cocuy,Male,2018,3.659432805029226
15248,El Espino,Male,2018,3.838254598221791
15272,Firavitoba,Male,2018,3.010183339034462
15276,Floresta,Male,2018,4.516987958356205
15293,Gachantivá,Male,2018,4.528585416842196
15296,Gámeza,Male,2018,3.463242163534617
15299,Garagoa,Male,2018,3.206329442965914
15317,Guacamayas,Male,2018,2.922155040119942
15322,Guateque,Male,2018,3.701675023442179
15325,Guayatá,Male,2018,5.026229978263141
15332,Güicán De La Sierra,Male,2018,2.8282134992840167
15362,Iza,Male,2018,3.031565989134063
15367,Jenesano,Male,2018,3.6036374950069567
15368,Jericó,Male,2018,4.826020485276718
15377,Labranzagrande,Male,2018,6.321974312802965
15380,La Capilla,Male,2018,3.730218867172716
15401,La Victoria,Male,2018,4.6926723334927924
15403,La Uvita,Male,2018,4.556578824069209
15407,Villa De Leyva,Male,2018,2.9413630322372786
15425,Macanal,Male,2018,3.667492990229718
15442,Maripí,Male,2018,5.780481249479958
15455,Miraflores,Male,2018,3.407038742836003
15464,Mongua,Male,2018,4.105058859697676
15466,Monguí,Male,2018,2.7657258082783764
15469,Moniquirá,Male,2018,3.728209632383688
15476,Motavita,Male,2018,3.383040623287134
15480,Muzo,Male,2018,4.735112546830963
15491,Nobsa,Male,2018,2.692707615539788
15494,Nuevo Colón,Male,2018,4.448857589206284
15500,Oicatá,Male,2018,2.888679724400447
15507,Otanche,Male,2018,3.983637187558138
15511,Pachavita,Male,2018,4.821296796000836
15514,Páez,Male,2018,3.7325590771584127
15516,Paipa,Male,2018,2.924007198924589
15518,Pajarito,Male,2018,3.190854031202796
15522,Panqueba,Male,2018,3.8414257390229114
15531,Pauna,Male,2018,4.843838084393874
15533,Paya,Male,2018,4.2099164099076365
15537,Paz De Río,Male,2018,3.1242529680719433
15542,Pesca,Male,2018,3.101737856086339
15550,Pisba,Male,2018,3.7486004803032102
15572,Puerto Boyacá,Male,2018,3.8037376008819135
15580,Quípama,Male,2018,6.3263935818472286
15599,Ramiriquí,Male,2018,3.310901381293392
15600,Ráquira,Male,2018,3.6340951266886496
15621,Rondón,Male,2018,3.753293438856515
15632,Saboyá,Male,2018,3.3420008891336206
15638,Sáchica,Male,2018,2.7071364939292986
15646,Samacá,Male,2018,3.349992083556628
15660,San Eduardo,Male,2018,4.514285696713024
15664,San José De Pare,Male,2018,5.649910271482856
15667,San Luis De Gaceno,Male,2018,4.25701233587628
15673,San Mateo,Male,2018,3.8469985012646637
15676,San Miguel De Sema,Male,2018,3.2254673883962948
15681,San Pablo De Borbur,Male,2018,4.687001006006679
15686,Santana,Male,2018,4.261258684731507
15690,Santa María,Male,2018,3.7227026660916223
15693,Santa Rosa De Viterbo,Male,2018,3.6134328858268887
15696,Santa Sofía,Male,2018,3.1977089971513206
15720,Sativanorte,Male,2018,5.582528325195546
15723,Sativasur,Male,2018,6.264359844168906
15740,Siachoque,Male,2018,3.364436205521168
15753,Soatá,Male,2018,2.980589319563621
15755,Socotá,Male,2018,4.015325601562007
15757,Socha,Male,2018,2.905698839940255
15759,Sogamoso,Male,2018,3.0768238906350556
15761,Somondoco,Male,2018,6.026784758982462
15762,Sora,Male,2018,4.063451338521482
15763,Sotaquirá,Male,2018,3.180557317157085
15764,Soracá,Male,2018,3.1077733126831304
15774,Susacón,Male,2018,5.088857062007209
15776,Sutamarchán,Male,2018,3.4795924356665875
15778,Sutatenza,Male,2018,4.881610667416223
15790,Tasco,Male,2018,3.228430451310202
15798,Tenza,Male,2018,4.962297974847504
15804,Tibaná,Male,2018,3.970759919762694
15806,Tibasosa,Male,2018,2.772334008562209
15808,Tinjacá,Male,2018,3.635366532144021
15810,Tipacoque,Male,2018,4.864207209571855
15814,Toca,Male,2018,2.9884219065124293
15816,Togüí,Male,2018,3.9953312311192613
15820,Tópaga,Male,2018,2.805244908670031
15822,Tota,Male,2018,3.431336991906185
15832,Tununguá,Male,2018,3.6810145706064334
15835,Turmequé,Male,2018,4.368923069567031
15837,Tuta,Male,2018,2.9766732110620144
15839,Tutazá,Male,2018,3.63106191683455
15842,Úmbita,Male,2018,4.234775845640039
15861,Ventaquemada,Male,2018,2.8433141621319526
15879,Viracachá,Male,2018,4.127344286947014
15897,Zetaquira,Male,2018,4.136704175487386
17001,Manizales,Male,2018,3.782719522859208
17013,Aguadas,Male,2018,3.8687303397113366
17042,Anserma,Male,2018,4.16540887039341
17050,Aranzazu,Male,2018,3.467944577033618
17088,Belalcázar,Male,2018,3.624605772162877
17174,Chinchiná,Male,2018,4.653479099224881
17272,Filadelfia,Male,2018,4.193327763841632
17380,La Dorada,Male,2018,3.813283819311397
17388,La Merced,Male,2018,4.427583957518418
17433,Manzanares,Male,2018,3.9647308679584077
17442,Marmato,Male,2018,3.4341053520196647
17444,Marquetalia,Male,2018,4.0290076032901245
17446,Marulanda,Male,2018,3.937101942497224
17486,Neira,Male,2018,3.9164290774678068
17495,Norcasia,Male,2018,3.3526571471384696
17513,Pácora,Male,2018,4.771726070814507
17524,Palestina,Male,2018,4.4893121032047505
17541,Pensilvania,Male,2018,3.850689620681241
17614,Riosucio,Male,2018,3.6381908811466905
17616,Risaralda,Male,2018,4.723609117923802
17653,Salamina,Male,2018,4.1953560405992585
17662,Samaná,Male,2018,3.737300551395116
17665,San José,Male,2018,4.379769061435775
17777,Supía,Male,2018,4.06427798338715
17867,Victoria,Male,2018,3.5827383017201746
17873,Villamaría,Male,2018,3.3961294992295885
17877,Viterbo,Male,2018,3.836579427336478
18001,Florencia,Male,2018,3.365072221115014
18029,Albania,Male,2018,2.650044321201037
18094,Belén De Los Andaquíes,Male,2018,2.7167399652579243
18150,Cartagena Del Chairá,Male,2018,3.275420057438269
18205,Curillo,Male,2018,4.529275273959445
18247,El Doncello,Male,2018,2.8588709687278246
18256,El Paujíl,Male,2018,2.7322246394319083
18410,La Montañita,Male,2018,3.0518271026907016
18460,Milán,Male,2018,2.680493963350794
18479,Morelia,Male,2018,3.1684632907768355
18592,Puerto Rico,Male,2018,2.9229529763873865
18610,San José Del Fragua,Male,2018,2.8272613803921813
18753,San Vicente Del Caguán,Male,2018,3.358388167201312
18756,Solano,Male,2018,3.203681532012108
18785,Solita,Male,2018,3.546430083741322
18860,Valparaíso,Male,2018,2.9373287299819375
19001,Popayán,Male,2018,3.442228685669276
19022,Almaguer,Male,2018,5.286410338841091
19050,Argelia,Male,2018,4.340486884332771
19075,Balboa,Male,2018,4.06684473166938
19100,Bolívar,Male,2018,5.128356566609391
19110,Buenos Aires,Male,2018,3.0418870221533543
19130,Cajibío,Male,2018,4.054984041390857
19137,Caldono,Male,2018,3.0165151315049687
19142,Caloto,Male,2018,3.126689875544678
19212,Corinto,Male,2018,5.251315245778832
19256,El Tambo,Male,2018,4.2795216721117395
19290,Florencia,Male,2018,3.7580737316427584
19300,Guachené,Male,2018,1.7078666574567087
19318,Guapi,Male,2018,2.913731901581162
19355,Inzá,Male,2018,3.263026079020665
19364,Jambaló,Male,2018,2.7594461664842185
19392,La Sierra,Male,2018,5.246775200359446
19397,La Vega,Male,2018,4.919791232005958
19418,López De Micay,Male,2018,3.098856803066414
19450,Mercaderes,Male,2018,4.518979066530922
19455,Miranda,Male,2018,3.0007880978898016
19473,Morales,Male,2018,3.2402805168867617
19513,Padilla,Male,2018,3.564813068458551
19517,Páez,Male,2018,2.839943869455768
19532,Patía,Male,2018,4.2006515739640875
19533,Piamonte,Male,2018,2.854313196758521
19548,Piendamó - Tunía,Male,2018,3.245348571102078
19573,Puerto Tejada,Male,2018,5.084142048326003
19585,Puracé,Male,2018,3.1565095999310953
19622,Rosas,Male,2018,4.928573680930908
19693,San Sebastián,Male,2018,4.936384255017592
19698,Santander De Quilichao,Male,2018,3.01370370543922
19701,Santa Rosa,Male,2018,4.694989306004098
19743,Silvia,Male,2018,3.049708211326739
19760,Sotará - Paispamba,Male,2018,3.6841446807862783
19780,Suárez,Male,2018,3.2812705300549654
19785,Sucre,Male,2018,6.496400034521292
19807,Timbío,Male,2018,3.861260753381667
19809,Timbiquí,Male,2018,2.827898024720631
19821,Toribío,Male,2018,3.004118967624772
19824,Totoró,Male,2018,3.2553187201533094
19845,Villa Rica,Male,2018,2.7420296070101635
20001,Valledupar,Male,2018,3.0420863136914864
20011,Aguachica,Male,2018,3.101920351116875
20013,Agustín Codazzi,Male,2018,2.9499665337808287
20032,Astrea,Male,2018,2.9048058767397396
20045,Becerril,Male,2018,2.4998212092529677
20060,Bosconia,Male,2018,2.831967587476401
20175,Chimichagua,Male,2018,2.7025421657710984
20178,Chiriguaná,Male,2018,2.9401489437486843
20228,Curumaní,Male,2018,2.750068541276974
20238,El Copey,Male,2018,2.8281338973601087
20250,El Paso,Male,2018,2.379286991346168
20295,Gamarra,Male,2018,3.597955404623433
20310,González,Male,2018,4.376925093201051
20383,La Gloria,Male,2018,3.189621668095667
20400,La Jagua De Ibirico,Male,2018,2.204720488897097
20443,Manaure Balcón Del Cesar,Male,2018,3.0896961979169015
20517,Pailitas,Male,2018,3.2061309013476995
20550,Pelaya,Male,2018,2.9849999258020654
20570,Pueblo Bello,Male,2018,2.517339722757523
20614,Río De Oro,Male,2018,4.076595680267337
20621,La Paz,Male,2018,2.7270815738737126
20710,San Alberto,Male,2018,2.864776784222145
20750,San Diego,Male,2018,2.8308275348098983
20770,San Martín,Male,2018,3.1618889609948013
20787,Tamalameque,Male,2018,2.6878961395166403
23001,Montería,Male,2018,3.032270312446354
23068,Ayapel,Male,2018,3.3624861949115474
23079,Buenavista,Male,2018,3.5286537528867394
23090,Canalete,Male,2018,4.099768674660644
23162,Cereté,Male,2018,3.5150027664157393
23168,Chimá,Male,2018,4.8650477633604625
23182,Chinú,Male,2018,4.262222025329271
23189,Ciénaga De Oro,Male,2018,4.161462277608031
23300,Cotorra,Male,2018,3.732528407025495
23350,La Apartada,Male,2018,3.354452763341708
23417,Lorica,Male,2018,3.441100034173424
23419,Los Córdobas,Male,2018,3.7963441533105713
23464,Momil,Male,2018,3.561430954808408
23466,Montelíbano,Male,2018,2.741965312367137
23500,Moñitos,Male,2018,3.769098666575011
23555,Planeta Rica,Male,2018,3.2189187767280196
23570,Pueblo Nuevo,Male,2018,3.6554373998110377
23574,Puerto Escondido,Male,2018,4.106192901775024
23580,Puerto Libertador,Male,2018,3.1605156006326807
23586,Purísima De La Concepción,Male,2018,3.8765757049668426
23660,Sahagún,Male,2018,3.6256475760824816
23670,San Andrés De Sotavento,Male,2018,4.297689105526655
23672,San Antero,Male,2018,3.2337536920131136
23675,San Bernardo Del Viento,Male,2018,3.7336523573192544
23678,San Carlos,Male,2018,4.193009934875148
23682,San José De Uré,Male,2018,1.6992471201829342
23686,San Pelayo,Male,2018,4.280623425073802
23807,Tierralta,Male,2018,3.1807345217877194
23815,Tuchín,Male,2018,2.0893725581101554
23855,Valencia,Male,2018,3.4350086637254957
25001,Agua De Dios,Male,2018,4.18685876149422
25019,Albán,Male,2018,4.419741030625611
25035,Anapoima,Male,2018,3.5540116458923756
25040,Anolaima,Male,2018,3.939424122651806
25053,Arbeláez,Male,2018,3.4134650870828964
25086,Beltrán,Male,2018,4.5481970301725205
25095,Bituima,Male,2018,4.196756723459693
25099,Bojacá,Male,2018,3.059421808659259
25120,Cabrera,Male,2018,3.7418204503639028
25123,Cachipay,Male,2018,3.8001379994729207
25126,Cajicá,Male,2018,2.771515525221898
25148,Caparrapí,Male,2018,4.933540524688708
25151,Cáqueza,Male,2018,3.954462129055534
25154,Carmen De Carupa,Male,2018,3.854322466287713
25168,Chaguaní,Male,2018,6.259409466180861
25175,Chía,Male,2018,3.523055464873186
25178,Chipaque,Male,2018,3.503446792085196
25181,Choachí,Male,2018,3.6224844092247337
25183,Chocontá,Male,2018,4.185602894533749
25200,Cogua,Male,2018,2.9565346024576984
25214,Cota,Male,2018,2.687687380817962
25224,Cucunubá,Male,2018,2.8105746274216
25245,El Colegio,Male,2018,3.7287921514641256
25258,El Peñón,Male,2018,4.5189471191740935
25260,El Rosal,Male,2018,2.5865428217441697
25269,Facatativá,Male,2018,3.4662922252091617
25279,Fómeque,Male,2018,3.4932000375864076
25281,Fosca,Male,2018,3.952647999757994
25286,Funza,Male,2018,2.989199284312221
25288,Fúquene,Male,2018,3.105129882190016
25290,Fusagasugá,Male,2018,3.727717376608683
25293,Gachalá,Male,2018,5.22850344169014
25295,Gachancipá,Male,2018,2.7637825215495164
25297,Gachetá,Male,2018,5.401443480815471
25299,Gama,Male,2018,4.076819670179549
25307,Girardot,Male,2018,5.609996140570972
25312,Granada,Male,2018,2.964113738049811
25317,Guachetá,Male,2018,3.6523969518977397
25320,Guaduas,Male,2018,5.575572940611486
25322,Guasca,Male,2018,2.9733065344140077
25324,Guataquí,Male,2018,4.374188719453194
25326,Guatavita,Male,2018,3.8522854418256305
25328,Guayabal De Síquima,Male,2018,3.961688789625786
25335,Guayabetal,Male,2018,2.9943430523024666
25339,Gutiérrez,Male,2018,3.680927209090331
25368,Jerusalén,Male,2018,4.372199362756405
25372,Junín,Male,2018,5.497280849324422
25377,La Calera,Male,2018,3.531327226127379
25386,La Mesa,Male,2018,4.449863270854896
25394,La Palma,Male,2018,5.006081784663996
25398,La Peña,Male,2018,6.140420687717895
25402,La Vega,Male,2018,3.4984289759336606
25407,Lenguazaque,Male,2018,4.48327347106395
25426,Machetá,Male,2018,5.081211410938671
25430,Madrid,Male,2018,2.7177860037665464
25436,Manta,Male,2018,5.276611579260295
25438,Medina,Male,2018,3.9245513496058475
25473,Mosquera,Male,2018,2.747342336666166
25483,Nariño,Male,2018,4.877777114027768
25486,Nemocón,Male,2018,2.8645436053421336
25488,Nilo,Male,2018,4.537372568629265
25489,Nimaima,Male,2018,4.714002046571459
25491,Nocaima,Male,2018,4.028512383393296
25506,Venecia,Male,2018,4.012514806902
25513,Pacho,Male,2018,4.182544657545267
25518,Paime,Male,2018,5.067356804707711
25524,Pandi,Male,2018,3.9077373939169897
25530,Paratebueno,Male,2018,3.1308890593466114
25535,Pasca,Male,2018,3.7111240962295553
25572,Puerto Salgar,Male,2018,4.102482418888047
25580,Pulí,Male,2018,4.345289398223507
25592,Quebradanegra,Male,2018,4.533264538756387
25594,Quetame,Male,2018,3.421534678818822
25596,Quipile,Male,2018,5.060354085975835
25599,Apulo,Male,2018,3.7059079329530507
25612,Ricaurte,Male,2018,3.0963410108055838
25645,San Antonio Del Tequendama,Male,2018,3.5312249206365425
25649,San Bernardo,Male,2018,3.696800989749355
25653,San Cayetano,Male,2018,4.084107023206747
25658,San Francisco,Male,2018,3.1079602850386534
25662,San Juan De Rioseco,Male,2018,4.487763365201511
25718,Sasaima,Male,2018,3.8657932867509395
25736,Sesquilé,Male,2018,3.124459696221196
25740,Sibaté,Male,2018,5.070869054717087
25743,Silvania,Male,2018,3.558182000159464
25745,Simijaca,Male,2018,2.950926901607822
25754,Soacha,Male,2018,2.6794657835967035
25758,Sopó,Male,2018,3.4907709965483438
25769,Subachoque,Male,2018,3.0066574283506133
25772,Suesca,Male,2018,2.889731797838071
25777,Supatá,Male,2018,3.8286023708059878
25779,Susa,Male,2018,3.167330529419771
25781,Sutatausa,Male,2018,2.653332219884513
25785,Tabio,Male,2018,3.14431117766092
25793,Tausa,Male,2018,2.9395922902883385
25797,Tena,Male,2018,3.305807380347943
25799,Tenjo,Male,2018,3.476043585868142
25805,Tibacuy,Male,2018,3.7118712430814718
25807,Tibirita,Male,2018,6.396943766034337
25815,Tocaima,Male,2018,4.045822838085313
25817,Tocancipá,Male,2018,2.6745841801454757
25823,Topaipí,Male,2018,5.174302878702691
25839,Ubalá,Male,2018,4.334770734806183
25841,Ubaque,Male,2018,4.6324147441571135
25843,Villa De San Diego De Ubaté,Male,2018,3.7070428703543414
25845,Une,Male,2018,3.9605863587662467
25851,Útica,Male,2018,5.003483398530959
25862,Vergara,Male,2018,5.488674398226497
25867,Vianí,Male,2018,3.840064881452095
25871,Villagómez,Male,2018,3.8823821632461564
25873,Villapinzón,Male,2018,3.093546039846487
25875,Villeta,Male,2018,4.063178693609542
25878,Viotá,Male,2018,4.147477721182678
25885,Yacopí,Male,2018,5.139043099241262
25898,Zipacón,Male,2018,3.09835326192884
25899,Zipaquirá,Male,2018,3.2422024471215285
27001,Quibdó,Male,2018,2.773471092637709
27006,Acandí,Male,2018,2.854240092301325
27025,Alto Baudó,Male,2018,3.065558319925586
27050,Atrato,Male,2018,3.0813517371310737
27073,Bagadó,Male,2018,2.6506655352926805
27075,Bahía Solano,Male,2018,2.65879187472081
27077,Bajo Baudó,Male,2018,2.827718361688667
27099,Bojayá,Male,2018,2.3483237533767274
27135,El Cantón Del San Pablo,Male,2018,2.7946737969380115
27150,Carmen Del Darién,Male,2018,3.37775196518803
27160,Cértegui,Male,2018,3.0475793010877723
27205,Condoto,Male,2018,2.6897327836666007
27245,El Carmen De Atrato,Male,2018,3.220433534100672
27250,El Litoral Del San Juan,Male,2018,2.8536551477053247
27361,Istmina,Male,2018,3.1325312771651403
27372,Juradó,Male,2018,2.785924837445527
27413,Lloró,Male,2018,2.3489024885206073
27425,Medio Atrato,Male,2018,3.9383182329286774
27430,Medio Baudó,Male,2018,2.983712459425929
27450,Medio San Juan,Male,2018,3.1284997604756613
27491,Nóvita,Male,2018,3.0705123088627313
27495,Nuquí,Male,2018,2.757413674701197
27580,Río Iró,Male,2018,2.900421447050991
27600,Río Quito,Male,2018,2.921213091491982
27615,Riosucio,Male,2018,4.9345209041692595
27660,San José Del Palmar,Male,2018,3.3220686769133
27745,Sipí,Male,2018,3.0493822572383644
27787,Tadó,Male,2018,2.7026442402307462
27800,Unguía,Male,2018,3.0265939595576157
27810,Unión Panamericana,Male,2018,3.5279000960851805
41001,Neiva,Male,2018,3.395538170972789
41006,Acevedo,Male,2018,4.567819586278518
41013,Agrado,Male,2018,3.3104438246764305
41016,Aipe,Male,2018,3.082150374849357
41020,Algeciras,Male,2018,3.483056709143254
41026,Altamira,Male,2018,3.078992000619443
41078,Baraya,Male,2018,4.175262038683348
41132,Campoalegre,Male,2018,4.31766513431269
41206,Colombia,Male,2018,4.350002354527134
41244,Elías,Male,2018,3.0663516953166248
41298,Garzón,Male,2018,3.1948642394319258
41306,Gigante,Male,2018,3.3072036897999113
41319,Guadalupe,Male,2018,3.2674908722853515
41349,Hobo,Male,2018,2.948194387316458
41357,Íquira,Male,2018,3.209869620138067
41359,Isnos,Male,2018,3.32237726154837
41378,La Argentina,Male,2018,3.371228378820085
41396,La Plata,Male,2018,3.1016925183053714
41483,Nátaga,Male,2018,2.9193826893047556
41503,Oporapa,Male,2018,3.2890700054918005
41518,Paicol,Male,2018,2.8970351215226624
41524,Palermo,Male,2018,3.078997114084686
41530,Palestina,Male,2018,3.562004161738257
41548,Pital,Male,2018,2.892964524012157
41551,Pitalito,Male,2018,3.503091510684704
41615,Rivera,Male,2018,3.4200244623891334
41660,Saladoblanco,Male,2018,3.5008884143076657
41668,San Agustín,Male,2018,3.208277194200118
41676,Santa María,Male,2018,3.4428725422117887
41770,Suaza,Male,2018,2.8490048257915017
41791,Tarqui,Male,2018,3.394661616112051
41797,Tesalia,Male,2018,3.0748289786526715
41799,Tello,Male,2018,3.240183550376589
41801,Teruel,Male,2018,3.328330906689949
41807,Timaná,Male,2018,3.3429471557820865
41872,Villavieja,Male,2018,3.8575865576421813
41885,Yaguará,Male,2018,3.322830441372091
44001,Riohacha,Male,2018,3.3784995290499644
44035,Albania,Male,2018,2.354347754440262
44078,Barrancas,Male,2018,2.622909155259748
44090,Dibulla,Male,2018,2.8906988291956006
44098,Distracción,Male,2018,2.6598484698740745
44110,El Molino,Male,2018,3.1223061971979877
44279,Fonseca,Male,2018,2.3189924867642704
44378,Hatonuevo,Male,2018,2.3413097060757595
44420,La Jagua Del Pilar,Male,2018,2.7803548089187333
44430,Maicao,Male,2018,3.1122007975629873
44560,Manaure,Male,2018,2.5691652632505573
44650,San Juan Del Cesar,Male,2018,2.803813433523039
44847,Uribia,Male,2018,3.518443795117689
44855,Urumita,Male,2018,2.5975087897489733
44874,Villanueva,Male,2018,2.37517106093254
47001,Santa Marta,Male,2018,3.576502156533927
47030,Algarrobo,Male,2018,2.834896171893883
47053,Aracataca,Male,2018,2.6713045334088084
47058,Ariguaní,Male,2018,3.32490135106684
47161,Cerro De San Antonio,Male,2018,3.8713649884586734
47170,Chivolo,Male,2018,3.321874819672734
47189,Ciénaga,Male,2018,2.988732130681146
47205,Concordia,Male,2018,4.735641954288504
47245,El Banco,Male,2018,3.0540209061582755
47258,El Piñón,Male,2018,3.598573164879691
47268,El Retén,Male,2018,3.1141530493595573
47288,Fundación,Male,2018,2.8123143750175084
47318,Guamal,Male,2018,3.4296718256025054
47460,Nueva Granada,Male,2018,3.3881539942378427
47541,Pedraza,Male,2018,3.5712259914405924
47545,Pijiño Del Carmen,Male,2018,2.9274156420314354
47551,Pivijay,Male,2018,3.6419756971999973
47555,Plato,Male,2018,3.147126468161663
47570,Puebloviejo,Male,2018,3.3119958486758057
47605,Remolino,Male,2018,3.7375056038015346
47660,Sabanas De San Ángel,Male,2018,3.5842304943748182
47675,Salamina,Male,2018,3.59777199945169
47692,San Sebastián De Buenavista,Male,2018,3.485026632738553
47703,San Zenón,Male,2018,2.868595634632034
47707,Santa Ana,Male,2018,2.8756588754277725
47720,Santa Bárbara De Pinto,Male,2018,3.4994671027145356
47745,Sitionuevo,Male,2018,4.0367995483780765
47798,Tenerife,Male,2018,3.4855253881565993
47960,Zapayán,Male,2018,4.1250229624870824
47980,Zona Bananera,Male,2018,2.8832611870948495
50001,Villavicencio,Male,2018,3.338470282216959
50006,Acacías,Male,2018,3.1055556999146416
50110,Barranca De Upía,Male,2018,2.504894347673148
50124,Cabuyaro,Male,2018,3.1363350720218683
50150,Castilla La Nueva,Male,2018,2.7037809013949974
50223,Cubarral,Male,2018,2.824505497628835
50226,Cumaral,Male,2018,2.641990189136781
50245,El Calvario,Male,2018,2.6762349924185784
50251,El Castillo,Male,2018,3.261711197632332
50270,El Dorado,Male,2018,3.0253595356450402
50287,Fuente De Oro,Male,2018,3.4192122061205827
50313,Granada,Male,2018,3.39378015241619
50318,Guamal,Male,2018,3.3342562290785627
50325,Mapiripán,Male,2018,3.0579679568778646
50330,Mesetas,Male,2018,3.520152414101864
50350,La Macarena,Male,2018,3.759810528667829
50370,Uribe,Male,2018,5.051824665063241
50400,Lejanías,Male,2018,3.2617012480354477
50450,Puerto Concordia,Male,2018,4.1403113905096
50568,Puerto Gaitán,Male,2018,2.9300870385391034
50573,Puerto López,Male,2018,3.010477189137204
50577,Puerto Lleras,Male,2018,3.3725432928293473
50590,Puerto Rico,Male,2018,3.967979583014021
50606,Restrepo,Male,2018,2.681752699520292
50680,San Carlos De Guaroa,Male,2018,2.798287675381992
50683,San Juan De Arama,Male,2018,3.6177900114747743
50686,San Juanito,Male,2018,3.4200251066774547
50689,San Martín,Male,2018,2.6235780733882734
50711,Vistahermosa,Male,2018,3.725045135369566
52001,Pasto,Male,2018,3.464058212618253
52019,Albán,Male,2018,5.184373160840694
52022,Aldana,Male,2018,3.756401317705357
52036,Ancuya,Male,2018,4.860563622527052
52051,Arboleda,Male,2018,5.305571384716021
52079,Barbacoas,Male,2018,3.0903981052826452
52083,Belén,Male,2018,4.789243015270718
52110,Buesaco,Male,2018,4.271832531055618
52203,Colón,Male,2018,5.019137907525655
52207,Consacá,Male,2018,4.677039488207391
52210,Contadero,Male,2018,4.3068723304566054
52215,Córdoba,Male,2018,3.671559749058164
52224,Cuaspud Carlosama,Male,2018,4.489649006852194
52227,Cumbal,Male,2018,3.295849482534325
52233,Cumbitara,Male,2018,4.444600393451333
52240,Chachagüí,Male,2018,3.7890234744212203
52250,El Charco,Male,2018,2.9825036206110065
52254,El Peñol,Male,2018,5.866994440682075
52256,El Rosario,Male,2018,5.494505935788053
52258,El Tablón De Gómez,Male,2018,5.388735310550546
52260,El Tambo,Male,2018,4.407621172385642
52287,Funes,Male,2018,4.681267349479454
52317,Guachucal,Male,2018,4.45407346295699
52320,Guaitarilla,Male,2018,4.668277050782807
52323,Gualmatán,Male,2018,4.564450654238375
52352,Iles,Male,2018,4.2364453693258035
52354,Imués,Male,2018,5.287215706368483
52356,Ipiales,Male,2018,3.1168188031761295
52378,La Cruz,Male,2018,4.306120184098036
52381,La Florida,Male,2018,6.496657934730833
52385,La Llanada,Male,2018,3.397788090299615
52390,La Tola,Male,2018,2.905996542969455
52399,La Unión,Male,2018,5.330056405570078
52405,Leiva,Male,2018,4.4748505632333115
52411,Linares,Male,2018,5.054609734243877
52418,Los Andes,Male,2018,4.35276361255326
52427,Magüí,Male,2018,2.958414597921798
52435,Mallama,Male,2018,4.0074696500160565
52473,Mosquera,Male,2018,4.10783731783005
52480,Nariño,Male,2018,5.9470386735553005
52490,Olaya Herrera,Male,2018,3.0068023251451805
52506,Ospina,Male,2018,4.018570269943787
52520,Francisco Pizarro,Male,2018,3.6059029168998484
52540,Policarpa,Male,2018,6.055316303192418
52560,Potosí,Male,2018,3.4784302153877746
52565,Providencia,Male,2018,4.78103239418111
52573,Puerres,Male,2018,3.740609871814141
52585,Pupiales,Male,2018,4.187227839377884
52612,Ricaurte,Male,2018,3.3687869040367473
52621,Roberto Payán,Male,2018,3.344167245746039
52678,Samaniego,Male,2018,5.881457646159219
52683,Sandoná,Male,2018,4.369130652090223
52685,San Bernardo,Male,2018,5.977561434729468
52687,San Lorenzo,Male,2018,5.788144476155895
52693,San Pablo,Male,2018,4.89284267051004
52694,San Pedro De Cartago,Male,2018,5.241369287261314
52696,Santa Bárbara,Male,2018,3.4070397698298307
52699,Santacruz,Male,2018,5.376954605257391
52720,Sapuyes,Male,2018,4.942990796595542
52786,Taminango,Male,2018,5.1450721807986515
52788,Tangua,Male,2018,5.2321338871608445
52835,San Andrés De Tumaco,Male,2018,3.2194594570031736
52838,Túquerres,Male,2018,4.0655910029001046
52885,Yacuanquer,Male,2018,4.815460708143073
54001,San José De Cúcuta,Male,2018,3.7115999907512065
54003,Ábrego,Male,2018,3.5730116676050643
54051,Arboledas,Male,2018,4.328621709806389
54099,Bochalema,Male,2018,3.736608535325429
54109,Bucarasica,Male,2018,3.6786362779859414
54125,Cácota,Male,2018,4.4385022441320245
54128,Cáchira,Male,2018,3.8856180164569776
54172,Chinácota,Male,2018,3.17162759999368
54174,Chitagá,Male,2018,4.0318052829718365
54206,Convención,Male,2018,3.4813184138134217
54223,Cucutilla,Male,2018,5.383036976993007
54239,Durania,Male,2018,4.349488174967897
54245,El Carmen,Male,2018,3.885884188483826
54250,El Tarra,Male,2018,3.2645955158076543
54261,El Zulia,Male,2018,3.203096679334771
54313,Gramalote,Male,2018,5.270181366464617
54344,Hacarí,Male,2018,3.2618406718602246
54347,Herrán,Male,2018,4.789631153429952
54377,Labateca,Male,2018,3.7661076505260564
54385,La Esperanza,Male,2018,3.1604230799261197
54398,La Playa,Male,2018,4.227243540904908
54405,Los Patios,Male,2018,2.8908385109884676
54418,Lourdes,Male,2018,3.400893342630636
54480,Mutiscua,Male,2018,3.868423167929495
54498,Ocaña,Male,2018,3.3370481795341207
54518,Pamplona,Male,2018,3.0647432248278887
54520,Pamplonita,Male,2018,3.7794283036016254
54553,Puerto Santander,Male,2018,9.17773807971967
54599,Ragonvalia,Male,2018,4.271657026878692
54660,Salazar,Male,2018,3.788900742931422
54670,San Calixto,Male,2018,3.6677201033695117
54673,San Cayetano,Male,2018,3.1933955756585566
54680,Santiago,Male,2018,4.140631650159057
54720,Sardinata,Male,2018,3.29134583029448
54743,Silos,Male,2018,3.8835673144615144
54800,Teorama,Male,2018,3.3065258659512193
54810,Tibú,Male,2018,4.199021298566396
54820,Toledo,Male,2018,3.912365894721166
54871,Villa Caro,Male,2018,3.5388816130347758
54874,Villa Del Rosario,Male,2018,2.9317774303048187
63001,Armenia,Male,2018,4.192426087113933
63111,Buenavista,Male,2018,3.761390026476478
63130,Calarcá,Male,2018,4.474277415997725
63190,Circasia,Male,2018,3.7129688163948744
63212,Córdoba,Male,2018,4.160718121603751
63272,Filandia,Male,2018,3.7179913934630524
63302,Génova,Male,2018,4.598770113831569
63401,La Tebaida,Male,2018,4.040520911423249
63470,Montenegro,Male,2018,4.2815450175936
63548,Pijao,Male,2018,4.046876998496604
63594,Quimbaya,Male,2018,4.010266672436911
63690,Salento,Male,2018,4.066025843429747
66001,Pereira,Male,2018,3.809913572543368
66045,Apía,Male,2018,4.037776011218875
66075,Balboa,Male,2018,5.351370340568639
66088,Belén De Umbría,Male,2018,3.905468985969055
66170,Dosquebradas,Male,2018,3.308867741158636
66318,Guática,Male,2018,4.252753617413178
66383,La Celia,Male,2018,4.628660286759478
66400,La Virginia,Male,2018,5.432646670972846
66440,Marsella,Male,2018,3.6453584484348793
66456,Mistrató,Male,2018,2.726983305290697
66572,Pueblo Rico,Male,2018,2.460242840959151
66594,Quinchía,Male,2018,3.681006486262601
66682,Santa Rosa De Cabal,Male,2018,3.6428698501421453
66687,Santuario,Male,2018,4.257180939243406
68001,Bucaramanga,Male,2018,3.4955153621290824
68013,Aguada,Male,2018,8.933006339426115
68020,Albania,Male,2018,5.73150132714317
68051,Aratoca,Male,2018,4.159444853971508
68077,Barbosa,Male,2018,2.939074480492738
68079,Barichara,Male,2018,3.503758141966323
68081,Barrancabermeja,Male,2018,4.022092327876137
68092,Betulia,Male,2018,3.7641923301525018
68101,Bolívar,Male,2018,4.167884804507591
68121,Cabrera,Male,2018,4.089646309027202
68132,California,Male,2018,2.9130287234199583
68147,Capitanejo,Male,2018,3.93075708619452
68152,Carcasí,Male,2018,4.898500673678471
68160,Cepitá,Male,2018,3.681224138646379
68162,Cerrito,Male,2018,4.112865564406156
68167,Charalá,Male,2018,3.2920012453397853
68169,Charta,Male,2018,4.361668203477178
68176,Chima,Male,2018,4.513221513253226
68179,Chipatá,Male,2018,5.543732734018255
68190,Cimitarra,Male,2018,3.83095270152744
68207,Concepción,Male,2018,3.735905472768696
68209,Confines,Male,2018,4.490447026653897
68211,Contratación,Male,2018,4.140283059949679
68217,Coromoro,Male,2018,4.803210211291394
68229,Curití,Male,2018,3.6548734883274316
68235,El Carmen De Chucuri,Male,2018,4.449662607164285
68245,El Guacamayo,Male,2018,4.0599806600783745
68250,El Peñón,Male,2018,3.8481845744344443
68255,El Playón,Male,2018,3.6104798714915987
68264,Encino,Male,2018,3.032850782123254
68266,Enciso,Male,2018,4.153037055619335
68271,Florián,Male,2018,4.656384074821889
68276,Floridablanca,Male,2018,3.0575514658655405
68296,Galán,Male,2018,4.03829812815356
68298,Gámbita,Male,2018,4.183946291880795
68307,Girón,Male,2018,2.977769968858468
68318,Guaca,Male,2018,5.3848869281163125
68320,Guadalupe,Male,2018,4.173976235174035
68322,Guapotá,Male,2018,4.1476381661652955
68324,Guavatá,Male,2018,5.454123696593337
68327,Güepsa,Male,2018,3.728844842596366
68344,Hato,Male,2018,4.5735526307665975
68368,Jesús María,Male,2018,4.542302343389091
68370,Jordán,Male,2018,4.261549758203942
68377,La Belleza,Male,2018,3.7283331319950994
68385,Landázuri,Male,2018,4.2043813926163285
68397,La Paz,Male,2018,5.122366725561345
68406,Lebrija,Male,2018,3.330262439952113
68418,Los Santos,Male,2018,4.0213679757776095
68425,Macaravita,Male,2018,4.040048211784245
68432,Málaga,Male,2018,2.8295081330495986
68444,Matanza,Male,2018,4.406544825745168
68464,Mogotes,Male,2018,3.931915430612884
68468,Molagavita,Male,2018,4.971231248356167
68498,Ocamonte,Male,2018,4.049128734338396
68500,Oiba,Male,2018,3.6110425619165842
68502,Onzaga,Male,2018,5.559894358683462
68522,Palmar,Male,2018,3.9989276298981666
68524,Palmas Del Socorro,Male,2018,5.082065740178559
68533,Páramo,Male,2018,3.419721398039929
68547,Piedecuesta,Male,2018,2.899275623396567
68549,Pinchote,Male,2018,3.613082947620232
68572,Puente Nacional,Male,2018,3.6507119170861326
68573,Puerto Parra,Male,2018,2.8393015969975086
68575,Puerto Wilches,Male,2018,2.9734306090543554
68615,Rionegro,Male,2018,3.738503451563908
68655,Sabana De Torres,Male,2018,2.896536563349728
68669,San Andrés,Male,2018,4.57788753566013
68673,San Benito,Male,2018,6.133032504429054
68679,San Gil,Male,2018,3.022142600146596
68682,San Joaquín,Male,2018,4.11369895163086
68684,San José De Miranda,Male,2018,4.714330017220906
68686,San Miguel,Male,2018,3.6593077814498955
68689,San Vicente De Chucurí,Male,2018,3.585596356799426
68705,Santa Bárbara,Male,2018,5.265911242937406
68720,Santa Helena Del Opón,Male,2018,4.178964408947648
68745,Simacota,Male,2018,4.125182295557695
68755,Socorro,Male,2018,3.1416058654152423
68770,Suaita,Male,2018,4.223592806363725
68773,Sucre,Male,2018,4.296227088147589
68780,Suratá,Male,2018,4.343072300634536
68820,Tona,Male,2018,4.255783688407114
68855,Valle De San José,Male,2018,3.7784249389591014
68861,Vélez,Male,2018,4.488277879121418
68867,Vetas,Male,2018,3.504855363449128
68872,Villanueva,Male,2018,3.54727156293211
68895,Zapatoca,Male,2018,2.9730213770214298
70001,Sincelejo,Male,2018,3.354225717199536
70110,Buenavista,Male,2018,3.4764305048439264
70124,Caimito,Male,2018,3.953804190172425
70204,Colosó,Male,2018,4.201102358534144
70215,Corozal,Male,2018,3.3057326595644523
70221,Coveñas,Male,2018,3.652906172650793
70230,Chalán,Male,2018,5.0020597882324624
70233,El Roble,Male,2018,4.4308140499984
70235,Galeras,Male,2018,3.138932526365758
70265,Guaranda,Male,2018,3.6604613895071374
70400,La Unión,Male,2018,4.062174737595719
70418,Los Palmitos,Male,2018,3.464988100583114
70429,Majagual,Male,2018,4.018913858442712
70473,Morroa,Male,2018,3.404716473008786
70508,Ovejas,Male,2018,4.14600134341193
70523,Palmito,Male,2018,3.695107846376243
70670,Sampués,Male,2018,3.779789660333915
70678,San Benito Abad,Male,2018,4.136665337882318
70702,San Juan De Betulia,Male,2018,4.04922009525206
70708,San Marcos,Male,2018,3.5639230741024055
70713,San Onofre,Male,2018,3.497402388547199
70717,San Pedro,Male,2018,3.6427271319947945
70742,San Luis De Sincé,Male,2018,3.958199567978917
70771,Sucre,Male,2018,4.417035323185372
70820,Santiago De Tolú,Male,2018,2.832738425463178
70823,San José De Toluviejo,Male,2018,3.588903275938754
73001,Ibagué,Male,2018,3.1996247586219266
73024,Alpujarra,Male,2018,5.362737651829391
73026,Alvarado,Male,2018,3.9676216426579027
73030,Ambalema,Male,2018,6.336123757836865
73043,Anzoátegui,Male,2018,4.0904462979241245
73055,Armero,Male,2018,3.494538284181675
73067,Ataco,Male,2018,3.7415906027872854
73124,Cajamarca,Male,2018,3.481837390084655
73148,Carmen De Apicalá,Male,2018,3.2024790668841554
73152,Casabianca,Male,2018,3.8495171460360007
73168,Chaparral,Male,2018,3.773976491026362
73200,Coello,Male,2018,3.6589355047173022
73217,Coyaima,Male,2018,4.027575034027002
73226,Cunday,Male,2018,3.689084042982151
73236,Dolores,Male,2018,3.6178414271996155
73268,Espinal,Male,2018,3.7999862537854474
73270,Falan,Male,2018,3.9616528143820795
73275,Flandes,Male,2018,3.011609242347142
73283,Fresno,Male,2018,3.83061338860428
73319,Guamo,Male,2018,3.6034586311625776
73347,Herveo,Male,2018,4.647580167220151
73349,Honda,Male,2018,3.7684893690268857
73352,Icononzo,Male,2018,3.5184526896294206
73408,Lérida,Male,2018,3.4804038169213865
73411,Líbano,Male,2018,3.8587791530544178
73443,San Sebastián De Mariquita,Male,2018,3.3985241920545177
73449,Melgar,Male,2018,3.3842315949186967
73461,Murillo,Male,2018,4.462059576436495
73483,Natagaima,Male,2018,4.822707410975667
73504,Ortega,Male,2018,3.628841630120891
73520,Palocabildo,Male,2018,3.6497804500921305
73547,Piedras,Male,2018,3.73814224038028
73555,Planadas,Male,2018,3.064374161779633
73563,Prado,Male,2018,3.601874939532306
73585,Purificación,Male,2018,3.682273116102045
73616,Rioblanco,Male,2018,3.124701276073279
73622,Roncesvalles,Male,2018,3.2684571825377726
73624,Rovira,Male,2018,3.553761170641359
73671,Saldaña,Male,2018,3.7366582371467385
73675,San Antonio,Male,2018,3.5704198294070686
73678,San Luis,Male,2018,3.9961836473718626
73686,Santa Isabel,Male,2018,4.012424780132721
73770,Suárez,Male,2018,4.412415546499723
73854,Valle De San Juan,Male,2018,4.367742199033833
73861,Venadillo,Male,2018,3.5709542462929296
73870,Villahermosa,Male,2018,4.257137584073538
73873,Villarrica,Male,2018,3.913615437933748
76001,Cali,Male,2018,3.2562969602679384
76020,Alcalá,Male,2018,4.022281975018786
76036,Andalucía,Male,2018,3.8408080242289366
76041,Ansermanuevo,Male,2018,3.792701347681612
76054,Argelia,Male,2018,3.913693761451391
76100,Bolívar,Male,2018,2.7212078653359515
76109,Buenaventura,Male,2018,2.4364380220529176
76111,Guadalajara De Buga,Male,2018,2.9819472128244016
76113,Bugalagrande,Male,2018,3.4395537555020903
76122,Caicedonia,Male,2018,3.880647135044419
76126,Calima,Male,2018,3.127205331211278
76130,Candelaria,Male,2018,2.6895309659192677
76147,Cartago,Male,2018,3.1745595219653695
76233,Dagua,Male,2018,2.945401072711685
76243,El Águila,Male,2018,3.567635752664616
76246,El Cairo,Male,2018,3.2604826135313756
76248,El Cerrito,Male,2018,2.842653830155621
76250,El Dovio,Male,2018,3.3911886331615197
76275,Florida,Male,2018,2.719998891927958
76306,Ginebra,Male,2018,2.7023384287080563
76318,Guacarí,Male,2018,3.0522627937343647
76364,Jamundí,Male,2018,2.8249796562616756
76377,La Cumbre,Male,2018,3.592011323858146
76400,La Unión,Male,2018,3.5075518241211485
76403,La Victoria,Male,2018,3.058130658324311
76497,Obando,Male,2018,2.9787207836566507
76520,Palmira,Male,2018,3.011696981074419
76563,Pradera,Male,2018,3.3100544085002914
76606,Restrepo,Male,2018,3.0478637419454633
76616,Riofrío,Male,2018,2.6603908576058903
76622,Roldanillo,Male,2018,2.659685965762932
76670,San Pedro,Male,2018,2.9208970591570265
76736,Sevilla,Male,2018,3.302671038491805
76823,Toro,Male,2018,4.419556105592383
76828,Trujillo,Male,2018,2.921982000994426
76834,Tuluá,Male,2018,2.7339810828844833
76845,Ulloa,Male,2018,2.8427273858064015
76863,Versalles,Male,2018,3.3442693283374423
76869,Vijes,Male,2018,2.916762001281581
76890,Yotoco,Male,2018,2.890831180267618
76892,Yumbo,Male,2018,2.7263339837828284
76895,Zarzal,Male,2018,2.909293910013069
81001,Arauca,Male,2018,3.453289398955216
81065,Arauquita,Male,2018,3.1256880074990403
81220,Cravo Norte,Male,2018,3.7623513277931484
81300,Fortul,Male,2018,3.8120422307546207
81591,Puerto Rondón,Male,2018,3.399655465093161
81736,Saravena,Male,2018,2.984637410719653
81794,Tame,Male,2018,4.024845694685511
85001,Yopal,Male,2018,2.9833912918681573
85010,Aguazul,Male,2018,3.039686919636149
85015,Chámeza,Male,2018,3.042827770440363
85125,Hato Corozal,Male,2018,2.973940465296447
85136,La Salina,Male,2018,3.017253787386866
85139,Maní,Male,2018,2.98978752668745
85162,Monterrey,Male,2018,2.8971844726393097
85225,Nunchía,Male,2018,4.199971847564299
85230,Orocué,Male,2018,2.7161534147613158
85250,Paz De Ariporo,Male,2018,2.788557795561619
85263,Pore,Male,2018,2.975564083039699
85279,Recetor,Male,2018,4.32044552041405
85300,Sabanalarga,Male,2018,3.5413490287741016
85315,Sácama,Male,2018,2.7907848689158934
85325,San Luis De Palenque,Male,2018,3.1004678810043043
85400,Támara,Male,2018,3.2659971401666277
85410,Tauramena,Male,2018,2.6765942292806586
85430,Trinidad,Male,2018,2.796447269601306
85440,Villanueva,Male,2018,2.704599808534967
86001,Mocoa,Male,2018,2.94447567222382
86219,Colón,Male,2018,3.0414090672095706
86320,Orito,Male,2018,2.9582895593498666
86568,Puerto Asís,Male,2018,3.770190576935685
86569,Puerto Caicedo,Male,2018,3.264450099123402
86571,Puerto Guzmán,Male,2018,3.2320833919540957
86573,Puerto Leguízamo,Male,2018,2.7743696811456395
86749,Sibundoy,Male,2018,2.813098147776423
86755,San Francisco,Male,2018,2.8681339383101365
86757,San Miguel,Male,2018,3.18806058258808
86760,Santiago,Male,2018,3.0888131354445107
86865,Valle Del Guamuez,Male,2018,3.409740107658108
86885,Villagarzón,Male,2018,2.7118251155747273
88001,San Andrés,Male,2018,3.0703839950463903
88564,Providencia,Male,2018,3.356212357924557
91001,Leticia,Male,2018,2.9797322071236145
91263,El Encanto,Male,2018,2.9622101434753905
91405,La Chorrera,Male,2018,2.4578698897606137
91407,La Pedrera,Male,2018,3.4339890014514904
91430,La Victoria,Male,2018,4.036157758554108
91460,Mirití - Paraná,Male,2018,3.029127547041832
91530,Puerto Alegría,Male,2018,3.0314169079531967
91536,Puerto Arica,Male,2018,4.1568480587722965
91540,Puerto Nariño,Male,2018,2.5156033874338117
91669,Puerto Santander,Male,2018,3.1898351279692987
91798,Tarapacá,Male,2018,2.6565976699196074
94001,Inírida,Male,2018,3.1424184333202327
94343,Barrancominas,Male,2018,1.3878152673287323
94883,San Felipe,Male,2018,2.488445647112322
94884,Puerto Colombia,Male,2018,2.9011540188828073
94885,La Guadalupe,Male,2018,2.0295582326815067
94886,Cacahual,Male,2018,3.4961546826156873
94887,Pana Pana,Male,2018,2.329140394220229
94888,Morichal,Male,2018,2.3696439505219478
95001,San José Del Guaviare,Male,2018,3.259792537952371
95015,Calamar,Male,2018,3.917685162098984
95025,El Retorno,Male,2018,2.966662212148541
95200,Miraflores,Male,2018,4.590885027240445
97001,Mitú,Male,2018,2.2424241500163338
97161,Carurú,Male,2018,3.0884481742470893
97511,Pacoa,Male,2018,1.7724109338348735
97666,Taraira,Male,2018,2.085252790300276
97777,Papunahua,Male,2018,2.517511514581246
97889,Yavaraté,Male,2018,2.1277759522068824
99001,Puerto Carreño,Male,2018,4.362181770145317
99524,La Primavera,Male,2018,3.494415936241724
99624,Santa Rosalía,Male,2018,3.3158521557977365
99773,Cumaribo,Male,2018,3.0246958780311535
5001,Medellín,Female,2019,1.4223181647958343
5002,Abejorral,Female,2019,1.3683955676883066
5004,Abriaquí,Female,2019,1.164866104349537
5021,Alejandría,Female,2019,1.14800315079087
5030,Amagá,Female,2019,1.3347202599781292
5031,Amalfi,Female,2019,1.184411891417683
5034,Andes,Female,2019,1.4492347460737525
5036,Angelópolis,Female,2019,1.316514477812629
5038,Angostura,Female,2019,1.3167352741552525
5040,Anorí,Female,2019,1.0567580305083326
5042,Santa Fé De Antioquia,Female,2019,1.2108991281964807
5044,Anzá,Female,2019,1.2729285854405732
5045,Apartadó,Female,2019,1.3521016452182693
5051,Arboletes,Female,2019,1.1491865224404285
5055,Argelia,Female,2019,1.179595560146476
5059,Armenia,Female,2019,1.4757918827633034
5079,Barbosa,Female,2019,1.35114750920789
5086,Belmira,Female,2019,1.1260850777666895
5088,Bello,Female,2019,1.2989710222792237
5091,Betania,Female,2019,1.498568141099678
5093,Betulia,Female,2019,1.567921588868681
5101,Ciudad Bolívar,Female,2019,1.7133885818944543
5107,Briceño,Female,2019,1.2119443689820102
5113,Buriticá,Female,2019,1.0839405900465164
5120,Cáceres,Female,2019,1.2665586148495382
5125,Caicedo,Female,2019,1.2749666031016424
5129,Caldas,Female,2019,1.5326728471010902
5134,Campamento,Female,2019,1.1997700750615226
5138,Cañasgordas,Female,2019,1.1982802477318544
5142,Caracolí,Female,2019,1.284198788882624
5145,Caramanta,Female,2019,1.47144403551887
5147,Carepa,Female,2019,1.1784214025189013
5148,El Carmen De Viboral,Female,2019,1.0938276362820032
5150,Carolina,Female,2019,1.529185433740476
5154,Caucasia,Female,2019,1.9318517767430425
5172,Chigorodó,Female,2019,1.4080421557877438
5190,Cisneros,Female,2019,2.025094735570901
5197,Cocorná,Female,2019,1.2391010660495458
5206,Concepción,Female,2019,1.3280187301760904
5209,Concordia,Female,2019,1.48842082333672
5212,Copacabana,Female,2019,1.4380936645189681
5234,Dabeiba,Female,2019,0.9220534853380524
5237,Donmatías,Female,2019,1.2600067253224043
5240,Ebéjico,Female,2019,1.4845721604682374
5250,El Bagre,Female,2019,1.1293264266807759
5264,Entrerríos,Female,2019,1.067777089271428
5266,Envigado,Female,2019,1.8385881507655535
5282,Fredonia,Female,2019,1.4776825410612138
5284,Frontino,Female,2019,1.0670659736245987
5306,Giraldo,Female,2019,1.0677316522275928
5308,Girardota,Female,2019,1.3205561476591254
5310,Gómez Plata,Female,2019,1.4534212200572623
5313,Granada,Female,2019,0.973387289739036
5315,Guadalupe,Female,2019,1.2752331899978306
5318,Guarne,Female,2019,1.3086861420784512
5321,Guatapé,Female,2019,1.1635927419217404
5347,Heliconia,Female,2019,1.5005453536319358
5353,Hispania,Female,2019,1.3376357060982524
5360,Itagüí,Female,2019,1.4913160015013192
5361,Ituango,Female,2019,1.1965317886997469
5364,Jardín,Female,2019,1.3816319021110544
5368,Jericó,Female,2019,1.3662234153805857
5376,La Ceja,Female,2019,1.2529119019668957
5380,La Estrella,Female,2019,1.4592450250897286
5390,La Pintada,Female,2019,1.9881856399528708
5400,La Unión,Female,2019,1.2113106571298466
5411,Liborina,Female,2019,1.3002316099693407
5425,Maceo,Female,2019,1.7684731746360436
5440,Marinilla,Female,2019,1.0863599779367412
5467,Montebello,Female,2019,1.4445130732649283
5475,Murindó,Female,2019,0.8075890927776398
5480,Mutatá,Female,2019,2.9275148110891602
5483,Nariño,Female,2019,1.2760425906086432
5490,Necoclí,Female,2019,1.1382558052009977
5495,Nechí,Female,2019,1.0295648089411358
5501,Olaya,Female,2019,1.1513133321241387
5541,Peñol,Female,2019,1.1058487849804661
5543,Peque,Female,2019,1.0514971192303062
5576,Pueblorrico,Female,2019,1.4541681495073244
5579,Puerto Berrío,Female,2019,2.081466638879525
5585,Puerto Nare,Female,2019,1.199199908278383
5591,Puerto Triunfo,Female,2019,1.5927370558762022
5604,Remedios,Female,2019,1.2681673045716142
5607,Retiro,Female,2019,1.3506536988708882
5615,Rionegro,Female,2019,1.3368817268853714
5628,Sabanalarga,Female,2019,1.1598714649628703
5631,Sabaneta,Female,2019,1.7741322793530676
5642,Salgar,Female,2019,1.4499872133446683
5647,San Andrés De Cuerquía,Female,2019,1.1176924237913686
5649,San Carlos,Female,2019,1.0653339008381415
5652,San Francisco,Female,2019,1.0395845091120814
5656,San Jerónimo,Female,2019,1.2850261365709719
5658,San José De La Montaña,Female,2019,1.134499173476121
5659,San Juan De Urabá,Female,2019,1.1180052487020948
5660,San Luis,Female,2019,0.9713114657630125
5664,San Pedro De Los Milagros,Female,2019,1.52216801570905
5665,San Pedro De Urabá,Female,2019,1.2120261128467995
5667,San Rafael,Female,2019,1.2833592099176097
5670,San Roque,Female,2019,1.2307633804491687
5674,San Vicente Ferrer,Female,2019,1.1796204610421126
5679,Santa Bárbara,Female,2019,1.4002999444021118
5686,Santa Rosa De Osos,Female,2019,1.4735385096736768
5690,Santo Domingo,Female,2019,1.3618311481560148
5697,El Santuario,Female,2019,1.0423872350568117
5736,Segovia,Female,2019,1.997631644522796
5756,Sonsón,Female,2019,1.2650859445763942
5761,Sopetrán,Female,2019,1.3199405849086028
5789,Támesis,Female,2019,1.5063374119560242
5790,Tarazá,Female,2019,2.1955979346798467
5792,Tarso,Female,2019,1.4362687478251934
5809,Titiribí,Female,2019,1.527817604246697
5819,Toledo,Female,2019,1.2178704792921278
5837,Turbo,Female,2019,1.4845903886660192
5842,Uramita,Female,2019,1.1492279868041086
5847,Urrao,Female,2019,1.0805282556222018
5854,Valdivia,Female,2019,1.6668436637925932
5856,Valparaíso,Female,2019,1.2855863298251105
5858,Vegachí,Female,2019,1.739828552883313
5861,Venecia,Female,2019,2.315694743439425
5873,Vigía Del Fuerte,Female,2019,0.9500256217169387
5885,Yalí,Female,2019,1.1891850862602753
5887,Yarumal,Female,2019,1.2935336791167111
5890,Yolombó,Female,2019,1.250414614372998
5893,Yondó,Female,2019,0.9889860602579587
5895,Zaragoza,Female,2019,1.5781316020654792
8001,Barranquilla,Female,2019,1.444485798490716
8078,Baranoa,Female,2019,1.143505330804165
8137,Campo De La Cruz,Female,2019,1.4052298409347468
8141,Candelaria,Female,2019,1.1439487268161432
8296,Galapa,Female,2019,0.9240500891656135
8372,Juan De Acosta,Female,2019,1.2028861504184278
8421,Luruaco,Female,2019,1.210456610620803
8433,Malambo,Female,2019,0.9965047456930836
8436,Manatí,Female,2019,0.9974082716797105
8520,Palmar De Varela,Female,2019,1.141275682195365
8549,Piojó,Female,2019,1.2680848761189742
8558,Polonuevo,Female,2019,1.0570599013933806
8560,Ponedera,Female,2019,1.0916521126128844
8573,Puerto Colombia,Female,2019,1.0561974123399984
8606,Repelón,Female,2019,1.2236294074670993
8634,Sabanagrande,Female,2019,1.066875077092662
8638,Sabanalarga,Female,2019,1.097239170059749
8675,Santa Lucía,Female,2019,1.077327468997446
8685,Santo Tomás,Female,2019,1.1061866553902189
8758,Soledad,Female,2019,0.99380409682886794
8770,Suan,Female,2019,1.4313245515023985
8832,Tubará,Female,2019,1.1149614379255732
8849,Usiacurí,Female,2019,1.135993499666664
11001,"Bogotá, D.C.",Female,2019,1.3408177909694659
13001,Cartagena De Indias,Female,2019,1.2969064158730303
13006,Achí,Female,2019,1.1403173841416836
13030,Altos Del Rosario,Female,2019,1.022780482242651
13042,Arenal,Female,2019,1.3120505687671198
13052,Arjona,Female,2019,1.2191301630893066
13062,Arroyohondo,Female,2019,1.4357469729770207
13074,Barranco De Loba,Female,2019,1.0486449866414034
13140,Calamar,Female,2019,1.285311443982649
13160,Cantagallo,Female,2019,1.1300376725870598
13188,Cicuco,Female,2019,1.0896565045422937
13212,Córdoba,Female,2019,1.220826112414295
13222,Clemencia,Female,2019,1.1789806150878652
13244,El Carmen De Bolívar,Female,2019,1.2132444010583114
13248,El Guamo,Female,2019,1.378574509626819
13268,El Peñón,Female,2019,1.1071428581154437
13300,Hatillo De Loba,Female,2019,1.0653308701450355
13430,Magangué,Female,2019,1.1845579380477085
13433,Mahates,Female,2019,1.2158591635588336
13440,Margarita,Female,2019,1.1960221350639333
13442,María La Baja,Female,2019,1.1997416077393117
13458,Montecristo,Female,2019,1.0780474886460307
13468,Mompós,Female,2019,1.0736787417835603
13473,Morales,Female,2019,1.0452108466028915
13490,Norosí,Female,2019,0.6337379237607865
13549,Pinillos,Female,2019,1.0876001213369093
13580,Regidor,Female,2019,0.9319149788763204
13600,Río Viejo,Female,2019,1.1640057679632236
13620,San Cristóbal,Female,2019,1.2154863547568837
13647,San Estanislao,Female,2019,1.2261612944673255
13650,San Fernando,Female,2019,1.0876729243207124
13654,San Jacinto,Female,2019,1.3329029660450016
13655,San Jacinto Del Cauca,Female,2019,1.154192731266987
13657,San Juan Nepomuceno,Female,2019,1.3748879642016723
13667,San Martín De Loba,Female,2019,1.0011421337641615
13670,San Pablo,Female,2019,1.1112137916726563
13673,Santa Catalina,Female,2019,1.234221274553297
13683,Santa Rosa,Female,2019,1.2809077103297586
13688,Santa Rosa Del Sur,Female,2019,1.0532862177383155
13744,Simití,Female,2019,1.1873874378056581
13760,Soplaviento,Female,2019,1.2253190279407873
13780,Talaigua Nuevo,Female,2019,1.0008227920799317
13810,Tiquisio,Female,2019,0.9801345422710578
13836,Turbaco,Female,2019,1.1474193161615953
13838,Turbaná,Female,2019,1.2210488844953944
13873,Villanueva,Female,2019,1.123116232037441
13894,Zambrano,Female,2019,1.202387461588
15001,Tunja,Female,2019,1.2799584011269005
15022,Almeida,Female,2019,1.4831072637616989
15047,Aquitania,Female,2019,1.1056748345829324
15051,Arcabuco,Female,2019,1.0192929088566696
15087,Belén,Female,2019,1.1320281714458724
15090,Berbeo,Female,2019,1.3838833373894082
15092,Betéitiva,Female,2019,1.359488078912904
15097,Boavita,Female,2019,1.373000741055785
15104,Boyacá,Female,2019,1.439408415970952
15106,Briceño,Female,2019,1.2788645564228958
15109,Buenavista,Female,2019,1.37842584789038
15114,Busbanzá,Female,2019,1.0699772723935428
15131,Caldas,Female,2019,1.4004253017486012
15135,Campohermoso,Female,2019,1.144429983378264
15162,Cerinza,Female,2019,1.3675019741533687
15172,Chinavita,Female,2019,1.488202847864011
15176,Chiquinquirá,Female,2019,1.312878281208703
15180,Chiscas,Female,2019,1.5939231455853058
15183,Chita,Female,2019,1.1657346868325464
15185,Chitaraque,Female,2019,1.5973828242245391
15187,Chivatá,Female,2019,0.947258509593077
15189,Ciénega,Female,2019,1.1316336005250656
15204,Cómbita,Female,2019,1.2500186530696191
15212,Coper,Female,2019,1.1900733318103598
15215,Corrales,Female,2019,1.2639513241812994
15218,Covarachía,Female,2019,1.3745332476836494
15223,Cubará,Female,2019,0.8600526484996367
15224,Cucaita,Female,2019,1.6145634271517832
15226,Cuítiva,Female,2019,1.0566201098676848
15232,Chíquiza,Female,2019,1.2269820568677499
15236,Chivor,Female,2019,1.2240465242145053
15238,Duitama,Female,2019,1.259329257438407
15244,El Cocuy,Female,2019,1.2893067305953487
15248,El Espino,Female,2019,1.3019559548192103
15272,Firavitoba,Female,2019,1.1157804978553703
15276,Floresta,Female,2019,1.5258820418179802
15293,Gachantivá,Female,2019,1.2222342541638866
15296,Gámeza,Female,2019,1.1552464877918085
15299,Garagoa,Female,2019,1.221197959231001
15317,Guacamayas,Female,2019,1.086379623901716
15322,Guateque,Female,2019,1.3811380231022203
15325,Guayatá,Female,2019,1.4347488974802223
15332,Güicán De La Sierra,Female,2019,1.022561493872306
15362,Iza,Female,2019,1.2090146132784223
15367,Jenesano,Female,2019,1.1320390043091355
15368,Jericó,Female,2019,1.4001192410928212
15377,Labranzagrande,Female,2019,1.5525982460635148
15380,La Capilla,Female,2019,1.1814024755283117
15401,La Victoria,Female,2019,1.4425912753253076
15403,La Uvita,Female,2019,1.3174441791255214
15407,Villa De Leyva,Female,2019,1.1440670417133196
15425,Macanal,Female,2019,1.1168969445087538
15442,Maripí,Female,2019,1.4643607797799465
15455,Miraflores,Female,2019,1.227896031831698
15464,Mongua,Female,2019,1.2852981647958635
15466,Monguí,Female,2019,1.0824107829941965
15469,Moniquirá,Female,2019,1.2887412288703715
15476,Motavita,Female,2019,1.172494834260053
15480,Muzo,Female,2019,1.241581501768425
15491,Nobsa,Female,2019,1.0604014649467781
15494,Nuevo Colón,Female,2019,1.4141381817835088
15500,Oicatá,Female,2019,1.0480966152775406
15507,Otanche,Female,2019,1.2251040689826629
15511,Pachavita,Female,2019,1.343282199415935
15514,Páez,Female,2019,1.1515068702395876
15516,Paipa,Female,2019,1.1587264106263675
15518,Pajarito,Female,2019,1.0455486381589236
15522,Panqueba,Female,2019,1.2721672284595773
15531,Pauna,Female,2019,1.4548309037421412
15533,Paya,Female,2019,1.1279275442462249
15537,Paz De Río,Female,2019,1.1092208919977864
15542,Pesca,Female,2019,1.0309340158763063
15550,Pisba,Female,2019,1.1021982897634202
15572,Puerto Boyacá,Female,2019,1.5186108375932466
15580,Quípama,Female,2019,1.6753896611870795
15599,Ramiriquí,Female,2019,1.146307771654734
15600,Ráquira,Female,2019,1.0780704773551888
15621,Rondón,Female,2019,1.2728885259233962
15632,Saboyá,Female,2019,1.1594433739467978
15638,Sáchica,Female,2019,0.9714167614670923
15646,Samacá,Female,2019,1.1090268533830712
15660,San Eduardo,Female,2019,1.2966929286731224
15664,San José De Pare,Female,2019,1.5015072159057836
15667,San Luis De Gaceno,Female,2019,1.186201487682408
15673,San Mateo,Female,2019,1.2276530772531828
15676,San Miguel De Sema,Female,2019,1.2769777427875013
15681,San Pablo De Borbur,Female,2019,1.245170876268869
15686,Santana,Female,2019,1.8094115304413345
15690,Santa María,Female,2019,1.1326306680595288
15693,Santa Rosa De Viterbo,Female,2019,1.202422197804887
15696,Santa Sofía,Female,2019,1.070550128626985
15720,Sativanorte,Female,2019,2.217632560806464
15723,Sativasur,Female,2019,1.2482773247382497
15740,Siachoque,Female,2019,1.064399594291603
15753,Soatá,Female,2019,1.1787102498211364
15755,Socotá,Female,2019,1.0634963337142112
15757,Socha,Female,2019,1.1567138561122512
15759,Sogamoso,Female,2019,1.268952619845412
15761,Somondoco,Female,2019,1.7734270160138492
15762,Sora,Female,2019,1.2425571892232123
15763,Sotaquirá,Female,2019,1.049921928532837
15764,Soracá,Female,2019,1.047877768542496
15774,Susacón,Female,2019,1.1800848852812327
15776,Sutamarchán,Female,2019,1.1858158028264247
15778,Sutatenza,Female,2019,1.5805640897318312
15790,Tasco,Female,2019,1.0391513303050752
15798,Tenza,Female,2019,1.583513326220064
15804,Tibaná,Female,2019,1.2545882485270552
15806,Tibasosa,Female,2019,1.0570373218037563
15808,Tinjacá,Female,2019,1.1973595645170176
15810,Tipacoque,Female,2019,1.3213561144528199
15814,Toca,Female,2019,1.0287334747241959
15816,Togüí,Female,2019,1.1797594314470123
15820,Tópaga,Female,2019,0.9989084747228724
15822,Tota,Female,2019,1.1640796272471927
15832,Tununguá,Female,2019,1.0244617143378176
15835,Turmequé,Female,2019,1.4393365694357696
15837,Tuta,Female,2019,1.0407242221964708
15839,Tutazá,Female,2019,1.360917907566407
15842,Úmbita,Female,2019,1.207902682533353
15861,Ventaquemada,Female,2019,1.0537030812902057
15879,Viracachá,Female,2019,1.2986691637256138
15897,Zetaquira,Female,2019,1.3945285596248191
17001,Manizales,Female,2019,1.5105702968916301
17013,Aguadas,Female,2019,1.295346384797799
17042,Anserma,Female,2019,1.4237512629405578
17050,Aranzazu,Female,2019,1.6694637564744237
17088,Belalcázar,Female,2019,1.1982642500732086
17174,Chinchiná,Female,2019,1.6656935714941725
17272,Filadelfia,Female,2019,1.411548946666008
17380,La Dorada,Female,2019,1.3245592482642918
17388,La Merced,Female,2019,1.4472959038204878
17433,Manzanares,Female,2019,1.3716493099721887
17442,Marmato,Female,2019,1.1560489661108198
17444,Marquetalia,Female,2019,1.2531771925095578
17446,Marulanda,Female,2019,1.1527487973590294
17486,Neira,Female,2019,1.4374454061844515
17495,Norcasia,Female,2019,1.1751550754013165
17513,Pácora,Female,2019,1.5166478754832475
17524,Palestina,Female,2019,1.28552060726227
17541,Pensilvania,Female,2019,1.196361423206502
17614,Riosucio,Female,2019,1.2572171694205672
17616,Risaralda,Female,2019,1.4541629424491278
17653,Salamina,Female,2019,1.430418002397644
17662,Samaná,Female,2019,1.2086980494601416
17665,San José,Female,2019,1.2597718588437476
17777,Supía,Female,2019,1.309873999865377
17867,Victoria,Female,2019,1.1901005118065695
17873,Villamaría,Female,2019,1.3590462240201835
17877,Viterbo,Female,2019,1.4366675402799047
18001,Florencia,Female,2019,1.4496887773603775
18029,Albania,Female,2019,1.4154044264588321
18094,Belén De Los Andaquíes,Female,2019,1.0414515010802483
18150,Cartagena Del Chairá,Female,2019,1.0102834415483442
18205,Curillo,Female,2019,1.0703259971794943
18247,El Doncello,Female,2019,1.0841788146313924
18256,El Paujíl,Female,2019,0.9463929560333447
18410,La Montañita,Female,2019,0.957313288011951
18460,Milán,Female,2019,0.8446866286177628
18479,Morelia,Female,2019,1.0141462730321775
18592,Puerto Rico,Female,2019,1.0285828667004833
18610,San José Del Fragua,Female,2019,1.1200660716265043
18753,San Vicente Del Caguán,Female,2019,1.1148450712903188
18756,Solano,Female,2019,0.9454689610404545
18785,Solita,Female,2019,1.078372545780346
18860,Valparaíso,Female,2019,1.0036493493475325
19001,Popayán,Female,2019,1.3730103696317488
19022,Almaguer,Female,2019,1.8084763807370416
19050,Argelia,Female,2019,1.4876564980733353
19075,Balboa,Female,2019,1.428466721240265
19100,Bolívar,Female,2019,1.7060746271750484
19110,Buenos Aires,Female,2019,1.1292826160906888
19130,Cajibío,Female,2019,1.367589550558899
19137,Caldono,Female,2019,1.0236029638631143
19142,Caloto,Female,2019,1.2856533753184
19212,Corinto,Female,2019,1.8512336318855094
19256,El Tambo,Female,2019,1.3882284801770852
19290,Florencia,Female,2019,1.5385827425812626
19300,Guachené,Female,2019,0.8503450189582593
19318,Guapi,Female,2019,1.0920817641251135
19355,Inzá,Female,2019,1.1084013205136465
19364,Jambaló,Female,2019,0.9899534121288311
19392,La Sierra,Female,2019,1.6647939704096886
19397,La Vega,Female,2019,1.6510208769110126
19418,López De Micay,Female,2019,1.0570187168713399
19450,Mercaderes,Female,2019,1.5814503131286073
19455,Miranda,Female,2019,1.266049692100607
19473,Morales,Female,2019,1.1280249713135704
19513,Padilla,Female,2019,1.4857267136248327
19517,Páez,Female,2019,0.9291202495368202
19532,Patía,Female,2019,1.4637013521034985
19533,Piamonte,Female,2019,0.9139192729840951
19548,Piendamó - Tunía,Female,2019,1.211754856966894
19573,Puerto Tejada,Female,2019,2.2303173336763233
19585,Puracé,Female,2019,1.1901108566277148
19622,Rosas,Female,2019,1.6248310244783688
19693,San Sebastián,Female,2019,1.6689242805566156
19698,Santander De Quilichao,Female,2019,1.395597129063394
19701,Santa Rosa,Female,2019,1.4460030138986597
19743,Silvia,Female,2019,1.1323647631188758
19760,Sotará - Paispamba,Female,2019,1.3130529382207652
19780,Suárez,Female,2019,1.1367108784382567
19785,Sucre,Female,2019,2.1192183158668945
19807,Timbío,Female,2019,1.4097080152073809
19809,Timbiquí,Female,2019,0.9888121868917977
19821,Toribío,Female,2019,1.1000798080547827
19824,Totoró,Female,2019,1.1495670632895567
19845,Villa Rica,Female,2019,1.3951841967556513
20001,Valledupar,Female,2019,1.1887476711916958
20011,Aguachica,Female,2019,1.1488737049606397
20013,Agustín Codazzi,Female,2019,1.063869870468077
20032,Astrea,Female,2019,0.9960218553732959
20045,Becerril,Female,2019,0.893143830446475
20060,Bosconia,Female,2019,1.0907622992795547
20175,Chimichagua,Female,2019,0.9386308219193945
20178,Chiriguaná,Female,2019,1.1204645514674338
20228,Curumaní,Female,2019,1.041490919209118
20238,El Copey,Female,2019,1.0382968178455885
20250,El Paso,Female,2019,0.9143547137493748
20295,Gamarra,Female,2019,1.2328128231120226
20310,González,Female,2019,1.3304076713793993
20383,La Gloria,Female,2019,1.0903828189474882
20400,La Jagua De Ibirico,Female,2019,0.8705392680113856
20443,Manaure Balcón Del Cesar,Female,2019,1.0345571861561311
20517,Pailitas,Female,2019,1.210767009024405
20550,Pelaya,Female,2019,1.170183789329283
20570,Pueblo Bello,Female,2019,0.865511637610264
20614,Río De Oro,Female,2019,1.3558354817055387
20621,La Paz,Female,2019,0.9912446010631469
20710,San Alberto,Female,2019,1.1759130659404669
20750,San Diego,Female,2019,1.0288790580045437
20770,San Martín,Female,2019,1.073205699914659
20787,Tamalameque,Female,2019,0.9974261102662016
23001,Montería,Female,2019,1.192207916301346
23068,Ayapel,Female,2019,1.1352293079996751
23079,Buenavista,Female,2019,1.2043420701520609
23090,Canalete,Female,2019,1.3135476289626153
23162,Cereté,Female,2019,1.294737420718284
23168,Chimá,Female,2019,1.5073475414745707
23182,Chinú,Female,2019,1.395956390129573
23189,Ciénaga De Oro,Female,2019,1.394611995910851
23300,Cotorra,Female,2019,1.3357280983924766
23350,La Apartada,Female,2019,1.1998517913376572
23417,Lorica,Female,2019,1.2654787905747136
23419,Los Córdobas,Female,2019,1.2633966294520687
23464,Momil,Female,2019,1.2145659088852645
23466,Montelíbano,Female,2019,1.0713459077539518
23500,Moñitos,Female,2019,1.2983851412722434
23555,Planeta Rica,Female,2019,1.2338007408895075
23570,Pueblo Nuevo,Female,2019,1.2395276459928262
23574,Puerto Escondido,Female,2019,1.3311048591725343
23580,Puerto Libertador,Female,2019,1.0460917846497073
23586,Purísima De La Concepción,Female,2019,1.3159504529060377
23660,Sahagún,Female,2019,1.2861442685659827
23670,San Andrés De Sotavento,Female,2019,1.291765344443356
23672,San Antero,Female,2019,1.193795919984813
23675,San Bernardo Del Viento,Female,2019,1.2785235765804461
23678,San Carlos,Female,2019,1.3501092903526346
23682,San José De Uré,Female,2019,0.5607932701785393
23686,San Pelayo,Female,2019,1.422600310119939
23807,Tierralta,Female,2019,1.0981629021077115
23815,Tuchín,Female,2019,0.6724033673808809
23855,Valencia,Female,2019,1.2492555996232078
25001,Agua De Dios,Female,2019,1.5571875050192447
25019,Albán,Female,2019,1.111386960126685
25035,Anapoima,Female,2019,1.2539770829570358
25040,Anolaima,Female,2019,1.2188111962749197
25053,Arbeláez,Female,2019,1.1051552847594646
25086,Beltrán,Female,2019,1.2420037711309144
25095,Bituima,Female,2019,1.0477839982195531
25099,Bojacá,Female,2019,1.106499775853239
25120,Cabrera,Female,2019,0.9888436999751564
25123,Cachipay,Female,2019,1.208280646568268
25126,Cajicá,Female,2019,1.143258707130758
25148,Caparrapí,Female,2019,1.3861747413294225
25151,Cáqueza,Female,2019,1.2452548008502968
25154,Carmen De Carupa,Female,2019,1.1810973034034025
25168,Chaguaní,Female,2019,1.5275452121541422
25175,Chía,Female,2019,1.4532170715246964
25178,Chipaque,Female,2019,1.2009958317567722
25181,Choachí,Female,2019,1.2624923724955983
25183,Chocontá,Female,2019,1.452379955749678
25200,Cogua,Female,2019,1.100562783426076
25214,Cota,Female,2019,1.1027534759603177
25224,Cucunubá,Female,2019,1.0164692536869158
25245,El Colegio,Female,2019,1.2956974195598185
25258,El Peñón,Female,2019,1.3008992159695223
25260,El Rosal,Female,2019,0.9966469724279959
25269,Facatativá,Female,2019,1.3940230369414204
25279,Fómeque,Female,2019,1.102429235137864
25281,Fosca,Female,2019,1.2560604454358686
25286,Funza,Female,2019,1.211095347736772
25288,Fúquene,Female,2019,1.0390724485543883
25290,Fusagasugá,Female,2019,1.4377562583388774
25293,Gachalá,Female,2019,1.455017611233814
25295,Gachancipá,Female,2019,1.0344330695533694
25297,Gachetá,Female,2019,1.6468431580414722
25299,Gama,Female,2019,1.3631593428525441
25307,Girardot,Female,2019,2.136183798629599
25312,Granada,Female,2019,1.0651210972115475
25317,Guachetá,Female,2019,0.9925777067980815
25320,Guaduas,Female,2019,1.3918543975651694
25322,Guasca,Female,2019,1.051035209514871
25324,Guataquí,Female,2019,1.3109669777482154
25326,Guatavita,Female,2019,1.236291428212991
25328,Guayabal De Síquima,Female,2019,1.1617306870321065
25335,Guayabetal,Female,2019,0.9728858739113945
25339,Gutiérrez,Female,2019,1.0717356930109774
25368,Jerusalén,Female,2019,1.2219784411066044
25372,Junín,Female,2019,1.8492468432504046
25377,La Calera,Female,2019,1.344999455533436
25386,La Mesa,Female,2019,1.475303269967893
25394,La Palma,Female,2019,1.429987835244386
25398,La Peña,Female,2019,1.489400159410151
25402,La Vega,Female,2019,1.1874615479052026
25407,Lenguazaque,Female,2019,0.9910567251444236
25426,Machetá,Female,2019,1.5291435347464315
25430,Madrid,Female,2019,1.0642691889555234
25436,Manta,Female,2019,1.5262663632684366
25438,Medina,Female,2019,1.2094042279969617
25473,Mosquera,Female,2019,1.1170593963603679
25483,Nariño,Female,2019,1.5028026925175992
25486,Nemocón,Female,2019,1.12840033604748
25488,Nilo,Female,2019,1.0511249403678204
25489,Nimaima,Female,2019,1.2638532465801668
25491,Nocaima,Female,2019,1.1560455689499969
25506,Venecia,Female,2019,1.2660456301982095
25513,Pacho,Female,2019,1.4980445078262032
25518,Paime,Female,2019,1.381899707222896
25524,Pandi,Female,2019,1.1624338272266068
25530,Paratebueno,Female,2019,0.990302291844129
25535,Pasca,Female,2019,1.1523016736366671
25572,Puerto Salgar,Female,2019,1.3854221668856739
25580,Pulí,Female,2019,1.2030501360505004
25592,Quebradanegra,Female,2019,1.2693801402044473
25594,Quetame,Female,2019,1.044106822581286
25596,Quipile,Female,2019,1.2543294260037068
25599,Apulo,Female,2019,1.154340396806596
25612,Ricaurte,Female,2019,1.064134608868374
25645,San Antonio Del Tequendama,Female,2019,1.1304341027419493
25649,San Bernardo,Female,2019,1.1480031511173576
25653,San Cayetano,Female,2019,1.160205606452889
25658,San Francisco,Female,2019,1.0987528214623714
25662,San Juan De Rioseco,Female,2019,1.407134046786193
25718,Sasaima,Female,2019,1.2392784942761423
25736,Sesquilé,Female,2019,1.166222246017124
25740,Sibaté,Female,2019,1.7624466659414948
25743,Silvania,Female,2019,1.2134297542409767
25745,Simijaca,Female,2019,1.1752332909546546
25754,Soacha,Female,2019,1.1065803519006276
25758,Sopó,Female,2019,1.4305571153544714
25769,Subachoque,Female,2019,1.0699152562273655
25772,Suesca,Female,2019,1.08628813956053
25777,Supatá,Female,2019,1.1650851958854422
25779,Susa,Female,2019,1.053239539717775
25781,Sutatausa,Female,2019,1.031570434252493
25785,Tabio,Female,2019,1.2097761927373358
25793,Tausa,Female,2019,0.9101693675317499
25797,Tena,Female,2019,1.0502026051857287
25799,Tenjo,Female,2019,1.2768687157322163
25805,Tibacuy,Female,2019,1.0775640065140664
25807,Tibirita,Female,2019,1.8854845001961054
25815,Tocaima,Female,2019,1.3460060063263677
25817,Tocancipá,Female,2019,1.0621424406318483
25823,Topaipí,Female,2019,1.3333162699460184
25839,Ubalá,Female,2019,1.3111784553746642
25841,Ubaque,Female,2019,1.2810380909696688
25843,Villa De San Diego De Ubaté,Female,2019,1.4735112873178091
25845,Une,Female,2019,1.1641382227530408
25851,Útica,Female,2019,1.3814568102252733
25862,Vergara,Female,2019,1.5109866493591864
25867,Vianí,Female,2019,1.148921477548884
25871,Villagómez,Female,2019,1.1751829062450028
25873,Villapinzón,Female,2019,1.0975639085897853
25875,Villeta,Female,2019,1.4603804005114616
25878,Viotá,Female,2019,1.252823823504606
25885,Yacopí,Female,2019,1.5321873445691108
25898,Zipacón,Female,2019,1.206745996777005
25899,Zipaquirá,Female,2019,1.293669445894204
27001,Quibdó,Female,2019,1.5251226983054655
27006,Acandí,Female,2019,1.1464635134248082
27025,Alto Baudó,Female,2019,1.1764447243686744
27050,Atrato,Female,2019,1.26383521590528
27073,Bagadó,Female,2019,0.9321065070980465
27075,Bahía Solano,Female,2019,1.0312248933724175
27077,Bajo Baudó,Female,2019,1.0339209713075683
27099,Bojayá,Female,2019,0.8598075385021738
27135,El Cantón Del San Pablo,Female,2019,1.122314203963315
27150,Carmen Del Darién,Female,2019,1.0496538706342255
27160,Cértegui,Female,2019,1.2945345816026044
27205,Condoto,Female,2019,1.206817564261781
27245,El Carmen De Atrato,Female,2019,1.2230192056289328
27250,El Litoral Del San Juan,Female,2019,0.9695848405487126
27361,Istmina,Female,2019,1.287059751683153
27372,Juradó,Female,2019,0.9293629780613816
27413,Lloró,Female,2019,0.729559335063429
27425,Medio Atrato,Female,2019,1.3638279607989843
27430,Medio Baudó,Female,2019,1.1411936025897012
27450,Medio San Juan,Female,2019,1.1913837698648662
27491,Nóvita,Female,2019,1.1692182752294724
27495,Nuquí,Female,2019,1.0004524152734584
27580,Río Iró,Female,2019,1.08665300868655
27600,Río Quito,Female,2019,1.2291059272207767
27615,Riosucio,Female,2019,1.4762503402599956
27660,San José Del Palmar,Female,2019,1.6865506604100686
27745,Sipí,Female,2019,0.9947519450254262
27787,Tadó,Female,2019,1.2444279638495814
27800,Unguía,Female,2019,1.0801269742863566
27810,Unión Panamericana,Female,2019,1.382919772497734
41001,Neiva,Female,2019,1.3791883068340738
41006,Acevedo,Female,2019,1.3863136782238923
41013,Agrado,Female,2019,1.1696089633289726
41016,Aipe,Female,2019,1.109017871266735
41020,Algeciras,Female,2019,1.166752706046909
41026,Altamira,Female,2019,1.0526724376134848
41078,Baraya,Female,2019,1.2423697343163778
41132,Campoalegre,Female,2019,1.2717638510873035
41206,Colombia,Female,2019,1.1848791918647505
41244,Elías,Female,2019,0.9661707599061817
41298,Garzón,Female,2019,1.1804900056488783
41306,Gigante,Female,2019,1.1602137796366623
41319,Guadalupe,Female,2019,1.0695230240817437
41349,Hobo,Female,2019,1.0089203814918408
41357,Íquira,Female,2019,1.107167462379037
41359,Isnos,Female,2019,1.1143604497859882
41378,La Argentina,Female,2019,1.1939307210238015
41396,La Plata,Female,2019,1.0648101923516706
41483,Nátaga,Female,2019,0.917698969694568
41503,Oporapa,Female,2019,1.0926689576344462
41518,Paicol,Female,2019,1.0063749721325257
41524,Palermo,Female,2019,1.0346121823115975
41530,Palestina,Female,2019,1.1739563122557555
41548,Pital,Female,2019,1.0038891078359822
41551,Pitalito,Female,2019,1.320309633004821
41615,Rivera,Female,2019,1.0302505579227073
41660,Saladoblanco,Female,2019,1.2416651244674408
41668,San Agustín,Female,2019,1.0994571289270383
41676,Santa María,Female,2019,1.0616871319043018
41770,Suaza,Female,2019,0.9453411779593728
41791,Tarqui,Female,2019,1.1526144797647153
41797,Tesalia,Female,2019,1.0583088991244067
41799,Tello,Female,2019,1.050881649917892
41801,Teruel,Female,2019,1.0895960466250474
41807,Timaná,Female,2019,1.1415357191460909
41872,Villavieja,Female,2019,1.2485005065989574
41885,Yaguará,Female,2019,1.0547024689549127
44001,Riohacha,Female,2019,1.3495649058882409
44035,Albania,Female,2019,0.9211396654581719
44078,Barrancas,Female,2019,1.0211693245566806
44090,Dibulla,Female,2019,1.0211845120271004
44098,Distracción,Female,2019,0.987181108891347
44110,El Molino,Female,2019,1.1254417447601068
44279,Fonseca,Female,2019,0.9342290204628567
44378,Hatonuevo,Female,2019,0.9267526281086496
44420,La Jagua Del Pilar,Female,2019,0.8749174037314673
44430,Maicao,Female,2019,1.3737840071373464
44560,Manaure,Female,2019,1.009928949795984
44650,San Juan Del Cesar,Female,2019,1.088200042074276
44847,Uribia,Female,2019,1.417036257991056
44855,Urumita,Female,2019,0.9771344081530388
44874,Villanueva,Female,2019,0.9268026547956676
47001,Santa Marta,Female,2019,1.33834325795652
47030,Algarrobo,Female,2019,0.9418015507623642
47053,Aracataca,Female,2019,0.9860237537582296
47058,Ariguaní,Female,2019,1.0981914811061122
47161,Cerro De San Antonio,Female,2019,1.2245650060351874
47170,Chivolo,Female,2019,1.030962167736869
47189,Ciénaga,Female,2019,1.156248579543511
47205,Concordia,Female,2019,1.4218598540985112
47245,El Banco,Female,2019,1.0704569948903577
47258,El Piñón,Female,2019,1.1150070158051484
47268,El Retén,Female,2019,1.1034278523749472
47288,Fundación,Female,2019,1.1054676244296489
47318,Guamal,Female,2019,1.0933692504526384
47460,Nueva Granada,Female,2019,1.124738582632645
47541,Pedraza,Female,2019,1.135704575162706
47545,Pijiño Del Carmen,Female,2019,0.9669938225751016
47551,Pivijay,Female,2019,1.2348955821658265
47555,Plato,Female,2019,1.0504421411541107
47570,Puebloviejo,Female,2019,1.0816094738985966
47605,Remolino,Female,2019,1.204060455258948
47660,Sabanas De San Ángel,Female,2019,1.0607909124779626
47675,Salamina,Female,2019,1.2183681638550297
47692,San Sebastián De Buenavista,Female,2019,1.1448907277489169
47703,San Zenón,Female,2019,0.9170637846719343
47707,Santa Ana,Female,2019,0.9583597693112927
47720,Santa Bárbara De Pinto,Female,2019,1.1497281164570201
47745,Sitionuevo,Female,2019,1.2596840765859625
47798,Tenerife,Female,2019,1.0616911814057046
47960,Zapayán,Female,2019,1.2847390452168457
47980,Zona Bananera,Female,2019,1.0066165161487375
50001,Villavicencio,Female,2019,1.2541178729793436
50006,Acacías,Female,2019,1.0061434509317446
50110,Barranca De Upía,Female,2019,1.0423902725333283
50124,Cabuyaro,Female,2019,0.8586496778429558
50150,Castilla La Nueva,Female,2019,0.902017881284663
50223,Cubarral,Female,2019,0.9918490169916486
50226,Cumaral,Female,2019,0.9692092218436488
50245,El Calvario,Female,2019,0.8772677369658297
50251,El Castillo,Female,2019,1.0137744495297256
50270,El Dorado,Female,2019,1.3802632710673362
50287,Fuente De Oro,Female,2019,1.1858809257956016
50313,Granada,Female,2019,1.4681414777544881
50318,Guamal,Female,2019,1.029088947190644
50325,Mapiripán,Female,2019,0.7885861332983389
50330,Mesetas,Female,2019,1.1080367066443875
50350,La Macarena,Female,2019,1.0700025097105479
50370,Uribe,Female,2019,1.0978927223509198
50400,Lejanías,Female,2019,1.0777589459635912
50450,Puerto Concordia,Female,2019,1.077942043414285
50568,Puerto Gaitán,Female,2019,0.8460956070493331
50573,Puerto López,Female,2019,1.1464138595828957
50577,Puerto Lleras,Female,2019,1.008642554183969
50590,Puerto Rico,Female,2019,1.1029578778919293
50606,Restrepo,Female,2019,0.993173148477921
50680,San Carlos De Guaroa,Female,2019,0.8457330602162966
50683,San Juan De Arama,Female,2019,1.130766841837137
50686,San Juanito,Female,2019,1.0250497915163024
50689,San Martín,Female,2019,0.9646738178814512
50711,Vistahermosa,Female,2019,1.131851196454614
52001,Pasto,Female,2019,1.4376623994356301
52019,Albán,Female,2019,1.8106547840816207
52022,Aldana,Female,2019,1.499676951024258
52036,Ancuya,Female,2019,1.571694735163745
52051,Arboleda,Female,2019,1.6747220495276616
52079,Barbacoas,Female,2019,1.0589550718437706
52083,Belén,Female,2019,1.762877982713041
52110,Buesaco,Female,2019,1.518951039528148
52203,Colón,Female,2019,1.6896283510143526
52207,Consacá,Female,2019,1.757774791051113
52210,Contadero,Female,2019,1.579605956112862
52215,Córdoba,Female,2019,1.3933735037616926
52224,Cuaspud Carlosama,Female,2019,1.6129813677329976
52227,Cumbal,Female,2019,1.2595306240269182
52233,Cumbitara,Female,2019,1.4542320478988902
52240,Chachagüí,Female,2019,1.420981726421068
52250,El Charco,Female,2019,1.0648534184664216
52254,El Peñol,Female,2019,1.9204548603001108
52256,El Rosario,Female,2019,1.7732841552792729
52258,El Tablón De Gómez,Female,2019,1.843194554325815
52260,El Tambo,Female,2019,1.5697426653553885
52287,Funes,Female,2019,1.5625798001390212
52317,Guachucal,Female,2019,1.7272227625081003
52320,Guaitarilla,Female,2019,1.583021760386381
52323,Gualmatán,Female,2019,1.7566839228690854
52352,Iles,Female,2019,1.520405598176877
52354,Imués,Female,2019,1.893610292366078
52356,Ipiales,Female,2019,1.2679619678838274
52378,La Cruz,Female,2019,1.570304475527573
52381,La Florida,Female,2019,2.360154449105376
52385,La Llanada,Female,2019,1.23877935970829
52390,La Tola,Female,2019,1.0704436555621906
52399,La Unión,Female,2019,1.8665149849398714
52405,Leiva,Female,2019,1.4329934866593055
52411,Linares,Female,2019,1.7179172441658614
52418,Los Andes,Female,2019,1.5248664817571138
52427,Magüí,Female,2019,1.0221592182277572
52435,Mallama,Female,2019,1.43488075452769
52473,Mosquera,Female,2019,1.4540710553311367
52480,Nariño,Female,2019,1.8108184372540885
52490,Olaya Herrera,Female,2019,1.1166565794768586
52506,Ospina,Female,2019,1.499895235876738
52520,Francisco Pizarro,Female,2019,1.2416353042509447
52540,Policarpa,Female,2019,1.6350299455278514
52560,Potosí,Female,2019,1.275329434011763
52565,Providencia,Female,2019,2.1036365490564806
52573,Puerres,Female,2019,1.4176047460646815
52585,Pupiales,Female,2019,1.6007618974406348
52612,Ricaurte,Female,2019,1.2075004940944127
52621,Roberto Payán,Female,2019,1.158773450735689
52678,Samaniego,Female,2019,1.9899241283541218
52683,Sandoná,Female,2019,1.6638558343730363
52685,San Bernardo,Female,2019,1.9511683311887127
52687,San Lorenzo,Female,2019,1.8189040901271616
52693,San Pablo,Female,2019,1.7471539745781821
52694,San Pedro De Cartago,Female,2019,1.7405427129241478
52696,Santa Bárbara,Female,2019,1.1500055688224942
52699,Santacruz,Female,2019,1.8082416710624598
52720,Sapuyes,Female,2019,1.870328676894238
52786,Taminango,Female,2019,1.7886524800363197
52788,Tangua,Female,2019,1.9076354556986714
52835,San Andrés De Tumaco,Female,2019,1.2217114391112998
52838,Túquerres,Female,2019,1.5255086607530426
52885,Yacuanquer,Female,2019,1.7770454094212738
54001,San José De Cúcuta,Female,2019,1.4315863087990135
54003,Ábrego,Female,2019,1.230814803541695
54051,Arboledas,Female,2019,1.1710233291542227
54099,Bochalema,Female,2019,1.176487791805145
54109,Bucarasica,Female,2019,1.0525456985181778
54125,Cácota,Female,2019,1.425771488374614
54128,Cáchira,Female,2019,1.138731681167445
54172,Chinácota,Female,2019,1.1725030974196573
54174,Chitagá,Female,2019,1.302482820425821
54206,Convención,Female,2019,1.1261367564755964
54223,Cucutilla,Female,2019,1.5093133321372736
54239,Durania,Female,2019,1.277387280346863
54245,El Carmen,Female,2019,1.1327789135178323
54250,El Tarra,Female,2019,1.0162361808529863
54261,El Zulia,Female,2019,1.1480344375562803
54313,Gramalote,Female,2019,1.324164740163331
54344,Hacarí,Female,2019,0.9832066821409241
54347,Herrán,Female,2019,1.5416027745996344
54377,Labateca,Female,2019,1.0707052235556762
54385,La Esperanza,Female,2019,1.0221723897603971
54398,La Playa,Female,2019,1.5016997152427647
54405,Los Patios,Female,2019,1.1987628607661978
54418,Lourdes,Female,2019,1.0534934152487168
54480,Mutiscua,Female,2019,1.2469562741198332
54498,Ocaña,Female,2019,1.4041283286976092
54518,Pamplona,Female,2019,1.2193666042610318
54520,Pamplonita,Female,2019,1.168626511965676
54553,Puerto Santander,Female,2019,2.5086765155487116
54599,Ragonvalia,Female,2019,1.3018990963521153
54660,Salazar,Female,2019,1.1467674557310044
54670,San Calixto,Female,2019,1.0527603279297637
54673,San Cayetano,Female,2019,1.1316671397430444
54680,Santiago,Female,2019,1.3240201238376337
54720,Sardinata,Female,2019,1.0152470138809824
54743,Silos,Female,2019,1.1663484449975503
54800,Teorama,Female,2019,1.0666477807641277
54810,Tibú,Female,2019,1.543056488513674
54820,Toledo,Female,2019,1.1988988311296533
54871,Villa Caro,Female,2019,1.1799453147352845
54874,Villa Del Rosario,Female,2019,1.1783309383814782
63001,Armenia,Female,2019,1.5612905846029759
63111,Buenavista,Female,2019,1.1751708325859418
63130,Calarcá,Female,2019,1.344858160275201
63190,Circasia,Female,2019,1.3543040312225754
63212,Córdoba,Female,2019,1.1942837699889193
63272,Filandia,Female,2019,1.3545494538966563
63302,Génova,Female,2019,1.3774766207774718
63401,La Tebaida,Female,2019,1.710259748879282
63470,Montenegro,Female,2019,1.6231308558832036
63548,Pijao,Female,2019,1.336516165604322
63594,Quimbaya,Female,2019,1.6750672830545403
63690,Salento,Female,2019,1.317778467703051
66001,Pereira,Female,2019,1.5374632725960953
66045,Apía,Female,2019,1.4645646208567307
66075,Balboa,Female,2019,1.4697776132189708
66088,Belén De Umbría,Female,2019,1.3001056253673142
66170,Dosquebradas,Female,2019,1.3572223172478404
66318,Guática,Female,2019,1.340583961318583
66383,La Celia,Female,2019,1.3902883952818432
66400,La Virginia,Female,2019,1.8581465713898606
66440,Marsella,Female,2019,1.281286019083868
66456,Mistrató,Female,2019,0.9227556699359614
66572,Pueblo Rico,Female,2019,1.0048493418114461
66594,Quinchía,Female,2019,1.222672901973487
66682,Santa Rosa De Cabal,Female,2019,1.3442551456531286
66687,Santuario,Female,2019,1.3846549523520832
68001,Bucaramanga,Female,2019,1.393359116251196
68013,Aguada,Female,2019,2.9613082032185254
68020,Albania,Female,2019,1.3724070484937079
68051,Aratoca,Female,2019,1.3190500100667069
68077,Barbosa,Female,2019,1.175347212684916
68079,Barichara,Female,2019,1.2321451351234505
68081,Barrancabermeja,Female,2019,1.4919007747695858
68092,Betulia,Female,2019,1.1118703438688333
68101,Bolívar,Female,2019,1.2345152359994835
68121,Cabrera,Female,2019,1.6562541118651257
68132,California,Female,2019,0.949890620294401
68147,Capitanejo,Female,2019,1.3348327893887666
68152,Carcasí,Female,2019,1.3768397298984554
68160,Cepitá,Female,2019,1.1543240391322065
68162,Cerrito,Female,2019,1.2547896964317276
68167,Charalá,Female,2019,1.1383151050612597
68169,Charta,Female,2019,1.2885658257891612
68176,Chima,Female,2019,1.2673675219817506
68179,Chipatá,Female,2019,1.4856640559949972
68190,Cimitarra,Female,2019,1.212937286386881
68207,Concepción,Female,2019,1.1961982468043042
68209,Confines,Female,2019,1.3081177067894962
68211,Contratación,Female,2019,1.4041745793118767
68217,Coromoro,Female,2019,1.2355364373106117
68229,Curití,Female,2019,1.2236952817165658
68235,El Carmen De Chucuri,Female,2019,1.399327855341886
68245,El Guacamayo,Female,2019,1.195172662544745
68250,El Peñón,Female,2019,1.1413204844812088
68255,El Playón,Female,2019,1.1792234510322595
68264,Encino,Female,2019,0.95743961766562935
68266,Enciso,Female,2019,1.3360444848925648
68271,Florián,Female,2019,1.3687978474017086
68276,Floridablanca,Female,2019,1.2707291297144119
68296,Galán,Female,2019,1.5335630091003674
68298,Gámbita,Female,2019,1.1109744303169693
68307,Girón,Female,2019,1.1222855869367814
68318,Guaca,Female,2019,1.4735364767821535
68320,Guadalupe,Female,2019,1.3907427966398205
68322,Guapotá,Female,2019,1.0596720571750469
68324,Guavatá,Female,2019,1.5918806084201997
68327,Güepsa,Female,2019,1.2135662017288569
68344,Hato,Female,2019,1.302367244455272
68368,Jesús María,Female,2019,1.3574806532450803
68370,Jordán,Female,2019,1.3238336132751662
68377,La Belleza,Female,2019,1.1715197463030684
68385,Landázuri,Female,2019,1.3749108859386459
68397,La Paz,Female,2019,1.2720507509018657
68406,Lebrija,Female,2019,1.1170275787609736
68418,Los Santos,Female,2019,1.2848929301477257
68425,Macaravita,Female,2019,1.18436578911364
68432,Málaga,Female,2019,1.0995695460877544
68444,Matanza,Female,2019,1.3568869909249834
68464,Mogotes,Female,2019,1.2012237334888984
68468,Molagavita,Female,2019,1.430151593200124
68498,Ocamonte,Female,2019,1.1333487031547602
68500,Oiba,Female,2019,1.3155303548597415
68502,Onzaga,Female,2019,1.4846055135658947
68522,Palmar,Female,2019,1.2987760807068274
68524,Palmas Del Socorro,Female,2019,1.0997202214126247
68533,Páramo,Female,2019,1.0431079528816325
68547,Piedecuesta,Female,2019,1.1498119597281748
68549,Pinchote,Female,2019,1.2134652319555028
68572,Puente Nacional,Female,2019,1.2058339397593842
68573,Puerto Parra,Female,2019,0.9024052327579518
68575,Puerto Wilches,Female,2019,1.007454023475536
68615,Rionegro,Female,2019,1.139327742882273
68655,Sabana De Torres,Female,2019,1.0104681777200777
68669,San Andrés,Female,2019,1.3737030586086048
68673,San Benito,Female,2019,1.4929442522668563
68679,San Gil,Female,2019,1.1764417738263389
68682,San Joaquín,Female,2019,1.2089115476691445
68684,San José De Miranda,Female,2019,1.4125817869398505
68686,San Miguel,Female,2019,1.020057786511936
68689,San Vicente De Chucurí,Female,2019,1.1443791736005757
68705,Santa Bárbara,Female,2019,1.4845930961413034
68720,Santa Helena Del Opón,Female,2019,1.1362759377550933
68745,Simacota,Female,2019,1.1667671659737844
68755,Socorro,Female,2019,1.213202543881003
68770,Suaita,Female,2019,1.4484038243676154
68773,Sucre,Female,2019,1.3572585199950267
68780,Suratá,Female,2019,1.3424272065000171
68820,Tona,Female,2019,1.2222409157516114
68855,Valle De San José,Female,2019,1.1516107726960294
68861,Vélez,Female,2019,1.4559136100341703
68867,Vetas,Female,2019,1.415071978994749
68872,Villanueva,Female,2019,1.2445257773769844
68895,Zapatoca,Female,2019,1.0965539908860882
70001,Sincelejo,Female,2019,1.3302403261956044
70110,Buenavista,Female,2019,1.1984286101269985
70124,Caimito,Female,2019,1.2084936613435844
70204,Colosó,Female,2019,1.334984739082812
70215,Corozal,Female,2019,1.2118628676206264
70221,Coveñas,Female,2019,1.2677385073913212
70230,Chalán,Female,2019,1.5170667368531119
70233,El Roble,Female,2019,1.3209230020052571
70235,Galeras,Female,2019,1.0580632621761321
70265,Guaranda,Female,2019,1.2172554920827343
70400,La Unión,Female,2019,1.3051724435586647
70418,Los Palmitos,Female,2019,1.191513718431694
70429,Majagual,Female,2019,1.2458278896861095
70473,Morroa,Female,2019,1.1949618810320792
70508,Ovejas,Female,2019,1.3183324499741451
70523,Palmito,Female,2019,1.2125459078660912
70670,Sampués,Female,2019,1.2786773915526848
70678,San Benito Abad,Female,2019,1.2170275927960081
70702,San Juan De Betulia,Female,2019,1.3447877130480161
70708,San Marcos,Female,2019,1.256641596638013
70713,San Onofre,Female,2019,1.230125596837472
70717,San Pedro,Female,2019,1.2660614936199475
70742,San Luis De Sincé,Female,2019,1.3121370714351925
70771,Sucre,Female,2019,1.2629382048464848
70820,Santiago De Tolú,Female,2019,1.0407152316414015
70823,San José De Toluviejo,Female,2019,1.224402628883036
73001,Ibagué,Female,2019,1.2810468266394721
73024,Alpujarra,Female,2019,1.0996806508914947
73026,Alvarado,Female,2019,1.3165411109093474
73030,Ambalema,Female,2019,1.1630692082063574
73043,Anzoátegui,Female,2019,1.1793985959497189
73055,Armero,Female,2019,1.182989014924007
73067,Ataco,Female,2019,1.0750402744744676
73124,Cajamarca,Female,2019,1.2343906862443061
73148,Carmen De Apicalá,Female,2019,1.1438060072479148
73152,Casabianca,Female,2019,1.1095000701801438
73168,Chaparral,Female,2019,1.2226205194534943
73200,Coello,Female,2019,1.4324539275946406
73217,Coyaima,Female,2019,1.273994560781484
73226,Cunday,Female,2019,1.1110206368176048
73236,Dolores,Female,2019,1.1345278156497214
73268,Espinal,Female,2019,1.4816614356409772
73270,Falan,Female,2019,1.1896789341406322
73275,Flandes,Female,2019,1.2724017888343058
73283,Fresno,Female,2019,1.2717928247488446
73319,Guamo,Female,2019,1.2594450920699
73347,Herveo,Female,2019,1.485096394495499
73349,Honda,Female,2019,1.4909647046579222
73352,Icononzo,Female,2019,1.14150265462005
73408,Lérida,Female,2019,1.3116538236487527
73411,Líbano,Female,2019,1.3434277503350682
73443,San Sebastián De Mariquita,Female,2019,1.231731590526674
73449,Melgar,Female,2019,1.2372004335964129
73461,Murillo,Female,2019,1.2674312795158078
73483,Natagaima,Female,2019,1.6135375944862187
73504,Ortega,Female,2019,1.1296879522313577
73520,Palocabildo,Female,2019,1.1173347823587858
73547,Piedras,Female,2019,1.206168541114874
73555,Planadas,Female,2019,0.9922309969322065
73563,Prado,Female,2019,1.1367809718413515
73585,Purificación,Female,2019,1.2817916388854842
73616,Rioblanco,Female,2019,0.9477558679314663
73622,Roncesvalles,Female,2019,1.012413605326936
73624,Rovira,Female,2019,1.1384286149808918
73671,Saldaña,Female,2019,1.3898479720354946
73675,San Antonio,Female,2019,1.109119955781641
73678,San Luis,Female,2019,1.3334824265182403
73686,Santa Isabel,Female,2019,1.2384975406850107
73770,Suárez,Female,2019,1.4081349094970694
73854,Valle De San Juan,Female,2019,1.1862129981020477
73861,Venadillo,Female,2019,1.2356531001137265
73870,Villahermosa,Female,2019,1.2901919460806663
73873,Villarrica,Female,2019,1.084127022601758
76001,Cali,Female,2019,1.3350947336447168
76020,Alcalá,Female,2019,1.6242921942394635
76036,Andalucía,Female,2019,1.0238803022263667
76041,Ansermanuevo,Female,2019,1.2604541803472105
76054,Argelia,Female,2019,1.2665398426118417
76100,Bolívar,Female,2019,1.0369529138600082
76109,Buenaventura,Female,2019,1.16883694018987
76111,Guadalajara De Buga,Female,2019,1.1844833851878227
76113,Bugalagrande,Female,2019,1.2316811347094039
76122,Caicedonia,Female,2019,1.5594455688635624
76126,Calima,Female,2019,1.1340874874932794
76130,Candelaria,Female,2019,1.1924992132506436
76147,Cartago,Female,2019,1.4052959408835142
76233,Dagua,Female,2019,1.0244811077818787
76243,El Águila,Female,2019,1.1410325646119581
76246,El Cairo,Female,2019,1.061834939699238
76248,El Cerrito,Female,2019,1.119336909573206
76250,El Dovio,Female,2019,1.0215063357357845
76275,Florida,Female,2019,1.0245771493738038
76306,Ginebra,Female,2019,1.0086528521905482
76318,Guacarí,Female,2019,1.165701941026259
76364,Jamundí,Female,2019,1.100167513343938
76377,La Cumbre,Female,2019,1.1737168616386537
76400,La Unión,Female,2019,1.1409606994714283
76403,La Victoria,Female,2019,1.469548180129529
76497,Obando,Female,2019,1.2245897272478043
76520,Palmira,Female,2019,1.1438981545711948
76563,Pradera,Female,2019,1.1006640537450172
76606,Restrepo,Female,2019,1.012350073427409
76616,Riofrío,Female,2019,1.0096995206385533
76622,Roldanillo,Female,2019,1.0637984860795455
76670,San Pedro,Female,2019,1.0093936721409922
76736,Sevilla,Female,2019,1.169521565634718
76823,Toro,Female,2019,1.4770651211094925
76828,Trujillo,Female,2019,1.0178092436507276
76834,Tuluá,Female,2019,1.2714295104856885
76845,Ulloa,Female,2019,1.0381465586733851
76863,Versalles,Female,2019,1.135190731379254
76869,Vijes,Female,2019,0.9989923662433595
76890,Yotoco,Female,2019,1.219456908742818
76892,Yumbo,Female,2019,1.1075627655384122
76895,Zarzal,Female,2019,1.0938275465603593
81001,Arauca,Female,2019,1.3021234622482074
81065,Arauquita,Female,2019,1.0420968154199481
81220,Cravo Norte,Female,2019,1.1619705007605077
81300,Fortul,Female,2019,1.2271905647429937
81591,Puerto Rondón,Female,2019,1.1388727941242265
81736,Saravena,Female,2019,1.4417004318921967
81794,Tame,Female,2019,1.6530796139894177
85001,Yopal,Female,2019,1.2311656862199611
85010,Aguazul,Female,2019,1.1437342787673699
85015,Chámeza,Female,2019,1.608949532369074
85125,Hato Corozal,Female,2019,0.9187535816275529
85136,La Salina,Female,2019,0.8498871765464712
85139,Maní,Female,2019,0.957838747963229
85162,Monterrey,Female,2019,1.0772820020626337
85225,Nunchía,Female,2019,1.2203420316011677
85230,Orocué,Female,2019,0.848027172911833
85250,Paz De Ariporo,Female,2019,0.9765539290575996
85263,Pore,Female,2019,1.0438977129044131
85279,Recetor,Female,2019,1.1522507508633704
85300,Sabanalarga,Female,2019,1.2334527546880045
85315,Sácama,Female,2019,0.9234044908854047
85325,San Luis De Palenque,Female,2019,0.9392828385232388
85400,Támara,Female,2019,0.9370874110766857
85410,Tauramena,Female,2019,0.9932970427981487
85430,Trinidad,Female,2019,0.9811344482838139
85440,Villanueva,Female,2019,0.9831148530717693
86001,Mocoa,Female,2019,1.179637212000946
86219,Colón,Female,2019,1.3608526171796382
86320,Orito,Female,2019,1.1033242439527036
86568,Puerto Asís,Female,2019,1.2572672766202102
86569,Puerto Caicedo,Female,2019,1.1188428024570618
86571,Puerto Guzmán,Female,2019,1.007104401558901
86573,Puerto Leguízamo,Female,2019,0.8806095371326144
86749,Sibundoy,Female,2019,1.2127791014677374
86755,San Francisco,Female,2019,1.0918975622461735
86757,San Miguel,Female,2019,1.1018323935401244
86760,Santiago,Female,2019,1.1012960641473737
86865,Valle Del Guamuez,Female,2019,1.2918349322265308
86885,Villagarzón,Female,2019,1.0436586998728767
88001,San Andrés,Female,2019,1.2036008457756335
88564,Providencia,Female,2019,1.1348598935086107
91001,Leticia,Female,2019,1.158209042135745
91263,El Encanto,Female,2019,0.766845005286716
91405,La Chorrera,Female,2019,0.6123073717847126
91407,La Pedrera,Female,2019,1.0077030719992144
91430,La Victoria,Female,2019,1.3420281465209951
91460,Mirití - Paraná,Female,2019,0.8852346509371978
91530,Puerto Alegría,Female,2019,1.7866854324912143
91536,Puerto Arica,Female,2019,1.141262539567127
91540,Puerto Nariño,Female,2019,0.7935859684764053
91669,Puerto Santander,Female,2019,0.8173151302102533
91798,Tarapacá,Female,2019,0.7542897578446007
94001,Inírida,Female,2019,1.0108929190782863
94343,Barrancominas,Female,2019,0.4402600233928963
94883,San Felipe,Female,2019,0.7779817713373266
94884,Puerto Colombia,Female,2019,0.764860196538911
94885,La Guadalupe,Female,2019,0.5570897278409798
94886,Cacahual,Female,2019,0.6152595975168774
94887,Pana Pana,Female,2019,0.7380856809920748
94888,Morichal,Female,2019,0.6997215837733317
95001,San José Del Guaviare,Female,2019,1.3041817743740107
95015,Calamar,Female,2019,1.009792029649495
95025,El Retorno,Female,2019,0.8388121568779278
95200,Miraflores,Female,2019,0.9281946163046702
97001,Mitú,Female,2019,0.6735082103753961
97161,Carurú,Female,2019,0.9499120662500972
97511,Pacoa,Female,2019,0.5379986555839331
97666,Taraira,Female,2019,0.6844035508992752
97777,Papunahua,Female,2019,0.6868787708882513
97889,Yavaraté,Female,2019,0.9285229702520013
99001,Puerto Carreño,Female,2019,1.3665148122027506
99524,La Primavera,Female,2019,1.1085565613729564
99624,Santa Rosalía,Female,2019,1.017364559994607
99773,Cumaribo,Female,2019,0.9221935248924843
5001,Medellín,Male,2019,3.448658999529552
5002,Abejorral,Male,2019,4.199585700341715
5004,Abriaquí,Male,2019,3.624921337312211
5021,Alejandría,Male,2019,3.1103455310757187
5030,Amagá,Male,2019,3.534955434191478
5031,Amalfi,Male,2019,3.2160997251345655
5034,Andes,Male,2019,4.297717940119174
5036,Angelópolis,Male,2019,3.6745816357504255
5038,Angostura,Male,2019,3.685098595319363
5040,Anorí,Male,2019,3.207962599357007
5042,Santa Fé De Antioquia,Male,2019,3.3025926282670346
5044,Anzá,Male,2019,3.5599389246730597
5045,Apartadó,Male,2019,3.1771429385966714
5051,Arboletes,Male,2019,2.953297919711374
5055,Argelia,Male,2019,3.1612538321831574
5059,Armenia,Male,2019,4.433704560759547
5079,Barbosa,Male,2019,3.7716934499657544
5086,Belmira,Male,2019,3.267413282040928
5088,Bello,Male,2019,3.2776035224324476
5091,Betania,Male,2019,4.479394668115507
5093,Betulia,Male,2019,4.455755872871815
5101,Ciudad Bolívar,Male,2019,4.63220226234432
5107,Briceño,Male,2019,3.6150417602622285
5113,Buriticá,Male,2019,3.555205303994211
5120,Cáceres,Male,2019,3.4203490047468166
5125,Caicedo,Male,2019,3.5810521500433623
5129,Caldas,Male,2019,3.9147995227039947
5134,Campamento,Male,2019,3.4078671225444896
5138,Cañasgordas,Male,2019,3.527321093653342
5142,Caracolí,Male,2019,3.915150147672237
5145,Caramanta,Male,2019,4.1551457311032625
5147,Carepa,Male,2019,2.8326391684540386
5148,El Carmen De Viboral,Male,2019,2.8815532410164137
5150,Carolina,Male,2019,4.232303064744014
5154,Caucasia,Male,2019,4.60749959152815
5172,Chigorodó,Male,2019,3.1903488425822872
5190,Cisneros,Male,2019,5.127202320572874
5197,Cocorná,Male,2019,3.246325271186682
5206,Concepción,Male,2019,3.752317411493234
5209,Concordia,Male,2019,4.093272263719517
5212,Copacabana,Male,2019,3.720220600856286
5234,Dabeiba,Male,2019,2.5222446799090985
5237,Donmatías,Male,2019,2.831448212378912
5240,Ebéjico,Male,2019,4.496894461406715
5250,El Bagre,Male,2019,2.8136913838613684
5264,Entrerríos,Male,2019,2.9685720833701894
5266,Envigado,Male,2019,4.469583659750202
5282,Fredonia,Male,2019,4.366739185589457
5284,Frontino,Male,2019,2.8208489808200845
5306,Giraldo,Male,2019,3.2581742987242706
5308,Girardota,Male,2019,3.484163497201682
5310,Gómez Plata,Male,2019,3.9647511291386133
5313,Granada,Male,2019,2.543332277900431
5315,Guadalupe,Male,2019,3.674449464236099
5318,Guarne,Male,2019,3.528315890097967
5321,Guatapé,Male,2019,3.0315760736521336
5347,Heliconia,Male,2019,4.831698812019756
5353,Hispania,Male,2019,3.798994775160824
5360,Itagüí,Male,2019,3.7296827855898957
5361,Ituango,Male,2019,6.4949776779516535
5364,Jardín,Male,2019,3.8252060246270316
5368,Jericó,Male,2019,3.929380538065471
5376,La Ceja,Male,2019,3.2315777539644843
5380,La Estrella,Male,2019,3.690400660454433
5390,La Pintada,Male,2019,5.350405739558784
5400,La Unión,Male,2019,3.193519499128849
5411,Liborina,Male,2019,3.861340416757824
5425,Maceo,Male,2019,4.756420497966738
5440,Marinilla,Male,2019,2.813474880243063
5467,Montebello,Male,2019,4.340814912913437
5475,Murindó,Male,2019,2.0670946007129842
5480,Mutatá,Male,2019,8.05062211620151
5483,Nariño,Male,2019,3.5570092033725804
5490,Necoclí,Male,2019,2.733911031443975
5495,Nechí,Male,2019,2.909666995529321
5501,Olaya,Male,2019,3.2756871362447213
5541,Peñol,Male,2019,2.963355401719022
5543,Peque,Male,2019,3.1138527840754553
5576,Pueblorrico,Male,2019,3.838789045876822
5579,Puerto Berrío,Male,2019,5.622435384083584
5585,Puerto Nare,Male,2019,3.355937346429377
5591,Puerto Triunfo,Male,2019,5.470860473482983
5604,Remedios,Male,2019,3.310616924000625
5607,Retiro,Male,2019,3.552059303777636
5615,Rionegro,Male,2019,3.5246560620249237
5628,Sabanalarga,Male,2019,3.51460225301077
5631,Sabaneta,Male,2019,4.233420963201158
5642,Salgar,Male,2019,4.093946164949354
5647,San Andrés De Cuerquía,Male,2019,3.218146973660863
5649,San Carlos,Male,2019,3.0268538413724757
5652,San Francisco,Male,2019,2.840387720224174
5656,San Jerónimo,Male,2019,3.5464185369109993
5658,San José De La Montaña,Male,2019,3.2013162820128542
5659,San Juan De Urabá,Male,2019,2.7306838010646173
5660,San Luis,Male,2019,2.5099597586327316
5664,San Pedro De Los Milagros,Male,2019,3.671154021766121
5665,San Pedro De Urabá,Male,2019,3.1974956830075207
5667,San Rafael,Male,2019,3.5113327923155206
5670,San Roque,Male,2019,3.5351671935047073
5674,San Vicente Ferrer,Male,2019,3.4838533218886845
5679,Santa Bárbara,Male,2019,3.8450290311491666
5686,Santa Rosa De Osos,Male,2019,3.9756069980247646
5690,Santo Domingo,Male,2019,4.1272243933509065
5697,El Santuario,Male,2019,2.477457276577326
5736,Segovia,Male,2019,5.185480319066168
5756,Sonsón,Male,2019,3.5388945582605653
5761,Sopetrán,Male,2019,3.880586895751497
5789,Támesis,Male,2019,4.411961964112842
5790,Tarazá,Male,2019,5.313695453771034
5792,Tarso,Male,2019,4.106490608750565
5809,Titiribí,Male,2019,4.353235082308258
5819,Toledo,Male,2019,3.644148037919728
5837,Turbo,Male,2019,3.2837476662800973
5842,Uramita,Male,2019,3.305900728364018
5847,Urrao,Male,2019,2.9092037778804847
5854,Valdivia,Male,2019,4.325847241062687
5856,Valparaíso,Male,2019,3.7801046161788476
5858,Vegachí,Male,2019,4.397175333516196
5861,Venecia,Male,2019,6.1795464422037085
5873,Vigía Del Fuerte,Male,2019,2.2300686619335193
5885,Yalí,Male,2019,3.5886383554587904
5887,Yarumal,Male,2019,3.2276918000891803
5890,Yolombó,Male,2019,3.6872158482578903
5893,Yondó,Male,2019,2.7890908473275635
5895,Zaragoza,Male,2019,4.036005549147183
8001,Barranquilla,Male,2019,3.6334261438066773
8078,Baranoa,Male,2019,3.136498808583526
8137,Campo De La Cruz,Male,2019,3.8502782571630894
8141,Candelaria,Male,2019,3.1940758161199265
8296,Galapa,Male,2019,2.3946133376685057
8372,Juan De Acosta,Male,2019,3.337141223367724
8421,Luruaco,Male,2019,3.303562046439132
8433,Malambo,Male,2019,2.6244979395679615
8436,Manatí,Male,2019,2.684295214845538
8520,Palmar De Varela,Male,2019,3.197813590407837
8549,Piojó,Male,2019,3.8138177009580847
8558,Polonuevo,Male,2019,2.8642791706389095
8560,Ponedera,Male,2019,3.0037779234099102
8573,Puerto Colombia,Male,2019,2.6548778312162997
8606,Repelón,Male,2019,3.205638397436729
8634,Sabanagrande,Male,2019,2.899774122752983
8638,Sabanalarga,Male,2019,2.9068654039758006
8675,Santa Lucía,Male,2019,2.7897870429112306
8685,Santo Tomás,Male,2019,3.0037482902443937
8758,Soledad,Male,2019,2.4666601500039738
8770,Suan,Male,2019,3.672643279318363
8832,Tubará,Male,2019,3.3554019306887746
8849,Usiacurí,Male,2019,3.3799337880186067
11001,"Bogotá, D.C.",Male,2019,3.319581772173141
13001,Cartagena De Indias,Male,2019,3.199829235005862
13006,Achí,Male,2019,3.488744908572921
13030,Altos Del Rosario,Male,2019,3.0252832274739228
13042,Arenal,Male,2019,3.710477602232699
13052,Arjona,Male,2019,3.173862350851947
13062,Arroyohondo,Male,2019,3.881229781498491
13074,Barranco De Loba,Male,2019,3.0094139102809963
13140,Calamar,Male,2019,3.5373888161916978
13160,Cantagallo,Male,2019,3.3396847027704846
13188,Cicuco,Male,2019,2.9722084882901805
13212,Córdoba,Male,2019,3.983199564403125
13222,Clemencia,Male,2019,3.3422725114045373
13244,El Carmen De Bolívar,Male,2019,3.5826417865217626
13248,El Guamo,Male,2019,4.519220594424371
13268,El Peñón,Male,2019,3.2131570879159246
13300,Hatillo De Loba,Male,2019,3.229004610866931
13430,Magangué,Male,2019,3.1520107533665964
13433,Mahates,Male,2019,3.4718350709354815
13440,Margarita,Male,2019,3.7964026258718606
13442,María La Baja,Male,2019,3.1273620356424345
13458,Montecristo,Male,2019,3.703887765876893
13468,Mompós,Male,2019,2.9133436371492745
13473,Morales,Male,2019,3.2598814016808086
13490,Norosí,Male,2019,2.200079779898588
13549,Pinillos,Male,2019,3.2913588814968393
13580,Regidor,Male,2019,2.5434798483959513
13600,Río Viejo,Male,2019,3.6212686984788363
13620,San Cristóbal,Male,2019,3.223883367960878
13647,San Estanislao,Male,2019,3.3789665564738507
13650,San Fernando,Male,2019,3.200710496767314
13654,San Jacinto,Male,2019,3.861598102570559
13655,San Jacinto Del Cauca,Male,2019,3.655121613299718
13657,San Juan Nepomuceno,Male,2019,4.09530873344027
13667,San Martín De Loba,Male,2019,2.942588205432655
13670,San Pablo,Male,2019,2.9631370717372745
13673,Santa Catalina,Male,2019,3.262862538736193
13683,Santa Rosa,Male,2019,3.403442963670466
13688,Santa Rosa Del Sur,Male,2019,2.8610661851198103
13744,Simití,Male,2019,3.546808813537661
13760,Soplaviento,Male,2019,3.3597085353227523
13780,Talaigua Nuevo,Male,2019,2.7521754128579077
13810,Tiquisio,Male,2019,2.994660590404905
13836,Turbaco,Male,2019,2.942012342280616
13838,Turbaná,Male,2019,3.40070125644809
13873,Villanueva,Male,2019,3.2840153984762654
13894,Zambrano,Male,2019,3.7290994398952466
15001,Tunja,Male,2019,2.950754664036712
15022,Almeida,Male,2019,5.346415384789412
15047,Aquitania,Male,2019,3.241848105719469
15051,Arcabuco,Male,2019,2.8237393281634624
15087,Belén,Male,2019,2.9681733698508372
15090,Berbeo,Male,2019,4.1295637011174025
15092,Betéitiva,Male,2019,4.13807089667118
15097,Boavita,Male,2019,4.046619226179224
15104,Boyacá,Male,2019,4.360162711948816
15106,Briceño,Male,2019,4.444394244455511
15109,Buenavista,Male,2019,4.396797394943465
15114,Busbanzá,Male,2019,3.1404318226035524
15131,Caldas,Male,2019,3.9074683485325306
15135,Campohermoso,Male,2019,3.6291440499494882
15162,Cerinza,Male,2019,3.6943913144800558
15172,Chinavita,Male,2019,4.5392330553897144
15176,Chiquinquirá,Male,2019,3.0484826195541244
15180,Chiscas,Male,2019,4.523705597212545
15183,Chita,Male,2019,3.432840200055074
15185,Chitaraque,Male,2019,5.12412147198342
15187,Chivatá,Male,2019,2.8128807112846084
15189,Ciénega,Male,2019,3.250491066677834
15204,Cómbita,Male,2019,7.719644181334457
15212,Coper,Male,2019,3.5071886354817705
15215,Corrales,Male,2019,3.553483899900437
15218,Covarachía,Male,2019,4.1433456756969
15223,Cubará,Male,2019,2.2476225305575364
15224,Cucaita,Male,2019,4.395646538781993
15226,Cuítiva,Male,2019,2.8443910082913124
15232,Chíquiza,Male,2019,3.790200886780477
15236,Chivor,Male,2019,4.605529370096801
15238,Duitama,Male,2019,2.9867754681959653
15244,El Cocuy,Male,2019,3.483943030799456
15248,El Espino,Male,2019,3.615990886998286
15272,Firavitoba,Male,2019,2.9843550586628704
15276,Floresta,Male,2019,4.00735939222608
15293,Gachantivá,Male,2019,4.483679396776296
15296,Gámeza,Male,2019,3.382505699810021
15299,Garagoa,Male,2019,3.1171206807547276
15317,Guacamayas,Male,2019,2.8082579943128883
15322,Guateque,Male,2019,3.68053228532217
15325,Guayatá,Male,2019,4.772910845117427
15332,Güicán De La Sierra,Male,2019,2.8435104177694464
15362,Iza,Male,2019,3.04492441913754
15367,Jenesano,Male,2019,3.3545458586191708
15368,Jericó,Male,2019,4.523572131545332
15377,Labranzagrande,Male,2019,5.938362757857418
15380,La Capilla,Male,2019,3.634767398206035
15401,La Victoria,Male,2019,4.6488603231792665
15403,La Uvita,Male,2019,4.293745156959714
15407,Villa De Leyva,Male,2019,2.9139835711444557
15425,Macanal,Male,2019,3.545205505585829
15442,Maripí,Male,2019,5.320754698846588
15455,Miraflores,Male,2019,3.3478102509925276
15464,Mongua,Male,2019,3.3893902613770392
15466,Monguí,Male,2019,2.704883772900423
15469,Moniquirá,Male,2019,3.5405573551690175
15476,Motavita,Male,2019,3.193830365830368
15480,Muzo,Male,2019,4.413929642712547
15491,Nobsa,Male,2019,2.6169523019339147
15494,Nuevo Colón,Male,2019,4.032607837404584
15500,Oicatá,Male,2019,2.764641531051395
15507,Otanche,Male,2019,3.806615173167912
15511,Pachavita,Male,2019,4.581363168723628
15514,Páez,Male,2019,3.702611730292288
15516,Paipa,Male,2019,2.8891692289592803
15518,Pajarito,Male,2019,2.9884017242985603
15522,Panqueba,Male,2019,3.695560982111411
15531,Pauna,Male,2019,4.531376574281302
15533,Paya,Male,2019,3.840917060694022
15537,Paz De Río,Male,2019,3.1030447836127273
15542,Pesca,Male,2019,3.0554784170963174
15550,Pisba,Male,2019,3.3327148467637135
15572,Puerto Boyacá,Male,2019,3.9457082185726238
15580,Quípama,Male,2019,5.856017745840129
15599,Ramiriquí,Male,2019,3.2168681240497268
15600,Ráquira,Male,2019,3.4920408759143804
15621,Rondón,Male,2019,3.402637528293802
15632,Saboyá,Male,2019,3.177034039418739
15638,Sáchica,Male,2019,2.6312969664369015
15646,Samacá,Male,2019,3.033291062582022
15660,San Eduardo,Male,2019,4.2474383290300874
15664,San José De Pare,Male,2019,4.823817221803207
15667,San Luis De Gaceno,Male,2019,3.5158363154857546
15673,San Mateo,Male,2019,3.6369669073045787
15676,San Miguel De Sema,Male,2019,3.2959304848719597
15681,San Pablo De Borbur,Male,2019,4.429644147485391
15686,Santana,Male,2019,5.457598885821356
15690,Santa María,Male,2019,3.5779665176076887
15693,Santa Rosa De Viterbo,Male,2019,3.587564693697007
15696,Santa Sofía,Male,2019,3.3334703062625266
15720,Sativanorte,Male,2019,7.317450287710522
15723,Sativasur,Male,2019,3.488361966751529
15740,Siachoque,Male,2019,3.124782911390125
15753,Soatá,Male,2019,3.0041825872222065
15755,Socotá,Male,2019,3.8117926689403525
15757,Socha,Male,2019,3.282343620601385
15759,Sogamoso,Male,2019,3.0506830516280594
15761,Somondoco,Male,2019,5.594400218545483
15762,Sora,Male,2019,3.776834798880195
15763,Sotaquirá,Male,2019,3.044561280982479
15764,Soracá,Male,2019,2.9116410954784704
15774,Susacón,Male,2019,4.042598632622168
15776,Sutamarchán,Male,2019,3.3395187730126388
15778,Sutatenza,Male,2019,4.538776479209941
15790,Tasco,Male,2019,3.0376785397811927
15798,Tenza,Male,2019,4.706290397071325
15804,Tibaná,Male,2019,3.716164996634217
15806,Tibasosa,Male,2019,2.7395114381635612
15808,Tinjacá,Male,2019,3.4921679090599413
15810,Tipacoque,Male,2019,3.6928829737657383
15814,Toca,Male,2019,2.925223163835952
15816,Togüí,Male,2019,3.70861082238723
15820,Tópaga,Male,2019,2.628543706811831
15822,Tota,Male,2019,3.2861480194184898
15832,Tununguá,Male,2019,3.59846657109806
15835,Turmequé,Male,2019,4.153976576581338
15837,Tuta,Male,2019,2.849781101457161
15839,Tutazá,Male,2019,3.471361275633856
15842,Úmbita,Male,2019,4.0163599862810475
15861,Ventaquemada,Male,2019,2.7299888907322196
15879,Viracachá,Male,2019,4.003656978195631
15897,Zetaquira,Male,2019,3.9527433290980496
17001,Manizales,Male,2019,3.777729984336993
17013,Aguadas,Male,2019,3.7442187727028404
17042,Anserma,Male,2019,4.011683261273819
17050,Aranzazu,Male,2019,4.1448428362976
17088,Belalcázar,Male,2019,3.3215449046576015
17174,Chinchiná,Male,2019,4.265067145487527
17272,Filadelfia,Male,2019,3.9666034477525334
17380,La Dorada,Male,2019,3.4951738919095696
17388,La Merced,Male,2019,4.231878841194374
17433,Manzanares,Male,2019,3.8719976287268767
17442,Marmato,Male,2019,3.203142993927604
17444,Marquetalia,Male,2019,3.5464133368052173
17446,Marulanda,Male,2019,3.770575351517237
17486,Neira,Male,2019,3.975274671641358
17495,Norcasia,Male,2019,3.2057951106679243
17513,Pácora,Male,2019,4.552607192526529
17524,Palestina,Male,2019,3.673874674588858
17541,Pensilvania,Male,2019,3.6704710888604457
17614,Riosucio,Male,2019,3.4607302922424372
17616,Risaralda,Male,2019,4.494971063918533
17653,Salamina,Male,2019,4.126541359544131
17662,Samaná,Male,2019,3.52080987161303
17665,San José,Male,2019,4.194955804626557
17777,Supía,Male,2019,3.4109990546736904
17867,Victoria,Male,2019,3.4197224886748634
17873,Villamaría,Male,2019,3.3584444550563726
17877,Viterbo,Male,2019,3.6059394288574023
18001,Florencia,Male,2019,3.7513294220363247
18029,Albania,Male,2019,3.916460135389248
18094,Belén De Los Andaquíes,Male,2019,2.591190753117922
18150,Cartagena Del Chairá,Male,2019,2.914626372651445
18205,Curillo,Male,2019,2.7938841841340354
18247,El Doncello,Male,2019,2.755226235380345
18256,El Paujíl,Male,2019,2.6360613579306724
18410,La Montañita,Male,2019,2.9525915121636026
18460,Milán,Male,2019,2.543348372071984
18479,Morelia,Male,2019,2.9521391987429664
18592,Puerto Rico,Male,2019,2.744738222363523
18610,San José Del Fragua,Male,2019,3.066708030206356
18753,San Vicente Del Caguán,Male,2019,3.235064181433092
18756,Solano,Male,2019,2.9842927289862597
18785,Solita,Male,2019,2.926341253081578
18860,Valparaíso,Male,2019,2.7931854168478485
19001,Popayán,Male,2019,3.457330251668678
19022,Almaguer,Male,2019,4.97816150066936
19050,Argelia,Male,2019,4.397870439449578
19075,Balboa,Male,2019,3.870387431996367
19100,Bolívar,Male,2019,4.920361620739347
19110,Buenos Aires,Male,2019,2.9285733677415053
19130,Cajibío,Male,2019,3.8939178442480866
19137,Caldono,Male,2019,2.8680078836435152
19142,Caloto,Male,2019,3.2932048826149383
19212,Corinto,Male,2019,4.89971485158414
19256,El Tambo,Male,2019,4.107124778951453
19290,Florencia,Male,2019,4.2426203844335815
19300,Guachené,Male,2019,1.983689141554369
19318,Guapi,Male,2019,2.7518697481816674
19355,Inzá,Male,2019,3.1139370018085124
19364,Jambaló,Male,2019,2.654657658044545
19392,La Sierra,Male,2019,4.949324585699089
19397,La Vega,Male,2019,4.60638119265945
19418,López De Micay,Male,2019,2.8793943078194855
19450,Mercaderes,Male,2019,4.378540839865179
19455,Miranda,Male,2019,3.172666345478769
19473,Morales,Male,2019,3.1162523341398636
19513,Padilla,Male,2019,3.278525315389587
19517,Páez,Male,2019,2.6538277706357114
19532,Patía,Male,2019,3.7645004660744124
19533,Piamonte,Male,2019,2.7887223434315027
19548,Piendamó - Tunía,Male,2019,3.211556096172098
19573,Puerto Tejada,Male,2019,4.819761771053028
19585,Puracé,Male,2019,3.073246454680598
19622,Rosas,Male,2019,4.739604715540366
19693,San Sebastián,Male,2019,4.743510328461776
19698,Santander De Quilichao,Male,2019,3.4294701728577364
19701,Santa Rosa,Male,2019,4.4424041536249455
19743,Silvia,Male,2019,2.95759836315005
19760,Sotará - Paispamba,Male,2019,3.6151276338499216
19780,Suárez,Male,2019,3.148170297338361
19785,Sucre,Male,2019,6.018599073797869
19807,Timbío,Male,2019,3.7850199268244116
19809,Timbiquí,Male,2019,2.638699301335142
19821,Toribío,Male,2019,2.9143953758734273
19824,Totoró,Male,2019,3.087692696099816
19845,Villa Rica,Male,2019,3.0479433899297708
20001,Valledupar,Male,2019,2.882344944225301
20011,Aguachica,Male,2019,2.8075915270872995
20013,Agustín Codazzi,Male,2019,2.8587651786640795
20032,Astrea,Male,2019,2.786257623903207
20045,Becerril,Male,2019,2.403376283233027
20060,Bosconia,Male,2019,2.8297790118474166
20175,Chimichagua,Male,2019,2.5554739304669307
20178,Chiriguaná,Male,2019,2.827938771737898
20228,Curumaní,Male,2019,2.6455983057670918
20238,El Copey,Male,2019,2.752800262003581
20250,El Paso,Male,2019,2.28394333611168
20295,Gamarra,Male,2019,3.47620170189697
20310,González,Male,2019,4.099988113357203
20383,La Gloria,Male,2019,3.0234011784267687
20400,La Jagua De Ibirico,Male,2019,2.172809528176578
20443,Manaure Balcón Del Cesar,Male,2019,2.980095922621076
20517,Pailitas,Male,2019,3.091957672028219
20550,Pelaya,Male,2019,2.975576927228021
20570,Pueblo Bello,Male,2019,2.3097609491432207
20614,Río De Oro,Male,2019,3.8458880101506394
20621,La Paz,Male,2019,2.5985562489236957
20710,San Alberto,Male,2019,3.072702656328925
20750,San Diego,Male,2019,2.7147675387487085
20770,San Martín,Male,2019,2.9770546394870783
20787,Tamalameque,Male,2019,2.5229359242701705
23001,Montería,Male,2019,2.966523912220907
23068,Ayapel,Male,2019,3.162828238370115
23079,Buenavista,Male,2019,3.357521698984301
23090,Canalete,Male,2019,3.7816936699382664
23162,Cereté,Male,2019,3.4026004529610887
23168,Chimá,Male,2019,4.5988087124718176
23182,Chinú,Male,2019,4.051213212836511
23189,Ciénaga De Oro,Male,2019,3.9032308220685112
23300,Cotorra,Male,2019,3.573075038539838
23350,La Apartada,Male,2019,3.222497428266945
23417,Lorica,Male,2019,3.3101179843209536
23419,Los Córdobas,Male,2019,3.497094017601917
23464,Momil,Male,2019,3.4154871342592408
23466,Montelíbano,Male,2019,2.652869960555052
23500,Moñitos,Male,2019,3.4669064880257414
23555,Planeta Rica,Male,2019,3.200802221904776
23570,Pueblo Nuevo,Male,2019,3.459823136850353
23574,Puerto Escondido,Male,2019,3.811620659087539
23580,Puerto Libertador,Male,2019,2.9432262885324243
23586,Purísima De La Concepción,Male,2019,3.657989818301263
23660,Sahagún,Male,2019,3.4668065814319906
23670,San Andrés De Sotavento,Male,2019,3.92236132948133
23672,San Antero,Male,2019,3.071817245506786
23675,San Bernardo Del Viento,Male,2019,3.4698923782397704
23678,San Carlos,Male,2019,3.8960498712720266
23682,San José De Uré,Male,2019,1.7265569102425333
23686,San Pelayo,Male,2019,4.029632633341081
23807,Tierralta,Male,2019,3.015354957268601
23815,Tuchín,Male,2019,2.09002053738327
23855,Valencia,Male,2019,3.217372365425525
25001,Agua De Dios,Male,2019,4.0982795413011495
25019,Albán,Male,2019,3.301845337628677
25035,Anapoima,Male,2019,3.505574528739977
25040,Anolaima,Male,2019,3.874827695261159
25053,Arbeláez,Male,2019,3.3624352082236983
25086,Beltrán,Male,2019,3.857007291203699
25095,Bituima,Male,2019,4.030741199746121
25099,Bojacá,Male,2019,2.9893259604139577
25120,Cabrera,Male,2019,3.634320727347727
25123,Cachipay,Male,2019,3.668753710574525
25126,Cajicá,Male,2019,2.7692729164995207
25148,Caparrapí,Male,2019,4.672386698296612
25151,Cáqueza,Male,2019,3.5612325573107393
25154,Carmen De Carupa,Male,2019,3.716742092465521
25168,Chaguaní,Male,2019,5.9024526452226
25175,Chía,Male,2019,3.5659432494275873
25178,Chipaque,Male,2019,3.4693517038798367
25181,Choachí,Male,2019,3.5117722138235945
25183,Chocontá,Male,2019,3.9996436742795707
25200,Cogua,Male,2019,2.86827284087131
25214,Cota,Male,2019,2.700466006652256
25224,Cucunubá,Male,2019,2.6911202376557464
25245,El Colegio,Male,2019,3.550418457585444
25258,El Peñón,Male,2019,4.297665111139395
25260,El Rosal,Male,2019,2.6219174655121855
25269,Facatativá,Male,2019,3.4549778946648235
25279,Fómeque,Male,2019,3.4018845065556222
25281,Fosca,Male,2019,3.7033989352306893
25286,Funza,Male,2019,3.02706610242462
25288,Fúquene,Male,2019,2.9840522366587616
25290,Fusagasugá,Male,2019,3.667848351531061
25293,Gachalá,Male,2019,4.961396980395794
25295,Gachancipá,Male,2019,2.698899248745675
25297,Gachetá,Male,2019,5.090756826582553
25299,Gama,Male,2019,3.928747430914259
25307,Girardot,Male,2019,5.646401977009425
25312,Granada,Male,2019,2.730790263933881
25317,Guachetá,Male,2019,2.9922394779590844
25320,Guaduas,Male,2019,5.309802455888518
25322,Guasca,Male,2019,2.8756302454471405
25324,Guataquí,Male,2019,4.243380469810557
25326,Guatavita,Male,2019,3.682262541384759
25328,Guayabal De Síquima,Male,2019,3.7508187287349823
25335,Guayabetal,Male,2019,2.890377916226712
25339,Gutiérrez,Male,2019,3.532956566025264
25368,Jerusalén,Male,2019,4.159409206652734
25372,Junín,Male,2019,5.114955843577244
25377,La Calera,Male,2019,3.4638405490883906
25386,La Mesa,Male,2019,4.215666718871613
25394,La Palma,Male,2019,4.811783074845045
25398,La Peña,Male,2019,5.743882739878322
25402,La Vega,Male,2019,3.315995426645405
25407,Lenguazaque,Male,2019,3.049988335992516
25426,Machetá,Male,2019,4.827160909003836
25430,Madrid,Male,2019,2.718077186389836
25436,Manta,Male,2019,4.987173801042602
25438,Medina,Male,2019,3.6089943721730955
25473,Mosquera,Male,2019,2.7761196794693173
25483,Nariño,Male,2019,4.832277088027949
25486,Nemocón,Male,2019,2.921509960566087
25488,Nilo,Male,2019,4.358483426399908
25489,Nimaima,Male,2019,4.680407843838075
25491,Nocaima,Male,2019,3.8884180768512313
25506,Venecia,Male,2019,3.849724982709779
25513,Pacho,Male,2019,4.032336866948704
25518,Paime,Male,2019,4.726088145501775
25524,Pandi,Male,2019,3.7365888137931846
25530,Paratebueno,Male,2019,3.030037731326007
25535,Pasca,Male,2019,3.5142161202963
25572,Puerto Salgar,Male,2019,3.7966869233827683
25580,Pulí,Male,2019,4.264902680332975
25592,Quebradanegra,Male,2019,4.266237284152987
25594,Quetame,Male,2019,3.2383646378498097
25596,Quipile,Male,2019,4.753664335430974
25599,Apulo,Male,2019,3.4735624793939137
25612,Ricaurte,Male,2019,3.0639418105222904
25645,San Antonio Del Tequendama,Male,2019,3.427421450704763
25649,San Bernardo,Male,2019,3.4789954511936094
25653,San Cayetano,Male,2019,3.8781201091777775
25658,San Francisco,Male,2019,3.020027354475695
25662,San Juan De Rioseco,Male,2019,4.151344866929744
25718,Sasaima,Male,2019,3.71795128142617
25736,Sesquilé,Male,2019,3.1385903584560464
25740,Sibaté,Male,2019,4.677979056627245
25743,Silvania,Male,2019,3.430473925745617
25745,Simijaca,Male,2019,2.92378245618757
25754,Soacha,Male,2019,2.6898187153754494
25758,Sopó,Male,2019,3.4844600509135595
25769,Subachoque,Male,2019,2.9486675824809123
25772,Suesca,Male,2019,2.826822837953228
25777,Supatá,Male,2019,3.751473964745438
25779,Susa,Male,2019,3.0698441169354136
25781,Sutatausa,Male,2019,2.873321516522932
25785,Tabio,Male,2019,3.0507116472591984
25793,Tausa,Male,2019,2.753730587995924
25797,Tena,Male,2019,3.153856960882012
25799,Tenjo,Male,2019,3.3192501481518955
25805,Tibacuy,Male,2019,3.5807351883625707
25807,Tibirita,Male,2019,5.941769979023313
25815,Tocaima,Male,2019,3.8634445974635447
25817,Tocancipá,Male,2019,2.617694564902871
25823,Topaipí,Male,2019,4.845462143700088
25839,Ubalá,Male,2019,4.093377802308212
25841,Ubaque,Male,2019,4.076375279067057
25843,Villa De San Diego De Ubaté,Male,2019,3.6730297337569255
25845,Une,Male,2019,3.8455051085285685
25851,Útica,Male,2019,5.035659661307377
25862,Vergara,Male,2019,5.167950498194263
25867,Vianí,Male,2019,3.7234986936800727
25871,Villagómez,Male,2019,3.8930723055820864
25873,Villapinzón,Male,2019,2.990686658975245
25875,Villeta,Male,2019,4.048585616703646
25878,Viotá,Male,2019,3.9609143098518884
25885,Yacopí,Male,2019,4.8242676665943005
25898,Zipacón,Male,2019,3.5325966339523474
25899,Zipaquirá,Male,2019,3.2189520681564527
27001,Quibdó,Male,2019,3.2015164961961187
27006,Acandí,Male,2019,2.784218246004126
27025,Alto Baudó,Male,2019,2.837935553123938
27050,Atrato,Male,2019,2.9360687561592616
27073,Bagadó,Male,2019,2.4411151473994215
27075,Bahía Solano,Male,2019,2.578535495103556
27077,Bajo Baudó,Male,2019,2.631705227668984
27099,Bojayá,Male,2019,2.2077861713499223
27135,El Cantón Del San Pablo,Male,2019,2.6116534365557484
27150,Carmen Del Darién,Male,2019,3.1370759046433934
27160,Cértegui,Male,2019,2.9935542989002983
27205,Condoto,Male,2019,2.6894126701058223
27245,El Carmen De Atrato,Male,2019,3.027735265925999
27250,El Litoral Del San Juan,Male,2019,2.657110254067205
27361,Istmina,Male,2019,2.9213836235608053
27372,Juradó,Male,2019,2.612717786644058
27413,Lloró,Male,2019,2.211486537682462
27425,Medio Atrato,Male,2019,3.699190317380535
27430,Medio Baudó,Male,2019,2.714233577851127
27450,Medio San Juan,Male,2019,2.9641221564895606
27491,Nóvita,Male,2019,2.91658941817144
27495,Nuquí,Male,2019,2.59173141443838
27580,Río Iró,Male,2019,2.7243009391818176
27600,Río Quito,Male,2019,2.696957911040501
27615,Riosucio,Male,2019,4.673868908969225
27660,San José Del Palmar,Male,2019,4.926133636668698
27745,Sipí,Male,2019,2.82818231536336
27787,Tadó,Male,2019,2.6867130243862216
27800,Unguía,Male,2019,2.884434513212443
27810,Unión Panamericana,Male,2019,3.362891318098491
41001,Neiva,Male,2019,3.396274112306817
41006,Acevedo,Male,2019,3.950406347318946
41013,Agrado,Male,2019,3.2516963923699462
41016,Aipe,Male,2019,3.0962926123882095
41020,Algeciras,Male,2019,3.3076689672600046
41026,Altamira,Male,2019,3.0011084416941376
41078,Baraya,Male,2019,3.9654725116725786
41132,Campoalegre,Male,2019,3.3951083255969117
41206,Colombia,Male,2019,4.034341757423576
41244,Elías,Male,2019,2.9859112721130954
41298,Garzón,Male,2019,3.093305414779557
41306,Gigante,Male,2019,3.189400132258095
41319,Guadalupe,Male,2019,3.080787965536622
41349,Hobo,Male,2019,2.9190728039470257
41357,Íquira,Male,2019,3.1273692672205478
41359,Isnos,Male,2019,3.184921369702547
41378,La Argentina,Male,2019,3.2193868562742467
41396,La Plata,Male,2019,2.9581313070858646
41483,Nátaga,Male,2019,2.7707041740230607
41503,Oporapa,Male,2019,3.099909429689865
41518,Paicol,Male,2019,2.7177920918921825
41524,Palermo,Male,2019,2.98282586767426
41530,Palestina,Male,2019,3.356834602827716
41548,Pital,Male,2019,2.784617481934477
41551,Pitalito,Male,2019,3.4388530095191276
41615,Rivera,Male,2019,3.3170656652547024
41660,Saladoblanco,Male,2019,3.4725417531194593
41668,San Agustín,Male,2019,3.0700478421003785
41676,Santa María,Male,2019,3.315865257955223
41770,Suaza,Male,2019,2.7564095449903756
41791,Tarqui,Male,2019,3.1896833943638248
41797,Tesalia,Male,2019,2.9519784877708264
41799,Tello,Male,2019,3.1004229824175704
41801,Teruel,Male,2019,3.102178721078491
41807,Timaná,Male,2019,3.228605072563776
41872,Villavieja,Male,2019,3.8770275247251376
41885,Yaguará,Male,2019,3.0999324038024496
44001,Riohacha,Male,2019,3.311158641630548
44035,Albania,Male,2019,2.3228790951797165
44078,Barrancas,Male,2019,2.5385299242641186
44090,Dibulla,Male,2019,2.779928744003502
44098,Distracción,Male,2019,2.645246059458926
44110,El Molino,Male,2019,3.137851812551926
44279,Fonseca,Male,2019,2.2989641037890194
44378,Hatonuevo,Male,2019,2.309289078363872
44420,La Jagua Del Pilar,Male,2019,2.737322869099093
44430,Maicao,Male,2019,3.2236957004850715
44560,Manaure,Male,2019,2.414917737486063
44650,San Juan Del Cesar,Male,2019,2.823327127680758
44847,Uribia,Male,2019,3.2853007421873817
44855,Urumita,Male,2019,2.602769745182454
44874,Villanueva,Male,2019,2.3472766792245143
47001,Santa Marta,Male,2019,3.276086920340924
47030,Algarrobo,Male,2019,2.7235729654124845
47053,Aracataca,Male,2019,2.555949666534836
47058,Ariguaní,Male,2019,3.1520929328023395
47161,Cerro De San Antonio,Male,2019,3.619737560106653
47170,Chivolo,Male,2019,3.2024773721472104
47189,Ciénaga,Male,2019,3.0160511604073545
47205,Concordia,Male,2019,4.429451328552823
47245,El Banco,Male,2019,2.903187361981182
47258,El Piñón,Male,2019,3.4178165642853293
47268,El Retén,Male,2019,2.9743762866198833
47288,Fundación,Male,2019,2.7649270944176667
47318,Guamal,Male,2019,3.224784251097093
47460,Nueva Granada,Male,2019,3.2429796089446272
47541,Pedraza,Male,2019,3.4071938583361683
47545,Pijiño Del Carmen,Male,2019,2.7755681601374564
47551,Pivijay,Male,2019,3.5074898331550317
47555,Plato,Male,2019,3.0295264542501865
47570,Puebloviejo,Male,2019,3.11744501766107
47605,Remolino,Male,2019,3.5905501276945646
47660,Sabanas De San Ángel,Male,2019,3.329387007571098
47675,Salamina,Male,2019,3.4758792259920437
47692,San Sebastián De Buenavista,Male,2019,3.2435881985896304
47703,San Zenón,Male,2019,2.700355818235681
47707,Santa Ana,Male,2019,2.771220980285758
47720,Santa Bárbara De Pinto,Male,2019,3.244341529309455
47745,Sitionuevo,Male,2019,3.782943172121494
47798,Tenerife,Male,2019,3.2577780525005964
47960,Zapayán,Male,2019,3.8725520795513035
47980,Zona Bananera,Male,2019,2.7523371555767353
50001,Villavicencio,Male,2019,3.212946663442099
50006,Acacías,Male,2019,3.1033391318846237
50110,Barranca De Upía,Male,2019,2.8733658655588723
50124,Cabuyaro,Male,2019,3.064410148538493
50150,Castilla La Nueva,Male,2019,2.655556265288674
50223,Cubarral,Male,2019,2.7479543944504456
50226,Cumaral,Male,2019,2.6220083011939233
50245,El Calvario,Male,2019,2.627509518749808
50251,El Castillo,Male,2019,3.0642251410080177
50270,El Dorado,Male,2019,3.645763895538504
50287,Fuente De Oro,Male,2019,3.2809454639468423
50313,Granada,Male,2019,3.629263650526302
50318,Guamal,Male,2019,2.746271937758543
50325,Mapiripán,Male,2019,2.82413302108369
50330,Mesetas,Male,2019,3.4705376290428225
50350,La Macarena,Male,2019,3.4619612129210275
50370,Uribe,Male,2019,3.8153554747005547
50400,Lejanías,Male,2019,3.037229530961371
50450,Puerto Concordia,Male,2019,3.287834878961397
50568,Puerto Gaitán,Male,2019,2.78938098211097
50573,Puerto López,Male,2019,3.151054808227018
50577,Puerto Lleras,Male,2019,3.2011939293371614
50590,Puerto Rico,Male,2019,3.78080391590415
50606,Restrepo,Male,2019,2.659453380405116
50680,San Carlos De Guaroa,Male,2019,2.7069866365326454
50683,San Juan De Arama,Male,2019,3.473867416124627
50686,San Juanito,Male,2019,3.065838784482125
50689,San Martín,Male,2019,2.5980712808446604
50711,Vistahermosa,Male,2019,3.5661268624347753
52001,Pasto,Male,2019,3.4855205856520675
52019,Albán,Male,2019,4.946808010842895
52022,Aldana,Male,2019,3.588102010836242
52036,Ancuya,Male,2019,4.789365060603619
52051,Arboleda,Male,2019,5.019935620090392
52079,Barbacoas,Male,2019,2.883297515027364
52083,Belén,Male,2019,4.648514438583121
52110,Buesaco,Male,2019,4.1313053873407535
52203,Colón,Male,2019,4.893176093316234
52207,Consacá,Male,2019,4.570558230358545
52210,Contadero,Male,2019,4.219293005071666
52215,Córdoba,Male,2019,3.5371815555772677
52224,Cuaspud Carlosama,Male,2019,4.22090457169313
52227,Cumbal,Male,2019,3.2406624153437535
52233,Cumbitara,Male,2019,4.072219002662097
52240,Chachagüí,Male,2019,3.7364014676669917
52250,El Charco,Male,2019,2.793464766206565
52254,El Peñol,Male,2019,5.663464694426762
52256,El Rosario,Male,2019,5.235538457996908
52258,El Tablón De Gómez,Male,2019,5.085675187663491
52260,El Tambo,Male,2019,4.345339361290503
52287,Funes,Male,2019,4.54810505711723
52317,Guachucal,Male,2019,4.381617228871545
52320,Guaitarilla,Male,2019,4.560586783248149
52323,Gualmatán,Male,2019,4.452326310307109
52352,Iles,Male,2019,4.088087010189965
52354,Imués,Male,2019,5.122549687103228
52356,Ipiales,Male,2019,3.1155371190527226
52378,La Cruz,Male,2019,4.246401336429864
52381,La Florida,Male,2019,6.169120024377527
52385,La Llanada,Male,2019,3.2712275742497274
52390,La Tola,Male,2019,2.693528187190779
52399,La Unión,Male,2019,5.1123219962511834
52405,Leiva,Male,2019,4.269048110597588
52411,Linares,Male,2019,5.068308825669903
52418,Los Andes,Male,2019,4.156584595251674
52427,Magüí,Male,2019,2.7264900819572895
52435,Mallama,Male,2019,3.886407665565663
52473,Mosquera,Male,2019,3.8454948364770356
52480,Nariño,Male,2019,4.654792195988262
52490,Olaya Herrera,Male,2019,2.772650875086923
52506,Ospina,Male,2019,4.134074226214806
52520,Francisco Pizarro,Male,2019,3.378030029346248
52540,Policarpa,Male,2019,4.4020004236887456
52560,Potosí,Male,2019,3.3982241105636253
52565,Providencia,Male,2019,5.175498291662201
52573,Puerres,Male,2019,3.714806653385515
52585,Pupiales,Male,2019,4.118697916627028
52612,Ricaurte,Male,2019,3.1414756011844176
52621,Roberto Payán,Male,2019,3.0847194653686087
52678,Samaniego,Male,2019,5.390685914939698
52683,Sandoná,Male,2019,4.289271798786041
52685,San Bernardo,Male,2019,5.67175380047324
52687,San Lorenzo,Male,2019,5.479549693394426
52693,San Pablo,Male,2019,4.778257524669277
52694,San Pedro De Cartago,Male,2019,5.017734857763029
52696,Santa Bárbara,Male,2019,3.170089837995983
52699,Santacruz,Male,2019,5.047947436163164
52720,Sapuyes,Male,2019,4.872095525314968
52786,Taminango,Male,2019,5.008669561176971
52788,Tangua,Male,2019,5.092855365946934
52835,San Andrés De Tumaco,Male,2019,3.0487491745566353
52838,Túquerres,Male,2019,3.983261285630752
52885,Yacuanquer,Male,2019,4.653835484437723
54001,San José De Cúcuta,Male,2019,3.5705151670063704
54003,Ábrego,Male,2019,3.405276061311058
54051,Arboledas,Male,2019,3.948713671191746
54099,Bochalema,Male,2019,3.4725419667819617
54109,Bucarasica,Male,2019,3.327536864786932
54125,Cácota,Male,2019,4.794177153022625
54128,Cáchira,Male,2019,3.6562705805521363
54172,Chinácota,Male,2019,3.081195268558106
54174,Chitagá,Male,2019,3.9577741771766384
54206,Convención,Male,2019,3.230236131933355
54223,Cucutilla,Male,2019,5.035176212534701
54239,Durania,Male,2019,4.106438648365045
54245,El Carmen,Male,2019,3.5211038338805163
54250,El Tarra,Male,2019,3.0401511697662826
54261,El Zulia,Male,2019,3.141408837245255
54313,Gramalote,Male,2019,5.041597205070559
54344,Hacarí,Male,2019,3.076114666538141
54347,Herrán,Male,2019,4.42723862120426
54377,Labateca,Male,2019,3.606975199733296
54385,La Esperanza,Male,2019,2.932266951980989
54398,La Playa,Male,2019,4.75401522640987
54405,Los Patios,Male,2019,2.866776969178741
54418,Lourdes,Male,2019,3.2082242629722932
54480,Mutiscua,Male,2019,3.7175012171357618
54498,Ocaña,Male,2019,3.5224648246777543
54518,Pamplona,Male,2019,3.0192943079892918
54520,Pamplonita,Male,2019,3.5927354938403924
54553,Puerto Santander,Male,2019,6.092901758193
54599,Ragonvalia,Male,2019,4.098602100950266
54660,Salazar,Male,2019,3.5706878924011867
54670,San Calixto,Male,2019,3.416467247602011
54673,San Cayetano,Male,2019,3.0545594810594836
54680,Santiago,Male,2019,3.912370576214878
54720,Sardinata,Male,2019,3.159165833543196
54743,Silos,Male,2019,3.7434228256943203
54800,Teorama,Male,2019,2.9909943354719077
54810,Tibú,Male,2019,4.443255814408775
54820,Toledo,Male,2019,3.6525007490822032
54871,Villa Caro,Male,2019,3.327775680978978
54874,Villa Del Rosario,Male,2019,2.889923874255948
63001,Armenia,Male,2019,3.8830138521630473
63111,Buenavista,Male,2019,3.5641835253179828
63130,Calarcá,Male,2019,3.6452184066020035
63190,Circasia,Male,2019,3.5338483795010216
63212,Córdoba,Male,2019,3.8925076359675344
63272,Filandia,Male,2019,3.6536585355211626
63302,Génova,Male,2019,4.424348251255905
63401,La Tebaida,Male,2019,4.401096716195402
63470,Montenegro,Male,2019,4.349859043741866
63548,Pijao,Male,2019,3.7606083755203463
63594,Quimbaya,Male,2019,4.347897109697
63690,Salento,Male,2019,3.9675742593686967
66001,Pereira,Male,2019,3.7440595395338376
66045,Apía,Male,2019,4.1607361044333695
66075,Balboa,Male,2019,4.579268752799971
66088,Belén De Umbría,Male,2019,3.74362346152874
66170,Dosquebradas,Male,2019,3.295175766389662
66318,Guática,Male,2019,4.114629658845505
66383,La Celia,Male,2019,4.457114329450365
66400,La Virginia,Male,2019,4.433722942457378
66440,Marsella,Male,2019,3.566163800561422
66456,Mistrató,Male,2019,2.502607767938702
66572,Pueblo Rico,Male,2019,2.6715367800163348
66594,Quinchía,Male,2019,3.50414967812818
66682,Santa Rosa De Cabal,Male,2019,3.6175388345603685
66687,Santuario,Male,2019,4.121669523671088
68001,Bucaramanga,Male,2019,3.4737718454329993
68013,Aguada,Male,2019,9.933523499618458
68020,Albania,Male,2019,4.79082469750699
68051,Aratoca,Male,2019,3.92192937864612
68077,Barbosa,Male,2019,2.8869743184706507
68079,Barichara,Male,2019,3.4377688423227277
68081,Barrancabermeja,Male,2019,3.8021522865462964
68092,Betulia,Male,2019,3.4936929028469064
68101,Bolívar,Male,2019,3.865458546059222
68121,Cabrera,Male,2019,4.961552811136541
68132,California,Male,2019,2.8480806735058177
68147,Capitanejo,Male,2019,3.759383411387416
68152,Carcasí,Male,2019,4.517404849279922
68160,Cepitá,Male,2019,3.5593960058221445
68162,Cerrito,Male,2019,3.8287546738677576
68167,Charalá,Male,2019,3.197331232412513
68169,Charta,Male,2019,4.320359480693171
68176,Chima,Male,2019,4.187607284594617
68179,Chipatá,Male,2019,5.310812395055988
68190,Cimitarra,Male,2019,3.310270808544284
68207,Concepción,Male,2019,3.6381210635156522
68209,Confines,Male,2019,4.309644854335893
68211,Contratación,Male,2019,3.8922656073491884
68217,Coromoro,Male,2019,4.1944008270621165
68229,Curití,Male,2019,3.5169018591316616
68235,El Carmen De Chucuri,Male,2019,4.1265253840782865
68245,El Guacamayo,Male,2019,3.8787817775807647
68250,El Peñón,Male,2019,3.693602149893088
68255,El Playón,Male,2019,3.368360130772279
68264,Encino,Male,2019,2.98239433330064
68266,Enciso,Male,2019,3.8930509587682463
68271,Florián,Male,2019,4.331352600303811
68276,Floridablanca,Male,2019,3.07847637845235
68296,Galán,Male,2019,4.691987786569425
68298,Gámbita,Male,2019,3.863385282753716
68307,Girón,Male,2019,2.9579674783236403
68318,Guaca,Male,2019,5.035818914367354
68320,Guadalupe,Male,2019,4.221816800638683
68322,Guapotá,Male,2019,3.9752972620988865
68324,Guavatá,Male,2019,5.193876215979751
68327,Güepsa,Male,2019,3.630605179985236
68344,Hato,Male,2019,4.267881190711355
68368,Jesús María,Male,2019,4.140579092578252
68370,Jordán,Male,2019,3.8757261780545376
68377,La Belleza,Male,2019,3.549502744206979
68385,Landázuri,Male,2019,3.9243269680029567
68397,La Paz,Male,2019,4.362842097251902
68406,Lebrija,Male,2019,3.22719488642005
68418,Los Santos,Male,2019,3.7491424424082584
68425,Macaravita,Male,2019,4.009829867514117
68432,Málaga,Male,2019,2.747868189133099
68444,Matanza,Male,2019,4.208489043556033
68464,Mogotes,Male,2019,3.6355697761894366
68468,Molagavita,Male,2019,4.620226381793595
68498,Ocamonte,Male,2019,3.864622873114985
68500,Oiba,Male,2019,3.7172465614583095
68502,Onzaga,Male,2019,4.652566789767609
68522,Palmar,Male,2019,3.879560006345555
68524,Palmas Del Socorro,Male,2019,3.290551845299489
68533,Páramo,Male,2019,3.368919628609008
68547,Piedecuesta,Male,2019,2.8791437323051006
68549,Pinchote,Male,2019,3.48882548866813
68572,Puente Nacional,Male,2019,3.5669938458130046
68573,Puerto Parra,Male,2019,2.705874761208003
68575,Puerto Wilches,Male,2019,2.843174570041468
68615,Rionegro,Male,2019,3.561157946950634
68655,Sabana De Torres,Male,2019,2.7936108587848065
68669,San Andrés,Male,2019,4.397472792961031
68673,San Benito,Male,2019,5.892631504198445
68679,San Gil,Male,2019,3.013166640617706
68682,San Joaquín,Male,2019,3.8717804695150315
68684,San José De Miranda,Male,2019,4.4306163001779995
68686,San Miguel,Male,2019,3.578783440326991
68689,San Vicente De Chucurí,Male,2019,3.462637160713021
68705,Santa Bárbara,Male,2019,5.044186263364616
68720,Santa Helena Del Opón,Male,2019,3.8683247748883836
68745,Simacota,Male,2019,3.9253280564762734
68755,Socorro,Male,2019,3.0873048636282268
68770,Suaita,Male,2019,4.3745465971766
68773,Sucre,Male,2019,4.009515204069378
68780,Suratá,Male,2019,4.132072777712656
68820,Tona,Male,2019,3.9747673194888877
68855,Valle De San José,Male,2019,3.643420973489727
68861,Vélez,Male,2019,4.359135914971862
68867,Vetas,Male,2019,4.204836513442001
68872,Villanueva,Male,2019,3.296213458926427
68895,Zapatoca,Male,2019,2.913470940720315
70001,Sincelejo,Male,2019,3.2866984795343694
70110,Buenavista,Male,2019,3.294677176780922
70124,Caimito,Male,2019,3.667061608981936
70204,Colosó,Male,2019,4.0274875609393215
70215,Corozal,Male,2019,3.2324653415223388
70221,Coveñas,Male,2019,3.709888101728905
70230,Chalán,Male,2019,4.811377870063164
70233,El Roble,Male,2019,4.086889550626698
70235,Galeras,Male,2019,2.9995792293086296
70265,Guaranda,Male,2019,3.561597629741984
70400,La Unión,Male,2019,3.823764004729835
70418,Los Palmitos,Male,2019,3.3084028039487086
70429,Majagual,Male,2019,3.7402333844025497
70473,Morroa,Male,2019,3.273784324721158
70508,Ovejas,Male,2019,3.9311145870388624
70523,Palmito,Male,2019,3.43800519356821
70670,Sampués,Male,2019,3.586648698495352
70678,San Benito Abad,Male,2019,3.8906570835405154
70702,San Juan De Betulia,Male,2019,3.944395223193628
70708,San Marcos,Male,2019,3.3697013102942384
70713,San Onofre,Male,2019,3.4376480590193235
70717,San Pedro,Male,2019,3.5563172781111794
70742,San Luis De Sincé,Male,2019,3.7659304971440726
70771,Sucre,Male,2019,4.129471617763717
70820,Santiago De Tolú,Male,2019,2.7128534943080833
70823,San José De Toluviejo,Male,2019,3.4147678882736114
73001,Ibagué,Male,2019,3.2132924271962224
73024,Alpujarra,Male,2019,3.371791620367182
73026,Alvarado,Male,2019,3.7799961909473265
73030,Ambalema,Male,2019,3.5049370770176327
73043,Anzoátegui,Male,2019,3.8223925908974583
73055,Armero,Male,2019,3.4111358518561943
73067,Ataco,Male,2019,3.455468978965391
73124,Cajamarca,Male,2019,3.617489504026539
73148,Carmen De Apicalá,Male,2019,3.2209207656396526
73152,Casabianca,Male,2019,3.735108313229203
73168,Chaparral,Male,2019,3.488826675024843
73200,Coello,Male,2019,4.2085493549378645
73217,Coyaima,Male,2019,3.8462269748541944
73226,Cunday,Male,2019,3.6034722101379124
73236,Dolores,Male,2019,3.473012899257689
73268,Espinal,Male,2019,3.9263163640807077
73270,Falan,Male,2019,3.768607482413922
73275,Flandes,Male,2019,3.4095294920287587
73283,Fresno,Male,2019,3.7108183952940266
73319,Guamo,Male,2019,3.54830698615026
73347,Herveo,Male,2019,4.3785943635261235
73349,Honda,Male,2019,4.06319536980636
73352,Icononzo,Male,2019,3.3851101636407726
73408,Lérida,Male,2019,3.4143701955415864
73411,Líbano,Male,2019,3.72928463576861
73443,San Sebastián De Mariquita,Male,2019,3.291504332387571
73449,Melgar,Male,2019,3.4086911904476382
73461,Murillo,Male,2019,4.0899356998246015
73483,Natagaima,Male,2019,4.645174076761323
73504,Ortega,Male,2019,3.4129378319131187
73520,Palocabildo,Male,2019,3.529289008633525
73547,Piedras,Male,2019,3.6827688121107376
73555,Planadas,Male,2019,2.854896319645578
73563,Prado,Male,2019,3.5276083311716535
73585,Purificación,Male,2019,3.613062533271704
73616,Rioblanco,Male,2019,2.9509181597904153
73622,Roncesvalles,Male,2019,3.127068048346323
73624,Rovira,Male,2019,3.3191767136350427
73671,Saldaña,Male,2019,3.67874108113126
73675,San Antonio,Male,2019,3.3634247138498776
73678,San Luis,Male,2019,3.893420331503574
73686,Santa Isabel,Male,2019,3.819909932396625
73770,Suárez,Male,2019,4.310408733064538
73854,Valle De San Juan,Male,2019,3.836877216074596
73861,Venadillo,Male,2019,3.5157174778505853
73870,Villahermosa,Male,2019,3.9618448869941094
73873,Villarrica,Male,2019,3.821458128826866
76001,Cali,Male,2019,3.1917051146438014
76020,Alcalá,Male,2019,4.478295263327982
76036,Andalucía,Male,2019,2.59671074080681
76041,Ansermanuevo,Male,2019,3.3925062273981967
76054,Argelia,Male,2019,4.1019555396234475
76100,Bolívar,Male,2019,3.0421050526551734
76109,Buenaventura,Male,2019,2.5959069566095736
76111,Guadalajara De Buga,Male,2019,3.017982470988935
76113,Bugalagrande,Male,2019,3.340651240939426
76122,Caicedonia,Male,2019,4.3939123152692865
76126,Calima,Male,2019,3.0821468264637435
76130,Candelaria,Male,2019,2.890553457558206
76147,Cartago,Male,2019,3.3993075972640567
76233,Dagua,Male,2019,2.890699698370262
76243,El Águila,Male,2019,3.58029000973901
76246,El Cairo,Male,2019,3.348266279786787
76248,El Cerrito,Male,2019,2.825812615507141
76250,El Dovio,Male,2019,2.549316071393111
76275,Florida,Male,2019,2.542058799316093
76306,Ginebra,Male,2019,2.6960408273385625
76318,Guacarí,Male,2019,2.8761125065061197
76364,Jamundí,Male,2019,2.7499133104973668
76377,La Cumbre,Male,2019,3.461701353459374
76400,La Unión,Male,2019,2.7941571948141664
76403,La Victoria,Male,2019,3.824224623568057
76497,Obando,Male,2019,3.3477661186752856
76520,Palmira,Male,2019,2.8902856085927486
76563,Pradera,Male,2019,2.6846205952737816
76606,Restrepo,Male,2019,2.6491321613199936
76616,Riofrío,Male,2019,2.6773220050186133
76622,Roldanillo,Male,2019,2.583601577422922
76670,San Pedro,Male,2019,2.652723596814786
76736,Sevilla,Male,2019,3.2406126192893843
76823,Toro,Male,2019,3.714792918005335
76828,Trujillo,Male,2019,2.8413590617768967
76834,Tuluá,Male,2019,3.0886638343390467
76845,Ulloa,Male,2019,2.99240747153869
76863,Versalles,Male,2019,3.1539838563670046
76869,Vijes,Male,2019,2.9241095025309374
76890,Yotoco,Male,2019,3.4723046782729052
76892,Yumbo,Male,2019,2.827037716317421
76895,Zarzal,Male,2019,2.6597292082845936
81001,Arauca,Male,2019,3.3766668326606073
81065,Arauquita,Male,2019,2.958783616676376
81220,Cravo Norte,Male,2019,3.5186675668506684
81300,Fortul,Male,2019,3.2632289602233757
81591,Puerto Rondón,Male,2019,3.1671791079262435
81736,Saravena,Male,2019,3.601558053742402
81794,Tame,Male,2019,4.325815786612883
85001,Yopal,Male,2019,3.131712363617808
85010,Aguazul,Male,2019,2.9269609788367656
85015,Chámeza,Male,2019,4.598576402560305
85125,Hato Corozal,Male,2019,2.8175620556127514
85136,La Salina,Male,2019,2.7065944269650895
85139,Maní,Male,2019,2.8935813098500214
85162,Monterrey,Male,2019,2.816330777226726
85225,Nunchía,Male,2019,3.9592801551008505
85230,Orocué,Male,2019,2.586108047914484
85250,Paz De Ariporo,Male,2019,2.6888776733827813
85263,Pore,Male,2019,2.851157933368747
85279,Recetor,Male,2019,4.0585574858674915
85300,Sabanalarga,Male,2019,3.3825866030299143
85315,Sácama,Male,2019,2.6875190088660905
85325,San Luis De Palenque,Male,2019,2.915003650028351
85400,Támara,Male,2019,2.981477599356289
85410,Tauramena,Male,2019,2.603039584773588
85430,Trinidad,Male,2019,2.678235201676448
85440,Villanueva,Male,2019,2.662965436410597
86001,Mocoa,Male,2019,2.9074913709493666
86219,Colón,Male,2019,3.141638867624964
86320,Orito,Male,2019,2.783972952071928
86568,Puerto Asís,Male,2019,3.2809701957431834
86569,Puerto Caicedo,Male,2019,3.1692438209967064
86571,Puerto Guzmán,Male,2019,3.0527353582060304
86573,Puerto Leguízamo,Male,2019,2.6531797693840264
86749,Sibundoy,Male,2019,2.8134107999897227
86755,San Francisco,Male,2019,2.8570056851149226
86757,San Miguel,Male,2019,3.0905487499118878
86760,Santiago,Male,2019,2.7655813013436807
86865,Valle Del Guamuez,Male,2019,3.2340498366042327
86885,Villagarzón,Male,2019,2.633652271229302
88001,San Andrés,Male,2019,3.005793060079541
88564,Providencia,Male,2019,2.81367152597469
91001,Leticia,Male,2019,3.1049751411824995
91263,El Encanto,Male,2019,2.661109147217158
91405,La Chorrera,Male,2019,2.1797439089249924
91407,La Pedrera,Male,2019,3.058801346942073
91430,La Victoria,Male,2019,3.6037508817579043
91460,Mirití - Paraná,Male,2019,2.790542669417697
91530,Puerto Alegría,Male,2019,5.0644522756955945
91536,Puerto Arica,Male,2019,3.4421998979718587
91540,Puerto Nariño,Male,2019,2.350587381636046
91669,Puerto Santander,Male,2019,2.820043824779996
91798,Tarapacá,Male,2019,2.4049818316409537
94001,Inírida,Male,2019,2.7979727345423235
94343,Barrancominas,Male,2019,1.3372027655871481
94883,San Felipe,Male,2019,2.220086624908606
94884,Puerto Colombia,Male,2019,2.4528402265715905
94885,La Guadalupe,Male,2019,1.7273792164828037
94886,Cacahual,Male,2019,1.8489164942068457
94887,Pana Pana,Male,2019,2.2314410038012826
94888,Morichal,Male,2019,2.2394831373254798
95001,San José Del Guaviare,Male,2019,3.571800261954895
95015,Calamar,Male,2019,3.633425859908985
95025,El Retorno,Male,2019,2.793307693586997
95200,Miraflores,Male,2019,4.9893247217112275
97001,Mitú,Male,2019,2.123274683498115
97161,Carurú,Male,2019,3.634542988809168
97511,Pacoa,Male,2019,1.6967753667191843
97666,Taraira,Male,2019,1.9331938778854156
97777,Papunahua,Male,2019,2.4062752997205488
97889,Yavaraté,Male,2019,3.119846229105737
99001,Puerto Carreño,Male,2019,3.891545047210397
99524,La Primavera,Male,2019,3.3152034136163357
99624,Santa Rosalía,Male,2019,3.1713776944147574
99773,Cumaribo,Male,2019,2.863050484379647
5001,Medellín,Female,2020,1.6198851900058457
5002,Abejorral,Female,2020,1.824815575780716
5004,Abriaquí,Female,2020,1.5268196589319278
5021,Alejandría,Female,2020,1.4702022403525785
5030,Amagá,Female,2020,1.6517562801749768
5031,Amalfi,Female,2020,1.5921136422840483
5034,Andes,Female,2020,1.8430706189462918
5036,Angelópolis,Female,2020,1.633561846902355
5038,Angostura,Female,2020,1.8153186691253922
5040,Anorí,Female,2020,1.440800362772296
5042,Santa Fé De Antioquia,Female,2020,1.5232588195245962
5044,Anzá,Female,2020,1.627212540055922
5045,Apartadó,Female,2020,1.6776477905487535
5051,Arboletes,Female,2020,1.5897272274661698
5055,Argelia,Female,2020,1.582467100740712
5059,Armenia,Female,2020,1.9154091264748714
5079,Barbosa,Female,2020,1.6778020100436282
5086,Belmira,Female,2020,1.4758305723903764
5088,Bello,Female,2020,1.5250959202601524
5091,Betania,Female,2020,2.1963691413574127
5093,Betulia,Female,2020,1.7678423933805376
5101,Ciudad Bolívar,Female,2020,2.0167586255109824
5107,Briceño,Female,2020,1.508488565640455
5113,Buriticá,Female,2020,1.4932386960994635
5120,Cáceres,Female,2020,1.5090837500090544
5125,Caicedo,Female,2020,1.7592409842283212
5129,Caldas,Female,2020,1.8342481874821155
5134,Campamento,Female,2020,1.698215528293728
5138,Cañasgordas,Female,2020,1.5876108465005965
5142,Caracolí,Female,2020,1.6246906162149597
5145,Caramanta,Female,2020,1.8502530648023148
5147,Carepa,Female,2020,1.9308053292698046
5148,El Carmen De Viboral,Female,2020,1.3180908764973376
5150,Carolina,Female,2020,1.7822854091645264
5154,Caucasia,Female,2020,2.2374373552299245
5172,Chigorodó,Female,2020,1.761922248391996
5190,Cisneros,Female,2020,1.784130189571664
5197,Cocorná,Female,2020,1.5928291059844528
5206,Concepción,Female,2020,1.6560792293629671
5209,Concordia,Female,2020,1.9995529313658928
5212,Copacabana,Female,2020,1.670350080936586
5234,Dabeiba,Female,2020,1.279822337145995
5237,Donmatías,Female,2020,1.4990966149475402
5240,Ebéjico,Female,2020,2.012668806950632
5250,El Bagre,Female,2020,1.550530302087324
5264,Entrerríos,Female,2020,1.2966828309618594
5266,Envigado,Female,2020,2.119763574276417
5282,Fredonia,Female,2020,1.895958925131702
5284,Frontino,Female,2020,1.3736198204815369
5306,Giraldo,Female,2020,1.2195935932126278
5308,Girardota,Female,2020,1.5707103554206903
5310,Gómez Plata,Female,2020,1.827334104285806
5313,Granada,Female,2020,1.2323640952110269
5315,Guadalupe,Female,2020,1.7278504263791825
5318,Guarne,Female,2020,1.5837537572143434
5321,Guatapé,Female,2020,1.336010541222344
5347,Heliconia,Female,2020,1.9436920556479278
5353,Hispania,Female,2020,1.7463297776993205
5360,Itagüí,Female,2020,1.7364124426818919
5361,Ituango,Female,2020,1.6110907212108245
5364,Jardín,Female,2020,1.754048827319206
5368,Jericó,Female,2020,1.726211129793043
5376,La Ceja,Female,2020,1.4733752946606178
5380,La Estrella,Female,2020,1.6772255933044142
5390,La Pintada,Female,2020,1.6367925387403108
5400,La Unión,Female,2020,1.4863495249062617
5411,Liborina,Female,2020,1.765067643086284
5425,Maceo,Female,2020,1.457818367781915
5440,Marinilla,Female,2020,1.2862961564403896
5467,Montebello,Female,2020,1.8634288355280546
5475,Murindó,Female,2020,1.1547994913682866
5480,Mutatá,Female,2020,2.647240007429377
5483,Nariño,Female,2020,1.704840903744596
5490,Necoclí,Female,2020,1.5959345680240171
5495,Nechí,Female,2020,1.3832632544156465
5501,Olaya,Female,2020,1.4652284041324455
5541,Peñol,Female,2020,1.3545195310120748
5543,Peque,Female,2020,1.4440962322476525
5576,Pueblorrico,Female,2020,1.7989141278639864
5579,Puerto Berrío,Female,2020,2.0753775963805836
5585,Puerto Nare,Female,2020,1.5644328041826288
5591,Puerto Triunfo,Female,2020,1.404045356817183
5604,Remedios,Female,2020,1.3442058984097067
5607,Retiro,Female,2020,1.5801923318808875
5615,Rionegro,Female,2020,1.558089609144767
5628,Sabanalarga,Female,2020,1.4178918882222793
5631,Sabaneta,Female,2020,2.0254521606685643
5642,Salgar,Female,2020,1.939724053800979
5647,San Andrés De Cuerquía,Female,2020,1.4173736199734825
5649,San Carlos,Female,2020,1.364785238318053
5652,San Francisco,Female,2020,1.384073022800299
5656,San Jerónimo,Female,2020,1.622127804031504
5658,San José De La Montaña,Female,2020,1.3674363293089988
5659,San Juan De Urabá,Female,2020,1.4997219443227634
5660,San Luis,Female,2020,1.235650603408953
5664,San Pedro De Los Milagros,Female,2020,1.6145216162193023
5665,San Pedro De Urabá,Female,2020,1.6904049099569929
5667,San Rafael,Female,2020,1.6947476449722456
5670,San Roque,Female,2020,1.6071816984814524
5674,San Vicente Ferrer,Female,2020,1.467276665912439
5679,Santa Bárbara,Female,2020,1.7771734083980992
5686,Santa Rosa De Osos,Female,2020,1.4622349394826972
5690,Santo Domingo,Female,2020,1.8104916581273218
5697,El Santuario,Female,2020,1.2080628125180772
5736,Segovia,Female,2020,2.0794316618445867
5756,Sonsón,Female,2020,1.6731949255784884
5761,Sopetrán,Female,2020,1.5814271614213138
5789,Támesis,Female,2020,1.9546470963940468
5790,Tarazá,Female,2020,2.1640361462022057
5792,Tarso,Female,2020,1.9392015303593655
5809,Titiribí,Female,2020,1.8665934005134892
5819,Toledo,Female,2020,1.6827027160004318
5837,Turbo,Female,2020,1.743700280682087
5842,Uramita,Female,2020,1.5717131107309465
5847,Urrao,Female,2020,1.4405977962304763
5854,Valdivia,Female,2020,1.8558469787594667
5856,Valparaíso,Female,2020,1.6272478461033344
5858,Vegachí,Female,2020,1.894647914349956
5861,Venecia,Female,2020,2.020415048708938
5873,Vigía Del Fuerte,Female,2020,1.3375795453202675
5885,Yalí,Female,2020,1.5714508944776495
5887,Yarumal,Female,2020,1.652906437559354
5890,Yolombó,Female,2020,1.6874928001779732
5893,Yondó,Female,2020,1.2854986643222328
5895,Zaragoza,Female,2020,1.767177108602431
8001,Barranquilla,Female,2020,1.8845054131336005
8078,Baranoa,Female,2020,1.454383534579264
8137,Campo De La Cruz,Female,2020,1.823033386760386
8141,Candelaria,Female,2020,1.516816777146941
8296,Galapa,Female,2020,1.1266308881330904
8372,Juan De Acosta,Female,2020,1.5168309845691996
8421,Luruaco,Female,2020,1.652460797129302
8433,Malambo,Female,2020,1.2382121335914662
8436,Manatí,Female,2020,1.3291229085067218
8520,Palmar De Varela,Female,2020,1.4685876616909797
8549,Piojó,Female,2020,1.6810231658520738
8558,Polonuevo,Female,2020,1.3018279896542326
8560,Ponedera,Female,2020,1.4389583821382341
8573,Puerto Colombia,Female,2020,1.2561956693847647
8606,Repelón,Female,2020,1.6684889200936384
8634,Sabanagrande,Female,2020,1.3366063528164223
8638,Sabanalarga,Female,2020,1.4175352902370935
8675,Santa Lucía,Female,2020,1.4146942977682968
8685,Santo Tomás,Female,2020,1.350972950562267
8758,Soledad,Female,2020,1.2217930421544718
8770,Suan,Female,2020,1.5655542161872047
8832,Tubará,Female,2020,1.423321822295723
8849,Usiacurí,Female,2020,1.4619314376604062
11001,"Bogotá, D.C.",Female,2020,1.5551643530966215
13001,Cartagena De Indias,Female,2020,1.7227157660405839
13006,Achí,Female,2020,1.5751300446072938
13030,Altos Del Rosario,Female,2020,1.4163547489074382
13042,Arenal,Female,2020,2.2178288483586166
13052,Arjona,Female,2020,1.6020621229974836
13062,Arroyohondo,Female,2020,1.9983562185288042
13074,Barranco De Loba,Female,2020,1.4815572830724506
13140,Calamar,Female,2020,1.7699433760435128
13160,Cantagallo,Female,2020,1.4450822985634009
13188,Cicuco,Female,2020,1.48218662269496
13212,Córdoba,Female,2020,1.7227225505643706
13222,Clemencia,Female,2020,1.6226748054908082
13244,El Carmen De Bolívar,Female,2020,1.6618474102397192
13248,El Guamo,Female,2020,1.9347801967599947
13268,El Peñón,Female,2020,1.5081960056362311
13300,Hatillo De Loba,Female,2020,1.5390563275531988
13430,Magangué,Female,2020,1.575182951564219
13433,Mahates,Female,2020,1.66888799323902
13440,Margarita,Female,2020,1.6709034941010545
13442,María La Baja,Female,2020,1.625460006831349
13458,Montecristo,Female,2020,1.5023382405058474
13468,Mompós,Female,2020,1.4734852621028687
13473,Morales,Female,2020,1.4303738660641452
13490,Norosí,Female,2020,0.9483310089109613
13549,Pinillos,Female,2020,1.5111255134238006
13580,Regidor,Female,2020,1.202405970922021
13600,Río Viejo,Female,2020,1.6495163618601043
13620,San Cristóbal,Female,2020,1.620364944711084
13647,San Estanislao,Female,2020,1.6585335123857587
13650,San Fernando,Female,2020,1.515754687721386
13654,San Jacinto,Female,2020,1.8133753437970777
13655,San Jacinto Del Cauca,Female,2020,1.6214770240669196
13657,San Juan Nepomuceno,Female,2020,1.8542306895922207
13667,San Martín De Loba,Female,2020,1.4025049478192848
13670,San Pablo,Female,2020,1.3786577854565223
13673,Santa Catalina,Female,2020,1.6983409510151288
13683,Santa Rosa,Female,2020,1.7273119430683272
13688,Santa Rosa Del Sur,Female,2020,1.3669213109438296
13744,Simití,Female,2020,1.57554292545781
13760,Soplaviento,Female,2020,1.6143846283044838
13780,Talaigua Nuevo,Female,2020,1.3245543386232717
13810,Tiquisio,Female,2020,1.3793817097049594
13836,Turbaco,Female,2020,1.4277590429362916
13838,Turbaná,Female,2020,1.5689179478654554
13873,Villanueva,Female,2020,1.5243934271442108
13894,Zambrano,Female,2020,1.6469674910809884
15001,Tunja,Female,2020,1.447541068695042
15022,Almeida,Female,2020,2.0108365477984234
15047,Aquitania,Female,2020,1.3945589130556457
15051,Arcabuco,Female,2020,1.2704160504881024
15087,Belén,Female,2020,1.3952377847142636
15090,Berbeo,Female,2020,1.8521298281149812
15092,Betéitiva,Female,2020,1.8432831450882432
15097,Boavita,Female,2020,1.8104372885679814
15104,Boyacá,Female,2020,1.5010109818256832
15106,Briceño,Female,2020,1.7319999379514244
15109,Buenavista,Female,2020,1.7975591715927872
15114,Busbanzá,Female,2020,1.4196940206484248
15131,Caldas,Female,2020,1.833076828395247
15135,Campohermoso,Female,2020,1.5817755653063772
15162,Cerinza,Female,2020,1.6970917294289487
15172,Chinavita,Female,2020,1.9179279258730282
15176,Chiquinquirá,Female,2020,1.506004598780482
15180,Chiscas,Female,2020,2.2347718858411065
15183,Chita,Female,2020,1.6113324711167678
15185,Chitaraque,Female,2020,1.6822887435446061
15187,Chivatá,Female,2020,1.2864353854142638
15189,Ciénega,Female,2020,1.4304771029344694
15204,Cómbita,Female,2020,1.5836947199202809
15212,Coper,Female,2020,1.5837457528744467
15215,Corrales,Female,2020,1.4862393809743835
15218,Covarachía,Female,2020,1.8963097485905913
15223,Cubará,Female,2020,1.1956773095204134
15224,Cucaita,Female,2020,1.6099149048907768
15226,Cuítiva,Female,2020,1.3502225957410805
15232,Chíquiza,Female,2020,1.691359866448924
15236,Chivor,Female,2020,1.6276615752270753
15238,Duitama,Female,2020,1.4276594968878447
15244,El Cocuy,Female,2020,1.7392264440606837
15248,El Espino,Female,2020,1.6017512588062888
15272,Firavitoba,Female,2020,1.3926352803760755
15276,Floresta,Female,2020,2.057609966354632
15293,Gachantivá,Female,2020,1.6854891861362307
15296,Gámeza,Female,2020,1.5233414541259465
15299,Garagoa,Female,2020,1.4014154788030664
15317,Guacamayas,Female,2020,1.4093541398112117
15322,Guateque,Female,2020,1.5806427519413009
15325,Guayatá,Female,2020,1.9168139353199052
15332,Güicán De La Sierra,Female,2020,1.3447441470110948
15362,Iza,Female,2020,1.4468096842173548
15367,Jenesano,Female,2020,1.5322968847143705
15368,Jericó,Female,2020,1.9649444285717486
15377,Labranzagrande,Female,2020,2.184694897485393
15380,La Capilla,Female,2020,1.487875960271493
15401,La Victoria,Female,2020,2.0007854762667936
15403,La Uvita,Female,2020,1.7183379729954469
15407,Villa De Leyva,Female,2020,1.3514575257194252
15425,Macanal,Female,2020,1.431009145439789
15442,Maripí,Female,2020,2.099487935414386
15455,Miraflores,Female,2020,1.4907766313699722
15464,Mongua,Female,2020,1.799461137734113
15466,Monguí,Female,2020,1.2893315839817316
15469,Moniquirá,Female,2020,1.5911560655433483
15476,Motavita,Female,2020,1.630715995654926
15480,Muzo,Female,2020,1.5930791798863464
15491,Nobsa,Female,2020,1.2172817197605017
15494,Nuevo Colón,Female,2020,1.8464154742591379
15500,Oicatá,Female,2020,1.3419335760639035
15507,Otanche,Female,2020,1.5831975208423195
15511,Pachavita,Female,2020,1.7252955563254424
15514,Páez,Female,2020,1.5075762550163374
15516,Paipa,Female,2020,1.3753504269239263
15518,Pajarito,Female,2020,1.2942237719088048
15522,Panqueba,Female,2020,1.6919295836708959
15531,Pauna,Female,2020,1.9267196417747696
15533,Paya,Female,2020,1.6193290006950547
15537,Paz De Río,Female,2020,1.3270919219181738
15542,Pesca,Female,2020,1.392861527168051
15550,Pisba,Female,2020,1.4695677350744134
15572,Puerto Boyacá,Female,2020,1.6556942234050829
15580,Quípama,Female,2020,2.3373237078561946
15599,Ramiriquí,Female,2020,1.4064366549959904
15600,Ráquira,Female,2020,1.3526471214461506
15621,Rondón,Female,2020,1.7434844351507333
15632,Saboyá,Female,2020,1.5276023091844024
15638,Sáchica,Female,2020,1.151583720124541
15646,Samacá,Female,2020,1.3752512178576364
15660,San Eduardo,Female,2020,1.829165384897989
15664,San José De Pare,Female,2020,2.0406651597076766
15667,San Luis De Gaceno,Female,2020,1.4928926273789151
15673,San Mateo,Female,2020,1.6233104697300862
15676,San Miguel De Sema,Female,2020,1.465603952891771
15681,San Pablo De Borbur,Female,2020,1.7265591166849215
15686,Santana,Female,2020,1.7389810963314738
15690,Santa María,Female,2020,1.4232151731315383
15693,Santa Rosa De Viterbo,Female,2020,1.450055131725989
15696,Santa Sofía,Female,2020,1.2812548765646423
15720,Sativanorte,Female,2020,2.0533349222810475
15723,Sativasur,Female,2020,1.5725442054866439
15740,Siachoque,Female,2020,1.4013138171278061
15753,Soatá,Female,2020,1.425390588711061
15755,Socotá,Female,2020,1.4815214903967173
15757,Socha,Female,2020,1.2618218018206493
15759,Sogamoso,Female,2020,1.4347516524795336
15761,Somondoco,Female,2020,2.3269423262407796
15762,Sora,Female,2020,1.7998856874214442
15763,Sotaquirá,Female,2020,1.294073787288478
15764,Soracá,Female,2020,1.4025095429442938
15774,Susacón,Female,2020,1.5760733482490676
15776,Sutamarchán,Female,2020,1.4693812294114161
15778,Sutatenza,Female,2020,2.133012133823495
15790,Tasco,Female,2020,1.2848396375025937
15798,Tenza,Female,2020,2.2036640760079695
15804,Tibaná,Female,2020,1.7412080127627774
15806,Tibasosa,Female,2020,1.2435818270353263
15808,Tinjacá,Female,2020,1.5739158242123585
15810,Tipacoque,Female,2020,1.7527098984174398
15814,Toca,Female,2020,1.2878005936214305
15816,Togüí,Female,2020,1.629794438722162
15820,Tópaga,Female,2020,1.2708132457492616
15822,Tota,Female,2020,1.5437199512836735
15832,Tununguá,Female,2020,1.3837270797603887
15835,Turmequé,Female,2020,1.9566459421675944
15837,Tuta,Female,2020,1.3527371980009957
15839,Tutazá,Female,2020,1.7446303012883564
15842,Úmbita,Female,2020,1.6338606959508175
15861,Ventaquemada,Female,2020,1.2595256274457693
15879,Viracachá,Female,2020,1.7366908942764614
15897,Zetaquira,Female,2020,1.8709067650929512
17001,Manizales,Female,2020,1.7547927066679423
17013,Aguadas,Female,2020,1.637721124895905
17042,Anserma,Female,2020,1.8170124314683838
17050,Aranzazu,Female,2020,1.6508158331775191
17088,Belalcázar,Female,2020,1.5794607638829026
17174,Chinchiná,Female,2020,1.6947805148725053
17272,Filadelfia,Female,2020,1.797042992298341
17380,La Dorada,Female,2020,1.607116753750642
17388,La Merced,Female,2020,1.9077979469468531
17433,Manzanares,Female,2020,1.701670607313975
17442,Marmato,Female,2020,1.4923673820601127
17444,Marquetalia,Female,2020,1.621070122237477
17446,Marulanda,Female,2020,1.5337656659617518
17486,Neira,Female,2020,1.6417343618597442
17495,Norcasia,Female,2020,1.5197683748230015
17513,Pácora,Female,2020,1.9474621986755876
17524,Palestina,Female,2020,1.6148815414426503
17541,Pensilvania,Female,2020,1.578658577284585
17614,Riosucio,Female,2020,1.5569028583799678
17616,Risaralda,Female,2020,1.8844437357608044
17653,Salamina,Female,2020,1.7635278331190063
17662,Samaná,Female,2020,1.5874247163255775
17665,San José,Female,2020,1.9383822767958805
17777,Supía,Female,2020,1.6636191476385906
17867,Victoria,Female,2020,1.5694201231693217
17873,Villamaría,Female,2020,1.589860703343611
17877,Viterbo,Female,2020,1.7715590268263326
18001,Florencia,Female,2020,1.9801269609052532
18029,Albania,Female,2020,1.5538526624861737
18094,Belén De Los Andaquíes,Female,2020,1.3956288455054668
18150,Cartagena Del Chairá,Female,2020,1.4083187132717492
18205,Curillo,Female,2020,1.4737339105785543
18247,El Doncello,Female,2020,1.4070526989603085
18256,El Paujíl,Female,2020,1.2521294980127735
18410,La Montañita,Female,2020,1.3408254646595303
18460,Milán,Female,2020,1.166858501306154
18479,Morelia,Female,2020,1.3010261076781882
18592,Puerto Rico,Female,2020,1.3782629449341626
18610,San José Del Fragua,Female,2020,1.2401384204672699
18753,San Vicente Del Caguán,Female,2020,1.4003460234402239
18756,Solano,Female,2020,1.3076237320334023
18785,Solita,Female,2020,1.4852607395498183
18860,Valparaíso,Female,2020,1.332842096685837
19001,Popayán,Female,2020,1.6514151654021303
19022,Almaguer,Female,2020,2.5038876311891483
19050,Argelia,Female,2020,1.909211165499352
19075,Balboa,Female,2020,1.8946322862389027
19100,Bolívar,Female,2020,2.3076776997645303
19110,Buenos Aires,Female,2020,1.4603003345285304
19130,Cajibío,Female,2020,1.8464740846795396
19137,Caldono,Female,2020,1.3850741328073062
19142,Caloto,Female,2020,1.5137258427672864
19212,Corinto,Female,2020,2.047543592689284
19256,El Tambo,Female,2020,1.8407480088163088
19290,Florencia,Female,2020,1.7305057708168798
19300,Guachené,Female,2020,0.9573978974400048
19318,Guapi,Female,2020,1.5475442151425223
19355,Inzá,Female,2020,1.524116765277519
19364,Jambaló,Female,2020,1.297379143903509
19392,La Sierra,Female,2020,2.2553259699885007
19397,La Vega,Female,2020,2.1961116002384506
19418,López De Micay,Female,2020,1.5400917865668156
19450,Mercaderes,Female,2020,2.103288433304329
19455,Miranda,Female,2020,1.4121831260424167
19473,Morales,Female,2020,1.471600384687058
19513,Padilla,Female,2020,1.7429831164980087
19517,Páez,Female,2020,1.2393680292678788
19532,Patía,Female,2020,1.925175885838575
19533,Piamonte,Female,2020,1.152319700331804
19548,Piendamó - Tunía,Female,2020,1.5342156549924302
19573,Puerto Tejada,Female,2020,2.0260754506073297
19585,Puracé,Female,2020,1.5093188333035434
19622,Rosas,Female,2020,2.1130443695113463
19693,San Sebastián,Female,2020,2.190035284979579
19698,Santander De Quilichao,Female,2020,1.414374474514649
19701,Santa Rosa,Female,2020,1.9795892347713469
19743,Silvia,Female,2020,1.4728652233614636
19760,Sotará - Paispamba,Female,2020,1.6414314923674849
19780,Suárez,Female,2020,1.4747952366990225
19785,Sucre,Female,2020,3.053021201812239
19807,Timbío,Female,2020,1.7981049634891868
19809,Timbiquí,Female,2020,1.3901205253230147
19821,Toribío,Female,2020,1.4128415100155693
19824,Totoró,Female,2020,1.5590614416299886
19845,Villa Rica,Female,2020,1.670085801706696
20001,Valledupar,Female,2020,1.4640213287264459
20011,Aguachica,Female,2020,1.4537175725482594
20013,Agustín Codazzi,Female,2020,1.3762434962150236
20032,Astrea,Female,2020,1.3435975518181429
20045,Becerril,Female,2020,1.1746189577401702
20060,Bosconia,Female,2020,1.33030779244474
20175,Chimichagua,Female,2020,1.2613969059242942
20178,Chiriguaná,Female,2020,1.4842976226084936
20228,Curumaní,Female,2020,1.3621849032116162
20238,El Copey,Female,2020,1.3691289609632322
20250,El Paso,Female,2020,1.2045344087948586
20295,Gamarra,Female,2020,1.6573031854718006
20310,González,Female,2020,1.909628660356834
20383,La Gloria,Female,2020,1.4323840658089042
20400,La Jagua De Ibirico,Female,2020,1.0755451495959445
20443,Manaure Balcón Del Cesar,Female,2020,1.3491805069516796
20517,Pailitas,Female,2020,1.5083789326656238
20550,Pelaya,Female,2020,1.4927670479782273
20570,Pueblo Bello,Female,2020,1.2315400716537412
20614,Río De Oro,Female,2020,1.7505824014287872
20621,La Paz,Female,2020,1.2628041915415869
20710,San Alberto,Female,2020,1.3335511734554206
20750,San Diego,Female,2020,1.3217130470995744
20770,San Martín,Female,2020,1.3887163967430813
20787,Tamalameque,Female,2020,1.3272753678927527
23001,Montería,Female,2020,1.526900581511867
23068,Ayapel,Female,2020,1.556719100791515
23079,Buenavista,Female,2020,1.6280798260728524
23090,Canalete,Female,2020,1.837048055611627
23162,Cereté,Female,2020,1.6422249166957161
23168,Chimá,Female,2020,2.1080884812571314
23182,Chinú,Female,2020,1.815392676167806
23189,Ciénaga De Oro,Female,2020,1.8680095442815612
23300,Cotorra,Female,2020,1.7350602391761134
23350,La Apartada,Female,2020,1.6138133748525874
23417,Lorica,Female,2020,1.640969870670794
23419,Los Córdobas,Female,2020,1.7388117197107094
23464,Momil,Female,2020,1.5619700417739313
23466,Montelíbano,Female,2020,1.3768346397154176
23500,Moñitos,Female,2020,1.801106141838414
23555,Planeta Rica,Female,2020,1.5480828756594542
23570,Pueblo Nuevo,Female,2020,1.6683945790496273
23574,Puerto Escondido,Female,2020,1.8864552020851
23580,Puerto Libertador,Female,2020,1.4371217691194378
23586,Purísima De La Concepción,Female,2020,1.7871310855905889
23660,Sahagún,Female,2020,1.6674360957074013
23670,San Andrés De Sotavento,Female,2020,1.8464148062568029
23672,San Antero,Female,2020,1.5639278355600994
23675,San Bernardo Del Viento,Female,2020,1.731710641022413
23678,San Carlos,Female,2020,1.8703078614635227
23682,San José De Uré,Female,2020,0.8320138372643082
23686,San Pelayo,Female,2020,1.9077302176841755
23807,Tierralta,Female,2020,1.478485875868712
23815,Tuchín,Female,2020,1.0138566569577872
23855,Valencia,Female,2020,1.6502205498685905
25001,Agua De Dios,Female,2020,1.8572007107969766
25019,Albán,Female,2020,1.4150138643617052
25035,Anapoima,Female,2020,1.5777146083613889
25040,Anolaima,Female,2020,1.5017168653006825
25053,Arbeláez,Female,2020,1.3571985431711926
25086,Beltrán,Female,2020,1.516311088372857
25095,Bituima,Female,2020,1.47990297851445
25099,Bojacá,Female,2020,1.307450959321974
25120,Cabrera,Female,2020,1.3173070157144744
25123,Cachipay,Female,2020,1.4871007555371667
25126,Cajicá,Female,2020,1.3316825625044648
25148,Caparrapí,Female,2020,1.8706629057320776
25151,Cáqueza,Female,2020,1.536604400138606
25154,Carmen De Carupa,Female,2020,1.5069912186042242
25168,Chaguaní,Female,2020,2.201783040229619
25175,Chía,Female,2020,1.6640990715821824
25178,Chipaque,Female,2020,1.4384643598751474
25181,Choachí,Female,2020,1.5599103802444008
25183,Chocontá,Female,2020,1.810885899336069
25200,Cogua,Female,2020,1.3012747275914038
25214,Cota,Female,2020,1.2872965045524087
25224,Cucunubá,Female,2020,1.2549785880744826
25245,El Colegio,Female,2020,1.563811919277658
25258,El Peñón,Female,2020,1.810483113501658
25260,El Rosal,Female,2020,1.1658431586203173
25269,Facatativá,Female,2020,1.5834853060101208
25279,Fómeque,Female,2020,1.432372413224376
25281,Fosca,Female,2020,1.706526534083807
25286,Funza,Female,2020,1.3686364568045803
25288,Fúquene,Female,2020,1.34163706704936
25290,Fusagasugá,Female,2020,1.653227397338115
25293,Gachalá,Female,2020,1.9679042849051993
25295,Gachancipá,Female,2020,1.1761455395722995
25297,Gachetá,Female,2020,2.197678832362374
25299,Gama,Female,2020,1.8429855937260056
25307,Girardot,Female,2020,2.3513542326120676
25312,Granada,Female,2020,1.3133450552390795
25317,Guachetá,Female,2020,1.2539734293816525
25320,Guaduas,Female,2020,1.7608927046316574
25322,Guasca,Female,2020,1.2866041516613447
25324,Guataquí,Female,2020,1.6993724566786177
25326,Guatavita,Female,2020,1.6105830183768524
25328,Guayabal De Síquima,Female,2020,1.4774441019201745
25335,Guayabetal,Female,2020,1.19359536080986
25339,Gutiérrez,Female,2020,1.4194397112404598
25368,Jerusalén,Female,2020,1.557581759052176
25372,Junín,Female,2020,2.669591415216715
25377,La Calera,Female,2020,1.5830022306745464
25386,La Mesa,Female,2020,1.7741491561212088
25394,La Palma,Female,2020,1.8582449616984613
25398,La Peña,Female,2020,2.1015669561968107
25402,La Vega,Female,2020,1.4578333162869421
25407,Lenguazaque,Female,2020,1.2609341470354258
25426,Machetá,Female,2020,1.994546438375163
25430,Madrid,Female,2020,1.2198836157740998
25436,Manta,Female,2020,1.9874557166317683
25438,Medina,Female,2020,1.482245945471317
25473,Mosquera,Female,2020,1.2682256332822546
25483,Nariño,Female,2020,1.8439808984711428
25486,Nemocón,Female,2020,1.2941679469706373
25488,Nilo,Female,2020,1.273698721228487
25489,Nimaima,Female,2020,1.6284447492065202
25491,Nocaima,Female,2020,1.4905750829406912
25506,Venecia,Female,2020,1.7009486855369802
25513,Pacho,Female,2020,1.8392516192446162
25518,Paime,Female,2020,1.947437182739687
25524,Pandi,Female,2020,1.5362524203741612
25530,Paratebueno,Female,2020,1.3477856106430233
25535,Pasca,Female,2020,1.4352081658519276
25572,Puerto Salgar,Female,2020,1.774034322932233
25580,Pulí,Female,2020,1.6383960281162429
25592,Quebradanegra,Female,2020,1.7030025062009486
25594,Quetame,Female,2020,1.4042506502818926
25596,Quipile,Female,2020,1.8019635490655186
25599,Apulo,Female,2020,1.4365135376038338
25612,Ricaurte,Female,2020,1.270045673674741
25645,San Antonio Del Tequendama,Female,2020,1.3980685120823204
25649,San Bernardo,Female,2020,1.4652362680549735
25653,San Cayetano,Female,2020,1.496653900277222
25658,San Francisco,Female,2020,1.3535755789608432
25662,San Juan De Rioseco,Female,2020,1.8225082772124412
25718,Sasaima,Female,2020,1.5076817110814371
25736,Sesquilé,Female,2020,1.3943875843926108
25740,Sibaté,Female,2020,1.744774241164708
25743,Silvania,Female,2020,1.5452105326177812
25745,Simijaca,Female,2020,1.416006872582833
25754,Soacha,Female,2020,1.3051309182990214
25758,Sopó,Female,2020,1.6294555182335424
25769,Subachoque,Female,2020,1.2762002414559641
25772,Suesca,Female,2020,1.2675391514492114
25777,Supatá,Female,2020,1.515905132886211
25779,Susa,Female,2020,1.3777243980985157
25781,Sutatausa,Female,2020,1.1684484569863447
25785,Tabio,Female,2020,1.4019742188253108
25793,Tausa,Female,2020,1.1299336786511678
25797,Tena,Female,2020,1.3107950982450038
25799,Tenjo,Female,2020,1.4790313425302628
25805,Tibacuy,Female,2020,1.434186693791752
25807,Tibirita,Female,2020,2.6291585937803803
25815,Tocaima,Female,2020,1.6943975088960261
25817,Tocancipá,Female,2020,1.190029850201352
25823,Topaipí,Female,2020,1.8225679118792613
25839,Ubalá,Female,2020,1.770066150527357
25841,Ubaque,Female,2020,1.64830597049925
25843,Villa De San Diego De Ubaté,Female,2020,1.7283805378031547
25845,Une,Female,2020,1.5187867332124423
25851,Útica,Female,2020,1.731693835038058
25862,Vergara,Female,2020,2.0631987246485126
25867,Vianí,Female,2020,1.4658339966958251
25871,Villagómez,Female,2020,1.556650042074638
25873,Villapinzón,Female,2020,1.404111948715523
25875,Villeta,Female,2020,1.7048064786829602
25878,Viotá,Female,2020,1.6373471719840968
25885,Yacopí,Female,2020,2.1002459485336122
25898,Zipacón,Female,2020,1.303489407639756
25899,Zipaquirá,Female,2020,1.4802279907111173
27001,Quibdó,Female,2020,1.832292721205814
27006,Acandí,Female,2020,1.5568608175504932
27025,Alto Baudó,Female,2020,1.7523472550965042
27050,Atrato,Female,2020,1.6878758436613177
27073,Bagadó,Female,2020,1.3116785217091367
27075,Bahía Solano,Female,2020,1.3515551235869117
27077,Bajo Baudó,Female,2020,1.4986983717069424
27099,Bojayá,Female,2020,1.2006461734566878
27135,El Cantón Del San Pablo,Female,2020,1.5480236286041273
27150,Carmen Del Darién,Female,2020,1.511349168776009
27160,Cértegui,Female,2020,1.7550289703270525
27205,Condoto,Female,2020,1.5762679195329454
27245,El Carmen De Atrato,Female,2020,1.6116305927953087
27250,El Litoral Del San Juan,Female,2020,1.3894065388576908
27361,Istmina,Female,2020,1.5751993349959204
27372,Juradó,Female,2020,1.3062102586628705
27413,Lloró,Female,2020,1.066761184147851
27425,Medio Atrato,Female,2020,1.9751725799712898
27430,Medio Baudó,Female,2020,1.6071760713380117
27450,Medio San Juan,Female,2020,1.7168710057254717
27491,Nóvita,Female,2020,1.598723041165137
27495,Nuquí,Female,2020,1.4286376435626624
27580,Río Iró,Female,2020,1.5482275188291064
27600,Río Quito,Female,2020,1.778622337599948
27615,Riosucio,Female,2020,2.1006420205274448
27660,San José Del Palmar,Female,2020,1.5447144702970264
27745,Sipí,Female,2020,1.4045193302009413
27787,Tadó,Female,2020,1.6456861780691538
27800,Unguía,Female,2020,1.5018744790777412
27810,Unión Panamericana,Female,2020,1.893701067154255
41001,Neiva,Female,2020,1.7198659165487582
41006,Acevedo,Female,2020,1.8757971313146713
41013,Agrado,Female,2020,1.4990012260147167
41016,Aipe,Female,2020,1.3284361001032536
41020,Algeciras,Female,2020,1.4698227295254465
41026,Altamira,Female,2020,1.3063060800903008
41078,Baraya,Female,2020,1.6246274736136095
41132,Campoalegre,Female,2020,1.4650664865136205
41206,Colombia,Female,2020,1.6904117294932577
41244,Elías,Female,2020,1.1800150304501857
41298,Garzón,Female,2020,1.45251293605337
41306,Gigante,Female,2020,1.4580706585207461
41319,Guadalupe,Female,2020,1.387282680745943
41349,Hobo,Female,2020,1.2820532783495537
41357,Íquira,Female,2020,1.4822339541279324
41359,Isnos,Female,2020,1.4500992929981689
41378,La Argentina,Female,2020,1.498311253148053
41396,La Plata,Female,2020,1.3607018898239673
41483,Nátaga,Female,2020,1.2484193098336216
41503,Oporapa,Female,2020,1.4376655621052523
41518,Paicol,Female,2020,1.3016794897138013
41524,Palermo,Female,2020,1.3106206523147277
41530,Palestina,Female,2020,1.5245685631074335
41548,Pital,Female,2020,1.3139806648911077
41551,Pitalito,Female,2020,1.7282997702651537
41615,Rivera,Female,2020,1.238500344941943
41660,Saladoblanco,Female,2020,1.5489071770242224
41668,San Agustín,Female,2020,1.3896550562675478
41676,Santa María,Female,2020,1.3913414361523573
41770,Suaza,Female,2020,1.2059950613215846
41791,Tarqui,Female,2020,1.4728225260904948
41797,Tesalia,Female,2020,1.3807902771228624
41799,Tello,Female,2020,1.312387532529337
41801,Teruel,Female,2020,1.3479166230244692
41807,Timaná,Female,2020,1.4403072153549858
41872,Villavieja,Female,2020,1.5893823077501232
41885,Yaguará,Female,2020,1.2800299256740482
44001,Riohacha,Female,2020,1.7383198185661195
44035,Albania,Female,2020,1.2061240910342745
44078,Barrancas,Female,2020,1.3243947067012196
44090,Dibulla,Female,2020,1.3914671027067562
44098,Distracción,Female,2020,1.2936455713800143
44110,El Molino,Female,2020,1.4570420265178592
44279,Fonseca,Female,2020,1.1741741811678241
44378,Hatonuevo,Female,2020,1.1817476596272904
44420,La Jagua Del Pilar,Female,2020,1.129994705080098
44430,Maicao,Female,2020,1.7042189797767413
44560,Manaure,Female,2020,1.4488795158141814
44650,San Juan Del Cesar,Female,2020,1.3943375707070755
44847,Uribia,Female,2020,2.03446566252253
44855,Urumita,Female,2020,1.1809608561183975
44874,Villanueva,Female,2020,1.1530561556512195
47001,Santa Marta,Female,2020,1.6710662477424754
47030,Algarrobo,Female,2020,1.2963551570804468
47053,Aracataca,Female,2020,1.3115833261418817
47058,Ariguaní,Female,2020,1.5269574304841924
47161,Cerro De San Antonio,Female,2020,1.7140668740552791
47170,Chivolo,Female,2020,1.389175393455106
47189,Ciénaga,Female,2020,1.5190727222149407
47205,Concordia,Female,2020,2.024997204885487
47245,El Banco,Female,2020,1.4498051890802315
47258,El Piñón,Female,2020,1.518242472845807
47268,El Retén,Female,2020,1.5287611625052295
47288,Fundación,Female,2020,1.437610940364375
47318,Guamal,Female,2020,1.5335121956720783
47460,Nueva Granada,Female,2020,1.535672008012246
47541,Pedraza,Female,2020,1.5968532792265975
47545,Pijiño Del Carmen,Female,2020,1.3488909822437658
47551,Pivijay,Female,2020,1.6797216716345955
47555,Plato,Female,2020,1.4121857781306262
47570,Puebloviejo,Female,2020,1.6256790455751589
47605,Remolino,Female,2020,1.6413470065770195
47660,Sabanas De San Ángel,Female,2020,1.4792024297258675
47675,Salamina,Female,2020,1.6062972911435078
47692,San Sebastián De Buenavista,Female,2020,1.5973107193280345
47703,San Zenón,Female,2020,1.2825761303636882
47707,Santa Ana,Female,2020,1.2705697829294118
47720,Santa Bárbara De Pinto,Female,2020,1.5655446074865236
47745,Sitionuevo,Female,2020,1.786430264577924
47798,Tenerife,Female,2020,1.4539770409684711
47960,Zapayán,Female,2020,1.7884055592958628
47980,Zona Bananera,Female,2020,1.3743582943409935
50001,Villavicencio,Female,2020,1.4606687899574198
50006,Acacías,Female,2020,1.1899890104341408
50110,Barranca De Upía,Female,2020,1.126605869782847
50124,Cabuyaro,Female,2020,1.1347225704379738
50150,Castilla La Nueva,Female,2020,1.0920744142301104
50223,Cubarral,Female,2020,1.2269828114203833
50226,Cumaral,Female,2020,1.1883145837232139
50245,El Calvario,Female,2020,1.0476656964965179
50251,El Castillo,Female,2020,1.3576619155405725
50270,El Dorado,Female,2020,1.3273825844929539
50287,Fuente De Oro,Female,2020,1.456601984988857
50313,Granada,Female,2020,1.5099994704753814
50318,Guamal,Female,2020,1.2539490698786189
50325,Mapiripán,Female,2020,1.0963334130118592
50330,Mesetas,Female,2020,1.4451702573799112
50350,La Macarena,Female,2020,1.5030846105863251
50370,Uribe,Female,2020,1.515480633732568
50400,Lejanías,Female,2020,1.4287001333337002
50450,Puerto Concordia,Female,2020,1.3023884562485233
50568,Puerto Gaitán,Female,2020,1.126208724136653
50573,Puerto López,Female,2020,1.3328024670498058
50577,Puerto Lleras,Female,2020,1.2829527642742695
50590,Puerto Rico,Female,2020,1.4135071387779126
50606,Restrepo,Female,2020,1.159805330921661
50680,San Carlos De Guaroa,Female,2020,1.0935907253882602
50683,San Juan De Arama,Female,2020,1.4530240641326106
50686,San Juanito,Female,2020,1.9350566594983236
50689,San Martín,Female,2020,1.180259733380222
50711,Vistahermosa,Female,2020,1.489275427454197
52001,Pasto,Female,2020,1.7109667170621798
52019,Albán,Female,2020,2.387961520209526
52022,Aldana,Female,2020,1.9168990207525969
52036,Ancuya,Female,2020,1.985988189182129
52051,Arboleda,Female,2020,2.306207338564979
52079,Barbacoas,Female,2020,1.4874291417913148
52083,Belén,Female,2020,2.2487034886420374
52110,Buesaco,Female,2020,1.9626735262796848
52203,Colón,Female,2020,2.1847853415973666
52207,Consacá,Female,2020,2.2784938162116384
52210,Contadero,Female,2020,2.1242470186270013
52215,Córdoba,Female,2020,1.852572153227873
52224,Cuaspud Carlosama,Female,2020,2.1781767801290726
52227,Cumbal,Female,2020,1.5569668057853057
52233,Cumbitara,Female,2020,2.091993538694243
52240,Chachagüí,Female,2020,1.771867425168592
52250,El Charco,Female,2020,1.4558586630687127
52254,El Peñol,Female,2020,2.5806525555619237
52256,El Rosario,Female,2020,2.4016470691510943
52258,El Tablón De Gómez,Female,2020,2.4315235217155178
52260,El Tambo,Female,2020,2.0025711695139434
52287,Funes,Female,2020,2.0953222587991536
52317,Guachucal,Female,2020,2.149591703400283
52320,Guaitarilla,Female,2020,1.9890435186503665
52323,Gualmatán,Female,2020,2.265086036524043
52352,Iles,Female,2020,2.0561212594969
52354,Imués,Female,2020,2.5545326733340565
52356,Ipiales,Female,2020,1.5388902855653221
52378,La Cruz,Female,2020,1.9662459100407093
52381,La Florida,Female,2020,3.2847230324406125
52385,La Llanada,Female,2020,1.527296350775877
52390,La Tola,Female,2020,1.5571283533740863
52399,La Unión,Female,2020,2.4703841561397075
52405,Leiva,Female,2020,1.9520449974438947
52411,Linares,Female,2020,2.17917543994036
52418,Los Andes,Female,2020,2.064901850135776
52427,Magüí,Female,2020,1.4401022170899387
52435,Mallama,Female,2020,1.8051083252122622
52473,Mosquera,Female,2020,2.014847888791031
52480,Nariño,Female,2020,3.1386956896899676
52490,Olaya Herrera,Female,2020,1.5573227410228097
52506,Ospina,Female,2020,1.8798128897854174
52520,Francisco Pizarro,Female,2020,1.7196925178807354
52540,Policarpa,Female,2020,2.050657179900055
52560,Potosí,Female,2020,1.6036330748933163
52565,Providencia,Female,2020,2.4729851272241903
52573,Puerres,Female,2020,1.8045348449905494
52585,Pupiales,Female,2020,2.0056546816733904
52612,Ricaurte,Female,2020,1.6731078450957821
52621,Roberto Payán,Female,2020,1.6705971209339994
52678,Samaniego,Female,2020,2.461332102470893
52683,Sandoná,Female,2020,2.0979080410769364
52685,San Bernardo,Female,2020,2.6849041332092796
52687,San Lorenzo,Female,2020,2.508092279547499
52693,San Pablo,Female,2020,2.311689899673938
52694,San Pedro De Cartago,Female,2020,2.3677283461514333
52696,Santa Bárbara,Female,2020,1.596650070169368
52699,Santacruz,Female,2020,2.4360094952590936
52720,Sapuyes,Female,2020,2.416433877383897
52786,Taminango,Female,2020,2.297234482660925
52788,Tangua,Female,2020,2.4816251715177575
52835,San Andrés De Tumaco,Female,2020,1.6161120554436936
52838,Túquerres,Female,2020,1.8994142021819105
52885,Yacuanquer,Female,2020,2.3348778264978436
54001,San José De Cúcuta,Female,2020,1.9679298766379076
54003,Ábrego,Female,2020,1.6692052882757942
54051,Arboledas,Female,2020,1.6146933529970096
54099,Bochalema,Female,2020,1.5610104479372535
54109,Bucarasica,Female,2020,1.5222532645522011
54125,Cácota,Female,2020,1.6799595748249607
54128,Cáchira,Female,2020,1.558615630751036
54172,Chinácota,Female,2020,1.4663724772216162
54174,Chitagá,Female,2020,1.737300512880456
54206,Convención,Female,2020,1.5636187842398257
54223,Cucutilla,Female,2020,2.223550934533284
54239,Durania,Female,2020,1.739747770391507
54245,El Carmen,Female,2020,1.645983981640239
54250,El Tarra,Female,2020,1.4182182625464337
54261,El Zulia,Female,2020,1.4631760065181671
54313,Gramalote,Female,2020,1.7474051407506341
54344,Hacarí,Female,2020,1.4092196980524256
54347,Herrán,Female,2020,2.1318022794773452
54377,Labateca,Female,2020,1.4754694172881622
54385,La Esperanza,Female,2020,1.3827942070264725
54398,La Playa,Female,2020,1.7185642368662406
54405,Los Patios,Female,2020,1.436590118140202
54418,Lourdes,Female,2020,1.3926912820717472
54480,Mutiscua,Female,2020,1.6274530328371548
54498,Ocaña,Female,2020,1.609615441503366
54518,Pamplona,Female,2020,1.4745807144464036
54520,Pamplonita,Female,2020,1.5086976261455696
54553,Puerto Santander,Female,2020,3.6719199476193563
54599,Ragonvalia,Female,2020,1.706694848246254
54660,Salazar,Female,2020,1.5370853743592199
54670,San Calixto,Female,2020,1.4876771152141515
54673,San Cayetano,Female,2020,1.4146536204326596
54680,Santiago,Female,2020,1.7134862490138885
54720,Sardinata,Female,2020,1.3691858752596595
54743,Silos,Female,2020,1.5452737014428974
54800,Teorama,Female,2020,1.475530736389015
54810,Tibú,Female,2020,1.6183800713224001
54820,Toledo,Female,2020,1.6478857701670564
54871,Villa Caro,Female,2020,1.7124808954044664
54874,Villa Del Rosario,Female,2020,1.4352535720228612
63001,Armenia,Female,2020,1.858756068018301
63111,Buenavista,Female,2020,1.4659108661323783
63130,Calarcá,Female,2020,1.6240827968103595
63190,Circasia,Female,2020,1.6223847413689978
63212,Córdoba,Female,2020,1.4981086452637282
63272,Filandia,Female,2020,1.65213642622667
63302,Génova,Female,2020,1.7648662824485135
63401,La Tebaida,Female,2020,1.676762548024324
63470,Montenegro,Female,2020,1.6795072256847057
63548,Pijao,Female,2020,1.8373053404147286
63594,Quimbaya,Female,2020,1.6941740861902448
63690,Salento,Female,2020,1.6478072061693458
66001,Pereira,Female,2020,1.6609219365656973
66045,Apía,Female,2020,1.6903400440469603
66075,Balboa,Female,2020,1.5899103975046345
66088,Belén De Umbría,Female,2020,1.6517236461964846
66170,Dosquebradas,Female,2020,1.5735954615898413
66318,Guática,Female,2020,1.7489481057571885
66383,La Celia,Female,2020,1.7538635391651307
66400,La Virginia,Female,2020,2.3967030358030854
66440,Marsella,Female,2020,1.6096665827116128
66456,Mistrató,Female,2020,1.246968966914965
66572,Pueblo Rico,Female,2020,1.2131570879428057
66594,Quinchía,Female,2020,1.5728062373783698
66682,Santa Rosa De Cabal,Female,2020,1.597895476157747
66687,Santuario,Female,2020,1.800140365280571
68001,Bucaramanga,Female,2020,1.755243348669349
68013,Aguada,Female,2020,2.059842599201321
68020,Albania,Female,2020,1.9063357436274035
68051,Aratoca,Female,2020,1.7433673310902236
68077,Barbosa,Female,2020,1.4059226881376377
68079,Barichara,Female,2020,1.54699255214874
68081,Barrancabermeja,Female,2020,1.9611841634608935
68092,Betulia,Female,2020,1.5370882136134139
68101,Bolívar,Female,2020,1.674138227363594
68121,Cabrera,Female,2020,1.6507405937190605
68132,California,Female,2020,1.176249108938851
68147,Capitanejo,Female,2020,1.6843546068870558
68152,Carcasí,Female,2020,1.9738089288940013
68160,Cepitá,Female,2020,1.5554490204769327
68162,Cerrito,Female,2020,1.6191525707139094
68167,Charalá,Female,2020,1.421098459921703
68169,Charta,Female,2020,1.6010755261771465
68176,Chima,Female,2020,1.6821434410055431
68179,Chipatá,Female,2020,1.9991582196398348
68190,Cimitarra,Female,2020,1.5602663816752926
68207,Concepción,Female,2020,1.575055824161243
68209,Confines,Female,2020,1.3119917773623848
68211,Contratación,Female,2020,1.790997392541321
68217,Coromoro,Female,2020,1.7650528709908184
68229,Curití,Female,2020,1.57089714352489
68235,El Carmen De Chucuri,Female,2020,1.9335627072370365
68245,El Guacamayo,Female,2020,1.5304582926446144
68250,El Peñón,Female,2020,1.5386054078973033
68255,El Playón,Female,2020,1.5498160066830335
68264,Encino,Female,2020,1.1826157103457127
68266,Enciso,Female,2020,1.81043082779457
68271,Florián,Female,2020,1.9453852327574284
68276,Floridablanca,Female,2020,1.4560066715560367
68296,Galán,Female,2020,1.6464541728314153
68298,Gámbita,Female,2020,1.5901182981596178
68307,Girón,Female,2020,1.3248282128506688
68318,Guaca,Female,2020,2.0822871959149083
68320,Guadalupe,Female,2020,1.7360679208278929
68322,Guapotá,Female,2020,1.3239019255378424
68324,Guavatá,Female,2020,2.1880050252837973
68327,Güepsa,Female,2020,1.5775165917005312
68344,Hato,Female,2020,1.8286749854912523
68368,Jesús María,Female,2020,1.7197331525906834
68370,Jordán,Female,2020,1.8792210287236124
68377,La Belleza,Female,2020,1.58245242099204
68385,Landázuri,Female,2020,1.8719928797026792
68397,La Paz,Female,2020,1.6982990604552857
68406,Lebrija,Female,2020,1.3800667857969857
68418,Los Santos,Female,2020,1.680991221483997
68425,Macaravita,Female,2020,1.5273100870669472
68432,Málaga,Female,2020,1.3386750894395683
68444,Matanza,Female,2020,1.68570970036695
68464,Mogotes,Female,2020,1.5475838170740226
68468,Molagavita,Female,2020,1.9495990724405399
68498,Ocamonte,Female,2020,1.487403705702741
68500,Oiba,Female,2020,1.5543930907686438
68502,Onzaga,Female,2020,2.01586194309945
68522,Palmar,Female,2020,1.6272823394200762
68524,Palmas Del Socorro,Female,2020,1.3680023779749375
68533,Páramo,Female,2020,1.3856137580775156
68547,Piedecuesta,Female,2020,1.3584032312741774
68549,Pinchote,Female,2020,1.4598631271569213
68572,Puente Nacional,Female,2020,1.5273878164554222
68573,Puerto Parra,Female,2020,1.1896788421457802
68575,Puerto Wilches,Female,2020,1.317969113798022
68615,Rionegro,Female,2020,1.4800273418230383
68655,Sabana De Torres,Female,2020,1.2870677299037874
68669,San Andrés,Female,2020,1.8295794592265442
68673,San Benito,Female,2020,2.0887093510031534
68679,San Gil,Female,2020,1.3889991670772375
68682,San Joaquín,Female,2020,1.5716657640922367
68684,San José De Miranda,Female,2020,1.88509864848357
68686,San Miguel,Female,2020,1.3065023018851474
68689,San Vicente De Chucurí,Female,2020,1.4746028598799654
68705,Santa Bárbara,Female,2020,2.037698527948939
68720,Santa Helena Del Opón,Female,2020,1.5246221439681058
68745,Simacota,Female,2020,1.5380757498526847
68755,Socorro,Female,2020,1.4195268791445197
68770,Suaita,Female,2020,1.7426273183826446
68773,Sucre,Female,2020,1.816114593272834
68780,Suratá,Female,2020,1.6962180454380713
68820,Tona,Female,2020,1.6126477532404915
68855,Valle De San José,Female,2020,1.5665180556860376
68861,Vélez,Female,2020,1.8749204813604607
68867,Vetas,Female,2020,1.4983974254159746
68872,Villanueva,Female,2020,1.5433381059500189
68895,Zapatoca,Female,2020,1.3551218880199931
70001,Sincelejo,Female,2020,1.630373418850848
70110,Buenavista,Female,2020,1.5612538400233393
70124,Caimito,Female,2020,1.6780003453817083
70204,Colosó,Female,2020,1.8083866983117398
70215,Corozal,Female,2020,1.546682100106933
70221,Coveñas,Female,2020,1.620490834858682
70230,Chalán,Female,2020,2.161282957627277
70233,El Roble,Female,2020,1.8475465204049035
70235,Galeras,Female,2020,1.3992068425205197
70265,Guaranda,Female,2020,1.6600536420581526
70400,La Unión,Female,2020,1.790306277184301
70418,Los Palmitos,Female,2020,1.5296235402134049
70429,Majagual,Female,2020,1.750872633458107
70473,Morroa,Female,2020,1.5960375615409301
70508,Ovejas,Female,2020,1.7814944137437414
70523,Palmito,Female,2020,1.6533626809176485
70670,Sampués,Female,2020,1.7197569117470592
70678,San Benito Abad,Female,2020,1.6839358732121945
70702,San Juan De Betulia,Female,2020,1.7888118163135696
70708,San Marcos,Female,2020,1.733759654494903
70713,San Onofre,Female,2020,1.6468514212980438
70717,San Pedro,Female,2020,1.679847283893157
70742,San Luis De Sincé,Female,2020,1.7558017202189382
70771,Sucre,Female,2020,1.7730989144357183
70820,Santiago De Tolú,Female,2020,1.3662473567540105
70823,San José De Toluviejo,Female,2020,1.617574579617177
73001,Ibagué,Female,2020,1.476127888475572
73024,Alpujarra,Female,2020,1.4265690753025597
73026,Alvarado,Female,2020,1.7025605553108059
73030,Ambalema,Female,2020,1.4898996546672758
73043,Anzoátegui,Female,2020,1.6326245464751659
73055,Armero,Female,2020,1.494690352474005
73067,Ataco,Female,2020,1.5262565381693889
73124,Cajamarca,Female,2020,1.5143397135815588
73148,Carmen De Apicalá,Female,2020,1.4004155954243418
73152,Casabianca,Female,2020,1.4682711548303384
73168,Chaparral,Female,2020,1.4951472739668494
73200,Coello,Female,2020,1.556024165843197
73217,Coyaima,Female,2020,1.722155393780102
73226,Cunday,Female,2020,1.466729034459813
73236,Dolores,Female,2020,1.4624317827043838
73268,Espinal,Female,2020,1.5439005692239243
73270,Falan,Female,2020,1.5570747077223135
73275,Flandes,Female,2020,1.390311489230192
73283,Fresno,Female,2020,1.6281248774679498
73319,Guamo,Female,2020,1.6103528588231215
73347,Herveo,Female,2020,2.0438032832959014
73349,Honda,Female,2020,1.6883708052083881
73352,Icononzo,Female,2020,1.458127451802845
73408,Lérida,Female,2020,1.6255672329695052
73411,Líbano,Female,2020,1.7172704867488717
73443,San Sebastián De Mariquita,Female,2020,1.5316214022155863
73449,Melgar,Female,2020,1.491453881509411
73461,Murillo,Female,2020,1.6807006738800432
73483,Natagaima,Female,2020,1.978769284632369
73504,Ortega,Female,2020,1.5573156215478958
73520,Palocabildo,Female,2020,1.4573177242935835
73547,Piedras,Female,2020,1.5324960332934798
73555,Planadas,Female,2020,1.3808507629850186
73563,Prado,Female,2020,1.4821091580587895
73585,Purificación,Female,2020,1.6627512294437818
73616,Rioblanco,Female,2020,1.3276118730158672
73622,Roncesvalles,Female,2020,1.3677866570487103
73624,Rovira,Female,2020,1.4970747233354424
73671,Saldaña,Female,2020,1.763905571022684
73675,San Antonio,Female,2020,1.5014325101838175
73678,San Luis,Female,2020,1.7456005319834047
73686,Santa Isabel,Female,2020,1.7271947115339417
73770,Suárez,Female,2020,1.807642840594061
73854,Valle De San Juan,Female,2020,1.5968511342887175
73861,Venadillo,Female,2020,1.558695053983078
73870,Villahermosa,Female,2020,1.783354268803054
73873,Villarrica,Female,2020,1.4209263498080769
76001,Cali,Female,2020,1.4804496443335562
76020,Alcalá,Female,2020,1.6324142205332455
76036,Andalucía,Female,2020,1.2796581508723093
76041,Ansermanuevo,Female,2020,1.2659719754490066
76054,Argelia,Female,2020,1.2403418549411158
76100,Bolívar,Female,2020,1.15022236857214
76109,Buenaventura,Female,2020,1.194429721078082
76111,Guadalajara De Buga,Female,2020,1.218170004041096
76113,Bugalagrande,Female,2020,1.3782175090305295
76122,Caicedonia,Female,2020,1.3569512940756807
76126,Calima,Female,2020,1.3693624894282486
76130,Candelaria,Female,2020,1.223578398363166
76147,Cartago,Female,2020,1.3734802552205891
76233,Dagua,Female,2020,1.2729587807224456
76243,El Águila,Female,2020,1.3899787098369925
76246,El Cairo,Female,2020,1.2442482816196594
76248,El Cerrito,Female,2020,1.211099099636569
76250,El Dovio,Female,2020,1.4957032231192922
76275,Florida,Female,2020,1.1741291427819078
76306,Ginebra,Female,2020,1.1748952845033933
76318,Guacarí,Female,2020,1.155772380802965
76364,Jamundí,Female,2020,1.2473127458610058
76377,La Cumbre,Female,2020,1.4459265895052875
76400,La Unión,Female,2020,1.4874673192668553
76403,La Victoria,Female,2020,1.4116669220410276
76497,Obando,Female,2020,1.3457526268743703
76520,Palmira,Female,2020,1.2587826007036593
76563,Pradera,Female,2020,1.249398229411604
76606,Restrepo,Female,2020,1.1671331284956135
76616,Riofrío,Female,2020,1.1650691848173558
76622,Roldanillo,Female,2020,1.2673298790613308
76670,San Pedro,Female,2020,1.1395523039697484
76736,Sevilla,Female,2020,1.4379366835805065
76823,Toro,Female,2020,1.3858150849019986
76828,Trujillo,Female,2020,1.26509079230736
76834,Tuluá,Female,2020,1.3989314336490548
76845,Ulloa,Female,2020,1.1626313306432554
76863,Versalles,Female,2020,1.4185260358676217
76869,Vijes,Female,2020,1.2299150997273778
76890,Yotoco,Female,2020,1.2167295243069876
76892,Yumbo,Female,2020,1.1952030721854663
76895,Zarzal,Female,2020,1.2177708764441837
81001,Arauca,Female,2020,1.587428035247193
81065,Arauquita,Female,2020,1.4230436133346553
81220,Cravo Norte,Female,2020,1.624716943818657
81300,Fortul,Female,2020,1.599397239034149
81591,Puerto Rondón,Female,2020,1.5176326130680746
81736,Saravena,Female,2020,1.4365376853091865
81794,Tame,Female,2020,1.5424800422025156
85001,Yopal,Female,2020,1.451185325586156
85010,Aguazul,Female,2020,1.3390934281853966
85015,Chámeza,Female,2020,1.3990816230767815
85125,Hato Corozal,Female,2020,1.2743969237266237
85136,La Salina,Female,2020,1.2367343841417335
85139,Maní,Female,2020,1.219842776408587
85162,Monterrey,Female,2020,1.3172686595509209
85225,Nunchía,Female,2020,1.664435676484098
85230,Orocué,Female,2020,1.1407203204153227
85250,Paz De Ariporo,Female,2020,1.242450455011551
85263,Pore,Female,2020,1.3571589337351793
85279,Recetor,Female,2020,1.5220168141836221
85300,Sabanalarga,Female,2020,1.5756300195176036
85315,Sácama,Female,2020,1.114910548243818
85325,San Luis De Palenque,Female,2020,1.2301070940309267
85400,Támara,Female,2020,1.2548735538424163
85410,Tauramena,Female,2020,1.2390325986230393
85430,Trinidad,Female,2020,1.2688163731423903
85440,Villanueva,Female,2020,1.21940980143386
86001,Mocoa,Female,2020,1.4460790830070525
86219,Colón,Female,2020,1.5715087432090953
86320,Orito,Female,2020,1.3922335044056773
86568,Puerto Asís,Female,2020,1.7375405522238243
86569,Puerto Caicedo,Female,2020,1.442294767410693
86571,Puerto Guzmán,Female,2020,1.4090724562159633
86573,Puerto Leguízamo,Female,2020,1.1833945590870965
86749,Sibundoy,Female,2020,1.4959978736359536
86755,San Francisco,Female,2020,1.3139115725563735
86757,San Miguel,Female,2020,1.4986166531952492
86760,Santiago,Female,2020,1.4206278295808852
86865,Valle Del Guamuez,Female,2020,1.679887052298582
86885,Villagarzón,Female,2020,1.4228811822743515
88001,San Andrés,Female,2020,1.4848062700228408
88564,Providencia,Female,2020,1.2137880610133462
91001,Leticia,Female,2020,2.1798465820623845
91263,El Encanto,Female,2020,1.1209087046043567
91405,La Chorrera,Female,2020,0.880811930450845
91407,La Pedrera,Female,2020,1.4391961098861865
91430,La Victoria,Female,2020,2.1385149751496075
91460,Mirití - Paraná,Female,2020,1.3194607018367026
91530,Puerto Alegría,Female,2020,1.2577699738878678
91536,Puerto Arica,Female,2020,1.6782432535987712
91540,Puerto Nariño,Female,2020,1.1124045451358215
91669,Puerto Santander,Female,2020,1.1662781458918638
91798,Tarapacá,Female,2020,1.0669026055898294
94001,Inírida,Female,2020,1.4427399252107433
94343,Barrancominas,Female,2020,0.6571962955090942
94883,San Felipe,Female,2020,1.1495742045656159
94884,Puerto Colombia,Female,2020,1.087539507244794
94885,La Guadalupe,Female,2020,0.6928098080890481
94886,Cacahual,Female,2020,0.9544267822576015
94887,Pana Pana,Female,2020,1.1320372089685815
94888,Morichal,Female,2020,0.9945136162278595
95001,San José Del Guaviare,Female,2020,1.275466103070349
95015,Calamar,Female,2020,1.3955370276365795
95025,El Retorno,Female,2020,1.1389202883065743
95200,Miraflores,Female,2020,1.1058908197441308
97001,Mitú,Female,2020,0.9794087597724084
97161,Carurú,Female,2020,0.7320394718915876
97511,Pacoa,Female,2020,0.8234207316402661
97666,Taraira,Female,2020,0.9677949265295172
97777,Papunahua,Female,2020,1.1401175755303945
97889,Yavaraté,Female,2020,0.7571635767253879
99001,Puerto Carreño,Female,2020,1.750369382958193
99524,La Primavera,Female,2020,1.6184405452479076
99624,Santa Rosalía,Female,2020,1.7501867319194073
99773,Cumaribo,Female,2020,1.353953551538701
5001,Medellín,Male,2020,4.027002011651391
5002,Abejorral,Male,2020,5.863311069721745
5004,Abriaquí,Male,2020,5.0062817387198475
5021,Alejandría,Male,2020,4.164645679920136
5030,Amagá,Male,2020,4.48192483769648
5031,Amalfi,Male,2020,4.368454580764674
5034,Andes,Male,2020,5.608233274934554
5036,Angelópolis,Male,2020,4.656941830363183
5038,Angostura,Male,2020,5.200020349729154
5040,Anorí,Male,2020,4.492606188055569
5042,Santa Fé De Antioquia,Male,2020,4.255427414655572
5044,Anzá,Male,2020,4.92831096997154
5045,Apartadó,Male,2020,4.025949637478432
5051,Arboletes,Male,2020,4.222334433233049
5055,Argelia,Male,2020,4.451239530359956
5059,Armenia,Male,2020,6.300019864063853
5079,Barbosa,Male,2020,4.788559425882374
5086,Belmira,Male,2020,4.27699381005624
5088,Bello,Male,2020,3.9227670205261376
5091,Betania,Male,2020,6.944035957473967
5093,Betulia,Male,2020,5.218454269089225
5101,Ciudad Bolívar,Male,2020,5.636166361492959
5107,Briceño,Male,2020,4.6741580069654445
5113,Buriticá,Male,2020,4.8990310653567795
5120,Cáceres,Male,2020,4.27548433078621
5125,Caicedo,Male,2020,5.110383518177134
5129,Caldas,Male,2020,4.78736484513134
5134,Campamento,Male,2020,4.80584242421823
5138,Cañasgordas,Male,2020,4.9055603756272035
5142,Caracolí,Male,2020,5.140874954624202
5145,Caramanta,Male,2020,5.55055894220353
5147,Carepa,Male,2020,4.7057801360816525
5148,El Carmen De Viboral,Male,2020,3.5794199487711023
5150,Carolina,Male,2020,5.352848393080272
5154,Caucasia,Male,2020,5.507410920480952
5172,Chigorodó,Male,2020,4.064748907392929
5190,Cisneros,Male,2020,4.761688140257844
5197,Cocorná,Male,2020,4.529315093297958
5206,Concepción,Male,2020,5.1025356343859904
5209,Concordia,Male,2020,5.765624468466794
5212,Copacabana,Male,2020,4.464128978157313
5234,Dabeiba,Male,2020,3.6061737199604114
5237,Donmatías,Male,2020,3.5004056877329037
5240,Ebéjico,Male,2020,6.302631267213701
5250,El Bagre,Male,2020,4.039513639063246
5264,Entrerríos,Male,2020,3.7888315951427223
5266,Envigado,Male,2020,5.252218775757798
5282,Fredonia,Male,2020,5.868307665266327
5284,Frontino,Male,2020,3.783253473063988
5306,Giraldo,Male,2020,3.860968882125643
5308,Girardota,Male,2020,4.244512251227647
5310,Gómez Plata,Male,2020,5.309051295708362
5313,Granada,Male,2020,3.395746798978757
5315,Guadalupe,Male,2020,4.997151330456525
5318,Guarne,Male,2020,4.3579977979201185
5321,Guatapé,Male,2020,3.7064263519404537
5347,Heliconia,Male,2020,6.638923061590277
5353,Hispania,Male,2020,5.050126916259078
5360,Itagüí,Male,2020,4.459450282490938
5361,Ituango,Male,2020,8.991184390318681
5364,Jardín,Male,2020,4.963288964043804
5368,Jericó,Male,2020,5.148790245524149
5376,La Ceja,Male,2020,3.8690869673254507
5380,La Estrella,Male,2020,4.371303271881594
5390,La Pintada,Male,2020,4.605127879222428
5400,La Unión,Male,2020,4.041207290934537
5411,Liborina,Male,2020,5.371132540311753
5425,Maceo,Male,2020,4.002159811689587
5440,Marinilla,Male,2020,3.421839725274069
5467,Montebello,Male,2020,5.969976281247704
5475,Murindó,Male,2020,3.0374477763650267
5480,Mutatá,Male,2020,7.414460439093043
5483,Nariño,Male,2020,5.033580180544166
5490,Necoclí,Male,2020,3.968142518060754
5495,Nechí,Male,2020,4.102586171680317
5501,Olaya,Male,2020,4.49153798141169
5541,Peñol,Male,2020,3.769969477403408
5543,Peque,Male,2020,4.4462172995646325
5576,Pueblorrico,Male,2020,5.15290766492064
5579,Puerto Berrío,Male,2020,5.705480902511144
5585,Puerto Nare,Male,2020,4.525496651968002
5591,Puerto Triunfo,Male,2020,4.902913189614328
5604,Remedios,Male,2020,3.587171241227086
5607,Retiro,Male,2020,4.283181841587311
5615,Rionegro,Male,2020,4.205590671610377
5628,Sabanalarga,Male,2020,4.654232577000087
5631,Sabaneta,Male,2020,4.905104490894534
5642,Salgar,Male,2020,5.735599689332948
5647,San Andrés De Cuerquía,Male,2020,4.266723467315156
5649,San Carlos,Male,2020,4.005695875446496
5652,San Francisco,Male,2020,3.8702229817532396
5656,San Jerónimo,Male,2020,4.58209280269898
5658,San José De La Montaña,Male,2020,4.25714119278289
5659,San Juan De Urabá,Male,2020,3.7943968847291787
5660,San Luis,Male,2020,3.1940257769255536
5664,San Pedro De Los Milagros,Male,2020,4.040861772710988
5665,San Pedro De Urabá,Male,2020,4.609230299126185
5667,San Rafael,Male,2020,4.706804230788946
5670,San Roque,Male,2020,4.828851429374052
5674,San Vicente Ferrer,Male,2020,4.587886938904009
5679,Santa Bárbara,Male,2020,5.039641748749984
5686,Santa Rosa De Osos,Male,2020,3.998669497809393
5690,Santo Domingo,Male,2020,5.702866005812235
5697,El Santuario,Male,2020,2.952204521740701
5736,Segovia,Male,2020,5.488894056924362
5756,Sonsón,Male,2020,4.79168157286203
5761,Sopetrán,Male,2020,4.758092037499405
5789,Támesis,Male,2020,6.012095076276992
5790,Tarazá,Male,2020,5.404616231320351
5792,Tarso,Male,2020,5.581672704931332
5809,Titiribí,Male,2020,5.543985929537771
5819,Toledo,Male,2020,5.047167142983423
5837,Turbo,Male,2020,3.937034707361055
5842,Uramita,Male,2020,4.741207400369192
5847,Urrao,Male,2020,4.029836407789423
5854,Valdivia,Male,2020,5.007900348246376
5856,Valparaíso,Male,2020,5.024207637004988
5858,Vegachí,Male,2020,4.926150286309743
5861,Venecia,Male,2020,5.556969173559852
5873,Vigía Del Fuerte,Male,2020,3.2352733150736586
5885,Yalí,Male,2020,4.923629313529879
5887,Yarumal,Male,2020,4.20158108576865
5890,Yolombó,Male,2020,5.135819070250506
5893,Yondó,Male,2020,3.7970617663244566
5895,Zaragoza,Male,2020,4.585835410435736
8001,Barranquilla,Male,2020,4.880295701383468
8078,Baranoa,Male,2020,4.090980994796665
8137,Campo De La Cruz,Male,2020,5.070700035418344
8141,Candelaria,Male,2020,4.438271606952555
8296,Galapa,Male,2020,3.0112460440609814
8372,Juan De Acosta,Male,2020,4.466301738863607
8421,Luruaco,Male,2020,4.682258040919435
8433,Malambo,Male,2020,3.3299264804852684
8436,Manatí,Male,2020,3.67669587939545
8520,Palmar De Varela,Male,2020,4.178044584140867
8549,Piojó,Male,2020,5.390117817591023
8558,Polonuevo,Male,2020,3.6917638275697584
8560,Ponedera,Male,2020,4.123768697637999
8573,Puerto Colombia,Male,2020,3.24407315465458
8606,Repelón,Male,2020,4.551427482805023
8634,Sabanagrande,Male,2020,3.741525473620654
8638,Sabanalarga,Male,2020,3.8546167855367792
8675,Santa Lucía,Male,2020,3.7856047633636245
8685,Santo Tomás,Male,2020,3.8409647652299723
8758,Soledad,Male,2020,3.132947966157501
8770,Suan,Male,2020,4.106684290354838
8832,Tubará,Male,2020,4.444757614913821
8849,Usiacurí,Male,2020,4.411136349558877
11001,"Bogotá, D.C.",Male,2020,3.9471631180488003
13001,Cartagena De Indias,Male,2020,4.359725676706827
13006,Achí,Male,2020,5.059514004661769
13030,Altos Del Rosario,Male,2020,4.520572782049742
13042,Arenal,Male,2020,6.430400690027487
13052,Arjona,Male,2020,4.345153109539407
13062,Arroyohondo,Male,2020,5.474856113911207
13074,Barranco De Loba,Male,2020,4.38077451490215
13140,Calamar,Male,2020,5.025967727218534
13160,Cantagallo,Male,2020,4.707361022826807
13188,Cicuco,Male,2020,4.261449286765124
13212,Córdoba,Male,2020,5.800505338870332
13222,Clemencia,Male,2020,4.736647974648904
13244,El Carmen De Bolívar,Male,2020,5.070750531553408
13248,El Guamo,Male,2020,6.511204470017153
13268,El Peñón,Male,2020,4.702107851799238
13300,Hatillo De Loba,Male,2020,4.798414444067568
13430,Magangué,Male,2020,4.35143233298103
13433,Mahates,Male,2020,4.882850015222282
13440,Margarita,Male,2020,5.688605223511951
13442,María La Baja,Male,2020,4.478044124845787
13458,Montecristo,Male,2020,5.4433351781564125
13468,Mompós,Male,2020,4.090820235159336
13473,Morales,Male,2020,4.639049428266753
13490,Norosí,Male,2020,3.3142210759286312
13549,Pinillos,Male,2020,4.742591195275326
13580,Regidor,Male,2020,3.4667237064663525
13600,Río Viejo,Male,2020,5.122896041697189
13620,San Cristóbal,Male,2020,4.480798858122883
13647,San Estanislao,Male,2020,4.701293810204449
13650,San Fernando,Male,2020,4.709501476823369
13654,San Jacinto,Male,2020,5.5140857866460085
13655,San Jacinto Del Cauca,Male,2020,5.441193094628001
13657,San Juan Nepomuceno,Male,2020,5.750298216598251
13667,San Martín De Loba,Male,2020,4.220821786259913
13670,San Pablo,Male,2020,3.911401879603244
13673,Santa Catalina,Male,2020,4.563127884830747
13683,Santa Rosa,Male,2020,4.6844249358352235
13688,Santa Rosa Del Sur,Male,2020,3.8572142633889217
13744,Simití,Male,2020,4.856821293445759
13760,Soplaviento,Male,2020,4.468419752625579
13780,Talaigua Nuevo,Male,2020,3.802346929468447
13810,Tiquisio,Male,2020,4.364043462077669
13836,Turbaco,Male,2020,3.811012848528914
13838,Turbaná,Male,2020,4.61377639866756
13873,Villanueva,Male,2020,4.52700368466234
13894,Zambrano,Male,2020,5.394327229231064
15001,Tunja,Male,2020,3.4049503260103493
15022,Almeida,Male,2020,7.122744793546308
15047,Aquitania,Male,2020,4.244521906009757
15051,Arcabuco,Male,2020,3.628448565973694
15087,Belén,Male,2020,3.7966341996317836
15090,Berbeo,Male,2020,5.809496008077936
15092,Betéitiva,Male,2020,5.819411654647299
15097,Boavita,Male,2020,5.635531297145784
15104,Boyacá,Male,2020,4.995632303171641
15106,Briceño,Male,2020,6.401051345665521
15109,Buenavista,Male,2020,6.200284323466379
15114,Busbanzá,Male,2020,4.139389462511358
15131,Caldas,Male,2020,5.427886270122899
15135,Campohermoso,Male,2020,5.293448563831912
15162,Cerinza,Male,2020,4.935062336793921
15172,Chinavita,Male,2020,6.109817923999973
15176,Chiquinquirá,Male,2020,3.6369235228384427
15180,Chiscas,Male,2020,6.54977346190688
15183,Chita,Male,2020,5.02944029457741
15185,Chitaraque,Male,2020,5.580480086348902
15187,Chivatá,Male,2020,3.8803181592325626
15189,Ciénega,Male,2020,4.404856294550952
15204,Cómbita,Male,2020,10.049750372776874
15212,Coper,Male,2020,4.961877520341226
15215,Corrales,Male,2020,4.509658256288142
15218,Covarachía,Male,2020,5.929711395174825
15223,Cubará,Male,2020,3.2507978747783386
15224,Cucaita,Male,2020,4.432263228709823
15226,Cuítiva,Male,2020,4.00197279480025
15232,Chíquiza,Male,2020,5.377752121049559
15236,Chivor,Male,2020,6.148455810507161
15238,Duitama,Male,2020,3.500591032438071
15244,El Cocuy,Male,2020,4.852022473988302
15248,El Espino,Male,2020,4.88645873754852
15272,Firavitoba,Male,2020,3.85249886616632
15276,Floresta,Male,2020,5.690279117232089
15293,Gachantivá,Male,2020,6.191710018399968
15296,Gámeza,Male,2020,4.494707490675385
15299,Garagoa,Male,2020,3.914700509144215
15317,Guacamayas,Male,2020,3.876702632986372
15322,Guateque,Male,2020,4.504342070948924
15325,Guayatá,Male,2020,6.782488134486176
15332,Güicán De La Sierra,Male,2020,3.8801706043399973
15362,Iza,Male,2020,3.791268835199207
15367,Jenesano,Male,2020,4.619284455899796
15368,Jericó,Male,2020,6.528312564628626
15377,Labranzagrande,Male,2020,8.486385241905412
15380,La Capilla,Male,2020,5.091883876508546
15401,La Victoria,Male,2020,6.269328958956272
15403,La Uvita,Male,2020,5.894513116065386
15407,Villa De Leyva,Male,2020,3.543732609694182
15425,Macanal,Male,2020,4.742581495462264
15442,Maripí,Male,2020,7.948230485828617
15455,Miraflores,Male,2020,4.232390529723814
15464,Mongua,Male,2020,4.773670882083854
15466,Monguí,Male,2020,3.493932903068696
15469,Moniquirá,Male,2020,4.537355560214323
15476,Motavita,Male,2020,4.42877590106957
15480,Muzo,Male,2020,5.80780669971971
15491,Nobsa,Male,2020,3.1696761512935256
15494,Nuevo Colón,Male,2020,5.851148467358724
15500,Oicatá,Male,2020,3.6558082955602713
15507,Otanche,Male,2020,5.283338920747533
15511,Pachavita,Male,2020,6.315206588666962
15514,Páez,Male,2020,4.917527806165343
15516,Paipa,Male,2020,3.526402626692243
15518,Pajarito,Male,2020,3.9828547548809934
15522,Panqueba,Male,2020,5.055835786349579
15531,Pauna,Male,2020,6.468898496800051
15533,Paya,Male,2020,5.454555293346545
15537,Paz De Río,Male,2020,3.814632172224881
15542,Pesca,Male,2020,4.112308740471461
15550,Pisba,Male,2020,4.645526788272546
15572,Puerto Boyacá,Male,2020,4.513092379773948
15580,Quípama,Male,2020,8.651300654536467
15599,Ramiriquí,Male,2020,4.188695891863847
15600,Ráquira,Male,2020,4.533032884338661
15621,Rondón,Male,2020,4.8957525315537955
15632,Saboyá,Male,2020,4.41253481001954
15638,Sáchica,Male,2020,3.3109193323831723
15646,Samacá,Male,2020,3.8464147098624553
15660,San Eduardo,Male,2020,5.653732458477045
15664,San José De Pare,Male,2020,6.889283608710682
15667,San Luis De Gaceno,Male,2020,4.623433841664419
15673,San Mateo,Male,2020,5.143335041622039
15676,San Miguel De Sema,Male,2020,4.040390695155237
15681,San Pablo De Borbur,Male,2020,6.408970094131395
15686,Santana,Male,2020,5.466034077963096
15690,Santa María,Male,2020,4.7103556722187685
15693,Santa Rosa De Viterbo,Male,2020,4.4046603697578055
15696,Santa Sofía,Male,2020,4.156780427901323
15720,Sativanorte,Male,2020,7.2443607246293
15723,Sativasur,Male,2020,4.610680940655768
15740,Siachoque,Male,2020,4.399937045521486
15753,Soatá,Male,2020,3.7109434963841244
15755,Socotá,Male,2020,5.328624725099283
15757,Socha,Male,2020,3.846362218824975
15759,Sogamoso,Male,2020,3.5674957916416727
15761,Somondoco,Male,2020,8.128790634600072
15762,Sora,Male,2020,5.268642660256644
15763,Sotaquirá,Male,2020,4.10108118786659
15764,Soracá,Male,2020,3.9723562537605095
15774,Susacón,Male,2020,5.5738757496536335
15776,Sutamarchán,Male,2020,4.488394058465063
15778,Sutatenza,Male,2020,6.461958031111467
15790,Tasco,Male,2020,4.130423437164148
15798,Tenza,Male,2020,6.7006921750106825
15804,Tibaná,Male,2020,5.330650763739788
15806,Tibasosa,Male,2020,3.3777654789765235
15808,Tinjacá,Male,2020,4.7534247164619785
15810,Tipacoque,Male,2020,5.073301598793949
15814,Toca,Male,2020,3.734787666948201
15816,Togüí,Male,2020,5.454988399266357
15820,Tópaga,Male,2020,3.4780994225460096
15822,Tota,Male,2020,4.5352255129050425
15832,Tununguá,Male,2020,4.984675265843488
15835,Turmequé,Male,2020,5.802431890187715
15837,Tuta,Male,2020,3.7558752039520695
15839,Tutazá,Male,2020,4.701782513736473
15842,Úmbita,Male,2020,5.64870664758384
15861,Ventaquemada,Male,2020,3.4610776888720913
15879,Viracachá,Male,2020,5.5449813759070095
15897,Zetaquira,Male,2020,5.625942740485898
17001,Manizales,Male,2020,4.521290769159282
17013,Aguadas,Male,2020,4.884672184448008
17042,Anserma,Male,2020,5.304666606924059
17050,Aranzazu,Male,2020,4.253920956290731
17088,Belalcázar,Male,2020,4.567442971547728
17174,Chinchiná,Male,2020,4.433315997411715
17272,Filadelfia,Male,2020,5.515855764030858
17380,La Dorada,Male,2020,4.343923941974765
17388,La Merced,Male,2020,5.852539533050195
17433,Manzanares,Male,2020,5.1520805344494685
17442,Marmato,Male,2020,4.275379021287839
17444,Marquetalia,Male,2020,4.945328926353831
17446,Marulanda,Male,2020,5.064388807462242
17486,Neira,Male,2020,4.715511557812052
17495,Norcasia,Male,2020,4.342857003408178
17513,Pácora,Male,2020,6.110145392313964
17524,Palestina,Male,2020,4.8053549380499225
17541,Pensilvania,Male,2020,4.969965032134659
17614,Riosucio,Male,2020,4.5008082571699175
17616,Risaralda,Male,2020,6.197428825280101
17653,Salamina,Male,2020,5.360608097081613
17662,Samaná,Male,2020,4.824019794354291
17665,San José,Male,2020,6.38605777148467
17777,Supía,Male,2020,4.446356477652139
17867,Victoria,Male,2020,4.594771746148461
17873,Villamaría,Male,2020,4.088696315613578
17877,Viterbo,Male,2020,4.5838719453000785
18001,Florencia,Male,2020,5.1970434898559015
18029,Albania,Male,2020,4.383313955476497
18094,Belén De Los Andaquíes,Male,2020,3.533229022396028
18150,Cartagena Del Chairá,Male,2020,4.067167618350886
18205,Curillo,Male,2020,3.947134785379904
18247,El Doncello,Male,2020,3.7445870772740153
18256,El Paujíl,Male,2020,3.5866092026711045
18410,La Montañita,Male,2020,4.099867037172503
18460,Milán,Male,2020,3.497368330314115
18479,Morelia,Male,2020,4.097964272072436
18592,Puerto Rico,Male,2020,3.8454811122608716
18610,San José Del Fragua,Male,2020,3.4507903273164424
18753,San Vicente Del Caguán,Male,2020,4.095977782425363
18756,Solano,Male,2020,4.35120507654693
18785,Solita,Male,2020,4.24671781025537
18860,Valparaíso,Male,2020,3.998191140595816
19001,Popayán,Male,2020,4.238792690664347
19022,Almaguer,Male,2020,7.097215110712207
19050,Argelia,Male,2020,5.738141684699236
19075,Balboa,Male,2020,5.3415990802070485
19100,Bolívar,Male,2020,6.861318552568832
19110,Buenos Aires,Male,2020,3.903657715733695
19130,Cajibío,Male,2020,5.424178750941502
19137,Caldono,Male,2020,3.9454654088101817
19142,Caloto,Male,2020,3.9965211220554995
19212,Corinto,Male,2020,5.510769210771157
19256,El Tambo,Male,2020,5.608264170374956
19290,Florencia,Male,2020,4.832892154377672
19300,Guachené,Male,2020,2.219419128545824
19318,Guapi,Male,2020,3.9002864872645784
19355,Inzá,Male,2020,4.36467917268376
19364,Jambaló,Male,2020,3.537588802543675
19392,La Sierra,Male,2020,7.033828230162103
19397,La Vega,Male,2020,6.59129319227961
19418,López De Micay,Male,2020,4.191035113336928
19450,Mercaderes,Male,2020,6.093826384576187
19455,Miranda,Male,2020,3.6460414559919183
19473,Morales,Male,2020,4.233634502777747
19513,Padilla,Male,2020,3.962736724248523
19517,Páez,Male,2020,3.5890858119610733
19532,Patía,Male,2020,5.0770420739434625
19533,Piamonte,Male,2020,3.6863435067833854
19548,Piendamó - Tunía,Male,2020,4.1329527153187025
19573,Puerto Tejada,Male,2020,4.489140566113406
19585,Puracé,Male,2020,4.045582074507236
19622,Rosas,Male,2020,6.511387315809266
19693,San Sebastián,Male,2020,6.57057223210148
19698,Santander De Quilichao,Male,2020,3.5533220975190396
19701,Santa Rosa,Male,2020,6.461147396209973
19743,Silvia,Male,2020,3.9300693080891125
19760,Sotará - Paispamba,Male,2020,4.670066324708262
19780,Suárez,Male,2020,4.236296465514058
19785,Sucre,Male,2020,8.867063582373154
19807,Timbío,Male,2020,5.0216693757863595
19809,Timbiquí,Male,2020,3.797638761474642
19821,Toribío,Male,2020,3.8535069657026253
19824,Totoró,Male,2020,4.271813716511512
19845,Villa Rica,Male,2020,3.753904172959117
20001,Valledupar,Male,2020,3.643316944331086
20011,Aguachica,Male,2020,3.6844860133822013
20013,Agustín Codazzi,Male,2020,3.8464789031757114
20032,Astrea,Male,2020,3.937395608482712
20045,Becerril,Male,2020,3.2472882773032707
20060,Bosconia,Male,2020,3.5447250792509233
20175,Chimichagua,Male,2020,3.5809140266248507
20178,Chiriguaná,Male,2020,3.9376556250816357
20228,Curumaní,Male,2020,3.5731241891947016
20238,El Copey,Male,2020,3.718532303325779
20250,El Paso,Male,2020,3.100557289657049
20295,Gamarra,Male,2020,4.7309892571288765
20310,González,Male,2020,6.086787950589231
20383,La Gloria,Male,2020,4.122635321031142
20400,La Jagua De Ibirico,Male,2020,2.7425645097779445
20443,Manaure Balcón Del Cesar,Male,2020,3.9658311940198545
20517,Pailitas,Male,2020,3.926904598045785
20550,Pelaya,Male,2020,3.958268823185492
20570,Pueblo Bello,Male,2020,3.405842539428475
20614,Río De Oro,Male,2020,5.329940243515041
20621,La Paz,Male,2020,3.4541949448372957
20710,San Alberto,Male,2020,3.5967881873512257
20750,San Diego,Male,2020,3.661552545551807
20770,San Martín,Male,2020,4.019582982009648
20787,Tamalameque,Male,2020,3.522754585575742
23001,Montería,Male,2020,3.909760330785589
23068,Ayapel,Male,2020,4.4820898976077395
23079,Buenavista,Male,2020,4.6987927781794605
23090,Canalete,Male,2020,5.503464915909269
23162,Cereté,Male,2020,4.416987474295039
23168,Chimá,Male,2020,6.550549604460933
23182,Chinú,Male,2020,5.552764240518548
23189,Ciénaga De Oro,Male,2020,5.46705306055644
23300,Cotorra,Male,2020,4.8177122586748755
23350,La Apartada,Male,2020,4.36212678572805
23417,Lorica,Male,2020,4.437286748913125
23419,Los Córdobas,Male,2020,5.039031439020489
23464,Momil,Male,2020,4.598675837189982
23466,Montelíbano,Male,2020,3.5088678434244294
23500,Moñitos,Male,2020,5.05811828281811
23555,Planeta Rica,Male,2020,4.167683299736481
23570,Pueblo Nuevo,Male,2020,4.815891045295618
23574,Puerto Escondido,Male,2020,5.576939234047893
23580,Puerto Libertador,Male,2020,4.152259708263405
23586,Purísima De La Concepción,Male,2020,5.135406175940346
23660,Sahagún,Male,2020,4.652171018199625
23670,San Andrés De Sotavento,Male,2020,5.7601503848113635
23672,San Antero,Male,2020,4.134433161503541
23675,San Bernardo Del Viento,Male,2020,4.902314950712505
23678,San Carlos,Male,2020,5.554598557596836
23682,San José De Uré,Male,2020,2.5743544044326243
23686,San Pelayo,Male,2020,5.622346592976572
23807,Tierralta,Male,2020,4.10882313063536
23815,Tuchín,Male,2020,3.17861837682519
23855,Valencia,Male,2020,4.506618990316489
25001,Agua De Dios,Male,2020,5.0987270411917
25019,Albán,Male,2020,4.389849133612802
25035,Anapoima,Male,2020,4.574898070468823
25040,Anolaima,Male,2020,4.93781614910539
25053,Arbeláez,Male,2020,4.328569733603505
25086,Beltrán,Male,2020,5.124709673802831
25095,Bituima,Male,2020,5.5005692547711025
25099,Bojacá,Male,2020,3.6275548365667794
25120,Cabrera,Male,2020,4.903372919892135
25123,Cachipay,Male,2020,4.686486994348883
25126,Cajicá,Male,2020,3.2732761384930495
25148,Caparrapí,Male,2020,6.66523334822156
25151,Cáqueza,Male,2020,4.549463337505045
25154,Carmen De Carupa,Male,2020,4.945638883605507
25168,Chaguaní,Male,2020,8.863541545135506
25175,Chía,Male,2020,4.237018311988114
25178,Chipaque,Male,2020,4.409384285936123
25181,Choachí,Male,2020,4.596952596269521
25183,Chocontá,Male,2020,5.1519939747961745
25200,Cogua,Male,2020,3.563371739258425
25214,Cota,Male,2020,3.250887191374295
25224,Cucunubá,Male,2020,3.5172943762504687
25245,El Colegio,Male,2020,4.517345957025669
25258,El Peñón,Male,2020,6.365971707883555
25260,El Rosal,Male,2020,3.1204234876520207
25269,Facatativá,Male,2020,4.018599900423137
25279,Fómeque,Male,2020,4.404659804514108
25281,Fosca,Male,2020,5.199028753358275
25286,Funza,Male,2020,3.532267435709386
25288,Fúquene,Male,2020,3.871944252300479
25290,Fusagasugá,Male,2020,4.362815100339191
25293,Gachalá,Male,2020,7.067903196763452
25295,Gachancipá,Male,2020,3.1732231852690367
25297,Gachetá,Male,2020,6.9671992424324225
25299,Gama,Male,2020,5.697299206126797
25307,Girardot,Male,2020,6.434889429633488
25312,Granada,Male,2020,3.552471548035517
25317,Guachetá,Male,2020,3.7960646273005705
25320,Guaduas,Male,2020,6.8302096310661105
25322,Guasca,Male,2020,3.569906675546433
25324,Guataquí,Male,2020,5.743390241139016
25326,Guatavita,Male,2020,4.955314057329765
25328,Guayabal De Síquima,Male,2020,5.051420362427713
25335,Guayabetal,Male,2020,3.754820683088109
25339,Gutiérrez,Male,2020,4.83943479563621
25368,Jerusalén,Male,2020,5.816775083699007
25372,Junín,Male,2020,7.775426423374631
25377,La Calera,Male,2020,4.166992913496013
25386,La Mesa,Male,2020,5.365451528978497
25394,La Palma,Male,2020,6.615372713667217
25398,La Peña,Male,2020,8.491231282347785
25402,La Vega,Male,2020,4.314983088614185
25407,Lenguazaque,Male,2020,4.016955571412773
25426,Machetá,Male,2020,6.59764820791193
25430,Madrid,Male,2020,3.1494382781396375
25436,Manta,Male,2020,6.956277392855311
25438,Medina,Male,2020,4.468608848459709
25473,Mosquera,Male,2020,3.247324198270735
25483,Nariño,Male,2020,6.270934485937329
25486,Nemocón,Male,2020,3.3629902496315416
25488,Nilo,Male,2020,5.305447590346739
25489,Nimaima,Male,2020,6.125148978293488
25491,Nocaima,Male,2020,5.222249238855267
25506,Venecia,Male,2020,5.326743173003708
25513,Pacho,Male,2020,5.190138488016155
25518,Paime,Male,2020,7.09080447159321
25524,Pandi,Male,2020,5.141610146403826
25530,Paratebueno,Male,2020,4.028030227355688
25535,Pasca,Male,2020,4.585613446249117
25572,Puerto Salgar,Male,2020,4.918073699794343
25580,Pulí,Male,2020,6.2152683748769215
25592,Quebradanegra,Male,2020,5.983123050670053
25594,Quetame,Male,2020,4.435528702682992
25596,Quipile,Male,2020,7.023667414750011
25599,Apulo,Male,2020,4.659806023804269
25612,Ricaurte,Male,2020,3.809197997104488
25645,San Antonio Del Tequendama,Male,2020,4.506449526053068
25649,San Bernardo,Male,2020,4.856485620495114
25653,San Cayetano,Male,2020,5.419384667328427
25658,San Francisco,Male,2020,3.8813744447867338
25662,San Juan De Rioseco,Male,2020,5.770357992696489
25718,Sasaima,Male,2020,4.886467125026745
25736,Sesquilé,Male,2020,3.8468716181181555
25740,Sibaté,Male,2020,4.752799588006427
25743,Silvania,Male,2020,4.468745774741058
25745,Simijaca,Male,2020,3.674244109660366
25754,Soacha,Male,2020,3.226278357121241
25758,Sopó,Male,2020,4.093246723611031
25769,Subachoque,Male,2020,3.6188043880447816
25772,Suesca,Male,2020,3.3382378186833814
25777,Supatá,Male,2020,4.881230762822843
25779,Susa,Male,2020,3.958467179190273
25781,Sutatausa,Male,2020,3.2982170574568834
25785,Tabio,Male,2020,3.680313286532881
25793,Tausa,Male,2020,3.603308425994111
25797,Tena,Male,2020,3.9985512518242428
25799,Tenjo,Male,2020,3.9467813782170307
25805,Tibacuy,Male,2020,4.817061129992479
25807,Tibirita,Male,2020,8.830110353842327
25815,Tocaima,Male,2020,5.0152547309333055
25817,Tocancipá,Male,2020,3.055561935690221
25823,Topaipí,Male,2020,7.125298164054152
25839,Ubalá,Male,2020,5.818946152854254
25841,Ubaque,Male,2020,5.371751038617411
25843,Villa De San Diego De Ubaté,Male,2020,4.427353026478738
25845,Une,Male,2020,5.095501641034809
25851,Útica,Male,2020,6.633373337512758
25862,Vergara,Male,2020,7.648715449454229
25867,Vianí,Male,2020,5.114373327460162
25871,Villagómez,Male,2020,5.297030624949155
25873,Villapinzón,Male,2020,3.8896760303616227
25875,Villeta,Male,2020,4.843147286621948
25878,Viotá,Male,2020,5.421700601314797
25885,Yacopí,Male,2020,7.150321229006686
25898,Zipacón,Male,2020,3.8414554919469115
25899,Zipaquirá,Male,2020,3.783788073738385
27001,Quibdó,Male,2020,3.9004255397316934
27006,Acandí,Male,2020,3.8810119419020492
27025,Alto Baudó,Male,2020,4.184575737840717
27050,Atrato,Male,2020,4.16140216946562
27073,Bagadó,Male,2020,3.529456652074892
27075,Bahía Solano,Male,2020,3.547799966125708
27077,Bajo Baudó,Male,2020,3.86854379941753
27099,Bojayá,Male,2020,3.233812500855155
27135,El Cantón Del San Pablo,Male,2020,3.6536149377554232
27150,Carmen Del Darién,Male,2020,4.588529358717718
27160,Cértegui,Male,2020,4.069677959596868
27205,Condoto,Male,2020,3.5337280757508696
27245,El Carmen De Atrato,Male,2020,4.203163083824049
27250,El Litoral Del San Juan,Male,2020,3.9340912502976857
27361,Istmina,Male,2020,3.6441104159989584
27372,Juradó,Male,2020,3.6787810111683394
27413,Lloró,Male,2020,3.2046333928984034
27425,Medio Atrato,Male,2020,5.3568687196209845
27430,Medio Baudó,Male,2020,4.105245182306382
27450,Medio San Juan,Male,2020,4.2655244297489805
27491,Nóvita,Male,2020,4.086499531041833
27495,Nuquí,Male,2020,3.7242950645129187
27580,Río Iró,Male,2020,4.0273176941223285
27600,Río Quito,Male,2020,3.8417131403993414
27615,Riosucio,Male,2020,6.760598385292349
27660,San José Del Palmar,Male,2020,4.430279583120071
27745,Sipí,Male,2020,4.110128200110195
27787,Tadó,Male,2020,3.6270120246811857
27800,Unguía,Male,2020,4.130103381774906
27810,Unión Panamericana,Male,2020,4.630166723991771
41001,Neiva,Male,2020,4.346057660070476
41006,Acevedo,Male,2020,5.474090783271007
41013,Agrado,Male,2020,4.2407314491580435
41016,Aipe,Male,2020,3.7941501524833914
41020,Algeciras,Male,2020,4.320015300546516
41026,Altamira,Male,2020,3.893828000461201
41078,Baraya,Male,2020,5.412065060548028
41132,Campoalegre,Male,2020,4.070495833845339
41206,Colombia,Male,2020,5.727784848916743
41244,Elías,Male,2020,3.9497732022623238
41298,Garzón,Male,2020,3.921210866429507
41306,Gigante,Male,2020,4.159382912823866
41319,Guadalupe,Male,2020,4.065826282274347
41349,Hobo,Male,2020,3.722720131312386
41357,Íquira,Male,2020,4.235287760861959
41359,Isnos,Male,2020,4.198023100044399
41378,La Argentina,Male,2020,4.206315875146194
41396,La Plata,Male,2020,3.8382072895935746
41483,Nátaga,Male,2020,3.774908856169298
41503,Oporapa,Male,2020,4.201621659935965
41518,Paicol,Male,2020,3.6500592763911683
41524,Palermo,Male,2020,3.867699385244146
41530,Palestina,Male,2020,4.588464528562569
41548,Pital,Male,2020,3.728405658756742
41551,Pitalito,Male,2020,4.588985544405238
41615,Rivera,Male,2020,4.177664259363199
41660,Saladoblanco,Male,2020,4.361122914475667
41668,San Agustín,Male,2020,4.03665271363481
41676,Santa María,Male,2020,4.515592351049044
41770,Suaza,Male,2020,3.6724818083043753
41791,Tarqui,Male,2020,4.2790704289162305
41797,Tesalia,Male,2020,3.8568499398706084
41799,Tello,Male,2020,4.215306559274388
41801,Teruel,Male,2020,4.09692692462987
41807,Timaná,Male,2020,4.194757195119478
41872,Villavieja,Male,2020,4.982410216318939
41885,Yaguará,Male,2020,3.7778549365393967
44001,Riohacha,Male,2020,4.338397362863898
44035,Albania,Male,2020,3.0946546824671395
44078,Barrancas,Male,2020,3.3701001099804593
44090,Dibulla,Male,2020,3.8601787165544406
44098,Distracción,Male,2020,3.401347516087888
44110,El Molino,Male,2020,4.013714988537611
44279,Fonseca,Male,2020,2.9515129108058074
44378,Hatonuevo,Male,2020,3.0023173144662336
44420,La Jagua Del Pilar,Male,2020,3.701976126657634
44430,Maicao,Male,2020,4.089794531410124
44560,Manaure,Male,2020,3.5498691478686375
44650,San Juan Del Cesar,Male,2020,3.6960432367742
44847,Uribia,Male,2020,4.869444121269837
44855,Urumita,Male,2020,3.3090652002154415
44874,Villanueva,Male,2020,2.9773941781435966
47001,Santa Marta,Male,2020,4.203418793727812
47030,Algarrobo,Male,2020,3.8211313212986813
47053,Aracataca,Male,2020,3.506468426907976
47058,Ariguaní,Male,2020,4.439538375226902
47161,Cerro De San Antonio,Male,2020,5.309913647038399
47170,Chivolo,Male,2020,4.436930039021875
47189,Ciénaga,Male,2020,4.069929153183594
47205,Concordia,Male,2020,6.693567103532709
47245,El Banco,Male,2020,4.095989427096709
47258,El Piñón,Male,2020,4.835900514349027
47268,El Retén,Male,2020,4.1225653851213755
47288,Fundación,Male,2020,3.718197907298188
47318,Guamal,Male,2020,4.7296525140648225
47460,Nueva Granada,Male,2020,4.6883647643090445
47541,Pedraza,Male,2020,4.825117947509222
47545,Pijiño Del Carmen,Male,2020,4.027587953583221
47551,Pivijay,Male,2020,4.965668189163967
47555,Plato,Male,2020,4.223373467990928
47570,Puebloviejo,Male,2020,4.731474953575107
47605,Remolino,Male,2020,4.978116148414319
47660,Sabanas De San Ángel,Male,2020,4.926187433063822
47675,Salamina,Male,2020,4.734980879434591
47692,San Sebastián De Buenavista,Male,2020,4.7088497038077115
47703,San Zenón,Male,2020,3.8273518489821465
47707,Santa Ana,Male,2020,3.8128131232845246
47720,Santa Bárbara De Pinto,Male,2020,4.698008245287133
47745,Sitionuevo,Male,2020,5.53718898338067
47798,Tenerife,Male,2020,4.692056410151794
47960,Zapayán,Male,2020,5.725395586243486
47980,Zona Bananera,Male,2020,3.812918284934254
50001,Villavicencio,Male,2020,3.860584541455594
50006,Acacías,Male,2020,3.800394189004506
50110,Barranca De Upía,Male,2020,3.2115575086530916
50124,Cabuyaro,Male,2020,3.930081862291489
50150,Castilla La Nueva,Male,2020,3.3662402534554947
50223,Cubarral,Male,2020,3.5613833408730167
50226,Cumaral,Male,2020,3.2439246455145923
50245,El Calvario,Male,2020,3.447804553421507
50251,El Castillo,Male,2020,4.1807543520040475
50270,El Dorado,Male,2020,3.6320560860050812
50287,Fuente De Oro,Male,2020,4.240093259975782
50313,Granada,Male,2020,3.7667729377134416
50318,Guamal,Male,2020,3.464911582054643
50325,Mapiripán,Male,2020,4.155199231718937
50330,Mesetas,Male,2020,4.573059020712588
50350,La Macarena,Male,2020,4.994796674111998
50370,Uribe,Male,2020,5.271888551629227
50400,Lejanías,Male,2020,4.1564058877687975
50450,Puerto Concordia,Male,2020,4.251618821511359
50568,Puerto Gaitán,Male,2020,3.797584622351203
50573,Puerto López,Male,2020,3.7443859017357504
50577,Puerto Lleras,Male,2020,4.360714298212532
50590,Puerto Rico,Male,2020,5.0191294581011014
50606,Restrepo,Male,2020,3.2550074379784992
50680,San Carlos De Guaroa,Male,2020,3.5052663761470106
50683,San Juan De Arama,Male,2020,4.615392837272954
50686,San Juanito,Male,2020,5.939514150848919
50689,San Martín,Male,2020,3.3267993138768728
50711,Vistahermosa,Male,2020,4.815151753892752
52001,Pasto,Male,2020,4.207405449065342
52019,Albán,Male,2020,6.751834695401617
52022,Aldana,Male,2020,4.689155275853251
52036,Ancuya,Male,2020,6.0107563057032944
52051,Arboleda,Male,2020,6.924989326527562
52079,Barbacoas,Male,2020,4.139150103726186
52083,Belén,Male,2020,6.041974699799576
52110,Buesaco,Male,2020,5.567676302962781
52203,Colón,Male,2020,6.506451177302049
52207,Consacá,Male,2020,6.088410987057942
52210,Contadero,Male,2020,5.6878738108187505
52215,Córdoba,Male,2020,4.727758176805327
52224,Cuaspud Carlosama,Male,2020,5.878234021218337
52227,Cumbal,Male,2020,4.0772396487611156
52233,Cumbitara,Male,2020,5.757494192857979
52240,Chachagüí,Male,2020,4.8100276806073925
52250,El Charco,Male,2020,4.030785945436785
52254,El Peñol,Male,2020,7.66503889164834
52256,El Rosario,Male,2020,7.340754370172105
52258,El Tablón De Gómez,Male,2020,7.092677067656615
52260,El Tambo,Male,2020,5.63543794444828
52287,Funes,Male,2020,6.219227873962685
52317,Guachucal,Male,2020,5.608773920131252
52320,Guaitarilla,Male,2020,6.002752104842632
52323,Gualmatán,Male,2020,5.711735369730383
52352,Iles,Male,2020,5.525011678225279
52354,Imués,Male,2020,6.875808382765096
52356,Ipiales,Male,2020,3.844542632101274
52378,La Cruz,Male,2020,5.407656089199973
52381,La Florida,Male,2020,8.87533809414456
52385,La Llanada,Male,2020,4.270032959043484
52390,La Tola,Male,2020,3.928164016261485
52399,La Unión,Male,2020,7.0238039572383375
52405,Leiva,Male,2020,6.00935390147567
52411,Linares,Male,2020,6.517927557077334
52418,Los Andes,Male,2020,5.626221630299334
52427,Magüí,Male,2020,3.939510774127229
52435,Mallama,Male,2020,5.2185606336380035
52473,Mosquera,Male,2020,5.4085536913788985
52480,Nariño,Male,2020,8.458883472471019
52490,Olaya Herrera,Male,2020,3.98698676123154
52506,Ospina,Male,2020,5.218786707169655
52520,Francisco Pizarro,Male,2020,4.828435545324435
52540,Policarpa,Male,2020,5.503323989383279
52560,Potosí,Male,2020,4.275068290650109
52565,Providencia,Male,2020,6.399805759591709
52573,Puerres,Male,2020,4.841071700950605
52585,Pupiales,Male,2020,5.401034699800563
52612,Ricaurte,Male,2020,4.43009280444728
52621,Roberto Payán,Male,2020,4.47906266601317
52678,Samaniego,Male,2020,6.916725283825285
52683,Sandoná,Male,2020,5.59148135974372
52685,San Bernardo,Male,2020,7.885764668676686
52687,San Lorenzo,Male,2020,7.730445274389281
52693,San Pablo,Male,2020,6.432286745951062
52694,San Pedro De Cartago,Male,2020,6.917218299390888
52696,Santa Bárbara,Male,2020,4.536601601607949
52699,Santacruz,Male,2020,7.094069445641269
52720,Sapuyes,Male,2020,6.533803575787146
52786,Taminango,Male,2020,6.582422307656524
52788,Tangua,Male,2020,6.893191269187538
52835,San Andrés De Tumaco,Male,2020,4.101835942534596
52838,Túquerres,Male,2020,5.119148143621137
52885,Yacuanquer,Male,2020,6.300922378747805
54001,San José De Cúcuta,Male,2020,5.050588539860298
54003,Ábrego,Male,2020,4.759503517179739
54051,Arboledas,Male,2020,5.688932291008987
54099,Bochalema,Male,2020,4.733719698247394
54109,Bucarasica,Male,2020,4.950267562872121
54125,Cácota,Male,2020,5.987307684667569
54128,Cáchira,Male,2020,5.357673719240191
54172,Chinácota,Male,2020,4.057804809414576
54174,Chitagá,Male,2020,5.332899638663205
54206,Convención,Male,2020,4.629251107660647
54223,Cucutilla,Male,2020,7.507939969979911
54239,Durania,Male,2020,5.655832684244331
54245,El Carmen,Male,2020,5.1757127739924
54250,El Tarra,Male,2020,4.258032631021731
54261,El Zulia,Male,2020,4.11937349700425
54313,Gramalote,Male,2020,6.848413132164852
54344,Hacarí,Male,2020,4.387295492875978
54347,Herrán,Male,2020,6.399039031344673
54377,Labateca,Male,2020,4.918746813829838
54385,La Esperanza,Male,2020,4.171165169731676
54398,La Playa,Male,2020,5.788895057153119
54405,Los Patios,Male,2020,3.5502332933712344
54418,Lourdes,Male,2020,4.444750610136876
54480,Mutiscua,Male,2020,5.110853454448688
54498,Ocaña,Male,2020,4.149434780182444
54518,Pamplona,Male,2020,3.749956455797345
54520,Pamplonita,Male,2020,4.8538944327559355
54553,Puerto Santander,Male,2020,9.456841455289057
54599,Ragonvalia,Male,2020,5.60760149729499
54660,Salazar,Male,2020,5.058421219593656
54670,San Calixto,Male,2020,4.937636992407766
54673,San Cayetano,Male,2020,4.052119889570794
54680,Santiago,Male,2020,5.395724883479278
54720,Sardinata,Male,2020,4.2462361303042995
54743,Silos,Male,2020,5.08271046151963
54800,Teorama,Male,2020,4.311794451318256
54810,Tibú,Male,2020,4.8708033310798875
54820,Toledo,Male,2020,5.205745553046058
54871,Villa Caro,Male,2020,4.888432322259844
54874,Villa Del Rosario,Male,2020,3.654745936845312
63001,Armenia,Male,2020,4.784603449888283
63111,Buenavista,Male,2020,4.904327290722247
63130,Calarcá,Male,2020,4.539926414494073
63190,Circasia,Male,2020,4.315906770812969
63212,Córdoba,Male,2020,5.216933626264639
63272,Filandia,Male,2020,4.558357000591333
63302,Génova,Male,2020,5.921900979748286
63401,La Tebaida,Male,2020,4.507181720189172
63470,Montenegro,Male,2020,4.693105937722786
63548,Pijao,Male,2020,5.595099427068979
63594,Quimbaya,Male,2020,4.57654856157438
63690,Salento,Male,2020,4.993990820570874
66001,Pereira,Male,2020,4.172199937365145
66045,Apía,Male,2020,5.184515240304081
66075,Balboa,Male,2020,5.332165025638519
66088,Belén De Umbría,Male,2020,4.93182904583759
66170,Dosquebradas,Male,2020,3.89331453464145
66318,Guática,Male,2020,5.481235909614408
66383,La Celia,Male,2020,5.95468617683706
66400,La Virginia,Male,2020,5.923662139631281
66440,Marsella,Male,2020,4.688395460035198
66456,Mistrató,Male,2020,3.5322215176286873
66572,Pueblo Rico,Male,2020,3.3907568896649423
66594,Quinchía,Male,2020,4.72107992198075
66682,Santa Rosa De Cabal,Male,2020,4.451050762441259
66687,Santuario,Male,2020,5.513457930943646
68001,Bucaramanga,Male,2020,4.498872811666597
68013,Aguada,Male,2020,7.4310178849240325
68020,Albania,Male,2020,6.723390001790015
68051,Aratoca,Male,2020,5.423966173580076
68077,Barbosa,Male,2020,3.632466021818765
68079,Barichara,Male,2020,4.583326080140552
68081,Barrancabermeja,Male,2020,5.133178035258418
68092,Betulia,Male,2020,4.8626340659371206
68101,Bolívar,Male,2020,5.509341533331892
68121,Cabrera,Male,2020,5.401859470494564
68132,California,Male,2020,3.560723021644259
68147,Capitanejo,Male,2020,4.9913400437217215
68152,Carcasí,Male,2020,6.666931272018083
68160,Cepitá,Male,2020,4.765142762420514
68162,Cerrito,Male,2020,5.253051300793662
68167,Charalá,Male,2020,4.106512615855118
68169,Charta,Male,2020,5.830676210196096
68176,Chima,Male,2020,6.052190304689921
68179,Chipatá,Male,2020,7.463227556376847
68190,Cimitarra,Male,2020,4.450310684399681
68207,Concepción,Male,2020,4.863266445287413
68209,Confines,Male,2020,4.440079913239367
68211,Contratación,Male,2020,5.3359861672005575
68217,Coromoro,Male,2020,6.1515008312635135
68229,Curití,Male,2020,4.72970890263242
68235,El Carmen De Chucuri,Male,2020,5.950589386808835
68245,El Guacamayo,Male,2020,4.991659393766685
68250,El Peñón,Male,2020,5.238293489618003
68255,El Playón,Male,2020,4.679416772931691
68264,Encino,Male,2020,3.8891894408471477
68266,Enciso,Male,2020,5.377447619535563
68271,Florián,Male,2020,6.265467379757969
68276,Floridablanca,Male,2020,3.6608222480175785
68296,Galán,Male,2020,5.346204606374048
68298,Gámbita,Male,2020,5.489893013906806
68307,Girón,Male,2020,3.5616187533989767
68318,Guaca,Male,2020,7.286355952395766
68320,Guadalupe,Male,2020,5.497992771062581
68322,Guapotá,Male,2020,5.378156957962603
68324,Guavatá,Male,2020,7.416159756981878
68327,Güepsa,Male,2020,4.761015763874391
68344,Hato,Male,2020,6.043723744832596
68368,Jesús María,Male,2020,5.834269191741777
68370,Jordán,Male,2020,5.570694330829458
68377,La Belleza,Male,2020,4.886241394456827
68385,Landázuri,Male,2020,5.563366472516268
68397,La Paz,Male,2020,6.012226902016685
68406,Lebrija,Male,2020,4.090980876621245
68418,Los Santos,Male,2020,5.1929152865044435
68425,Macaravita,Male,2020,5.517791507205019
68432,Málaga,Male,2020,3.4328856334881546
68444,Matanza,Male,2020,5.804957480248415
68464,Mogotes,Male,2020,4.9216971358716775
68468,Molagavita,Male,2020,6.557481027533377
68498,Ocamonte,Male,2020,5.351784257740434
68500,Oiba,Male,2020,4.58321803640508
68502,Onzaga,Male,2020,6.866925476076753
68522,Palmar,Male,2020,5.270414174297278
68524,Palmas Del Socorro,Male,2020,4.316660885867158
68533,Páramo,Male,2020,4.3979148108891355
68547,Piedecuesta,Male,2020,3.517691885111093
68549,Pinchote,Male,2020,4.5815410286948826
68572,Puente Nacional,Male,2020,4.729686476935847
68573,Puerto Parra,Male,2020,3.6125702363589958
68575,Puerto Wilches,Male,2020,3.8416320573043623
68615,Rionegro,Male,2020,4.826044372104922
68655,Sabana De Torres,Male,2020,3.656290350248037
68669,San Andrés,Male,2020,6.086602856037149
68673,San Benito,Male,2020,8.166061000477775
68679,San Gil,Male,2020,3.638638263119628
68682,San Joaquín,Male,2020,5.23859074079591
68684,San José De Miranda,Male,2020,6.291952828668851
68686,San Miguel,Male,2020,4.7916685706179765
68689,San Vicente De Chucurí,Male,2020,4.595722351462738
68705,Santa Bárbara,Male,2020,7.083742443811118
68720,Santa Helena Del Opón,Male,2020,5.197887496973803
68745,Simacota,Male,2020,5.425150588627312
68755,Socorro,Male,2020,3.696638196152481
68770,Suaita,Male,2020,5.523835960421169
68773,Sucre,Male,2020,5.803054700113399
68780,Suratá,Male,2020,5.750063540513222
68820,Tona,Male,2020,5.504377135359323
68855,Valle De San José,Male,2020,4.885423833752571
68861,Vélez,Male,2020,5.721555975932598
68867,Vetas,Male,2020,4.511397765050926
68872,Villanueva,Male,2020,4.334152080155472
68895,Zapatoca,Male,2020,3.814908832884992
70001,Sincelejo,Male,2020,4.140718984144274
70110,Buenavista,Male,2020,4.643208538020812
70124,Caimito,Male,2020,5.235987424666371
70204,Colosó,Male,2020,5.851445866507233
70215,Corozal,Male,2020,4.22797936828065
70221,Coveñas,Male,2020,4.9721463253148785
70230,Chalán,Male,2020,7.0672141262342585
70233,El Roble,Male,2020,5.990599646008335
70235,Galeras,Male,2020,4.154721897125523
70265,Guaranda,Male,2020,5.073622889559085
70400,La Unión,Male,2020,5.4654159092242285
70418,Los Palmitos,Male,2020,4.561974550053471
70429,Majagual,Male,2020,5.470691724434916
70473,Morroa,Male,2020,4.3954912024531545
70508,Ovejas,Male,2020,5.52371639844767
70523,Palmito,Male,2020,4.936454763534985
70670,Sampués,Male,2020,5.0164721959846075
70678,San Benito Abad,Male,2020,5.61332211432838
70702,San Juan De Betulia,Male,2020,5.434096799812963
70708,San Marcos,Male,2020,4.810694720902014
70713,San Onofre,Male,2020,4.773683959533151
70717,San Pedro,Male,2020,4.950648391130449
70742,San Luis De Sincé,Male,2020,5.298217814572797
70771,Sucre,Male,2020,6.046431074782498
70820,Santiago De Tolú,Male,2020,3.6815119792098967
70823,San José De Toluviejo,Male,2020,4.722032293427766
73001,Ibagué,Male,2020,3.796786195756818
73024,Alpujarra,Male,2020,4.561852236255312
73026,Alvarado,Male,2020,5.1722359680746015
73030,Ambalema,Male,2020,4.655574206589549
73043,Anzoátegui,Male,2020,5.527374111386289
73055,Armero,Male,2020,4.499348340409868
73067,Ataco,Male,2020,5.041939488466861
73124,Cajamarca,Male,2020,4.5042527675895405
73148,Carmen De Apicalá,Male,2020,3.99222223235773
73152,Casabianca,Male,2020,5.153479364719781
73168,Chaparral,Male,2020,4.500365353636379
73200,Coello,Male,2020,4.806211243893538
73217,Coyaima,Male,2020,5.448865462808725
73226,Cunday,Male,2020,5.118219852443179
73236,Dolores,Male,2020,4.664302760057244
73268,Espinal,Male,2020,4.223782706905996
73270,Falan,Male,2020,5.245873300144436
73275,Flandes,Male,2020,3.890223506412797
73283,Fresno,Male,2020,4.941017929411276
73319,Guamo,Male,2020,4.7489883246357385
73347,Herveo,Male,2020,6.371062237672532
73349,Honda,Male,2020,4.800666837557066
73352,Icononzo,Male,2020,4.628567107371335
73408,Lérida,Male,2020,4.457566544967115
73411,Líbano,Male,2020,4.921825159857654
73443,San Sebastián De Mariquita,Male,2020,4.235514016558838
73449,Melgar,Male,2020,4.187341779448686
73461,Murillo,Male,2020,5.659447322968221
73483,Natagaima,Male,2020,6.048450390322586
73504,Ortega,Male,2020,4.836310794769538
73520,Palocabildo,Male,2020,4.88012930275454
73547,Piedras,Male,2020,4.7413334610968665
73555,Planadas,Male,2020,4.074727429209252
73563,Prado,Male,2020,4.749104161672991
73585,Purificación,Male,2020,4.811180725130424
73616,Rioblanco,Male,2020,4.201464105784109
73622,Roncesvalles,Male,2020,4.322199312357651
73624,Rovira,Male,2020,4.535852596922951
73671,Saldaña,Male,2020,4.831132108085366
73675,San Antonio,Male,2020,4.7620708348264245
73678,San Luis,Male,2020,5.393253015479898
73686,Santa Isabel,Male,2020,5.390085408187274
73770,Suárez,Male,2020,6.03755739264323
73854,Valle De San Juan,Male,2020,5.159042914727269
73861,Venadillo,Male,2020,4.7058696964477065
73870,Villahermosa,Male,2020,5.65058389634504
73873,Villarrica,Male,2020,5.318902469611845
76001,Cali,Male,2020,3.642661617859701
76020,Alcalá,Male,2020,4.807405703297861
76036,Andalucía,Male,2020,3.3960491489550964
76041,Ansermanuevo,Male,2020,3.6787088493982423
76054,Argelia,Male,2020,4.028670136709099
76100,Bolívar,Male,2020,3.4646346896692384
76109,Buenaventura,Male,2020,2.725383426988721
76111,Guadalajara De Buga,Male,2020,3.198585257359681
76113,Bugalagrande,Male,2020,3.8623340074996153
76122,Caicedonia,Male,2020,3.949902096114909
76126,Calima,Male,2020,3.926006729355572
76130,Candelaria,Male,2020,3.1095621537741254
76147,Cartago,Male,2020,3.4191038973479757
76233,Dagua,Male,2020,3.708705379050219
76243,El Águila,Male,2020,4.738975003388725
76246,El Cairo,Male,2020,4.252248278882276
76248,El Cerrito,Male,2020,3.137470957456835
76250,El Dovio,Male,2020,3.849048808851195
76275,Florida,Male,2020,2.9822228428756157
76306,Ginebra,Male,2020,3.274777827965647
76318,Guacarí,Male,2020,2.9777724338134637
76364,Jamundí,Male,2020,3.224554261642518
76377,La Cumbre,Male,2020,4.51973586619056
76400,La Unión,Male,2020,3.755311395775122
76403,La Victoria,Male,2020,3.87576231942102
76497,Obando,Male,2020,3.732138288666457
76520,Palmira,Male,2020,3.2916410953924524
76563,Pradera,Male,2020,3.1155163667357484
76606,Restrepo,Male,2020,3.2505065867841347
76616,Riofrío,Male,2020,3.293594076549723
76622,Roldanillo,Male,2020,3.1824719098805825
76670,San Pedro,Male,2020,3.1088569106367534
76736,Sevilla,Male,2020,4.137619710756584
76823,Toro,Male,2020,3.6640282856319035
76828,Trujillo,Male,2020,3.7631225760590086
76834,Tuluá,Male,2020,3.51862794212407
76845,Ulloa,Male,2020,3.6019431414187193
76863,Versalles,Male,2020,4.0533944805781665
76869,Vijes,Male,2020,3.575684213810232
76890,Yotoco,Male,2020,3.6406323828943497
76892,Yumbo,Male,2020,3.1257014417064815
76895,Zarzal,Male,2020,3.088045878574598
81001,Arauca,Male,2020,4.230014460090503
81065,Arauquita,Male,2020,4.146216124017038
81220,Cravo Norte,Male,2020,5.0030844649530115
81300,Fortul,Male,2020,4.400554367265297
81591,Puerto Rondón,Male,2020,4.402494459725635
81736,Saravena,Male,2020,3.7129628274412747
81794,Tame,Male,2020,4.177162539164487
85001,Yopal,Male,2020,3.7784839693793706
85010,Aguazul,Male,2020,3.540596820237983
85015,Chámeza,Male,2020,4.0952783433141615
85125,Hato Corozal,Male,2020,3.9374181405681106
85136,La Salina,Male,2020,3.761444882102326
85139,Maní,Male,2020,3.7035066966865062
85162,Monterrey,Male,2020,3.6078109330041013
85225,Nunchía,Male,2020,5.660527932876214
85230,Orocué,Male,2020,3.548095978720132
85250,Paz De Ariporo,Male,2020,3.5606363965824825
85263,Pore,Male,2020,3.879973692713706
85279,Recetor,Male,2020,5.506135327011247
85300,Sabanalarga,Male,2020,4.594205155396596
85315,Sácama,Male,2020,3.5454341127430085
85325,San Luis De Palenque,Male,2020,3.9432255031403893
85400,Támara,Male,2020,4.29505420341097
85410,Tauramena,Male,2020,3.305278097951723
85430,Trinidad,Male,2020,3.5464267024408143
85440,Villanueva,Male,2020,3.337360933681746
86001,Mocoa,Male,2020,3.6383655550646754
86219,Colón,Male,2020,3.7640550766305263
86320,Orito,Male,2020,3.615510313860769
86568,Puerto Asís,Male,2020,4.527641007259929
86569,Puerto Caicedo,Male,2020,4.265318881729242
86571,Puerto Guzmán,Male,2020,4.385295022872775
86573,Puerto Leguízamo,Male,2020,3.6647664776386337
86749,Sibundoy,Male,2020,3.5162149482845284
86755,San Francisco,Male,2020,3.5750497984588616
86757,San Miguel,Male,2020,4.1675285306830645
86760,Santiago,Male,2020,3.708974391417278
86865,Valle Del Guamuez,Male,2020,4.251650115331491
86885,Villagarzón,Male,2020,3.7083899799312094
88001,San Andrés,Male,2020,3.7391587552745778
88564,Providencia,Male,2020,3.2144787661200263
91001,Leticia,Male,2020,5.908762805285286
91263,El Encanto,Male,2020,3.8286846111960466
91405,La Chorrera,Male,2020,3.475803265565812
91407,La Pedrera,Male,2020,4.6084786728663145
91430,La Victoria,Male,2020,5.681288785918435
91460,Mirití - Paraná,Male,2020,4.197049551866456
91530,Puerto Alegría,Male,2020,3.9311491767563886
91536,Puerto Arica,Male,2020,4.975217466164929
91540,Puerto Nariño,Male,2020,3.303539229343808
91669,Puerto Santander,Male,2020,4.449891325016943
91798,Tarapacá,Male,2020,3.5356369183841703
94001,Inírida,Male,2020,4.015721382365889
94343,Barrancominas,Male,2020,2.129171644561985
94883,San Felipe,Male,2020,3.3826167728482073
94884,Puerto Colombia,Male,2020,3.59492302834453
94885,La Guadalupe,Male,2020,2.5479772953967705
94886,Cacahual,Male,2020,2.8099267801970065
94887,Pana Pana,Male,2020,3.2814219395378186
94888,Morichal,Male,2020,3.237440572696243
95001,San José Del Guaviare,Male,2020,3.528311697586813
95015,Calamar,Male,2020,5.076099141547905
95025,El Retorno,Male,2020,3.8768377660392406
95200,Miraflores,Male,2020,5.926293785247993
97001,Mitú,Male,2020,3.013669436045865
97161,Carurú,Male,2020,3.0591437144109745
97511,Pacoa,Male,2020,2.526572103787635
97666,Taraira,Male,2020,2.8236588545329466
97777,Papunahua,Male,2020,3.783401230595469
97889,Yavaraté,Male,2020,2.8434227699069545
99001,Puerto Carreño,Male,2020,4.939102817138301
99524,La Primavera,Male,2020,4.793503977377862
99624,Santa Rosalía,Male,2020,5.547132981740978
99773,Cumaribo,Male,2020,4.276594036123538
5001,Medellín,Female,2021,2.114371593168035
5002,Abejorral,Female,2021,2.119204232954693
5004,Abriaquí,Female,2021,1.80351640274713
5021,Alejandría,Female,2021,1.736204178648594
5030,Amagá,Female,2021,2.0530966380554965
5031,Amalfi,Female,2021,1.8164723000046876
5034,Andes,Female,2021,2.1232596612201027
5036,Angelópolis,Female,2021,1.928100632332422
5038,Angostura,Female,2021,1.9896802245432845
5040,Anorí,Female,2021,1.57549435468564
5042,Santa Fé De Antioquia,Female,2021,1.8449533247900025
5044,Anzá,Female,2021,1.828008653406648
5045,Apartadó,Female,2021,2.121417157256637
5051,Arboletes,Female,2021,1.718604501900261
5055,Argelia,Female,2021,1.7721366070291382
5059,Armenia,Female,2021,2.2781389212056338
5079,Barbosa,Female,2021,2.11207080013286
5086,Belmira,Female,2021,1.6935789106576034
5088,Bello,Female,2021,1.972254204533303
5091,Betania,Female,2021,2.00892388812875
5093,Betulia,Female,2021,1.9067586283158244
5101,Ciudad Bolívar,Female,2021,2.2185582816223173
5107,Briceño,Female,2021,1.687285389104344
5113,Buriticá,Female,2021,1.6443731516844218
5120,Cáceres,Female,2021,1.5691209666978854
5125,Caicedo,Female,2021,1.955268927521881
5129,Caldas,Female,2021,2.3691984681599667
5134,Campamento,Female,2021,1.8444862403574505
5138,Cañasgordas,Female,2021,1.8054440929463311
5142,Caracolí,Female,2021,1.980650625866921
5145,Caramanta,Female,2021,2.3419797763019816
5147,Carepa,Female,2021,1.7179559392303643
5148,El Carmen De Viboral,Female,2021,1.6907438668952823
5150,Carolina,Female,2021,2.2998619339907687
5154,Caucasia,Female,2021,2.3670148656486805
5172,Chigorodó,Female,2021,2.2796982877726637
5190,Cisneros,Female,2021,2.133857323434978
5197,Cocorná,Female,2021,1.850047566716096
5206,Concepción,Female,2021,1.943071614794892
5209,Concordia,Female,2021,2.2438853395482536
5212,Copacabana,Female,2021,2.2005918940317803
5234,Dabeiba,Female,2021,1.6201599477017514
5237,Donmatías,Female,2021,1.8702035812472206
5240,Ebéjico,Female,2021,2.3392366174101142
5250,El Bagre,Female,2021,1.67775293674177
5264,Entrerríos,Female,2021,1.607609342765588
5266,Envigado,Female,2021,2.87481798401441
5282,Fredonia,Female,2021,2.2723601260036386
5284,Frontino,Female,2021,1.5313118502832506
5306,Giraldo,Female,2021,1.437291611177901
5308,Girardota,Female,2021,2.0517754344332753
5310,Gómez Plata,Female,2021,2.146562233451287
5313,Granada,Female,2021,1.413559785423285
5315,Guadalupe,Female,2021,1.903896605920738
5318,Guarne,Female,2021,2.0182474524566483
5321,Guatapé,Female,2021,1.7711126059898294
5347,Heliconia,Female,2021,2.2682641180500798
5353,Hispania,Female,2021,2.0818967896538934
5360,Itagüí,Female,2021,2.289763869984192
5361,Ituango,Female,2021,1.7646876329412526
5364,Jardín,Female,2021,2.063059046114881
5368,Jericó,Female,2021,2.09518895057305
5376,La Ceja,Female,2021,1.9289658628375803
5380,La Estrella,Female,2021,2.201658017374529
5390,La Pintada,Female,2021,2.336855884688744
5400,La Unión,Female,2021,1.8794704430028994
5411,Liborina,Female,2021,1.9909542204868669
5425,Maceo,Female,2021,1.8221071157563344
5440,Marinilla,Female,2021,1.655026200632566
5467,Montebello,Female,2021,2.1665274797973613
5475,Murindó,Female,2021,1.1623845521638805
5480,Mutatá,Female,2021,3.1161837691115077
5483,Nariño,Female,2021,1.8835326946017954
5490,Necoclí,Female,2021,1.7630970750080068
5495,Nechí,Female,2021,1.4744154198413004
5501,Olaya,Female,2021,1.8158052138224652
5541,Peñol,Female,2021,1.6774873750831925
5543,Peque,Female,2021,1.5678741946586057
5576,Pueblorrico,Female,2021,2.0705885830993642
5579,Puerto Berrío,Female,2021,2.7207304139364084
5585,Puerto Nare,Female,2021,1.863618057161411
5591,Puerto Triunfo,Female,2021,2.1537458474377864
5604,Remedios,Female,2021,1.610458521402605
5607,Retiro,Female,2021,2.0818932615307153
5615,Rionegro,Female,2021,2.064055740478961
5628,Sabanalarga,Female,2021,1.5653867397947656
5631,Sabaneta,Female,2021,2.7412939478531584
5642,Salgar,Female,2021,2.193865949466507
5647,San Andrés De Cuerquía,Female,2021,1.5999963986566283
5649,San Carlos,Female,2021,1.6333593203250099
5652,San Francisco,Female,2021,1.5610045536868662
5656,San Jerónimo,Female,2021,1.9555143422515033
5658,San José De La Montaña,Female,2021,1.5768046302199419
5659,San Juan De Urabá,Female,2021,1.6326553114485416
5660,San Luis,Female,2021,1.4942644397824645
5664,San Pedro De Los Milagros,Female,2021,1.9784375902828424
5665,San Pedro De Urabá,Female,2021,1.8024812166543276
5667,San Rafael,Female,2021,1.9624619521764461
5670,San Roque,Female,2021,1.8484792787767825
5674,San Vicente Ferrer,Female,2021,1.7715893579926998
5679,Santa Bárbara,Female,2021,2.1880921706423115
5686,Santa Rosa De Osos,Female,2021,1.734460291869891
5690,Santo Domingo,Female,2021,2.07924324883415
5697,El Santuario,Female,2021,1.5060778103512509
5736,Segovia,Female,2021,2.5576156941304546
5756,Sonsón,Female,2021,1.9019765674426021
5761,Sopetrán,Female,2021,1.9018940938747944
5789,Támesis,Female,2021,2.3324748098650736
5790,Tarazá,Female,2021,2.8060692043949236
5792,Tarso,Female,2021,2.1640947181380272
5809,Titiribí,Female,2021,2.2223322417327402
5819,Toledo,Female,2021,1.775047034828237
5837,Turbo,Female,2021,2.3452991536614887
5842,Uramita,Female,2021,1.740484901899256
5847,Urrao,Female,2021,1.6782845512297269
5854,Valdivia,Female,2021,2.5070330864946078
5856,Valparaíso,Female,2021,2.060366723123526
5858,Vegachí,Female,2021,2.2113584524716448
5861,Venecia,Female,2021,3.335056202076003
5873,Vigía Del Fuerte,Female,2021,1.3847413245228564
5885,Yalí,Female,2021,1.836594227025648
5887,Yarumal,Female,2021,1.9330005382492261
5890,Yolombó,Female,2021,1.9466959150922827
5893,Yondó,Female,2021,1.4372458435175761
5895,Zaragoza,Female,2021,1.525854060033208
8001,Barranquilla,Female,2021,2.3874608918888507
8078,Baranoa,Female,2021,1.7235542831086006
8137,Campo De La Cruz,Female,2021,1.9533024369342378
8141,Candelaria,Female,2021,1.6562319547403235
8296,Galapa,Female,2021,1.3693734214123678
8372,Juan De Acosta,Female,2021,1.7628645877469058
8421,Luruaco,Female,2021,1.7822958710690662
8433,Malambo,Female,2021,1.4656506445741293
8436,Manatí,Female,2021,1.4525244802280415
8520,Palmar De Varela,Female,2021,1.706558811913596
8549,Piojó,Female,2021,1.882964313521822
8558,Polonuevo,Female,2021,1.5531128230328703
8560,Ponedera,Female,2021,1.6473087969994267
8573,Puerto Colombia,Female,2021,1.6554711258495696
8606,Repelón,Female,2021,1.7602911961221777
8634,Sabanagrande,Female,2021,1.5885443357861848
8638,Sabanalarga,Female,2021,1.641603441147648
8675,Santa Lucía,Female,2021,1.5621172229759863
8685,Santo Tomás,Female,2021,1.6527513744671847
8758,Soledad,Female,2021,1.4944815411934058
8770,Suan,Female,2021,1.6248805682740213
8832,Tubará,Female,2021,1.6914265330842113
8849,Usiacurí,Female,2021,1.7326346893290325
11001,"Bogotá, D.C.",Female,2021,2.062327054813887
13001,Cartagena De Indias,Female,2021,1.872605200943132
13006,Achí,Female,2021,1.6309628751097862
13030,Altos Del Rosario,Female,2021,1.4572648426404244
13042,Arenal,Female,2021,1.9610702160701836
13052,Arjona,Female,2021,1.780481061538521
13062,Arroyohondo,Female,2021,2.0065061507287725
13074,Barranco De Loba,Female,2021,1.5516449519166804
13140,Calamar,Female,2021,1.883213836868501
13160,Cantagallo,Female,2021,1.6320226088004974
13188,Cicuco,Female,2021,1.6220947399377388
13212,Córdoba,Female,2021,1.8421305821435658
13222,Clemencia,Female,2021,1.7110862191307061
13244,El Carmen De Bolívar,Female,2021,1.782174602997468
13248,El Guamo,Female,2021,2.032367568718923
13268,El Peñón,Female,2021,1.5681108192988065
13300,Hatillo De Loba,Female,2021,1.559996383003988
13430,Magangué,Female,2021,1.744285408080078
13433,Mahates,Female,2021,1.8130927988956407
13440,Margarita,Female,2021,1.7895251244775945
13442,María La Baja,Female,2021,1.721307445310682
13458,Montecristo,Female,2021,1.5469407852559107
13468,Mompós,Female,2021,1.617285618219384
13473,Morales,Female,2021,1.562741707153925
13490,Norosí,Female,2021,1.095747624189226
13549,Pinillos,Female,2021,1.5802785715217353
13580,Regidor,Female,2021,1.3487411531297195
13600,Río Viejo,Female,2021,1.7668682270091887
13620,San Cristóbal,Female,2021,1.827526149441658
13647,San Estanislao,Female,2021,1.849828456021093
13650,San Fernando,Female,2021,1.595917764620698
13654,San Jacinto,Female,2021,1.9638360576985794
13655,San Jacinto Del Cauca,Female,2021,1.7156892708269476
13657,San Juan Nepomuceno,Female,2021,2.035738502177805
13667,San Martín De Loba,Female,2021,1.5081376024203628
13670,San Pablo,Female,2021,1.5209773484820672
13673,Santa Catalina,Female,2021,1.8622108513289164
13683,Santa Rosa,Female,2021,1.8876421753999157
13688,Santa Rosa Del Sur,Female,2021,1.5639784578447313
13744,Simití,Female,2021,1.7178626289722516
13760,Soplaviento,Female,2021,1.8352115702870362
13780,Talaigua Nuevo,Female,2021,1.44477541150648
13810,Tiquisio,Female,2021,1.4103250381296253
13836,Turbaco,Female,2021,1.7125725499025688
13838,Turbaná,Female,2021,1.7688776719180699
13873,Villanueva,Female,2021,1.651458163615586
13894,Zambrano,Female,2021,1.7486141403722961
15001,Tunja,Female,2021,1.882263442102476
15022,Almeida,Female,2021,2.3613053575618594
15047,Aquitania,Female,2021,1.6408278076818654
15051,Arcabuco,Female,2021,1.532183147243876
15087,Belén,Female,2021,1.6918459013350353
15090,Berbeo,Female,2021,2.152506867922022
15092,Betéitiva,Female,2021,2.088611927834041
15097,Boavita,Female,2021,2.0206694625858606
15104,Boyacá,Female,2021,1.6995141070102227
15106,Briceño,Female,2021,2.0067385967415414
15109,Buenavista,Female,2021,2.0939708892764997
15114,Busbanzá,Female,2021,1.5340615056936218
15131,Caldas,Female,2021,2.0719519168236618
15135,Campohermoso,Female,2021,1.7828067281717939
15162,Cerinza,Female,2021,2.0360252479983747
15172,Chinavita,Female,2021,2.2470566839792183
15176,Chiquinquirá,Female,2021,1.864968942339402
15180,Chiscas,Female,2021,2.367326930250329
15183,Chita,Female,2021,1.6650556077059648
15185,Chitaraque,Female,2021,1.802181641371444
15187,Chivatá,Female,2021,1.4361626414599578
15189,Ciénega,Female,2021,1.657870587467073
15204,Cómbita,Female,2021,1.8737272064357238
15212,Coper,Female,2021,1.83746377088024
15215,Corrales,Female,2021,1.8904505055522103
15218,Covarachía,Female,2021,2.0404873072129743
15223,Cubará,Female,2021,1.2399095912467535
15224,Cucaita,Female,2021,1.8773125719134167
15226,Cuítiva,Female,2021,1.6081425216691425
15232,Chíquiza,Female,2021,1.7978629197265374
15236,Chivor,Female,2021,1.8160707350500576
15238,Duitama,Female,2021,1.8528053364451122
15244,El Cocuy,Female,2021,1.8702233368706358
15248,El Espino,Female,2021,1.9141267259473833
15272,Firavitoba,Female,2021,1.6924563678538171
15276,Floresta,Female,2021,2.2420578186108666
15293,Gachantivá,Female,2021,1.870001482094759
15296,Gámeza,Female,2021,1.7493357729595713
15299,Garagoa,Female,2021,1.7600038720689366
15317,Guacamayas,Female,2021,1.6462750057551925
15322,Guateque,Female,2021,2.012302760369662
15325,Guayatá,Female,2021,2.2330314579717645
15332,Güicán De La Sierra,Female,2021,1.528874547690301
15362,Iza,Female,2021,1.769998949181067
15367,Jenesano,Female,2021,1.7683378777825955
15368,Jericó,Female,2021,2.091123329604027
15377,Labranzagrande,Female,2021,2.3036099729228314
15380,La Capilla,Female,2021,1.814433153765853
15401,La Victoria,Female,2021,2.3804258155846045
15403,La Uvita,Female,2021,1.9063591978376324
15407,Villa De Leyva,Female,2021,1.7138765942156389
15425,Macanal,Female,2021,1.7253080062560928
15442,Maripí,Female,2021,2.185568694930567
15455,Miraflores,Female,2021,1.8273211521311725
15464,Mongua,Female,2021,1.9892127952316523
15466,Monguí,Female,2021,1.7460317603448743
15469,Moniquirá,Female,2021,1.9301120267807774
15476,Motavita,Female,2021,1.7842662152853335
15480,Muzo,Female,2021,1.7992254890270607
15491,Nobsa,Female,2021,1.5932972637434246
15494,Nuevo Colón,Female,2021,2.0489475731879185
15500,Oicatá,Female,2021,1.555245421692018
15507,Otanche,Female,2021,1.8343289361687034
15511,Pachavita,Female,2021,2.0393695071058793
15514,Páez,Female,2021,1.8100173833198807
15516,Paipa,Female,2021,1.7033629628237585
15518,Pajarito,Female,2021,1.591345226955061
15522,Panqueba,Female,2021,1.8833509124280277
15531,Pauna,Female,2021,2.179500816675811
15533,Paya,Female,2021,1.6721544590854862
15537,Paz De Río,Female,2021,1.727645183744704
15542,Pesca,Female,2021,1.5652396455061146
15550,Pisba,Female,2021,1.6175393558448397
15572,Puerto Boyacá,Female,2021,1.935741266358708
15580,Quípama,Female,2021,2.55378145764627
15599,Ramiriquí,Female,2021,1.7057140312307735
15600,Ráquira,Female,2021,1.6332274428340052
15621,Rondón,Female,2021,1.9461323288584644
15632,Saboyá,Female,2021,1.7284082971626653
15638,Sáchica,Female,2021,1.4556236816419241
15646,Samacá,Female,2021,1.7780085379310067
15660,San Eduardo,Female,2021,2.2035096003001713
15664,San José De Pare,Female,2021,2.2139174054089983
15667,San Luis De Gaceno,Female,2021,1.7774535153805495
15673,San Mateo,Female,2021,1.8847018976824117
15676,San Miguel De Sema,Female,2021,1.7529256659925325
15681,San Pablo De Borbur,Female,2021,1.8820725187945602
15686,Santana,Female,2021,1.9522749831735584
15690,Santa María,Female,2021,1.6956535887792865
15693,Santa Rosa De Viterbo,Female,2021,1.8268598819509894
15696,Santa Sofía,Female,2021,1.5323226606518106
15720,Sativanorte,Female,2021,2.7193682907243084
15723,Sativasur,Female,2021,3.547265424524332
15740,Siachoque,Female,2021,1.5808704868874124
15753,Soatá,Female,2021,1.7798979983537322
15755,Socotá,Female,2021,1.594955906391
15757,Socha,Female,2021,1.527270318656319
15759,Sogamoso,Female,2021,1.866353967383864
15761,Somondoco,Female,2021,2.7115528755563667
15762,Sora,Female,2021,1.9368428485212053
15763,Sotaquirá,Female,2021,1.5974920474555412
15764,Soracá,Female,2021,1.6385408555952086
15774,Susacón,Female,2021,1.9048302527318164
15776,Sutamarchán,Female,2021,1.8157714191075416
15778,Sutatenza,Female,2021,2.4246533237547876
15790,Tasco,Female,2021,1.540902013746553
15798,Tenza,Female,2021,2.5084542522576254
15804,Tibaná,Female,2021,1.9423830844326673
15806,Tibasosa,Female,2021,1.6175869653794062
15808,Tinjacá,Female,2021,1.8163170449686556
15810,Tipacoque,Female,2021,2.0245137127482136
15814,Toca,Female,2021,1.5687928466140548
15816,Togüí,Female,2021,1.9022826666853028
15820,Tópaga,Female,2021,2.0828037353862348
15822,Tota,Female,2021,1.7004156662492285
15832,Tununguá,Female,2021,1.8944153652523275
15835,Turmequé,Female,2021,2.159762993366734
15837,Tuta,Female,2021,1.5629361659376813
15839,Tutazá,Female,2021,1.834693057490475
15842,Úmbita,Female,2021,1.8044070737807503
15861,Ventaquemada,Female,2021,1.4895170319822837
15879,Viracachá,Female,2021,1.943401069492677
15897,Zetaquira,Female,2021,2.063223883193236
17001,Manizales,Female,2021,2.2622866922101257
17013,Aguadas,Female,2021,1.9779653369509105
17042,Anserma,Female,2021,2.1199094722976435
17050,Aranzazu,Female,2021,1.9848877074481701
17088,Belalcázar,Female,2021,1.8032999415116784
17174,Chinchiná,Female,2021,2.1402988642662018
17272,Filadelfia,Female,2021,2.1048926362272526
17380,La Dorada,Female,2021,2.1046536843349286
17388,La Merced,Female,2021,2.203601159069996
17433,Manzanares,Female,2021,1.9948628146144134
17442,Marmato,Female,2021,1.8487256910641445
17444,Marquetalia,Female,2021,1.889273549372929
17446,Marulanda,Female,2021,1.7115712902986737
17486,Neira,Female,2021,1.9619917930676067
17495,Norcasia,Female,2021,2.2234268134398616
17513,Pácora,Female,2021,2.3142442526318283
17524,Palestina,Female,2021,2.6009723421461186
17541,Pensilvania,Female,2021,1.8522471279172792
17614,Riosucio,Female,2021,1.856379548588276
17616,Risaralda,Female,2021,2.22220651948649
17653,Salamina,Female,2021,2.1243991429708906
17662,Samaná,Female,2021,1.828007825136236
17665,San José,Female,2021,1.9786288564393717
17777,Supía,Female,2021,1.9465695798316138
17867,Victoria,Female,2021,1.8489648473935376
17873,Villamaría,Female,2021,2.0240892224449123
17877,Viterbo,Female,2021,2.370286263807049
18001,Florencia,Female,2021,1.9101026332213584
18029,Albania,Female,2021,1.409880744539039
18094,Belén De Los Andaquíes,Female,2021,1.550578014880875
18150,Cartagena Del Chairá,Female,2021,1.4973685898493347
18205,Curillo,Female,2021,1.6914129131862885
18247,El Doncello,Female,2021,1.5733553066160821
18256,El Paujíl,Female,2021,1.410248458119529
18410,La Montañita,Female,2021,1.42010756047271
18460,Milán,Female,2021,1.2629642490862587
18479,Morelia,Female,2021,2.0894124255731743
18592,Puerto Rico,Female,2021,1.4898459886654194
18610,San José Del Fragua,Female,2021,1.6694993613198692
18753,San Vicente Del Caguán,Female,2021,1.5270585004978894
18756,Solano,Female,2021,1.3554659312213422
18785,Solita,Female,2021,1.5459187425200809
18860,Valparaíso,Female,2021,1.4844882936923491
19001,Popayán,Female,2021,2.095468060055096
19022,Almaguer,Female,2021,2.6371413519533697
19050,Argelia,Female,2021,2.0890691944769437
19075,Balboa,Female,2021,2.1404295524072814
19100,Bolívar,Female,2021,2.5566583288384495
19110,Buenos Aires,Female,2021,1.6884159953156588
19130,Cajibío,Female,2021,2.002704939755451
19137,Caldono,Female,2021,1.5083738935346902
19142,Caloto,Female,2021,1.7780286945989834
19212,Corinto,Female,2021,2.1609916145997015
19256,El Tambo,Female,2021,2.0929269421166636
19290,Florencia,Female,2021,2.0241782031571898
19300,Guachené,Female,2021,1.327726800686103
19318,Guapi,Female,2021,1.6065799655618302
19355,Inzá,Female,2021,1.6071965881593868
19364,Jambaló,Female,2021,1.4681569214091974
19392,La Sierra,Female,2021,2.467508348151455
19397,La Vega,Female,2021,2.3828544108967815
19418,López De Micay,Female,2021,1.5090236828355494
19450,Mercaderes,Female,2021,2.361472154436752
19455,Miranda,Female,2021,1.8010788570705725
19473,Morales,Female,2021,1.6341595471275847
19513,Padilla,Female,2021,1.856111676846019
19517,Páez,Female,2021,1.311813230629613
19532,Patía,Female,2021,2.196807082986815
19533,Piamonte,Female,2021,1.3389693827616995
19548,Piendamó - Tunía,Female,2021,1.8149362730937713
19573,Puerto Tejada,Female,2021,2.2963186811514347
19585,Puracé,Female,2021,1.7384302052126812
19622,Rosas,Female,2021,2.4662651847876704
19693,San Sebastián,Female,2021,2.528411582029687
19698,Santander De Quilichao,Female,2021,1.7578723262152092
19701,Santa Rosa,Female,2021,2.032119186325271
19743,Silvia,Female,2021,1.6631690740409648
19760,Sotará - Paispamba,Female,2021,1.9851312465471886
19780,Suárez,Female,2021,1.682425259994353
19785,Sucre,Female,2021,3.142775738011199
19807,Timbío,Female,2021,2.1149279656997
19809,Timbiquí,Female,2021,1.4264503677581122
19821,Toribío,Female,2021,1.568226541029982
19824,Totoró,Female,2021,1.6908001307774503
19845,Villa Rica,Female,2021,1.8516886151080392
20001,Valledupar,Female,2021,1.7748111179528272
20011,Aguachica,Female,2021,1.697393415916925
20013,Agustín Codazzi,Female,2021,1.5429690599975538
20032,Astrea,Female,2021,1.4616606568674488
20045,Becerril,Female,2021,1.3079665339914837
20060,Bosconia,Female,2021,1.5560292840148091
20175,Chimichagua,Female,2021,1.3856131147030641
20178,Chiriguaná,Female,2021,1.7060399342218853
20228,Curumaní,Female,2021,1.5309329391118798
20238,El Copey,Female,2021,1.5082380787714569
20250,El Paso,Female,2021,1.3699307497229265
20295,Gamarra,Female,2021,1.8594686720002755
20310,González,Female,2021,2.16927185470084
20383,La Gloria,Female,2021,1.626008989499804
20400,La Jagua De Ibirico,Female,2021,1.2765115715324256
20443,Manaure Balcón Del Cesar,Female,2021,1.5178934171823524
20517,Pailitas,Female,2021,1.8137492702975113
20550,Pelaya,Female,2021,1.7107060739307414
20570,Pueblo Bello,Female,2021,1.2492162288228268
20614,Río De Oro,Female,2021,1.973172021532759
20621,La Paz,Female,2021,1.4296250735277471
20710,San Alberto,Female,2021,1.617702091835074
20750,San Diego,Female,2021,1.521225130985706
20770,San Martín,Female,2021,1.5851218070793083
20787,Tamalameque,Female,2021,1.484461360219756
23001,Montería,Female,2021,1.7395444190538962
23068,Ayapel,Female,2021,1.646935389902579
23079,Buenavista,Female,2021,1.760750571367732
23090,Canalete,Female,2021,1.9151455872929597
23162,Cereté,Female,2021,1.9181717795512485
23168,Chimá,Female,2021,2.2768371728401395
23182,Chinú,Female,2021,2.0481518569053017
23189,Ciénaga De Oro,Female,2021,2.052703243430588
23300,Cotorra,Female,2021,2.0015529752996026
23350,La Apartada,Female,2021,1.7780651083682493
23417,Lorica,Female,2021,1.865866718264119
23419,Los Córdobas,Female,2021,1.8480817231155964
23464,Momil,Female,2021,1.7931658995328856
23466,Montelíbano,Female,2021,1.5749395108043438
23500,Moñitos,Female,2021,1.8773831783690973
23555,Planeta Rica,Female,2021,1.760065153481855
23570,Pueblo Nuevo,Female,2021,1.813997240322561
23574,Puerto Escondido,Female,2021,1.9470979105411208
23580,Puerto Libertador,Female,2021,1.4987486293340826
23586,Purísima De La Concepción,Female,2021,1.9592308696114245
23660,Sahagún,Female,2021,1.9037063009927166
23670,San Andrés De Sotavento,Female,2021,1.8636408583784732
23672,San Antero,Female,2021,1.7448392085835693
23675,San Bernardo Del Viento,Female,2021,1.8822142408292302
23678,San Carlos,Female,2021,1.996925740369525
23682,San José De Uré,Female,2021,0.9398947339128131
23686,San Pelayo,Female,2021,2.1347349506560684
23807,Tierralta,Female,2021,1.5351776521343283
23815,Tuchín,Female,2021,1.1075384246755564
23855,Valencia,Female,2021,1.812894383624261
25001,Agua De Dios,Female,2021,2.363903846360751
25019,Albán,Female,2021,1.7243436082269188
25035,Anapoima,Female,2021,1.9713727034500652
25040,Anolaima,Female,2021,1.9083872157055841
25053,Arbeláez,Female,2021,1.7278424557190255
25086,Beltrán,Female,2021,1.8845382879493513
25095,Bituima,Female,2021,1.7522820826543184
25099,Bojacá,Female,2021,1.6522187968984852
25120,Cabrera,Female,2021,1.4682328707646921
25123,Cachipay,Female,2021,1.873314251990044
25126,Cajicá,Female,2021,1.77697993503593
25148,Caparrapí,Female,2021,2.1323698775644115
25151,Cáqueza,Female,2021,1.8980129004630557
25154,Carmen De Carupa,Female,2021,1.7661506646205314
25168,Chaguaní,Female,2021,2.3265111548170663
25175,Chía,Female,2021,2.2369263817154086
25178,Chipaque,Female,2021,1.7325927414963695
25181,Choachí,Female,2021,1.958477150926118
25183,Chocontá,Female,2021,2.2125470164621905
25200,Cogua,Female,2021,1.7034694163478203
25214,Cota,Female,2021,1.7046136047336478
25224,Cucunubá,Female,2021,1.5592570858764299
25245,El Colegio,Female,2021,1.9966248177333148
25258,El Peñón,Female,2021,2.047419233571092
25260,El Rosal,Female,2021,1.5268553588111744
25269,Facatativá,Female,2021,2.1571624555338014
25279,Fómeque,Female,2021,1.740691262839645
25281,Fosca,Female,2021,1.937738102755213
25286,Funza,Female,2021,1.8527787135345317
25288,Fúquene,Female,2021,1.6280643588815635
25290,Fusagasugá,Female,2021,2.200659190415548
25293,Gachalá,Female,2021,2.2418766249831257
25295,Gachancipá,Female,2021,1.5242455740372265
25297,Gachetá,Female,2021,2.5730824387407663
25299,Gama,Female,2021,2.124271528867785
25307,Girardot,Female,2021,2.948873588902151
25312,Granada,Female,2021,1.6557584538237566
25317,Guachetá,Female,2021,1.5444743129893557
25320,Guaduas,Female,2021,2.115304105698769
25322,Guasca,Female,2021,1.6190321624357573
25324,Guataquí,Female,2021,2.063076915620095
25326,Guatavita,Female,2021,1.8891898428560392
25328,Guayabal De Síquima,Female,2021,1.8857475941488422
25335,Guayabetal,Female,2021,1.442073086893004
25339,Gutiérrez,Female,2021,1.6826925011079783
25368,Jerusalén,Female,2021,1.8774554479246461
25372,Junín,Female,2021,2.871317915502017
25377,La Calera,Female,2021,2.0644091235458495
25386,La Mesa,Female,2021,2.24354971289078
25394,La Palma,Female,2021,2.178707116166779
25398,La Peña,Female,2021,2.3531341594591395
25402,La Vega,Female,2021,1.8242360842600236
25407,Lenguazaque,Female,2021,1.5672145761022347
25426,Machetá,Female,2021,2.3003012400064655
25430,Madrid,Female,2021,1.6022035972027429
25436,Manta,Female,2021,2.4528645649091754
25438,Medina,Female,2021,1.7053902049802774
25473,Mosquera,Female,2021,1.6827279671252708
25483,Nariño,Female,2021,2.3341528217525043
25486,Nemocón,Female,2021,1.715246119875134
25488,Nilo,Female,2021,1.5659158403108233
25489,Nimaima,Female,2021,1.9925647126004058
25491,Nocaima,Female,2021,1.8277701382174416
25506,Venecia,Female,2021,1.9461838498152026
25513,Pacho,Female,2021,2.2793450997880496
25518,Paime,Female,2021,2.1715498392744124
25524,Pandi,Female,2021,1.8082052239432977
25530,Paratebueno,Female,2021,1.537453978864378
25535,Pasca,Female,2021,1.7355713679097664
25572,Puerto Salgar,Female,2021,2.1536409386139863
25580,Pulí,Female,2021,1.883131679292366
25592,Quebradanegra,Female,2021,2.040529171137017
25594,Quetame,Female,2021,1.6013597835430982
25596,Quipile,Female,2021,2.017476793660036
25599,Apulo,Female,2021,1.7573495886236863
25612,Ricaurte,Female,2021,1.6325951436870805
25645,San Antonio Del Tequendama,Female,2021,1.7719876208766752
25649,San Bernardo,Female,2021,1.790401320065417
25653,San Cayetano,Female,2021,1.8009249155005789
25658,San Francisco,Female,2021,1.7131761294242327
25662,San Juan De Rioseco,Female,2021,2.209883974726545
25718,Sasaima,Female,2021,1.9241822683707053
25736,Sesquilé,Female,2021,1.8096747079040092
25740,Sibaté,Female,2021,2.054076288232103
25743,Silvania,Female,2021,1.9548883155708598
25745,Simijaca,Female,2021,1.766507624936405
25754,Soacha,Female,2021,1.6732602019305438
25758,Sopó,Female,2021,2.1339416544791336
25769,Subachoque,Female,2021,1.695702544118313
25772,Suesca,Female,2021,1.6095272834820236
25777,Supatá,Female,2021,1.7775646254307436
25779,Susa,Female,2021,1.7420130364063835
25781,Sutatausa,Female,2021,1.4268983550666043
25785,Tabio,Female,2021,1.8580583643153084
25793,Tausa,Female,2021,1.368848852940321
25797,Tena,Female,2021,1.6271516663522718
25799,Tenjo,Female,2021,1.931401977474642
25805,Tibacuy,Female,2021,1.754931172222948
25807,Tibirita,Female,2021,2.9025057230140368
25815,Tocaima,Female,2021,2.062516616538209
25817,Tocancipá,Female,2021,1.6514457612510778
25823,Topaipí,Female,2021,2.054846953995189
25839,Ubalá,Female,2021,2.019697366110955
25841,Ubaque,Female,2021,1.9783471827086871
25843,Villa De San Diego De Ubaté,Female,2021,2.201206577875247
25845,Une,Female,2021,1.7999838311756597
25851,Útica,Female,2021,2.049131379890731
25862,Vergara,Female,2021,2.3277015683607596
25867,Vianí,Female,2021,1.6978290958198474
25871,Villagómez,Female,2021,1.9190437585110593
25873,Villapinzón,Female,2021,1.6417368143405535
25875,Villeta,Female,2021,2.1143601953531292
25878,Viotá,Female,2021,1.953642028490657
25885,Yacopí,Female,2021,2.339653388033292
25898,Zipacón,Female,2021,1.612006920962429
25899,Zipaquirá,Female,2021,1.9712021445486743
27001,Quibdó,Female,2021,2.3417870200971933
27006,Acandí,Female,2021,1.71013694732455
27025,Alto Baudó,Female,2021,1.6854659012543285
27050,Atrato,Female,2021,1.9225839761240122
27073,Bagadó,Female,2021,1.3875307893643243
27075,Bahía Solano,Female,2021,1.4773710532492994
27077,Bajo Baudó,Female,2021,1.510577425837594
27099,Bojayá,Female,2021,1.2765505484064252
27135,El Cantón Del San Pablo,Female,2021,1.6195702812636068
27150,Carmen Del Darién,Female,2021,1.531994452600227
27160,Cértegui,Female,2021,1.935679026408553
27205,Condoto,Female,2021,1.850558710504689
27245,El Carmen De Atrato,Female,2021,1.7929818996082312
27250,El Litoral Del San Juan,Female,2021,1.407533213155811
27361,Istmina,Female,2021,1.7246976332319777
27372,Juradó,Female,2021,1.3309824692352492
27413,Lloró,Female,2021,1.0981388820810183
27425,Medio Atrato,Female,2021,1.991946552125293
27430,Medio Baudó,Female,2021,1.6284119924142988
27450,Medio San Juan,Female,2021,1.7224160936884148
27491,Nóvita,Female,2021,1.672986139077146
27495,Nuquí,Female,2021,1.4646125253540627
27580,Río Iró,Female,2021,1.606061154176189
27600,Río Quito,Female,2021,1.7787472002187312
27615,Riosucio,Female,2021,2.171546513482053
27660,San José Del Palmar,Female,2021,1.6157161657019026
27745,Sipí,Female,2021,1.4640881016974299
27787,Tadó,Female,2021,1.7875694389283037
27800,Unguía,Female,2021,1.6008003755370745
27810,Unión Panamericana,Female,2021,1.9478849025296212
41001,Neiva,Female,2021,2.0517417272275895
41006,Acevedo,Female,2021,2.0869344018514426
41013,Agrado,Female,2021,1.6381078312988597
41016,Aipe,Female,2021,1.5305319988789883
41020,Algeciras,Female,2021,1.626918149148421
41026,Altamira,Female,2021,1.5372284809778274
41078,Baraya,Female,2021,1.7566091494674798
41132,Campoalegre,Female,2021,1.7062626103363525
41206,Colombia,Female,2021,1.7526581667884038
41244,Elías,Female,2021,1.395697220735712
41298,Garzón,Female,2021,1.7002414485672146
41306,Gigante,Female,2021,1.6541293003988655
41319,Guadalupe,Female,2021,1.5602423233652
41349,Hobo,Female,2021,1.8248456832724849
41357,Íquira,Female,2021,1.6633070913974761
41359,Isnos,Female,2021,1.6239696145906584
41378,La Argentina,Female,2021,1.6290637972356565
41396,La Plata,Female,2021,1.516132379980696
41483,Nátaga,Female,2021,1.345201434748839
41503,Oporapa,Female,2021,1.491018703964562
41518,Paicol,Female,2021,1.4826698866705135
41524,Palermo,Female,2021,1.5402470196505527
41530,Palestina,Female,2021,1.6952174613280577
41548,Pital,Female,2021,1.4298519955990812
41551,Pitalito,Female,2021,2.027126171060737
41615,Rivera,Female,2021,1.5154207583638102
41660,Saladoblanco,Female,2021,1.6062867922978659
41668,San Agustín,Female,2021,1.6203355290460324
41676,Santa María,Female,2021,1.5409245994396543
41770,Suaza,Female,2021,1.3716470233678637
41791,Tarqui,Female,2021,1.6019920851389233
41797,Tesalia,Female,2021,1.5609876605547963
41799,Tello,Female,2021,1.5013329352416198
41801,Teruel,Female,2021,1.5380100924860474
41807,Timaná,Female,2021,1.6084646910536802
41872,Villavieja,Female,2021,1.8515612645797388
41885,Yaguará,Female,2021,1.5613509830995593
44001,Riohacha,Female,2021,1.9595960173567055
44035,Albania,Female,2021,1.314375960713477
44078,Barrancas,Female,2021,1.464960226996098
44090,Dibulla,Female,2021,1.4560134634218758
44098,Distracción,Female,2021,1.4256588942081327
44110,El Molino,Female,2021,1.7001250993570405
44279,Fonseca,Female,2021,1.4679969011128144
44378,Hatonuevo,Female,2021,1.3676403811411484
44420,La Jagua Del Pilar,Female,2021,1.281890693702281
44430,Maicao,Female,2021,2.124794688908593
44560,Manaure,Female,2021,1.4124897458664099
44650,San Juan Del Cesar,Female,2021,1.6121807092993132
44847,Uribia,Female,2021,1.9637275803273995
44855,Urumita,Female,2021,1.4588820860722387
44874,Villanueva,Female,2021,1.3874368535276465
47001,Santa Marta,Female,2021,2.3771796685870457
47030,Algarrobo,Female,2021,1.4253027221409567
47053,Aracataca,Female,2021,1.4566055773167204
47058,Ariguaní,Female,2021,1.6438053129715628
47161,Cerro De San Antonio,Female,2021,1.7471877046369355
47170,Chivolo,Female,2021,1.5207914279700263
47189,Ciénaga,Female,2021,1.8437279584229578
47205,Concordia,Female,2021,2.143977759986576
47245,El Banco,Female,2021,1.5886121611514723
47258,El Piñón,Female,2021,1.7329109880376654
47268,El Retén,Female,2021,1.6109404576917017
47288,Fundación,Female,2021,1.6828271151201306
47318,Guamal,Female,2021,1.6527409146425482
47460,Nueva Granada,Female,2021,1.6335035047191644
47541,Pedraza,Female,2021,1.674141719698242
47545,Pijiño Del Carmen,Female,2021,1.4322538998679308
47551,Pivijay,Female,2021,1.8433241228913282
47555,Plato,Female,2021,1.5618797994164029
47570,Puebloviejo,Female,2021,1.6094668836611687
47605,Remolino,Female,2021,1.7829909565795174
47660,Sabanas De San Ángel,Female,2021,1.5496920976046016
47675,Salamina,Female,2021,1.8635547417200453
47692,San Sebastián De Buenavista,Female,2021,1.6946395713418796
47703,San Zenón,Female,2021,1.3686362119641673
47707,Santa Ana,Female,2021,1.4483855505302734
47720,Santa Bárbara De Pinto,Female,2021,1.6858071764872682
47745,Sitionuevo,Female,2021,1.8760120609473845
47798,Tenerife,Female,2021,1.5902259708834594
47960,Zapayán,Female,2021,1.8938648189671188
47980,Zona Bananera,Female,2021,1.5316444004835899
50001,Villavicencio,Female,2021,1.838396029721911
50006,Acacías,Female,2021,1.5017966398154183
50110,Barranca De Upía,Female,2021,1.64595469242266
50124,Cabuyaro,Female,2021,1.3134315696354806
50150,Castilla La Nueva,Female,2021,1.344130808217972
50223,Cubarral,Female,2021,1.5327636820820063
50226,Cumaral,Female,2021,1.4545879035301612
50245,El Calvario,Female,2021,1.2485546780899428
50251,El Castillo,Female,2021,1.5764661882190214
50270,El Dorado,Female,2021,1.748976202261948
50287,Fuente De Oro,Female,2021,1.733854798336647
50313,Granada,Female,2021,2.006278595359351
50318,Guamal,Female,2021,1.5376662616390642
50325,Mapiripán,Female,2021,1.18905981345712
50330,Mesetas,Female,2021,1.5957156139280368
50350,La Macarena,Female,2021,1.5528661898740024
50370,Uribe,Female,2021,1.641293910443915
50400,Lejanías,Female,2021,1.6324233588809636
50450,Puerto Concordia,Female,2021,1.4685843673807037
50568,Puerto Gaitán,Female,2021,1.2665532871620542
50573,Puerto López,Female,2021,1.559937155846702
50577,Puerto Lleras,Female,2021,1.4804207333756971
50590,Puerto Rico,Female,2021,1.6450186390670605
50606,Restrepo,Female,2021,1.494005675600375
50680,San Carlos De Guaroa,Female,2021,1.3993721535573238
50683,San Juan De Arama,Female,2021,1.6827809471668584
50686,San Juanito,Female,2021,1.421747055419121
50689,San Martín,Female,2021,1.410786496001545
50711,Vistahermosa,Female,2021,1.6894892832140849
52001,Pasto,Female,2021,2.175010076399727
52019,Albán,Female,2021,2.7036966491225796
52022,Aldana,Female,2021,2.271393880928028
52036,Ancuya,Female,2021,2.4318555094727583
52051,Arboleda,Female,2021,2.4766747938995657
52079,Barbacoas,Female,2021,1.507963038978696
52083,Belén,Female,2021,2.60684681251531
52110,Buesaco,Female,2021,2.261650366845527
52203,Colón,Female,2021,2.497934535106301
52207,Consacá,Female,2021,2.6351371799977494
52210,Contadero,Female,2021,2.30770274517686
52215,Córdoba,Female,2021,2.1133332272969008
52224,Cuaspud Carlosama,Female,2021,2.4399408692372
52227,Cumbal,Female,2021,1.8729079689094008
52233,Cumbitara,Female,2021,2.600948986382674
52240,Chachagüí,Female,2021,2.0880307145197605
52250,El Charco,Female,2021,1.4702979859120255
52254,El Peñol,Female,2021,2.913029105384608
52256,El Rosario,Female,2021,2.6560255028042357
52258,El Tablón De Gómez,Female,2021,2.682413936602577
52260,El Tambo,Female,2021,2.361140998184736
52287,Funes,Female,2021,2.347930993490946
52317,Guachucal,Female,2021,2.5726084517968295
52320,Guaitarilla,Female,2021,2.3639759653602734
52323,Gualmatán,Female,2021,2.631573362612813
52352,Iles,Female,2021,2.3075634335187556
52354,Imués,Female,2021,2.9037942975551756
52356,Ipiales,Female,2021,1.9368249018206867
52378,La Cruz,Female,2021,2.361257636593582
52381,La Florida,Female,2021,3.497984150162835
52385,La Llanada,Female,2021,1.8064054477894012
52390,La Tola,Female,2021,1.4963744869904156
52399,La Unión,Female,2021,2.756121585584289
52405,Leiva,Female,2021,2.130049928408605
52411,Linares,Female,2021,2.615990170179342
52418,Los Andes,Female,2021,2.262186984752035
52427,Magüí,Female,2021,1.4104904665867313
52435,Mallama,Female,2021,2.0936819042896486
52473,Mosquera,Female,2021,2.0617093506261925
52480,Nariño,Female,2021,2.6285798066906962
52490,Olaya Herrera,Female,2021,1.5631284909663303
52506,Ospina,Female,2021,2.272861775072906
52520,Francisco Pizarro,Female,2021,1.803027084549755
52540,Policarpa,Female,2021,2.575089806370901
52560,Potosí,Female,2021,1.941312899405329
52565,Providencia,Female,2021,2.6476906636431905
52573,Puerres,Female,2021,2.0767331566516685
52585,Pupiales,Female,2021,2.398008711019744
52612,Ricaurte,Female,2021,1.6867767206487427
52621,Roberto Payán,Female,2021,1.6616380567335318
52678,Samaniego,Female,2021,2.76817730069692
52683,Sandoná,Female,2021,2.519810542982948
52685,San Bernardo,Female,2021,2.8662283350444806
52687,San Lorenzo,Female,2021,2.6937300785103795
52693,San Pablo,Female,2021,2.6185364329809113
52694,San Pedro De Cartago,Female,2021,2.633205638837132
52696,Santa Bárbara,Female,2021,1.589074218109443
52699,Santacruz,Female,2021,2.564511007226631
52720,Sapuyes,Female,2021,2.8308906963524816
52786,Taminango,Female,2021,2.6808777795539958
52788,Tangua,Female,2021,2.761710936598083
52835,San Andrés De Tumaco,Female,2021,1.7533301702799455
52838,Túquerres,Female,2021,2.2780246037037446
52885,Yacuanquer,Female,2021,2.640719826829042
54001,San José De Cúcuta,Female,2021,1.9846074952218644
54003,Ábrego,Female,2021,1.8025976243695208
54051,Arboledas,Female,2021,1.779126896139281
54099,Bochalema,Female,2021,1.8249577820818668
54109,Bucarasica,Female,2021,1.612483576825255
54125,Cácota,Female,2021,1.863631108713755
54128,Cáchira,Female,2021,1.6988904682785826
54172,Chinácota,Female,2021,1.7536249143908518
54174,Chitagá,Female,2021,1.866377749517429
54206,Convención,Female,2021,1.6024110539312282
54223,Cucutilla,Female,2021,2.2854119185601975
54239,Durania,Female,2021,1.9744869740100792
54245,El Carmen,Female,2021,1.6636975057840269
54250,El Tarra,Female,2021,1.4388813013333879
54261,El Zulia,Female,2021,1.677367342880454
54313,Gramalote,Female,2021,1.9932667453090904
54344,Hacarí,Female,2021,1.4708272998210166
54347,Herrán,Female,2021,2.3443102529588953
54377,Labateca,Female,2021,1.6285482052443663
54385,La Esperanza,Female,2021,1.5001758839898234
54398,La Playa,Female,2021,1.8159742699523216
54405,Los Patios,Female,2021,1.7972192958954374
54418,Lourdes,Female,2021,1.5751142661044304
54480,Mutiscua,Female,2021,1.9007706944322493
54498,Ocaña,Female,2021,1.9216197202397358
54518,Pamplona,Female,2021,1.8385708473430038
54520,Pamplonita,Female,2021,1.7845003953002976
54553,Puerto Santander,Female,2021,5.11656831884729
54599,Ragonvalia,Female,2021,1.91011723409646
54660,Salazar,Female,2021,1.7149641621372376
54670,San Calixto,Female,2021,1.5579350314843758
54673,San Cayetano,Female,2021,1.6475349157186276
54680,Santiago,Female,2021,1.950395643944838
54720,Sardinata,Female,2021,1.4869856957319882
54743,Silos,Female,2021,1.7371925159981838
54800,Teorama,Female,2021,1.532698666691539
54810,Tibú,Female,2021,2.0283115674762517
54820,Toledo,Female,2021,1.824707523900906
54871,Villa Caro,Female,2021,1.710330832084148
54874,Villa Del Rosario,Female,2021,1.7612253736600119
63001,Armenia,Female,2021,2.2275500575890743
63111,Buenavista,Female,2021,1.7970316644019821
63130,Calarcá,Female,2021,2.0083695141536992
63190,Circasia,Female,2021,2.0697527800455746
63212,Córdoba,Female,2021,1.8483800534453008
63272,Filandia,Female,2021,2.0873981280928757
63302,Génova,Female,2021,2.088245743358028
63401,La Tebaida,Female,2021,2.0404848103213085
63470,Montenegro,Female,2021,2.0592848541132316
63548,Pijao,Female,2021,2.0092358731851423
63594,Quimbaya,Female,2021,2.0799670761595053
63690,Salento,Female,2021,2.0094911637376383
66001,Pereira,Female,2021,2.1125548243624075
66045,Apía,Female,2021,1.97711724261186
66075,Balboa,Female,2021,1.904009528945832
66088,Belén De Umbría,Female,2021,1.9276011053370155
66170,Dosquebradas,Female,2021,2.0199807359952615
66318,Guática,Female,2021,2.0080790710309104
66383,La Celia,Female,2021,2.0484708472753175
66400,La Virginia,Female,2021,2.1551882778075226
66440,Marsella,Female,2021,1.8725537027060413
66456,Mistrató,Female,2021,1.318292413291148
66572,Pueblo Rico,Female,2021,1.3334610926699102
66594,Quinchía,Female,2021,1.7916743658598377
66682,Santa Rosa De Cabal,Female,2021,1.9799167768324402
66687,Santuario,Female,2021,2.101803590257199
68001,Bucaramanga,Female,2021,2.3323153355150668
68013,Aguada,Female,2021,5.099400652990657
68020,Albania,Female,2021,2.227694615335514
68051,Aratoca,Female,2021,1.979711430205826
68077,Barbosa,Female,2021,1.7659807711004119
68079,Barichara,Female,2021,1.883284792516523
68081,Barrancabermeja,Female,2021,2.677739181285563
68092,Betulia,Female,2021,1.7165708479855581
68101,Bolívar,Female,2021,1.9107141095696503
68121,Cabrera,Female,2021,1.9957718525963732
68132,California,Female,2021,1.3915681500081998
68147,Capitanejo,Female,2021,1.9452932081118564
68152,Carcasí,Female,2021,2.078239836176726
68160,Cepitá,Female,2021,1.80368475061317
68162,Cerrito,Female,2021,1.8540464985616496
68167,Charalá,Female,2021,1.7198117736417242
68169,Charta,Female,2021,1.9224683792785648
68176,Chima,Female,2021,1.9554870976531813
68179,Chipatá,Female,2021,2.2064740959613665
68190,Cimitarra,Female,2021,1.8253080684742398
68207,Concepción,Female,2021,1.8326073970113106
68209,Confines,Female,2021,1.4767195804209747
68211,Contratación,Female,2021,2.0918443283820523
68217,Coromoro,Female,2021,1.9208427002388488
68229,Curití,Female,2021,1.821309245833882
68235,El Carmen De Chucuri,Female,2021,2.0584561910129118
68245,El Guacamayo,Female,2021,1.8063763118615346
68250,El Peñón,Female,2021,1.6156397616145914
68255,El Playón,Female,2021,1.7601465086330383
68264,Encino,Female,2021,1.4256339862509086
68266,Enciso,Female,2021,2.0928069836923937
68271,Florián,Female,2021,2.1005374453688526
68276,Floridablanca,Female,2021,1.910818857151061
68296,Galán,Female,2021,1.835053243164724
68298,Gámbita,Female,2021,1.776684532259339
68307,Girón,Female,2021,1.6741999487944204
68318,Guaca,Female,2021,2.2442447809958166
68320,Guadalupe,Female,2021,1.9829686370258368
68322,Guapotá,Female,2021,1.5237912247051608
68324,Guavatá,Female,2021,2.471171866680455
68327,Güepsa,Female,2021,1.8623720312727152
68344,Hato,Female,2021,1.9719572742919984
68368,Jesús María,Female,2021,2.0509423712666557
68370,Jordán,Female,2021,2.0398900616506492
68377,La Belleza,Female,2021,1.7349692691520915
68385,Landázuri,Female,2021,2.091973561337314
68397,La Paz,Female,2021,2.024631624676895
68406,Lebrija,Female,2021,1.6765223602244772
68418,Los Santos,Female,2021,1.8960895411282157
68425,Macaravita,Female,2021,1.736251581213216
68432,Málaga,Female,2021,1.681875963397102
68444,Matanza,Female,2021,2.016880195254156
68464,Mogotes,Female,2021,1.7727726301005935
68468,Molagavita,Female,2021,2.1852686387049514
68498,Ocamonte,Female,2021,1.7451782200942265
68500,Oiba,Female,2021,1.8440533066252962
68502,Onzaga,Female,2021,2.25537540917385
68522,Palmar,Female,2021,1.856462432372239
68524,Palmas Del Socorro,Female,2021,1.7425947037287195
68533,Páramo,Female,2021,1.6235729969839507
68547,Piedecuesta,Female,2021,1.7355548000674474
68549,Pinchote,Female,2021,1.8141066341301852
68572,Puente Nacional,Female,2021,1.881801109343837
68573,Puerto Parra,Female,2021,1.318472827849546
68575,Puerto Wilches,Female,2021,1.4940270907743503
68615,Rionegro,Female,2021,1.727041528790814
68655,Sabana De Torres,Female,2021,1.5841125635946645
68669,San Andrés,Female,2021,2.11872576138608
68673,San Benito,Female,2021,2.39815483234864
68679,San Gil,Female,2021,1.781329508066625
68682,San Joaquín,Female,2021,1.825957642063879
68684,San José De Miranda,Female,2021,2.0806611654126335
68686,San Miguel,Female,2021,1.552235718652276
68689,San Vicente De Chucurí,Female,2021,1.7061114388691536
68705,Santa Bárbara,Female,2021,2.258743115465654
68720,Santa Helena Del Opón,Female,2021,1.758368896281703
68745,Simacota,Female,2021,1.7288301945969702
68755,Socorro,Female,2021,1.8383099651189796
68770,Suaita,Female,2021,2.081004906462712
68773,Sucre,Female,2021,2.043626569759895
68780,Suratá,Female,2021,1.9806656186289093
68820,Tona,Female,2021,1.8654036782500263
68855,Valle De San José,Female,2021,1.770921244465146
68861,Vélez,Female,2021,2.22369962090419
68867,Vetas,Female,2021,1.8453274019190995
68872,Villanueva,Female,2021,1.8511365254067815
68895,Zapatoca,Female,2021,1.66349334417686
70001,Sincelejo,Female,2021,1.9641627348512178
70110,Buenavista,Female,2021,1.8407274500073447
70124,Caimito,Female,2021,1.7699439922204805
70204,Colosó,Female,2021,1.9786062086451057
70215,Corozal,Female,2021,1.8316989761897227
70221,Coveñas,Female,2021,1.8407754005945745
70230,Chalán,Female,2021,2.2411454865439615
70233,El Roble,Female,2021,1.953761797060017
70235,Galeras,Female,2021,1.5540922380597504
70265,Guaranda,Female,2021,1.745713539613665
70400,La Unión,Female,2021,1.9455831070687204
70418,Los Palmitos,Female,2021,1.747746273249094
70429,Majagual,Female,2021,1.8401845527705387
70473,Morroa,Female,2021,1.8079296832801273
70508,Ovejas,Female,2021,1.9610613521841258
70523,Palmito,Female,2021,1.754694814152009
70670,Sampués,Female,2021,1.8527600585908028
70678,San Benito Abad,Female,2021,1.8233861539656595
70702,San Juan De Betulia,Female,2021,2.0024246575539575
70708,San Marcos,Female,2021,1.8611901384742353
70713,San Onofre,Female,2021,1.6989596268568716
70717,San Pedro,Female,2021,1.8983428944252752
70742,San Luis De Sincé,Female,2021,1.9506308021978138
70771,Sucre,Female,2021,1.866569807325103
70820,Santiago De Tolú,Female,2021,1.540801216079493
70823,San José De Toluviejo,Female,2021,1.8273712106824844
73001,Ibagué,Female,2021,1.8885896140392633
73024,Alpujarra,Female,2021,1.6644200842398584
73026,Alvarado,Female,2021,1.9845079882017087
73030,Ambalema,Female,2021,1.8202347829129981
73043,Anzoátegui,Female,2021,1.7711831228816397
73055,Armero,Female,2021,1.8248712852362197
73067,Ataco,Female,2021,1.6048516059440612
73124,Cajamarca,Female,2021,1.7623853723947025
73148,Carmen De Apicalá,Female,2021,1.8778455560402403
73152,Casabianca,Female,2021,1.6628787431145073
73168,Chaparral,Female,2021,1.7365279515543566
73200,Coello,Female,2021,1.8526874357354577
73217,Coyaima,Female,2021,1.8613984730318505
73226,Cunday,Female,2021,1.73804419746178
73236,Dolores,Female,2021,1.7362983742805371
73268,Espinal,Female,2021,2.5117797038943483
73270,Falan,Female,2021,1.798917263660718
73275,Flandes,Female,2021,1.8993226745959473
73283,Fresno,Female,2021,1.930724668822085
73319,Guamo,Female,2021,1.911026685091104
73347,Herveo,Female,2021,2.2556644263864585
73349,Honda,Female,2021,2.3903782445854174
73352,Icononzo,Female,2021,1.7636300561260791
73408,Lérida,Female,2021,1.9740906529409428
73411,Líbano,Female,2021,2.057340547127671
73443,San Sebastián De Mariquita,Female,2021,1.9271463581516524
73449,Melgar,Female,2021,1.8753696962224968
73461,Murillo,Female,2021,1.7764318992501946
73483,Natagaima,Female,2021,2.2214006266491837
73504,Ortega,Female,2021,1.7001247022803654
73520,Palocabildo,Female,2021,1.7001165134223384
73547,Piedras,Female,2021,1.8106292129713781
73555,Planadas,Female,2021,1.5098432840400327
73563,Prado,Female,2021,1.6872356069673742
73585,Purificación,Female,2021,1.977403279476227
73616,Rioblanco,Female,2021,1.421284943074341
73622,Roncesvalles,Female,2021,1.5467736208391762
73624,Rovira,Female,2021,1.6790916672974434
73671,Saldaña,Female,2021,2.0551115413060606
73675,San Antonio,Female,2021,1.6318714590446652
73678,San Luis,Female,2021,2.031048479516565
73686,Santa Isabel,Female,2021,1.8975921776071547
73770,Suárez,Female,2021,2.2010694395956447
73854,Valle De San Juan,Female,2021,1.786749115345966
73861,Venadillo,Female,2021,1.8300984080263596
73870,Villahermosa,Female,2021,1.9410971146343072
73873,Villarrica,Female,2021,1.656024634099986
76001,Cali,Female,2021,1.7896488062466867
76020,Alcalá,Female,2021,2.252672029244339
76036,Andalucía,Female,2021,1.562790418582631
76041,Ansermanuevo,Female,2021,1.806832209072074
76054,Argelia,Female,2021,1.389446944955878
76100,Bolívar,Female,2021,1.361849978450793
76109,Buenaventura,Female,2021,1.5073865967286277
76111,Guadalajara De Buga,Female,2021,1.5952842508686471
76113,Bugalagrande,Female,2021,1.809877767322048
76122,Caicedonia,Female,2021,1.6615018032906077
76126,Calima,Female,2021,1.6550866462682101
76130,Candelaria,Female,2021,1.452587969249142
76147,Cartago,Female,2021,2.007830488846799
76233,Dagua,Female,2021,1.520476951104064
76243,El Águila,Female,2021,1.5563773672022714
76246,El Cairo,Female,2021,1.4818696448771242
76248,El Cerrito,Female,2021,1.5269125779347266
76250,El Dovio,Female,2021,1.894919960194301
76275,Florida,Female,2021,1.7633059645744769
76306,Ginebra,Female,2021,1.4850174199904462
76318,Guacarí,Female,2021,1.648233448347804
76364,Jamundí,Female,2021,1.5978093428339375
76377,La Cumbre,Female,2021,1.7763420829739336
76400,La Unión,Female,2021,1.858448695776524
76403,La Victoria,Female,2021,1.9971768106400156
76497,Obando,Female,2021,1.6234080266682251
76520,Palmira,Female,2021,1.6888441693545335
76563,Pradera,Female,2021,1.6864753052176988
76606,Restrepo,Female,2021,1.5401632172139494
76616,Riofrío,Female,2021,1.61971915701721
76622,Roldanillo,Female,2021,1.6138097245337728
76670,San Pedro,Female,2021,1.4579617338986832
76736,Sevilla,Female,2021,1.749626638183466
76823,Toro,Female,2021,1.9020738612529227
76828,Trujillo,Female,2021,1.4940082009425593
76834,Tuluá,Female,2021,1.8408061429749667
76845,Ulloa,Female,2021,1.435722642626953
76863,Versalles,Female,2021,1.6533542864716706
76869,Vijes,Female,2021,1.517686505607331
76890,Yotoco,Female,2021,1.675248881252458
76892,Yumbo,Female,2021,1.591619321022313
76895,Zarzal,Female,2021,1.4994520674726015
81001,Arauca,Female,2021,1.8692245938758536
81065,Arauquita,Female,2021,1.5818696462140442
81220,Cravo Norte,Female,2021,1.7527513291400323
81300,Fortul,Female,2021,1.7819675006001856
81591,Puerto Rondón,Female,2021,1.7163767098466152
81736,Saravena,Female,2021,1.67460717110447
81794,Tame,Female,2021,1.8706726774267337
85001,Yopal,Female,2021,2.249085225281991
85010,Aguazul,Female,2021,1.626428976498074
85015,Chámeza,Female,2021,1.6314193852279237
85125,Hato Corozal,Female,2021,1.3812673330935636
85136,La Salina,Female,2021,1.2314650408783825
85139,Maní,Female,2021,1.4867672491533757
85162,Monterrey,Female,2021,1.623763701080595
85225,Nunchía,Female,2021,1.8172051027761662
85230,Orocué,Female,2021,1.2966755556433367
85250,Paz De Ariporo,Female,2021,1.4449717045080641
85263,Pore,Female,2021,1.5198647302448545
85279,Recetor,Female,2021,1.8825031152384446
85300,Sabanalarga,Female,2021,1.9252813445843526
85315,Sácama,Female,2021,1.3849380728313894
85325,San Luis De Palenque,Female,2021,1.4537374600244959
85400,Támara,Female,2021,1.3354066999269851
85410,Tauramena,Female,2021,1.4964361002588715
85430,Trinidad,Female,2021,1.4595871845150532
85440,Villanueva,Female,2021,1.4912452735764012
86001,Mocoa,Female,2021,1.7685996349517137
86219,Colón,Female,2021,1.935143861991435
86320,Orito,Female,2021,1.6196047355212415
86568,Puerto Asís,Female,2021,2.2641126518493997
86569,Puerto Caicedo,Female,2021,1.6704336046425694
86571,Puerto Guzmán,Female,2021,1.5054604582218398
86573,Puerto Leguízamo,Female,2021,1.2837615253953134
86749,Sibundoy,Female,2021,1.8612122834357543
86755,San Francisco,Female,2021,1.627902881265116
86757,San Miguel,Female,2021,1.6604811740444863
86760,Santiago,Female,2021,1.655267743684354
86865,Valle Del Guamuez,Female,2021,1.9142135488717127
86885,Villagarzón,Female,2021,1.5375633862239484
88001,San Andrés,Female,2021,1.8907409212069193
88564,Providencia,Female,2021,1.5956549537330578
91001,Leticia,Female,2021,2.2697059871594223
91263,El Encanto,Female,2021,1.1119174203709534
91405,La Chorrera,Female,2021,0.845404124662954
91407,La Pedrera,Female,2021,1.4252755084040079
91430,La Victoria,Female,2021,1.879473665850431
91460,Mirití - Paraná,Female,2021,1.2494018342034967
91530,Puerto Alegría,Female,2021,1.358361012308136
91536,Puerto Arica,Female,2021,1.601305936174645
91540,Puerto Nariño,Female,2021,1.1639758097967279
91669,Puerto Santander,Female,2021,1.1697398535240873
91798,Tarapacá,Female,2021,1.108228195887234
94001,Inírida,Female,2021,1.4630556616307722
94343,Barrancominas,Female,2021,0.6809188916531592
94883,San Felipe,Female,2021,1.0994283067369182
94884,Puerto Colombia,Female,2021,1.0899515614357365
94885,La Guadalupe,Female,2021,0.8221664835120123
94886,Cacahual,Female,2021,0.924188435952245
94887,Pana Pana,Female,2021,1.0561675608131613
94888,Morichal,Female,2021,0.8900180227341847
95001,San José Del Guaviare,Female,2021,1.597581893217185
95015,Calamar,Female,2021,1.5146776520333318
95025,El Retorno,Female,2021,1.2594483616962506
95200,Miraflores,Female,2021,1.1106439152922896
97001,Mitú,Female,2021,0.9768219650090805
97161,Carurú,Female,2021,0.7253681522413443
97511,Pacoa,Female,2021,0.7907882443088404
97666,Taraira,Female,2021,0.8912765697380282
97777,Papunahua,Female,2021,1.0348714471145632
97889,Yavaraté,Female,2021,0.7411243832559488
99001,Puerto Carreño,Female,2021,2.0741564438984748
99524,La Primavera,Female,2021,1.7282573912092833
99624,Santa Rosalía,Female,2021,1.5240145465593569
99773,Cumaribo,Female,2021,1.333716686632291
5001,Medellín,Male,2021,5.451980715519748
5002,Abejorral,Male,2021,7.048652017743155
5004,Abriaquí,Male,2021,6.0854337726075824
5021,Alejandría,Male,2021,5.1247955667377765
5030,Amagá,Male,2021,5.793221377428062
5031,Amalfi,Male,2021,5.1838853710585635
5034,Andes,Male,2021,6.785176065762645
5036,Angelópolis,Male,2021,5.7938728007792735
5038,Angostura,Male,2021,5.98162163573156
5040,Anorí,Male,2021,5.165546386948909
5042,Santa Fé De Antioquia,Male,2021,5.314914742947687
5044,Anzá,Male,2021,5.689348783754915
5045,Apartadó,Male,2021,5.302096264302322
5051,Arboletes,Male,2021,4.769034801542324
5055,Argelia,Male,2021,5.235456657095303
5059,Armenia,Male,2021,7.571200727139857
5079,Barbosa,Male,2021,6.21236321075422
5086,Belmira,Male,2021,5.176420945601925
5088,Bello,Male,2021,5.274861588601067
5091,Betania,Male,2021,6.5753385863913145
5093,Betulia,Male,2021,5.9370424332089415
5101,Ciudad Bolívar,Male,2021,6.438444107395591
5107,Briceño,Male,2021,5.3022578447024955
5113,Buriticá,Male,2021,5.683733450841944
5120,Cáceres,Male,2021,4.6349053822821356
5125,Caicedo,Male,2021,5.881399137292061
5129,Caldas,Male,2021,6.3945955573571105
5134,Campamento,Male,2021,5.44833637564909
5138,Cañasgordas,Male,2021,5.738473923829122
5142,Caracolí,Male,2021,6.334740892322108
5145,Caramanta,Male,2021,6.977011196345029
5147,Carepa,Male,2021,4.43403932607348
5148,El Carmen De Viboral,Male,2021,4.734127483872028
5150,Carolina,Male,2021,6.917406415334996
5154,Caucasia,Male,2021,6.0647441040813
5172,Chigorodó,Male,2021,5.476505200872386
5190,Cisneros,Male,2021,5.840858943300727
5197,Cocorná,Male,2021,5.413330300974792
5206,Concepción,Male,2021,6.251400514890356
5209,Concordia,Male,2021,6.632988404928659
5212,Copacabana,Male,2021,6.107988007896342
5234,Dabeiba,Male,2021,4.769855305651042
5237,Donmatías,Male,2021,4.5383654075483095
5240,Ebéjico,Male,2021,7.602622100333219
5250,El Bagre,Male,2021,4.538014285946079
5264,Entrerríos,Male,2021,4.877144494995667
5266,Envigado,Male,2021,7.358972465258141
5282,Fredonia,Male,2021,7.258848076934329
5284,Frontino,Male,2021,4.377737326637563
5306,Giraldo,Male,2021,4.6829407013369755
5308,Girardota,Male,2021,5.7496036047727
5310,Gómez Plata,Male,2021,6.450759118018594
5313,Granada,Male,2021,4.151934288508951
5315,Guadalupe,Male,2021,6.051894886024925
5318,Guarne,Male,2021,5.791338771925027
5321,Guatapé,Male,2021,4.943286869054312
5347,Heliconia,Male,2021,8.081640653173212
5353,Hispania,Male,2021,6.185769455119942
5360,Itagüí,Male,2021,6.092369277006849
5361,Ituango,Male,2021,10.068746550752712
5364,Jardín,Male,2021,6.12438697383855
5368,Jericó,Male,2021,6.62991461979993
5376,La Ceja,Male,2021,5.2935324824304315
5380,La Estrella,Male,2021,6.041062956590002
5390,La Pintada,Male,2021,6.87268131730676
5400,La Unión,Male,2021,5.203089186426303
5411,Liborina,Male,2021,6.348692448796942
5425,Maceo,Male,2021,5.4269991462104565
5440,Marinilla,Male,2021,4.5674577414110225
5467,Montebello,Male,2021,7.066640022593559
5475,Murindó,Male,2021,3.2073334843994754
5480,Mutatá,Male,2021,9.14142796675623
5483,Nariño,Male,2021,5.827380389301262
5490,Necoclí,Male,2021,4.591832973060951
5495,Nechí,Male,2021,4.579039611628689
5501,Olaya,Male,2021,5.674797593174611
5541,Peñol,Male,2021,4.907930736030687
5543,Peque,Male,2021,5.058332309612946
5576,Pueblorrico,Male,2021,6.122981588545255
5579,Puerto Berrío,Male,2021,7.776108126083042
5585,Puerto Nare,Male,2021,5.611217668572872
5591,Puerto Triunfo,Male,2021,7.778306590159567
5604,Remedios,Male,2021,4.492152353304474
5607,Retiro,Male,2021,5.923380336607822
5615,Rionegro,Male,2021,5.810019943417808
5628,Sabanalarga,Male,2021,5.397658336345535
5631,Sabaneta,Male,2021,6.892907555498778
5642,Salgar,Male,2021,6.676477047983169
5647,San Andrés De Cuerquía,Male,2021,4.944904320130228
5649,San Carlos,Male,2021,4.95221041794415
5652,San Francisco,Male,2021,4.522876407716431
5656,San Jerónimo,Male,2021,5.745387516853313
5658,San José De La Montaña,Male,2021,4.983506476141656
5659,San Juan De Urabá,Male,2021,4.265780812200815
5660,San Luis,Male,2021,4.070661623481487
5664,San Pedro De Los Milagros,Male,2021,5.279604560607236
5665,San Pedro De Urabá,Male,2021,5.114381049386055
5667,San Rafael,Male,2021,5.745689699607509
5670,San Roque,Male,2021,5.776096701637458
5674,San Vicente Ferrer,Male,2021,5.807558626687542
5679,Santa Bárbara,Male,2021,6.404853529869032
5686,Santa Rosa De Osos,Male,2021,4.96377059385055
5690,Santo Domingo,Male,2021,6.836743714095156
5697,El Santuario,Male,2021,3.8275840504049423
5736,Segovia,Male,2021,7.105787042623904
5756,Sonsón,Male,2021,5.746596229249763
5761,Sopetrán,Male,2021,5.975990726956605
5789,Támesis,Male,2021,7.38692366089309
5790,Tarazá,Male,2021,7.242576227273344
5792,Tarso,Male,2021,6.662989967993335
5809,Titiribí,Male,2021,6.91342667868709
5819,Toledo,Male,2021,5.8199054465726245
5837,Turbo,Male,2021,5.580025074079536
5842,Uramita,Male,2021,5.417533461331101
5847,Urrao,Male,2021,4.885849145650388
5854,Valdivia,Male,2021,6.941057307799351
5856,Valparaíso,Male,2021,6.336587661382035
5858,Vegachí,Male,2021,5.891910716138447
5861,Venecia,Male,2021,9.380563789640398
5873,Vigía Del Fuerte,Male,2021,3.4575658903451316
5885,Yalí,Male,2021,5.927488633678876
5887,Yarumal,Male,2021,5.1300999211469644
5890,Yolombó,Male,2021,6.07090178287088
5893,Yondó,Male,2021,4.4581879649686655
5895,Zaragoza,Male,2021,4.143420302365601
8001,Barranquilla,Male,2021,6.40829820096388
8078,Baranoa,Male,2021,5.0192907426292335
8137,Campo De La Cruz,Male,2021,5.757862572661912
8141,Candelaria,Male,2021,5.075639995074257
8296,Galapa,Male,2021,3.835338224071253
8372,Juan De Acosta,Male,2021,5.472770130796302
8421,Luruaco,Male,2021,5.30504298194495
8433,Malambo,Male,2021,4.156137265653293
8436,Manatí,Male,2021,4.291380553512836
8520,Palmar De Varela,Male,2021,5.0835514597986915
8549,Piojó,Male,2021,6.214341031970266
8558,Polonuevo,Male,2021,4.563542740607608
8560,Ponedera,Male,2021,4.850098040988028
8573,Puerto Colombia,Male,2021,4.444608162256835
8606,Repelón,Male,2021,5.152147299735874
8634,Sabanagrande,Male,2021,4.595565964481094
8638,Sabanalarga,Male,2021,4.651265581947734
8675,Santa Lucía,Male,2021,4.4427631721889185
8685,Santo Tomás,Male,2021,4.883586480412547
8758,Soledad,Male,2021,4.000886570327295
8770,Suan,Male,2021,4.5783800423896
8832,Tubará,Male,2021,5.538344506039999
8849,Usiacurí,Male,2021,5.439420111123793
11001,"Bogotá, D.C.",Male,2021,5.45600124264372
13001,Cartagena De Indias,Male,2021,4.951669353944579
13006,Achí,Male,2021,5.578570851943735
13030,Altos Del Rosario,Male,2021,4.818567713804109
13042,Arenal,Male,2021,6.065458882815885
13052,Arjona,Male,2021,5.0355663610166035
13062,Arroyohondo,Male,2021,5.965705645399822
13074,Barranco De Loba,Male,2021,4.775331343575971
13140,Calamar,Male,2021,5.593303031160406
13160,Cantagallo,Male,2021,5.393330582547682
13188,Cicuco,Male,2021,4.79641811854802
13212,Córdoba,Male,2021,6.382065769609266
13222,Clemencia,Male,2021,5.1629345404633575
13244,El Carmen De Bolívar,Male,2021,5.673346910376317
13248,El Guamo,Male,2021,7.155572870903335
13268,El Peñón,Male,2021,5.046160966428489
13300,Hatillo De Loba,Male,2021,5.070298400984225
13430,Magangué,Male,2021,5.053200721815185
13433,Mahates,Male,2021,5.5374924625518736
13440,Margarita,Male,2021,6.183400369291412
13442,María La Baja,Male,2021,4.917823990440773
13458,Montecristo,Male,2021,5.8347611048619425
13468,Mompós,Male,2021,4.692736899057174
13473,Morales,Male,2021,5.216516720598135
13490,Norosí,Male,2021,3.9443627787062887
13549,Pinillos,Male,2021,5.173517083961091
13580,Regidor,Male,2021,4.012714207570999
13600,Río Viejo,Male,2021,5.778530601411866
13620,San Cristóbal,Male,2021,5.133559830638046
13647,San Estanislao,Male,2021,5.41529245503421
13650,San Fernando,Male,2021,5.117407635391378
13654,San Jacinto,Male,2021,6.151039652980102
13655,San Jacinto Del Cauca,Male,2021,5.879647996637438
13657,San Juan Nepomuceno,Male,2021,6.50321468744155
13667,San Martín De Loba,Male,2021,4.671954387536049
13670,San Pablo,Male,2021,4.465237726770132
13673,Santa Catalina,Male,2021,5.131810485379569
13683,Santa Rosa,Male,2021,5.32533289691612
13688,Santa Rosa Del Sur,Male,2021,4.603793396575704
13744,Simití,Male,2021,5.501277578195789
13760,Soplaviento,Male,2021,5.320011712298807
13780,Talaigua Nuevo,Male,2021,4.303528751607762
13810,Tiquisio,Male,2021,4.691437474548641
13836,Turbaco,Male,2021,4.755878941051963
13838,Turbaná,Male,2021,5.508598770358422
13873,Villanueva,Male,2021,5.136251622537091
13894,Zambrano,Male,2021,5.9251672180982125
15001,Tunja,Male,2021,4.639752152539425
15022,Almeida,Male,2021,8.659561636952688
15047,Aquitania,Male,2021,5.251729822449314
15051,Arcabuco,Male,2021,4.509525958284576
15087,Belén,Male,2021,4.820026411020745
15090,Berbeo,Male,2021,6.8948806167014585
15092,Betéitiva,Male,2021,6.711104462376208
15097,Boavita,Male,2021,6.55878485429604
15104,Boyacá,Male,2021,6.049878439296341
15106,Briceño,Male,2021,7.315507980494017
15109,Buenavista,Male,2021,7.3016056411542785
15114,Busbanzá,Male,2021,5.3147428503794885
15131,Caldas,Male,2021,6.370291209805586
15135,Campohermoso,Male,2021,5.930208350113378
15162,Cerinza,Male,2021,6.078429132799532
15172,Chinavita,Male,2021,7.222923859832752
15176,Chiquinquirá,Male,2021,4.731582283794614
15180,Chiscas,Male,2021,7.220589510308567
15183,Chita,Male,2021,5.477524621268015
15185,Chitaraque,Male,2021,6.38796455265068
15187,Chivatá,Male,2021,4.606700153238739
15189,Ciénega,Male,2021,5.23026138119798
15204,Cómbita,Male,2021,12.084355357255918
15212,Coper,Male,2021,5.84814635164154
15215,Corrales,Male,2021,5.746461745571585
15218,Covarachía,Male,2021,6.826092960914386
15223,Cubará,Male,2021,3.532223374204988
15224,Cucaita,Male,2021,5.444150563019732
15226,Cuítiva,Male,2021,4.768085844192256
15232,Chíquiza,Male,2021,6.295155717921231
15236,Chivor,Male,2021,7.425074040611367
15238,Duitama,Male,2021,4.730438722810866
15244,El Cocuy,Male,2021,5.671933296810882
15248,El Espino,Male,2021,5.818838488027281
15272,Firavitoba,Male,2021,4.990272308030044
15276,Floresta,Male,2021,6.7127486601669215
15293,Gachantivá,Male,2021,6.9637271133593055
15296,Gámeza,Male,2021,5.418411219232382
15299,Garagoa,Male,2021,4.959540581250433
15317,Guacamayas,Male,2021,4.651854557870501
15322,Guateque,Male,2021,5.725466550575523
15325,Guayatá,Male,2021,8.025672207745522
15332,Güicán De La Sierra,Male,2021,4.333706148553952
15362,Iza,Male,2021,4.828498494712338
15367,Jenesano,Male,2021,5.5822330888945615
15368,Jericó,Male,2021,7.07982119227248
15377,Labranzagrande,Male,2021,9.558319199942574
15380,La Capilla,Male,2021,6.178946107073817
15401,La Victoria,Male,2021,7.371569034971338
15403,La Uvita,Male,2021,7.099291230272838
15407,Villa De Leyva,Male,2021,4.678775553548431
15425,Macanal,Male,2021,5.970202235829617
15442,Maripí,Male,2021,8.691354477209991
15455,Miraflores,Male,2021,5.4836312343789775
15464,Mongua,Male,2021,5.339245883994045
15466,Monguí,Male,2021,5.011282146222885
15469,Moniquirá,Male,2021,5.618385685577007
15476,Motavita,Male,2021,5.117978437612131
15480,Muzo,Male,2021,6.876983206448497
15491,Nobsa,Male,2021,4.3535035367548005
15494,Nuevo Colón,Male,2021,6.799089726466383
15500,Oicatá,Male,2021,4.578567782449687
15507,Otanche,Male,2021,6.173368485318164
15511,Pachavita,Male,2021,7.71026696928766
15514,Páez,Male,2021,6.003216386756309
15516,Paipa,Male,2021,4.608838676237619
15518,Pajarito,Male,2021,4.92138525870176
15522,Panqueba,Male,2021,5.8088146485656225
15531,Pauna,Male,2021,7.563432124802788
15533,Paya,Male,2021,6.143193012921956
15537,Paz De Río,Male,2021,4.994465340716024
15542,Pesca,Male,2021,4.907911498617135
15550,Pisba,Male,2021,5.512487241368038
15572,Puerto Boyacá,Male,2021,5.453136325501948
15580,Quípama,Male,2021,9.421615950006718
15599,Ramiriquí,Male,2021,5.241767960577458
15600,Ráquira,Male,2021,5.6517957055190795
15621,Rondón,Male,2021,5.577194064074448
15632,Saboyá,Male,2021,5.2390051956100745
15638,Sáchica,Male,2021,4.340613630190837
15646,Samacá,Male,2021,5.207457844971348
15660,San Eduardo,Male,2021,6.756699702372815
15664,San José De Pare,Male,2021,7.922095277526022
15667,San Luis De Gaceno,Male,2021,5.5951783074419765
15673,San Mateo,Male,2021,5.790686905761736
15676,San Miguel De Sema,Male,2021,4.960612844721892
15681,San Pablo De Borbur,Male,2021,7.341759119270267
15686,Santana,Male,2021,6.450804384555158
15690,Santa María,Male,2021,5.839615634678492
15693,Santa Rosa De Viterbo,Male,2021,5.716313418023482
15696,Santa Sofía,Male,2021,5.244426913273419
15720,Sativanorte,Male,2021,9.585705722538233
15723,Sativasur,Male,2021,10.639851301812376
15740,Siachoque,Male,2021,5.243038680832265
15753,Soatá,Male,2021,4.877744211615118
15755,Socotá,Male,2021,6.095715613440492
15757,Socha,Male,2021,4.654782626076917
15759,Sogamoso,Male,2021,4.818270245686456
15761,Somondoco,Male,2021,9.460302149459316
15762,Sora,Male,2021,6.180444946374287
15763,Sotaquirá,Male,2021,5.354021408178104
15764,Soracá,Male,2021,4.760605808391816
15774,Susacón,Male,2021,6.859109903621082
15776,Sutamarchán,Male,2021,5.543983961041084
15778,Sutatenza,Male,2021,7.443174486306105
15790,Tasco,Male,2021,5.158683027007453
15798,Tenza,Male,2021,7.722722598632949
15804,Tibaná,Male,2021,6.1539823035902685
15806,Tibasosa,Male,2021,4.516014602029741
15808,Tinjacá,Male,2021,5.546160948650689
15810,Tipacoque,Male,2021,6.179843021324824
15814,Toca,Male,2021,4.7236571226657444
15816,Togüí,Male,2021,6.462167834557871
15820,Tópaga,Male,2021,6.017552301834274
15822,Tota,Male,2021,5.320781546977157
15832,Tununguá,Male,2021,7.0820320992229
15835,Turmequé,Male,2021,6.520199890803909
15837,Tuta,Male,2021,4.680595203730174
15839,Tutazá,Male,2021,4.953195773503563
15842,Úmbita,Male,2021,6.57058423878726
15861,Ventaquemada,Male,2021,4.317087307129552
15879,Viracachá,Male,2021,6.483795556128151
15897,Zetaquira,Male,2021,6.490660616468386
17001,Manizales,Male,2021,6.028636611583193
17013,Aguadas,Male,2021,6.0742493697613575
17042,Anserma,Male,2021,6.4728545155561195
17050,Aranzazu,Male,2021,5.186531865759792
17088,Belalcázar,Male,2021,5.4251394132170425
17174,Chinchiná,Male,2021,5.787886089950447
17272,Filadelfia,Male,2021,6.687641609963297
17380,La Dorada,Male,2021,5.849436287548039
17388,La Merced,Male,2021,7.069767758862983
17433,Manzanares,Male,2021,6.132024237390653
17442,Marmato,Male,2021,5.575944268529216
17444,Marquetalia,Male,2021,5.895762601341241
17446,Marulanda,Male,2021,6.248051459628135
17486,Neira,Male,2021,5.79223110909741
17495,Norcasia,Male,2021,6.589824788773358
17513,Pácora,Male,2021,7.412186123291058
17524,Palestina,Male,2021,7.922482327853371
17541,Pensilvania,Male,2021,5.934625701120066
17614,Riosucio,Male,2021,5.562734627107531
17616,Risaralda,Male,2021,7.395587230420114
17653,Salamina,Male,2021,6.647847289606294
17662,Samaná,Male,2021,5.745212597835744
17665,San José,Male,2021,6.781204137034918
17777,Supía,Male,2021,5.469653691671501
17867,Victoria,Male,2021,5.595460660997483
17873,Villamaría,Male,2021,5.407874419265681
17877,Viterbo,Male,2021,6.309973843728516
18001,Florencia,Male,2021,5.1999790942612965
18029,Albania,Male,2021,4.234763655598248
18094,Belén De Los Andaquíes,Male,2021,4.11419379079912
18150,Cartagena Del Chairá,Male,2021,4.521286186302583
18205,Curillo,Male,2021,4.6615340292418885
18247,El Doncello,Male,2021,4.42280574931499
18256,El Paujíl,Male,2021,4.238844593300802
18410,La Montañita,Male,2021,4.662093647937027
18460,Milán,Male,2021,3.8736340191922385
18479,Morelia,Male,2021,6.389757800428308
18592,Puerto Rico,Male,2021,4.366310735470219
18610,San José Del Fragua,Male,2021,4.820459403034066
18753,San Vicente Del Caguán,Male,2021,4.6259077716241475
18756,Solano,Male,2021,4.658016132434087
18785,Solita,Male,2021,4.613885184240386
18860,Valparaíso,Male,2021,4.4934481809446005
19001,Popayán,Male,2021,5.5918411612106524
19022,Almaguer,Male,2021,7.785067604912514
19050,Argelia,Male,2021,6.646479458151726
19075,Balboa,Male,2021,6.209611919025682
19100,Bolívar,Male,2021,7.909008333162318
19110,Buenos Aires,Male,2021,4.62157424386438
19130,Cajibío,Male,2021,6.131813028490945
19137,Caldono,Male,2021,4.483904824611344
19142,Caloto,Male,2021,4.825129331004128
19212,Corinto,Male,2021,5.98335568129926
19256,El Tambo,Male,2021,6.595127995174846
19290,Florencia,Male,2021,5.862746876710589
19300,Guachené,Male,2021,3.1736521817054593
19318,Guapi,Male,2021,4.217586594219125
19355,Inzá,Male,2021,4.881892230859079
19364,Jambaló,Male,2021,4.131064522894867
19392,La Sierra,Male,2021,7.961204481167751
19397,La Vega,Male,2021,7.34770881424811
19418,López De Micay,Male,2021,4.390114896787278
19450,Mercaderes,Male,2021,7.128400325138283
19455,Miranda,Male,2021,4.815259096745087
19473,Morales,Male,2021,4.942007681942483
19513,Padilla,Male,2021,4.329015163293928
19517,Páez,Male,2021,3.9628546781861367
19532,Patía,Male,2021,6.033642435084759
19533,Piamonte,Male,2021,4.36851638643587
19548,Piendamó - Tunía,Male,2021,5.152565715166479
19573,Puerto Tejada,Male,2021,5.305796061349723
19585,Puracé,Male,2021,4.863565522437043
19622,Rosas,Male,2021,7.797194009176992
19693,San Sebastián,Male,2021,7.673278386849406
19698,Santander De Quilichao,Male,2021,4.628165472703965
19701,Santa Rosa,Male,2021,7.0372911877736755
19743,Silvia,Male,2021,4.62421674949854
19760,Sotará - Paispamba,Male,2021,5.777592989353683
19780,Suárez,Male,2021,4.973963424767412
19785,Sucre,Male,2021,9.430428244449047
19807,Timbío,Male,2021,6.160763009895441
19809,Timbiquí,Male,2021,4.087548726049894
19821,Toribío,Male,2021,4.5384690705794375
19824,Totoró,Male,2021,4.830644438476052
19845,Villa Rica,Male,2021,4.346717984324111
20001,Valledupar,Male,2021,4.645570810932854
20011,Aguachica,Male,2021,4.491950617497208
20013,Agustín Codazzi,Male,2021,4.565979714724687
20032,Astrea,Male,2021,4.477661057128222
20045,Becerril,Male,2021,3.7145349452703367
20060,Bosconia,Male,2021,4.331909893913452
20175,Chimichagua,Male,2021,4.097635252027112
20178,Chiriguaná,Male,2021,4.767034995370469
20228,Curumaní,Male,2021,4.161154232130554
20238,El Copey,Male,2021,4.249167297070717
20250,El Paso,Male,2021,3.7078831259978027
20295,Gamarra,Male,2021,5.53090006084725
20310,González,Male,2021,7.1193436631180855
20383,La Gloria,Male,2021,4.934329220210858
20400,La Jagua De Ibirico,Male,2021,3.3947271200205793
20443,Manaure Balcón Del Cesar,Male,2021,4.669630455086933
20517,Pailitas,Male,2021,4.96721415929151
20550,Pelaya,Male,2021,4.712082383820893
20570,Pueblo Bello,Male,2021,3.621235264757992
20614,Río De Oro,Male,2021,6.199930823278633
20621,La Paz,Male,2021,4.1012871051424495
20710,San Alberto,Male,2021,4.489771734444401
20750,San Diego,Male,2021,4.367709476011089
20770,San Martín,Male,2021,4.80138298457171
20787,Tamalameque,Male,2021,4.087866198494663
23001,Montería,Male,2021,4.620714262271821
23068,Ayapel,Male,2021,4.954407273055475
23079,Buenavista,Male,2021,5.30252467444469
23090,Canalete,Male,2021,5.944356063740683
23162,Cereté,Male,2021,5.421779885577673
23168,Chimá,Male,2021,7.239013716166571
23182,Chinú,Male,2021,6.496459666479674
23189,Ciénaga De Oro,Male,2021,6.205098469221006
23300,Cotorra,Male,2021,5.746978737215889
23350,La Apartada,Male,2021,5.024166916017777
23417,Lorica,Male,2021,5.269146523551869
23419,Los Córdobas,Male,2021,5.575347264733321
23464,Momil,Male,2021,5.396187396124048
23466,Montelíbano,Male,2021,4.133021066404872
23500,Moñitos,Male,2021,5.483972438627526
23555,Planeta Rica,Male,2021,4.9083902364092316
23570,Pueblo Nuevo,Male,2021,5.44626553041439
23574,Puerto Escondido,Male,2021,6.030389429041656
23580,Puerto Libertador,Male,2021,4.652006237307672
23586,Purísima De La Concepción,Male,2021,5.7972192419579756
23660,Sahagún,Male,2021,5.514853034289282
23670,San Andrés De Sotavento,Male,2021,6.025002721422343
23672,San Antero,Male,2021,4.810825490061539
23675,San Bernardo Del Viento,Male,2021,5.509178300929786
23678,San Carlos,Male,2021,6.215130306761435
23682,San José De Uré,Male,2021,3.1183187937505323
23686,San Pelayo,Male,2021,6.542665333136452
23807,Tierralta,Male,2021,4.487003773936813
23815,Tuchín,Male,2021,3.578617758482555
23855,Valencia,Male,2021,5.105113774847212
25001,Agua De Dios,Male,2021,6.7481030927641035
25019,Albán,Male,2021,5.5134033861876235
25035,Anapoima,Male,2021,5.947161796770853
25040,Anolaima,Male,2021,6.340926785095857
25053,Arbeláez,Male,2021,5.645422092471892
25086,Beltrán,Male,2021,6.361612481195765
25095,Bituima,Male,2021,7.1293114510401034
25099,Bojacá,Male,2021,4.833496774732361
25120,Cabrera,Male,2021,5.819028430499403
25123,Cachipay,Male,2021,6.02764823128825
25126,Cajicá,Male,2021,4.601367974182404
25148,Caparrapí,Male,2021,7.898132955118779
25151,Cáqueza,Male,2021,5.804223287708645
25154,Carmen De Carupa,Male,2021,6.148406698491253
25168,Chaguaní,Male,2021,9.755296810034336
25175,Chía,Male,2021,5.916543603885889
25178,Chipaque,Male,2021,5.510787606263002
25181,Choachí,Male,2021,5.911444978540529
25183,Chocontá,Male,2021,6.493035428539711
25200,Cogua,Male,2021,4.90635540012213
25214,Cota,Male,2021,4.559140426051312
25224,Cucunubá,Male,2021,4.539850458896188
25245,El Colegio,Male,2021,5.929269989987804
25258,El Peñón,Male,2021,7.221388160060274
25260,El Rosal,Male,2021,4.378349870901737
25269,Facatativá,Male,2021,5.651756382721262
25279,Fómeque,Male,2021,5.6496978169264525
25281,Fosca,Male,2021,6.2374715734328925
25286,Funza,Male,2021,4.987087174835573
25288,Fúquene,Male,2021,4.973461828668025
25290,Fusagasugá,Male,2021,5.935724573853252
25293,Gachalá,Male,2021,8.135194053980955
25295,Gachancipá,Male,2021,4.336549841815926
25297,Gachetá,Male,2021,8.25175042771278
25299,Gama,Male,2021,6.554573730346463
25307,Girardot,Male,2021,8.392562594942305
25312,Granada,Male,2021,4.539480174142932
25317,Guachetá,Male,2021,4.888424518300712
25320,Guaduas,Male,2021,8.42884342978918
25322,Guasca,Male,2021,4.801311950122817
25324,Guataquí,Male,2021,7.149032332311146
25326,Guatavita,Male,2021,6.034981322799968
25328,Guayabal De Síquima,Male,2021,6.334649692304306
25335,Guayabetal,Male,2021,4.748361701829629
25339,Gutiérrez,Male,2021,5.859423759135738
25368,Jerusalén,Male,2021,7.132653234850995
25372,Junín,Male,2021,8.428867739928007
25377,La Calera,Male,2021,5.7984351815374175
25386,La Mesa,Male,2021,6.998276769037338
25394,La Palma,Male,2021,7.911351834957868
25398,La Peña,Male,2021,9.717259699733251
25402,La Vega,Male,2021,5.49920827710473
25407,Lenguazaque,Male,2021,5.127378419277834
25426,Machetá,Male,2021,7.839269963450733
25430,Madrid,Male,2021,4.33274053146771
25436,Manta,Male,2021,8.482428580587852
25438,Medina,Male,2021,5.384185767548517
25473,Mosquera,Male,2021,4.463621534349695
25483,Nariño,Male,2021,8.077910689099154
25486,Nemocón,Male,2021,4.772120854740289
25488,Nilo,Male,2021,6.627663446493741
25489,Nimaima,Male,2021,7.650971211876486
25491,Nocaima,Male,2021,6.659836938727941
25506,Venecia,Male,2021,6.465628317692214
25513,Pacho,Male,2021,6.518388409391096
25518,Paime,Male,2021,7.992401611854159
25524,Pandi,Male,2021,6.231649347441732
25530,Paratebueno,Male,2021,4.84468278578891
25535,Pasca,Male,2021,5.785123773043622
25572,Puerto Salgar,Male,2021,6.127855167864959
25580,Pulí,Male,2021,7.172478310667044
25592,Quebradanegra,Male,2021,7.276096888495046
25594,Quetame,Male,2021,5.346744525334509
25596,Quipile,Male,2021,8.15301556065786
25599,Apulo,Male,2021,5.928383927091369
25612,Ricaurte,Male,2021,5.090577625500161
25645,San Antonio Del Tequendama,Male,2021,5.743233180830714
25649,San Bernardo,Male,2021,5.921352806760448
25653,San Cayetano,Male,2021,6.613799193382783
25658,San Francisco,Male,2021,5.068375633569978
25662,San Juan De Rioseco,Male,2021,7.118114826605683
25718,Sasaima,Male,2021,6.35660152389259
25736,Sesquilé,Male,2021,5.1213981370687724
25740,Sibaté,Male,2021,5.9345086444633335
25743,Silvania,Male,2021,5.7977694543916805
25745,Simijaca,Male,2021,4.714033832576844
25754,Soacha,Male,2021,4.328482554723273
25758,Sopó,Male,2021,5.699970016569867
25769,Subachoque,Male,2021,4.928785612001865
25772,Suesca,Male,2021,4.499359388618437
25777,Supatá,Male,2021,6.010983814268845
25779,Susa,Male,2021,5.243824705991828
25781,Sutatausa,Male,2021,4.332914361294694
25785,Tabio,Male,2021,5.070278054895087
25793,Tausa,Male,2021,4.584908992407528
25797,Tena,Male,2021,5.278224286694421
25799,Tenjo,Male,2021,5.357867369335654
25805,Tibacuy,Male,2021,6.095433100509713
25807,Tibirita,Male,2021,9.99933960325963
25815,Tocaima,Male,2021,6.394816045254955
25817,Tocancipá,Male,2021,4.423735801672603
25823,Topaipí,Male,2021,8.06448498264954
25839,Ubalá,Male,2021,6.795964370163078
25841,Ubaque,Male,2021,6.7480197157951425
25843,Villa De San Diego De Ubaté,Male,2021,5.854730619704017
25845,Une,Male,2021,6.392888111370938
25851,Útica,Male,2021,8.027037107312221
25862,Vergara,Male,2021,8.748779778511542
25867,Vianí,Male,2021,6.311863823839804
25871,Villagómez,Male,2021,6.414007780964946
25873,Villapinzón,Male,2021,4.8184661982727786
25875,Villeta,Male,2021,6.267316350464234
25878,Viotá,Male,2021,6.5951833158496225
25885,Yacopí,Male,2021,8.006292703586402
25898,Zipacón,Male,2021,5.021321913668043
25899,Zipaquirá,Male,2021,5.233882087186218
27001,Quibdó,Male,2021,5.177804886928632
27006,Acandí,Male,2021,4.494210398446584
27025,Alto Baudó,Male,2021,4.285171192168115
27050,Atrato,Male,2021,4.641506246966794
27073,Bagadó,Male,2021,3.7030121666637723
27075,Bahía Solano,Male,2021,4.035540239704743
27077,Bajo Baudó,Male,2021,4.036867833291438
27099,Bojayá,Male,2021,3.456719508968931
27135,El Cantón Del San Pablo,Male,2021,4.072797243513133
27150,Carmen Del Darién,Male,2021,4.87144832862614
27160,Cértegui,Male,2021,4.6961958697866795
27205,Condoto,Male,2021,4.310581637609079
27245,El Carmen De Atrato,Male,2021,4.88051742584776
27250,El Litoral Del San Juan,Male,2021,4.103528737131366
27361,Istmina,Male,2021,4.103829141719315
27372,Juradó,Male,2021,4.026601098284242
27413,Lloró,Male,2021,3.5373077711330274
27425,Medio Atrato,Male,2021,5.727914979806653
27430,Medio Baudó,Male,2021,4.351844459101414
27450,Medio San Juan,Male,2021,4.644162468334851
27491,Nóvita,Male,2021,4.671910467401237
27495,Nuquí,Male,2021,4.028898482329466
27580,Río Iró,Male,2021,4.279292768428644
27600,Río Quito,Male,2021,4.084649604725719
27615,Riosucio,Male,2021,7.357933424079374
27660,San José Del Palmar,Male,2021,5.047417046681343
27745,Sipí,Male,2021,4.5036775082083675
27787,Tadó,Male,2021,4.026888438053189
27800,Unguía,Male,2021,4.6327753511698395
27810,Unión Panamericana,Male,2021,5.171519782104694
41001,Neiva,Male,2021,5.391657388649241
41006,Acevedo,Male,2021,6.365451771777258
41013,Agrado,Male,2021,4.822312809993361
41016,Aipe,Male,2021,4.60748261268274
41020,Algeciras,Male,2021,4.970782525401821
41026,Altamira,Male,2021,4.6610382253082525
41078,Baraya,Male,2021,5.977790545875705
41132,Campoalegre,Male,2021,4.868547993029544
41206,Colombia,Male,2021,6.384905541018264
41244,Elías,Male,2021,4.878052431110013
41298,Garzón,Male,2021,4.72896318259921
41306,Gigante,Male,2021,4.873886944685176
41319,Guadalupe,Male,2021,4.786561543710824
41349,Hobo,Male,2021,5.601059823261499
41357,Íquira,Male,2021,4.843667777973915
41359,Isnos,Male,2021,4.962189765712683
41378,La Argentina,Male,2021,4.770137900511626
41396,La Plata,Male,2021,4.506360180792966
41483,Nátaga,Male,2021,4.390317757219333
41503,Oporapa,Male,2021,4.497520717986156
41518,Paicol,Male,2021,4.292730988457025
41524,Palermo,Male,2021,4.728670261965799
41530,Palestina,Male,2021,5.163698116196855
41548,Pital,Male,2021,4.222406751526753
41551,Pitalito,Male,2021,5.610000321076942
41615,Rivera,Male,2021,5.260288562613868
41660,Saladoblanco,Male,2021,4.8986393256089205
41668,San Agustín,Male,2021,4.867540380726171
41676,Santa María,Male,2021,5.077189829753039
41770,Suaza,Male,2021,4.306420878241165
41791,Tarqui,Male,2021,4.811241844796575
41797,Tesalia,Male,2021,4.55644168826026
41799,Tello,Male,2021,4.920392836795648
41801,Teruel,Male,2021,4.7595866219350595
41807,Timaná,Male,2021,4.945017810767538
41872,Villavieja,Male,2021,5.947289353115391
41885,Yaguará,Male,2021,4.779881009445666
44001,Riohacha,Male,2021,5.07782309143525
44035,Albania,Male,2021,3.5862363311640175
44078,Barrancas,Male,2021,3.9373291175706604
44090,Dibulla,Male,2021,4.235864677734532
44098,Distracción,Male,2021,4.084260229175334
44110,El Molino,Male,2021,4.9648924278981665
44279,Fonseca,Male,2021,3.8746993678952593
44378,Hatonuevo,Male,2021,3.5707589218949547
44420,La Jagua Del Pilar,Male,2021,4.273595396702056
44430,Maicao,Male,2021,5.399069169440529
44560,Manaure,Male,2021,3.67648467952871
44650,San Juan Del Cesar,Male,2021,4.511827633348819
44847,Uribia,Male,2021,4.931413115865269
44855,Urumita,Male,2021,4.046273575868938
44874,Villanueva,Male,2021,3.710425881870394
47001,Santa Marta,Male,2021,6.22557410309987
47030,Algarrobo,Male,2021,4.3316304869750635
47053,Aracataca,Male,2021,4.052212414730077
47058,Ariguaní,Male,2021,5.071732088483638
47161,Cerro De San Antonio,Male,2021,5.8249395409013545
47170,Chivolo,Male,2021,5.142925131830645
47189,Ciénaga,Male,2021,5.1670883951275295
47205,Concordia,Male,2021,7.268236447564685
47245,El Banco,Male,2021,4.634428742104344
47258,El Piñón,Male,2021,5.603782925096683
47268,El Retén,Male,2021,4.595198961727703
47288,Fundación,Male,2021,4.550370605504224
47318,Guamal,Male,2021,5.310671712830375
47460,Nueva Granada,Male,2021,5.133838698926232
47541,Pedraza,Male,2021,5.506165651150337
47545,Pijiño Del Carmen,Male,2021,4.40955041738752
47551,Pivijay,Male,2021,5.6434535073635494
47555,Plato,Male,2021,4.836543317374443
47570,Puebloviejo,Male,2021,4.9250343455829135
47605,Remolino,Male,2021,5.765749781435112
47660,Sabanas De San Ángel,Male,2021,5.384133313747605
47675,Salamina,Male,2021,5.564524861069114
47692,San Sebastián De Buenavista,Male,2021,5.23070960278446
47703,San Zenón,Male,2021,4.400852072679623
47707,Santa Ana,Male,2021,4.486612411235114
47720,Santa Bárbara De Pinto,Male,2021,5.225184561128182
47745,Sitionuevo,Male,2021,5.93666739859361
47798,Tenerife,Male,2021,5.324470008004594
47960,Zapayán,Male,2021,6.23267558325769
47980,Zona Bananera,Male,2021,4.421838255615283
50001,Villavicencio,Male,2021,5.0560660249314155
50006,Acacías,Male,2021,4.994501489885152
50110,Barranca De Upía,Male,2021,4.761560501490216
50124,Cabuyaro,Male,2021,4.859491388807451
50150,Castilla La Nueva,Male,2021,4.215994637790242
50223,Cubarral,Male,2021,4.628779786509145
50226,Cumaral,Male,2021,4.170947539367611
50245,El Calvario,Male,2021,4.111096345864177
50251,El Castillo,Male,2021,4.92267776435214
50270,El Dorado,Male,2021,5.128129038755245
50287,Fuente De Oro,Male,2021,5.229934241870539
50313,Granada,Male,2021,5.144574441800461
50318,Guamal,Male,2021,4.518086880637759
50325,Mapiripán,Male,2021,4.6658722300519395
50330,Mesetas,Male,2021,5.321420402179225
50350,La Macarena,Male,2021,5.496086567732735
50370,Uribe,Male,2021,5.860346809846404
50400,Lejanías,Male,2021,4.987734829647437
50450,Puerto Concordia,Male,2021,5.027229794404438
50568,Puerto Gaitán,Male,2021,4.472785853693737
50573,Puerto López,Male,2021,4.559170830526363
50577,Puerto Lleras,Male,2021,5.183045736282064
50590,Puerto Rico,Male,2021,6.011958466025177
50606,Restrepo,Male,2021,4.384062438927294
50680,San Carlos De Guaroa,Male,2021,4.652081901790072
50683,San Juan De Arama,Male,2021,5.5804409392818615
50686,San Juanito,Male,2021,4.596427143063289
50689,San Martín,Male,2021,4.226521721754179
50711,Vistahermosa,Male,2021,5.613467792632931
52001,Pasto,Male,2021,5.555742551764326
52019,Albán,Male,2021,8.01843108491887
52022,Aldana,Male,2021,5.888696698136943
52036,Ancuya,Male,2021,7.810458628714098
52051,Arboleda,Male,2021,7.7961059384799976
52079,Barbacoas,Male,2021,4.387899387965931
52083,Belén,Male,2021,7.583036291152591
52110,Buesaco,Male,2021,6.653028954503268
52203,Colón,Male,2021,7.78864393084741
52207,Consacá,Male,2021,7.4482533942643006
52210,Contadero,Male,2021,6.633120130573033
52215,Córdoba,Male,2021,5.579426911879242
52224,Cuaspud Carlosama,Male,2021,6.75587829848444
52227,Cumbal,Male,2021,5.131767111568988
52233,Cumbitara,Male,2021,7.6360003551778615
52240,Chachagüí,Male,2021,5.85387616101494
52250,El Charco,Male,2021,4.285383730341221
52254,El Peñol,Male,2021,9.040896035298639
52256,El Rosario,Male,2021,8.424444874576345
52258,El Tablón De Gómez,Male,2021,8.13917279044997
52260,El Tambo,Male,2021,6.972008612384954
52287,Funes,Male,2021,7.290429207190743
52317,Guachucal,Male,2021,7.079451231052602
52320,Guaitarilla,Male,2021,7.360560207186215
52323,Gualmatán,Male,2021,7.19261016967909
52352,Iles,Male,2021,6.384729718085236
52354,Imués,Male,2021,8.266512715208018
52356,Ipiales,Male,2021,5.022940246924766
52378,La Cruz,Male,2021,6.875562955133651
52381,La Florida,Male,2021,9.96102170407252
52385,La Llanada,Male,2021,5.187739285076659
52390,La Tola,Male,2021,4.134220843216662
52399,La Unión,Male,2021,8.109723859903202
52405,Leiva,Male,2021,6.791535654258453
52411,Linares,Male,2021,8.049339574067156
52418,Los Andes,Male,2021,6.682818893980904
52427,Magüí,Male,2021,4.049952706043329
52435,Mallama,Male,2021,6.20339590646075
52473,Mosquera,Male,2021,5.825939385214882
52480,Nariño,Male,2021,7.225846965865775
52490,Olaya Herrera,Male,2021,4.226522140283472
52506,Ospina,Male,2021,6.5391674488021
52520,Francisco Pizarro,Male,2021,5.226076914203297
52540,Policarpa,Male,2021,7.174185627034553
52560,Potosí,Male,2021,5.503955569295782
52565,Providencia,Male,2021,7.124503109940308
52573,Puerres,Male,2021,6.058919738249245
52585,Pupiales,Male,2021,6.673230175755059
52612,Ricaurte,Male,2021,4.730075297919023
52621,Roberto Payán,Male,2021,4.62791192072901
52678,Samaniego,Male,2021,8.08353923570819
52683,Sandoná,Male,2021,7.010511276945903
52685,San Bernardo,Male,2021,8.898395230007438
52687,San Lorenzo,Male,2021,8.683309473113017
52693,San Pablo,Male,2021,7.56889628569826
52694,San Pedro De Cartago,Male,2021,7.778825842468311
52696,Santa Bárbara,Male,2021,4.808164058328344
52699,Santacruz,Male,2021,7.774943567510896
52720,Sapuyes,Male,2021,7.747708968729699
52786,Taminango,Male,2021,8.14576082418402
52788,Tangua,Male,2021,8.054028282684277
52835,San Andrés De Tumaco,Male,2021,4.670572171741705
52838,Túquerres,Male,2021,6.341327199108136
52885,Yacuanquer,Male,2021,7.464258316418574
54001,San José De Cúcuta,Male,2021,5.315702987285769
54003,Ábrego,Male,2021,5.348684587687225
54051,Arboledas,Male,2021,6.486848886039557
54099,Bochalema,Male,2021,5.732147162312432
54109,Bucarasica,Male,2021,5.347375445815387
54125,Cácota,Male,2021,6.8270493021871905
54128,Cáchira,Male,2021,6.040599228106772
54172,Chinácota,Male,2021,5.044040658026006
54174,Chitagá,Male,2021,6.068689641168489
54206,Convención,Male,2021,5.025387047800475
54223,Cucutilla,Male,2021,8.014410655579969
54239,Durania,Male,2021,6.519409762821581
54245,El Carmen,Male,2021,5.658040208615971
54250,El Tarra,Male,2021,4.611503891153476
54261,El Zulia,Male,2021,4.883049885433593
54313,Gramalote,Male,2021,8.093024936336496
54344,Hacarí,Male,2021,4.679585146984483
54347,Herrán,Male,2021,7.3835584154959095
54377,Labateca,Male,2021,5.805763421880409
54385,La Esperanza,Male,2021,4.712195791557549
54398,La Playa,Male,2021,6.333802228927936
54405,Los Patios,Male,2021,4.591586757236859
54418,Lourdes,Male,2021,5.203930593473969
54480,Mutiscua,Male,2021,5.912528815564387
54498,Ocaña,Male,2021,5.18501707390272
54518,Pamplona,Male,2021,4.856444362826367
54520,Pamplonita,Male,2021,5.840866301589337
54553,Puerto Santander,Male,2021,13.703316746429476
54599,Ragonvalia,Male,2021,6.537935151311147
54660,Salazar,Male,2021,5.800264273171383
54670,San Calixto,Male,2021,5.235876138308956
54673,San Cayetano,Male,2021,4.941557174605265
54680,Santiago,Male,2021,6.288840491259085
54720,Sardinata,Male,2021,4.866916776848099
54743,Silos,Male,2021,5.959214535842871
54800,Teorama,Male,2021,4.687518975517368
54810,Tibú,Male,2021,6.387733429263288
54820,Toledo,Male,2021,5.975893439444428
54871,Villa Caro,Male,2021,5.2380534108918475
54874,Villa Del Rosario,Male,2021,4.631532032061942
63001,Armenia,Male,2021,5.89250726258301
63111,Buenavista,Male,2021,6.06219151024531
63130,Calarcá,Male,2021,5.848786107372541
63190,Circasia,Male,2021,5.660679194244165
63212,Córdoba,Male,2021,6.306437079753163
63272,Filandia,Male,2021,6.0003302945020485
63302,Génova,Male,2021,7.218931061819558
63401,La Tebaida,Male,2021,5.603112778808031
63470,Montenegro,Male,2021,5.833838949469479
63548,Pijao,Male,2021,6.282028411447583
63594,Quimbaya,Male,2021,5.854209163954429
63690,Salento,Male,2021,6.513395179231973
66001,Pereira,Male,2021,5.465453060032683
66045,Apía,Male,2021,6.29935516323492
66075,Balboa,Male,2021,6.535702689171644
66088,Belén De Umbría,Male,2021,5.981003930366886
66170,Dosquebradas,Male,2021,5.179591552157745
66318,Guática,Male,2021,6.596603980475913
66383,La Celia,Male,2021,7.136001678699084
66400,La Virginia,Male,2021,5.49377896786535
66440,Marsella,Male,2021,5.616774024439145
66456,Mistrató,Male,2021,3.9546672340262945
66572,Pueblo Rico,Male,2021,3.811528873682259
66594,Quinchía,Male,2021,5.618550234652363
66682,Santa Rosa De Cabal,Male,2021,5.682648738854329
66687,Santuario,Male,2021,6.538896259492646
68001,Bucaramanga,Male,2021,6.210607315683278
68013,Aguada,Male,2021,18.185939095883487
68020,Albania,Male,2021,7.789530686193251
68051,Aratoca,Male,2021,6.502540830185913
68077,Barbosa,Male,2021,4.654280527891779
68079,Barichara,Male,2021,5.695560056805182
68081,Barrancabermeja,Male,2021,7.301419264174506
68092,Betulia,Male,2021,5.7810093606889765
68101,Bolívar,Male,2021,6.415646127097016
68121,Cabrera,Male,2021,6.505655436314198
68132,California,Male,2021,4.685010368431353
68147,Capitanejo,Male,2021,6.046323691433173
68152,Carcasí,Male,2021,7.382277817445048
68160,Cepitá,Male,2021,5.823238339702269
68162,Cerrito,Male,2021,6.257522870001379
68167,Charalá,Male,2021,5.1926333945232965
68169,Charta,Male,2021,7.021709420173767
68176,Chima,Male,2021,6.899886664006232
68179,Chipatá,Male,2021,8.768582756833897
68190,Cimitarra,Male,2021,5.360939793969859
68207,Concepción,Male,2021,5.87952947320875
68209,Confines,Male,2021,5.3924145649778215
68211,Contratación,Male,2021,6.267415465300206
68217,Coromoro,Male,2021,6.826219698813815
68229,Curití,Male,2021,5.7395649174538
68235,El Carmen De Chucuri,Male,2021,6.639127198789301
68245,El Guacamayo,Male,2021,6.207692830432439
68250,El Peñón,Male,2021,5.79365006223787
68255,El Playón,Male,2021,5.504428049584129
68264,Encino,Male,2021,4.808361248477575
68266,Enciso,Male,2021,6.544387684633101
68271,Florián,Male,2021,7.1723689833174635
68276,Floridablanca,Male,2021,4.998748698603925
68296,Galán,Male,2021,6.379570724918568
68298,Gámbita,Male,2021,6.403464344668893
68307,Girón,Male,2021,4.734479022976069
68318,Guaca,Male,2021,8.200734097038177
68320,Guadalupe,Male,2021,6.509559662779815
68322,Guapotá,Male,2021,6.452083355173889
68324,Guavatá,Male,2021,8.886755774460783
68327,Güepsa,Male,2021,5.961100605403904
68344,Hato,Male,2021,7.263544707656989
68368,Jesús María,Male,2021,6.818338765448707
68370,Jordán,Male,2021,6.506731063158067
68377,La Belleza,Male,2021,5.841706651368131
68385,Landázuri,Male,2021,6.4465500006538985
68397,La Paz,Male,2021,7.2764585477656345
68406,Lebrija,Male,2021,5.17702840411742
68418,Los Santos,Male,2021,6.104453256815655
68425,Macaravita,Male,2021,6.293778584625361
68432,Málaga,Male,2021,4.532108595922421
68444,Matanza,Male,2021,6.860703972404905
68464,Mogotes,Male,2021,5.630725251192102
68468,Molagavita,Male,2021,7.616425729686019
68498,Ocamonte,Male,2021,6.385395344547784
68500,Oiba,Male,2021,5.761101444176836
68502,Onzaga,Male,2021,7.817101240029893
68522,Palmar,Male,2021,6.040919421286443
68524,Palmas Del Socorro,Male,2021,5.40039568503388
68533,Páramo,Male,2021,5.34122688385443
68547,Piedecuesta,Male,2021,4.664531873179789
68549,Pinchote,Male,2021,5.9485196011011165
68572,Puente Nacional,Male,2021,6.036413375260851
68573,Puerto Parra,Male,2021,4.351957169188845
68575,Puerto Wilches,Male,2021,4.573475328055838
68615,Rionegro,Male,2021,5.83522791746955
68655,Sabana De Torres,Male,2021,4.7701303763875185
68669,San Andrés,Male,2021,7.219195414901274
68673,San Benito,Male,2021,9.5909960426188
68679,San Gil,Male,2021,4.912353662028577
68682,San Joaquín,Male,2021,6.414929830451158
68684,San José De Miranda,Male,2021,7.1963257151224544
68686,San Miguel,Male,2021,5.757720817560384
68689,San Vicente De Chucurí,Male,2021,5.640351616855264
68705,Santa Bárbara,Male,2021,8.252151214520921
68720,Santa Helena Del Opón,Male,2021,5.964019715071173
68745,Simacota,Male,2021,6.447342870972087
68755,Socorro,Male,2021,4.888517956915256
68770,Suaita,Male,2021,6.698628751992497
68773,Sucre,Male,2021,6.724229719758314
68780,Suratá,Male,2021,6.6134967995867555
68820,Tona,Male,2021,6.390284200369755
68855,Valle De San José,Male,2021,5.949314227115345
68861,Vélez,Male,2021,7.0831055951825155
68867,Vetas,Male,2021,5.673138084420106
68872,Villanueva,Male,2021,5.3892403786772265
68895,Zapatoca,Male,2021,4.803030709053339
70001,Sincelejo,Male,2021,5.195580193294605
70110,Buenavista,Male,2021,5.581518694525883
70124,Caimito,Male,2021,5.838542666905145
70204,Colosó,Male,2021,6.440834215030679
70215,Corozal,Male,2021,5.207256694083768
70221,Coveñas,Male,2021,5.836025023132704
70230,Chalán,Male,2021,7.556257713600492
70233,El Roble,Male,2021,6.602878125755053
70235,Galeras,Male,2021,4.901067504055737
70265,Guaranda,Male,2021,5.543345567136923
70400,La Unión,Male,2021,6.136581408361766
70418,Los Palmitos,Male,2021,5.408379113681295
70429,Majagual,Male,2021,5.994575707572862
70473,Morroa,Male,2021,5.215457996017622
70508,Ovejas,Male,2021,6.3028367108143915
70523,Palmito,Male,2021,5.423761700425666
70670,Sampués,Male,2021,5.644314318177191
70678,San Benito Abad,Male,2021,6.1860967885076725
70702,San Juan De Betulia,Male,2021,6.437523376759468
70708,San Marcos,Male,2021,5.3583846726470314
70713,San Onofre,Male,2021,5.17087157708716
70717,San Pedro,Male,2021,5.764973991861517
70742,San Luis De Sincé,Male,2021,6.0838840380301304
70771,Sucre,Male,2021,6.647437524127219
70820,Santiago De Tolú,Male,2021,4.357083556211112
70823,San José De Toluviejo,Male,2021,5.505227738986414
73001,Ibagué,Male,2021,5.029801729679252
73024,Alpujarra,Male,2021,5.649665262914693
73026,Alvarado,Male,2021,6.327600279829309
73030,Ambalema,Male,2021,5.727171017386348
73043,Anzoátegui,Male,2021,6.21976179435167
73055,Armero,Male,2021,5.668761616209173
73067,Ataco,Male,2021,5.570775023991579
73124,Cajamarca,Male,2021,5.520882856880331
73148,Carmen De Apicalá,Male,2021,5.519608936070313
73152,Casabianca,Male,2021,6.104498994876292
73168,Chaparral,Male,2021,5.347396959899162
73200,Coello,Male,2021,5.818015656533911
73217,Coyaima,Male,2021,6.003392691703689
73226,Cunday,Male,2021,6.232056149301289
73236,Dolores,Male,2021,5.8324525591543415
73268,Espinal,Male,2021,7.133164134249163
73270,Falan,Male,2021,6.396642859709965
73275,Flandes,Male,2021,5.456920871668569
73283,Fresno,Male,2021,5.980829005302176
73319,Guamo,Male,2021,5.880815178098251
73347,Herveo,Male,2021,7.206001992473855
73349,Honda,Male,2021,7.009733753997919
73352,Icononzo,Male,2021,5.705110865761025
73408,Lérida,Male,2021,5.582007898447161
73411,Líbano,Male,2021,6.050136638555747
73443,San Sebastián De Mariquita,Male,2021,5.579989327787729
73449,Melgar,Male,2021,5.473741516951318
73461,Murillo,Male,2021,6.4438266634703885
73483,Natagaima,Male,2021,7.0355618691262425
73504,Ortega,Male,2021,5.528853577940076
73520,Palocabildo,Male,2021,5.648930616574431
73547,Piedras,Male,2021,5.987258606822219
73555,Planadas,Male,2021,4.640967122546514
73563,Prado,Male,2021,5.835588512871318
73585,Purificación,Male,2021,5.949580436416342
73616,Rioblanco,Male,2021,4.669258675719935
73622,Roncesvalles,Male,2021,5.0185491759405
73624,Rovira,Male,2021,5.325282962857037
73671,Saldaña,Male,2021,5.870194524224256
73675,San Antonio,Male,2021,5.466584535247355
73678,San Luis,Male,2021,6.4466346229547895
73686,Santa Isabel,Male,2021,6.163674915582824
73770,Suárez,Male,2021,7.1869891013894325
73854,Valle De San Juan,Male,2021,6.282381310683054
73861,Venadillo,Male,2021,5.7399367134724635
73870,Villahermosa,Male,2021,6.427664887061109
73873,Villarrica,Male,2021,6.45506358318229
76001,Cali,Male,2021,4.56054214395906
76020,Alcalá,Male,2021,6.799555680853972
76036,Andalucía,Male,2021,4.253846855335209
76041,Ansermanuevo,Male,2021,5.3646871971840095
76054,Argelia,Male,2021,4.8541442700973025
76100,Bolívar,Male,2021,4.258072969362218
76109,Buenaventura,Male,2021,3.5844444675018043
76111,Guadalajara De Buga,Male,2021,4.354325412241005
76113,Bugalagrande,Male,2021,5.236501656703441
76122,Caicedonia,Male,2021,4.989056355379895
76126,Calima,Male,2021,4.937957763050032
76130,Candelaria,Male,2021,3.8253214657276375
76147,Cartago,Male,2021,5.171579563472419
76233,Dagua,Male,2021,4.685024937597025
76243,El Águila,Male,2021,5.448997455645551
76246,El Cairo,Male,2021,5.2598572560347145
76248,El Cerrito,Male,2021,4.1255417008318584
76250,El Dovio,Male,2021,5.0582445983258655
76275,Florida,Male,2021,4.714203168884567
76306,Ginebra,Male,2021,4.340674270187625
76318,Guacarí,Male,2021,4.441261590587341
76364,Jamundí,Male,2021,4.2957096345171015
76377,La Cumbre,Male,2021,5.626142432381984
76400,La Unión,Male,2021,4.880278541077207
76403,La Victoria,Male,2021,5.726581942195848
76497,Obando,Male,2021,4.788560118317794
76520,Palmira,Male,2021,4.566388297640377
76563,Pradera,Male,2021,4.307743400817058
76606,Restrepo,Male,2021,4.338350514117738
76616,Riofrío,Male,2021,4.599572882051488
76622,Roldanillo,Male,2021,4.2006856138634765
76670,San Pedro,Male,2021,4.1298762498077535
76736,Sevilla,Male,2021,5.204387366009202
76823,Toro,Male,2021,5.183777258299874
76828,Trujillo,Male,2021,4.59663527206632
76834,Tuluá,Male,2021,4.8008706436293735
76845,Ulloa,Male,2021,4.591069079073265
76863,Versalles,Male,2021,5.049919773775289
76869,Vijes,Male,2021,4.734750706429766
76890,Yotoco,Male,2021,5.118552042513333
76892,Yumbo,Male,2021,4.349721508179447
76895,Zarzal,Male,2021,3.9568905274903368
81001,Arauca,Male,2021,5.179247507410711
81065,Arauquita,Male,2021,4.815633458773207
81220,Cravo Norte,Male,2021,5.783271312175845
81300,Fortul,Male,2021,4.951455578903324
81591,Puerto Rondón,Male,2021,5.169551293523068
81736,Saravena,Male,2021,4.460171733651892
81794,Tame,Male,2021,5.261667789439378
85001,Yopal,Male,2021,6.093905841165604
85010,Aguazul,Male,2021,4.497790359996759
85015,Chámeza,Male,2021,4.969219674343524
85125,Hato Corozal,Male,2021,4.496743257807699
85136,La Salina,Male,2021,4.548665545623458
85139,Maní,Male,2021,4.643883756479194
85162,Monterrey,Male,2021,4.526902404908118
85225,Nunchía,Male,2021,6.391534345971734
85230,Orocué,Male,2021,4.158043548762524
85250,Paz De Ariporo,Male,2021,4.301110994135665
85263,Pore,Male,2021,4.566143554988224
85279,Recetor,Male,2021,6.7126441051473416
85300,Sabanalarga,Male,2021,5.5535488674844675
85315,Sácama,Male,2021,4.228079192297203
85325,San Luis De Palenque,Male,2021,4.725301384749283
85400,Támara,Male,2021,4.844817836991898
85410,Tauramena,Male,2021,4.236226239320538
85430,Trinidad,Male,2021,4.3297704120979095
85440,Villanueva,Male,2021,4.305867785135843
86001,Mocoa,Male,2021,4.645435704190103
86219,Colón,Male,2021,4.692941199584499
86320,Orito,Male,2021,4.34941172755658
86568,Puerto Asís,Male,2021,6.180189917236469
86569,Puerto Caicedo,Male,2021,5.158890122959035
86571,Puerto Guzmán,Male,2021,4.905952825757529
86573,Puerto Leguízamo,Male,2021,4.1556972522836455
86749,Sibundoy,Male,2021,4.561564427814848
86755,San Francisco,Male,2021,4.561827486030823
86757,San Miguel,Male,2021,4.89251963877058
86760,Santiago,Male,2021,4.370578561863272
86865,Valle Del Guamuez,Male,2021,5.089036051881164
86885,Villagarzón,Male,2021,4.185047125730962
88001,San Andrés,Male,2021,4.897821840097622
88564,Providencia,Male,2021,4.253975576447675
91001,Leticia,Male,2021,6.429012783130083
91263,El Encanto,Male,2021,3.9472294546195315
91405,La Chorrera,Male,2021,3.383797456387272
91407,La Pedrera,Male,2021,4.660551589084581
91430,La Victoria,Male,2021,5.6354293787064
91460,Mirití - Paraná,Male,2021,4.0957821398195575
91530,Puerto Alegría,Male,2021,4.266885433264443
91536,Puerto Arica,Male,2021,5.208656330460584
91540,Puerto Nariño,Male,2021,3.5259545444279543
91669,Puerto Santander,Male,2021,4.442271767680687
91798,Tarapacá,Male,2021,3.7506605858307607
94001,Inírida,Male,2021,4.257538647477917
94343,Barrancominas,Male,2021,2.1672434843671406
94883,San Felipe,Male,2021,3.4265801587187568
94884,Puerto Colombia,Male,2021,3.574988160822417
94885,La Guadalupe,Male,2021,2.7496683062053457
94886,Cacahual,Male,2021,2.8084996566712674
94887,Pana Pana,Male,2021,3.4044896344501216
94888,Morichal,Male,2021,3.2230050069947525
95001,San José Del Guaviare,Male,2021,4.51919584186329
95015,Calamar,Male,2021,5.702112043286083
95025,El Retorno,Male,2021,4.4905380737490255
95200,Miraflores,Male,2021,6.429043509397317
97001,Mitú,Male,2021,3.198898239536748
97161,Carurú,Male,2021,3.2278300343051143
97511,Pacoa,Male,2021,2.6063591167071456
97666,Taraira,Male,2021,2.8635273879043797
97777,Papunahua,Male,2021,3.8704554703423626
97889,Yavaraté,Male,2021,2.813538991874555
99001,Puerto Carreño,Male,2021,6.091277750345372
99524,La Primavera,Male,2021,5.333927147888239
99624,Santa Rosalía,Male,2021,4.994378269987543
99773,Cumaribo,Male,2021,4.393918781586466
