mun,mun_name,gender,year,n_orp
5001,Medellín,Female,2015,821.0848899863337
5002,Abejorral,Female,2015,8.09219272481245
5004,Abriaquí,Female,2015,0.9191796416120629
5021,Alejandría,Female,2015,1.7056054652854737
5030,Amagá,Female,2015,10.814491198427465
5031,Amalfi,Female,2015,10.508571785579534
5034,Andes,Female,2015,17.627302086978876
5036,Angelópolis,Female,2015,2.198384635043061
5038,Angostura,Female,2015,5.038231069114051
5040,Anorí,Female,2015,7.027391667045408
5042,Santa Fé De Antioquia,Female,2015,10.349333439435778
5044,Anzá,Female,2015,3.0025943027382134
5045,Apartadó,Female,2015,65.69928516982948
5051,Arboletes,Female,2015,12.90530494778346
5055,Argelia,Female,2015,3.4785962475835372
5059,Armenia,Female,2015,2.031044861989641
5079,Barbosa,Female,2015,17.994199330125852
5086,Belmira,Female,2015,2.4101183984504173
5088,Bello,Female,2015,170.08845128528912
5091,Betania,Female,2015,4.613845146862511
5093,Betulia,Female,2015,8.353984851551902
5101,Ciudad Bolívar,Female,2015,13.910363959670708
5107,Briceño,Female,2015,3.9595211777460517
5113,Buriticá,Female,2015,3.506404084162384
5120,Cáceres,Female,2015,17.23649169008415
5125,Caicedo,Female,2015,3.6716701942483607
5129,Caldas,Female,2015,27.364612826085846
5134,Campamento,Female,2015,3.970683404974868
5138,Cañasgordas,Female,2015,6.041539339110063
5142,Caracolí,Female,2015,1.751568493321283
5145,Caramanta,Female,2015,1.921272291702461
5147,Carepa,Female,2015,20.297756130125222
5148,El Carmen De Viboral,Female,2015,19.01508104132119
5150,Carolina,Female,2015,1.689080007186988
5154,Caucasia,Female,2015,44.258627549283524
5172,Chigorodó,Female,2015,31.20330079626453
5190,Cisneros,Female,2015,4.830440087658791
5197,Cocorná,Female,2015,6.5206788906488296
5206,Concepción,Female,2015,1.789684380101991
5209,Concordia,Female,2015,9.550114074089821
5212,Copacabana,Female,2015,25.46474813359624
5234,Dabeiba,Female,2015,8.935646514795314
5237,Donmatías,Female,2015,7.397621058939218
5240,Ebéjico,Female,2015,4.786753561749346
5250,El Bagre,Female,2015,25.03811023016141
5264,Entrerríos,Female,2015,3.734264121649943
5266,Envigado,Female,2015,77.97485997325143
5282,Fredonia,Female,2015,9.007778478851218
5284,Frontino,Female,2015,8.245068605830316
5306,Giraldo,Female,2015,1.9373943923738854
5308,Girardota,Female,2015,16.695484578571364
5310,Gómez Plata,Female,2015,4.17220889842811
5313,Granada,Female,2015,4.4562138131402795
5315,Guadalupe,Female,2015,2.518307217431322
5318,Guarne,Female,2015,17.909765310405188
5321,Guatapé,Female,2015,2.521683880867179
5347,Heliconia,Female,2015,2.1541674569148674
5353,Hispania,Female,2015,2.145259231370999
5360,Itagüí,Female,2015,92.54011425957849
5361,Ituango,Female,2015,9.070171812956769
5364,Jardín,Female,2015,5.776745558295307
5368,Jericó,Female,2015,4.946008883603881
5376,La Ceja,Female,2015,21.032944850242426
5380,La Estrella,Female,2015,23.555939882355464
5390,La Pintada,Female,2015,3.311327506760861
5400,La Unión,Female,2015,7.773515863510953
5411,Liborina,Female,2015,4.0245750178261295
5425,Maceo,Female,2015,4.048427098587807
5440,Marinilla,Female,2015,19.979254264697726
5467,Montebello,Female,2015,2.9604015667109977
5475,Murindó,Female,2015,1.860792709273504
5480,Mutatá,Female,2015,9.245352057130697
5483,Nariño,Female,2015,4.359626382123239
5490,Necoclí,Female,2015,19.47522435845264
5495,Nechí,Female,2015,10.116811356060008
5501,Olaya,Female,2015,1.0943121280005526
5541,Peñol,Female,2015,7.041399045796337
5543,Peque,Female,2015,3.190011145843192
5576,Pueblorrico,Female,2015,3.643880100159553
5579,Puerto Berrío,Female,2015,20.310731167985608
5585,Puerto Nare,Female,2015,5.534520730510153
5591,Puerto Triunfo,Female,2015,6.301440155322724
5604,Remedios,Female,2015,11.73811031742019
5607,Retiro,Female,2015,7.435367361297108
5615,Rionegro,Female,2015,42.756793785122206
5628,Sabanalarga,Female,2015,3.4680061379568947
5631,Sabaneta,Female,2015,28.69027809710984
5642,Salgar,Female,2015,19.497742061563617
5647,San Andrés De Cuerquía,Female,2015,3.13593260978642
5649,San Carlos,Female,2015,5.951145067944469
5652,San Francisco,Female,2015,2.5371603946926795
5656,San Jerónimo,Female,2015,5.553218007567598
5658,San José De La Montaña,Female,2015,1.6200214686826313
5659,San Juan De Urabá,Female,2015,8.84107256970142
5660,San Luis,Female,2015,4.808515482832763
5664,San Pedro De Los Milagros,Female,2015,10.412603852446349
5665,San Pedro De Urabá,Female,2015,13.613182738110265
5667,San Rafael,Female,2015,6.216999975933662
5670,San Roque,Female,2015,8.19510063241288
5674,San Vicente Ferrer,Female,2015,7.84940618001374
5679,Santa Bárbara,Female,2015,9.896830902831939
5686,Santa Rosa De Osos,Female,2015,13.048223956087647
5690,Santo Domingo,Female,2015,4.871851522914541
5697,El Santuario,Female,2015,12.056638106673663
5736,Segovia,Female,2015,20.90243121887735
5756,Sonsón,Female,2015,14.043161179596149
5761,Sopetrán,Female,2015,5.3864608727450625
5789,Támesis,Female,2015,6.484096024883491
5790,Tarazá,Female,2015,23.488926705944507
5792,Tarso,Female,2015,2.7126501879893237
5809,Titiribí,Female,2015,4.023580050965543
5819,Toledo,Female,2015,2.207707826576655
5837,Turbo,Female,2015,77.35984275602767
5842,Uramita,Female,2015,2.830524742865291
5847,Urrao,Female,2015,11.561761522381342
5854,Valdivia,Female,2015,6.666825570340844
5856,Valparaíso,Female,2015,2.327022355607476
5858,Vegachí,Female,2015,5.1454428605159945
5861,Venecia,Female,2015,4.6510402727991735
5873,Vigía Del Fuerte,Female,2015,3.7944649526500447
5885,Yalí,Female,2015,2.8674659809268324
5887,Yarumal,Female,2015,21.99980449846465
5890,Yolombó,Female,2015,8.872912935813465
5893,Yondó,Female,2015,9.096778978725634
5895,Zaragoza,Female,2015,13.822620095639051
8001,Barranquilla,Female,2015,526.2335723400657
8078,Baranoa,Female,2015,21.917845495342608
8137,Campo De La Cruz,Female,2015,10.359145825656634
8141,Candelaria,Female,2015,6.17302459492115
8296,Galapa,Female,2015,18.742244563520575
8372,Juan De Acosta,Female,2015,7.472874380473704
8421,Luruaco,Female,2015,11.531747811543193
8433,Malambo,Female,2015,42.461340398106245
8436,Manatí,Female,2015,7.5219430875035
8520,Palmar De Varela,Female,2015,10.3280126552799
8549,Piojó,Female,2015,2.5668594418116966
8558,Polonuevo,Female,2015,6.308547363793412
8560,Ponedera,Female,2015,9.052123891697075
8573,Puerto Colombia,Female,2015,15.31187791440424
8606,Repelón,Female,2015,10.737022760267548
8634,Sabanagrande,Female,2015,11.15092698770915
8638,Sabanalarga,Female,2015,33.30817218388194
8675,Santa Lucía,Female,2015,5.9142187881642085
8685,Santo Tomás,Female,2015,9.883262051468506
8758,Soledad,Female,2015,188.49679199143128
8770,Suan,Female,2015,4.712521506112551
8832,Tubará,Female,2015,5.606628264478683
8849,Usiacurí,Female,2015,4.186475741597575
11001,"Bogotá, D.C.",Female,2015,2518.9127882594266
13001,Cartagena De Indias,Female,2015,367.2024089513174
13006,Achí,Female,2015,9.977969519921215
13030,Altos Del Rosario,Female,2015,4.486514114756279
13042,Arenal,Female,2015,3.511906406123017
13052,Arjona,Female,2015,28.980784471477854
13062,Arroyohondo,Female,2015,4.084948241768553
13074,Barranco De Loba,Female,2015,6.213134347107776
13140,Calamar,Female,2015,9.945664779145696
13160,Cantagallo,Female,2015,3.2674086726609053
13188,Cicuco,Female,2015,5.691693609384096
13212,Córdoba,Female,2015,6.727047687549236
13222,Clemencia,Female,2015,6.30421826484428
13244,El Carmen De Bolívar,Female,2015,30.59097033638409
13248,El Guamo,Female,2015,3.716322623738701
13268,El Peñón,Female,2015,3.492943335362531
13300,Hatillo De Loba,Female,2015,5.299337572685946
13430,Magangué,Female,2015,55.75139125114392
13433,Mahates,Female,2015,11.346329344394503
13440,Margarita,Female,2015,4.352845834051855
13442,María La Baja,Female,2015,19.92110301963083
13458,Montecristo,Female,2015,6.537980320944444
13468,Mompós,Female,2015,17.847189460898907
13473,Morales,Female,2015,8.700410634886603
13490,Norosí,Female,2015,1.1136541345665916
13549,Pinillos,Female,2015,9.94264094629192
13580,Regidor,Female,2015,2.4639318770433647
13600,Río Viejo,Female,2015,4.336525502725375
13620,San Cristóbal,Female,2015,3.4323049774614955
13647,San Estanislao,Female,2015,7.689556129965081
13650,San Fernando,Female,2015,4.96342910683564
13654,San Jacinto,Female,2015,10.913016396321972
13655,San Jacinto Del Cauca,Female,2015,3.9283446106402984
13657,San Juan Nepomuceno,Female,2015,15.971844653962764
13667,San Martín De Loba,Female,2015,6.899696932788891
13670,San Pablo,Female,2015,11.512644836786487
13673,Santa Catalina,Female,2015,6.2731687720547304
13683,Santa Rosa,Female,2015,9.576437404141267
13688,Santa Rosa Del Sur,Female,2015,12.994974489493083
13744,Simití,Female,2015,7.389235281461707
13760,Soplaviento,Female,2015,4.25930164581982
13780,Talaigua Nuevo,Female,2015,5.251239849533383
13810,Tiquisio,Female,2015,7.364886779223598
13836,Turbaco,Female,2015,36.655757937027154
13838,Turbaná,Female,2015,6.541138384758922
13873,Villanueva,Female,2015,9.95287440200665
13894,Zambrano,Female,2015,5.270533268300083
15001,Tunja,Female,2015,65.2939409676301
15022,Almeida,Female,2015,0.8489393022565329
15047,Aquitania,Female,2015,5.709455538482439
15051,Arcabuco,Female,2015,1.9873232827875773
15087,Belén,Female,2015,2.7622217788497174
15090,Berbeo,Female,2015,0.6783936795813215
15092,Betéitiva,Female,2015,0.7415385726674276
15097,Boavita,Female,2015,2.3427532932591064
15104,Boyacá,Female,2015,2.2732186138463066
15106,Briceño,Female,2015,0.8828305418460615
15109,Buenavista,Female,2015,1.7078593491094831
15114,Busbanzá,Female,2015,0.363879575247209
15131,Caldas,Female,2015,1.3252235710533795
15135,Campohermoso,Female,2015,1.2353382991644977
15162,Cerinza,Female,2015,1.4004948009983482
15172,Chinavita,Female,2015,1.288096816545155
15176,Chiquinquirá,Female,2015,25.548206156948623
15180,Chiscas,Female,2015,1.8276383821102913
15183,Chita,Female,2015,3.636762603540654
15185,Chitaraque,Female,2015,2.3125066317082377
15187,Chivatá,Female,2015,0.9918336762770334
15189,Ciénega,Female,2015,1.7281562992408404
15204,Cómbita,Female,2015,3.6619074207365725
15212,Coper,Female,2015,1.4202006843681003
15215,Corrales,Female,2015,0.8946890302250199
15218,Covarachía,Female,2015,1.2588916292369345
15223,Cubará,Female,2015,4.032464403361548
15224,Cucaita,Female,2015,1.6741142952505597
15226,Cuítiva,Female,2015,0.676328734026281
15232,Chíquiza,Female,2015,1.9709257797113295
15236,Chivor,Female,2015,0.946991022471612
15238,Duitama,Female,2015,44.863194038123154
15244,El Cocuy,Female,2015,2.2941702259690366
15248,El Espino,Female,2015,1.0369577472196732
15272,Firavitoba,Female,2015,2.090501874371524
15276,Floresta,Female,2015,1.3707882371793692
15293,Gachantivá,Female,2015,1.1272896181320422
15296,Gámeza,Female,2015,1.98910838130439
15299,Garagoa,Female,2015,6.399916961673914
15317,Guacamayas,Female,2015,0.65047696956387
15322,Guateque,Female,2015,4.07960110433303
15325,Guayatá,Female,2015,1.1950256786619604
15332,Güicán De La Sierra,Female,2015,1.7963489216048407
15362,Iza,Female,2015,0.8531067372502408
15367,Jenesano,Female,2015,2.597942284594347
15368,Jericó,Female,2015,1.9625430858647055
15377,Labranzagrande,Female,2015,1.51834085771302
15380,La Capilla,Female,2015,0.8707996451091021
15401,La Victoria,Female,2015,0.5195741374778609
15403,La Uvita,Female,2015,1.2867549156751272
15407,Villa De Leyva,Female,2015,5.302746507209106
15425,Macanal,Female,2015,1.5370836955215323
15442,Maripí,Female,2015,2.6159331759502398
15455,Miraflores,Female,2015,3.345261569535011
15464,Mongua,Female,2015,2.111667343669537
15466,Monguí,Female,2015,1.5384046982317452
15469,Moniquirá,Female,2015,9.56147194823105
15476,Motavita,Female,2015,2.413492829011113
15480,Muzo,Female,2015,3.291781283059754
15491,Nobsa,Female,2015,5.0960956149637635
15494,Nuevo Colón,Female,2015,2.004677385636767
15500,Oicatá,Female,2015,1.024633635299894
15507,Otanche,Female,2015,3.1912322843512637
15511,Pachavita,Female,2015,0.8899537143374052
15514,Páez,Female,2015,1.2133950496131893
15516,Paipa,Female,2015,11.759220514956247
15518,Pajarito,Female,2015,0.8461637829176871
15522,Panqueba,Female,2015,0.6868958694468906
15531,Pauna,Female,2015,2.926405711825565
15533,Paya,Female,2015,1.0599717746203452
15537,Paz De Río,Female,2015,1.456657941675117
15542,Pesca,Female,2015,2.504219581494342
15550,Pisba,Female,2015,0.7047155364312679
15572,Puerto Boyacá,Female,2015,24.75590912880609
15580,Quípama,Female,2015,2.2414764947479955
15599,Ramiriquí,Female,2015,3.5354191128464456
15600,Ráquira,Female,2015,2.627800136606955
15621,Rondón,Female,2015,0.9680122834998443
15632,Saboyá,Female,2015,5.119421517134314
15638,Sáchica,Female,2015,1.7929885800595051
15646,Samacá,Female,2015,7.827191943168529
15660,San Eduardo,Female,2015,0.7043011884011856
15664,San José De Pare,Female,2015,2.0747077029319363
15667,San Luis De Gaceno,Female,2015,2.171554653802696
15673,San Mateo,Female,2015,1.3716783501986378
15676,San Miguel De Sema,Female,2015,1.2078860877914481
15681,San Pablo De Borbur,Female,2015,2.6378188296039338
15686,Santana,Female,2015,3.1535331843723786
15690,Santa María,Female,2015,1.3539490411863109
15693,Santa Rosa De Viterbo,Female,2015,4.016500419987363
15696,Santa Sofía,Female,2015,1.3028648449030662
15720,Sativanorte,Female,2015,0.9405381873342483
15723,Sativasur,Female,2015,0.4147390541663972
15740,Siachoque,Female,2015,2.5631483316996735
15753,Soatá,Female,2015,3.2043143770935174
15755,Socotá,Female,2015,3.077386698450981
15757,Socha,Female,2015,2.6400257184145546
15759,Sogamoso,Female,2015,47.46007644923937
15761,Somondoco,Female,2015,1.1352693966084326
15762,Sora,Female,2015,1.3304555519549068
15763,Sotaquirá,Female,2015,2.8705651319478394
15764,Soracá,Female,2015,2.2588862779127648
15774,Susacón,Female,2015,0.9301140478573267
15776,Sutamarchán,Female,2015,2.1632580764158895
15778,Sutatenza,Female,2015,1.7625398805234687
15790,Tasco,Female,2015,2.0324911309474016
15798,Tenza,Female,2015,1.5612412451847553
15804,Tibaná,Female,2015,3.4897577808152214
15806,Tibasosa,Female,2015,3.966951702870923
15808,Tinjacá,Female,2015,1.1355181047639704
15810,Tipacoque,Female,2015,1.3907332173522882
15814,Toca,Female,2015,3.128008705552941
15816,Togüí,Female,2015,2.155933530010776
15820,Tópaga,Female,2015,1.2303196933326486
15822,Tota,Female,2015,2.0413250928075244
15832,Tununguá,Female,2015,0.53675123926429
15835,Turmequé,Female,2015,2.6278599764037636
15837,Tuta,Female,2015,2.827573549544434
15839,Tutazá,Female,2015,0.7861880680697617
15842,Úmbita,Female,2015,2.868824967469879
15861,Ventaquemada,Female,2015,5.695965397608678
15879,Viracachá,Female,2015,1.160500306218757
15897,Zetaquira,Female,2015,2.0058553160787485
17001,Manizales,Female,2015,146.65546657520574
17013,Aguadas,Female,2015,8.602595032483997
17042,Anserma,Female,2015,14.011132032890638
17050,Aranzazu,Female,2015,5.07886949128525
17088,Belalcázar,Female,2015,4.2855492069947525
17174,Chinchiná,Female,2015,21.669014610161398
17272,Filadelfia,Female,2015,4.666222662487806
17380,La Dorada,Female,2015,33.01163043035559
17388,La Merced,Female,2015,2.689694723094214
17433,Manzanares,Female,2015,7.358088823268611
17442,Marmato,Female,2015,3.896842853878825
17444,Marquetalia,Female,2015,5.261622172497168
17446,Marulanda,Female,2015,1.0039953759090001
17486,Neira,Female,2015,8.179304838468525
17495,Norcasia,Female,2015,2.283223285088773
17513,Pácora,Female,2015,6.0052778755497975
17524,Palestina,Female,2015,6.745749835166512
17541,Pensilvania,Female,2015,7.80351361955443
17614,Riosucio,Female,2015,18.80835972846768
17616,Risaralda,Female,2015,4.497541326479335
17653,Salamina,Female,2015,7.195924348510605
17662,Samaná,Female,2015,8.421263106465975
17665,San José,Female,2015,2.105609498156519
17777,Supía,Female,2015,11.093863521190576
17867,Victoria,Female,2015,3.8582451277966765
17873,Villamaría,Female,2015,22.35560100382025
17877,Viterbo,Female,2015,4.799187768113126
18001,Florencia,Female,2015,71.75536582290066
18029,Albania,Female,2015,2.024055010045397
18094,Belén De Los Andaquíes,Female,2015,4.690245201675935
18150,Cartagena Del Chairá,Female,2015,12.142662670415257
18205,Curillo,Female,2015,3.784369973452302
18247,El Doncello,Female,2015,8.299446928217904
18256,El Paujíl,Female,2015,6.644546252812583
18410,La Montañita,Female,2015,5.866798009870232
18460,Milán,Female,2015,3.777360353864363
18479,Morelia,Female,2015,1.4157395439706437
18592,Puerto Rico,Female,2015,10.90051117108793
18610,San José Del Fragua,Female,2015,5.973326222008095
18753,San Vicente Del Caguán,Female,2015,24.142847373955014
18756,Solano,Female,2015,4.325163731231475
18785,Solita,Female,2015,2.9555157384417354
18860,Valparaíso,Female,2015,2.9660023652349903
19001,Popayán,Female,2015,109.50989854027938
19022,Almaguer,Female,2015,9.167721179700115
19050,Argelia,Female,2015,11.140073963365507
19075,Balboa,Female,2015,8.878026439497406
19100,Bolívar,Female,2015,17.715958328247176
19110,Buenos Aires,Female,2015,11.78128055778801
19130,Cajibío,Female,2015,17.816883738208567
19137,Caldono,Female,2015,14.786339040417326
19142,Caloto,Female,2015,10.463452464521465
19212,Corinto,Female,2015,16.34828449367003
19256,El Tambo,Female,2015,21.251200578415094
19290,Florencia,Female,2015,1.9561511390900759
19300,Guachené,Female,2015,2.90177547496598
19318,Guapi,Female,2015,11.764410496784198
19355,Inzá,Female,2015,12.051619061844978
19364,Jambaló,Female,2015,6.430688635368384
19392,La Sierra,Female,2015,4.670760012440914
19397,La Vega,Female,2015,10.982574113795275
19418,López De Micay,Female,2015,8.290784909816232
19450,Mercaderes,Female,2015,9.36128976895909
19455,Miranda,Female,2015,10.560291860964758
19473,Morales,Female,2015,14.464673649473843
19513,Padilla,Female,2015,3.5552544161648463
19517,Páez,Female,2015,18.91948088699953
19532,Patía,Female,2015,16.76543845101952
19533,Piamonte,Female,2015,2.8080923385226044
19548,Piendamó - Tunía,Female,2015,14.530362031902474
19573,Puerto Tejada,Female,2015,23.824648026955416
19585,Puracé,Female,2015,6.431201228344227
19622,Rosas,Female,2015,4.468059822053802
19693,San Sebastián,Female,2015,4.480780898165957
19698,Santander De Quilichao,Female,2015,38.35831185377542
19701,Santa Rosa,Female,2015,2.4863706274464366
19743,Silvia,Female,2015,13.699737864350213
19760,Sotará - Paispamba,Female,2015,5.022725719935829
19780,Suárez,Female,2015,12.050971323870945
19785,Sucre,Female,2015,4.576703011405975
19807,Timbío,Female,2015,13.755945098802032
19809,Timbiquí,Female,2015,10.593373705732112
19821,Toribío,Female,2015,12.498692571433686
19824,Totoró,Female,2015,9.705040119879715
19845,Villa Rica,Female,2015,7.075851767325882
20001,Valledupar,Female,2015,182.751566266678
20011,Aguachica,Female,2015,41.67689453936681
20013,Agustín Codazzi,Female,2015,23.04318935837495
20032,Astrea,Female,2015,7.509969451047436
20045,Becerril,Female,2015,7.690143223001844
20060,Bosconia,Female,2015,14.746813824995462
20175,Chimichagua,Female,2015,12.15119001543503
20178,Chiriguaná,Female,2015,10.916321931319983
20228,Curumaní,Female,2015,14.289140856437577
20238,El Copey,Female,2015,11.631276916354476
20250,El Paso,Female,2015,12.861147466052419
20295,Gamarra,Female,2015,5.770554582030462
20310,González,Female,2015,2.0944243211997846
20383,La Gloria,Female,2015,6.154126876077375
20400,La Jagua De Ibirico,Female,2015,15.102990741496006
20443,Manaure Balcón Del Cesar,Female,2015,3.573972720038209
20517,Pailitas,Female,2015,7.342389273162442
20550,Pelaya,Female,2015,8.183135663442325
20570,Pueblo Bello,Female,2015,10.134218248867839
20614,Río De Oro,Female,2015,6.687574379151197
20621,La Paz,Female,2015,9.944197721589358
20710,San Alberto,Female,2015,9.374438289415064
20750,San Diego,Female,2015,6.728920005032319
20770,San Martín,Female,2015,9.62033062179951
20787,Tamalameque,Female,2015,5.55905756264908
23001,Montería,Female,2015,178.96298123202268
23068,Ayapel,Female,2015,20.316238008674123
23079,Buenavista,Female,2015,8.968957391122593
23090,Canalete,Female,2015,7.223835424262277
23162,Cereté,Female,2015,40.75649412860094
23168,Chimá,Female,2015,7.661210869244556
23182,Chinú,Female,2015,19.513795699731048
23189,Ciénaga De Oro,Female,2015,25.475554333839156
23300,Cotorra,Female,2015,7.820950733373003
23350,La Apartada,Female,2015,6.649433212869682
23417,Lorica,Female,2015,47.46101895760649
23419,Los Córdobas,Female,2015,8.117758357241616
23464,Momil,Female,2015,7.51866895890849
23466,Montelíbano,Female,2015,31.37509117288751
23500,Moñitos,Female,2015,13.202785325517635
23555,Planeta Rica,Female,2015,26.045563723983
23570,Pueblo Nuevo,Female,2015,14.403644236016078
23574,Puerto Escondido,Female,2015,10.423109763578903
23580,Puerto Libertador,Female,2015,16.614605537528064
23586,Purísima De La Concepción,Female,2015,7.267791794936986
23660,Sahagún,Female,2015,41.949692428160255
23670,San Andrés De Sotavento,Female,2015,20.98927064436083
23672,San Antero,Female,2015,13.81936474905484
23675,San Bernardo Del Viento,Female,2015,15.679737333713387
23678,San Carlos,Female,2015,11.6529533749912
23682,San José De Uré,Female,2015,1.7279186191383682
23686,San Pelayo,Female,2015,21.20416457154401
23807,Tierralta,Female,2015,38.85519705424827
23815,Tuchín,Female,2015,8.083990039530399
23855,Valencia,Female,2015,15.120287080871734
25001,Agua De Dios,Female,2015,4.321772142915736
25019,Albán,Female,2015,1.997004607820409
25035,Anapoima,Female,2015,4.563911165772245
25040,Anolaima,Female,2015,4.50054149660132
25053,Arbeláez,Female,2015,3.2982728062519766
25086,Beltrán,Female,2015,0.5982074299274598
25095,Bituima,Female,2015,0.7036369031782396
25099,Bojacá,Female,2015,3.095967581154075
25120,Cabrera,Female,2015,1.4689597776027812
25123,Cachipay,Female,2015,3.2741733284429353
25126,Cajicá,Female,2015,23.805368047328315
25148,Caparrapí,Female,2015,4.513020574961278
25151,Cáqueza,Female,2015,7.674839668124753
25154,Carmen De Carupa,Female,2015,2.8202392612304723
25168,Chaguaní,Female,2015,1.5268862537465508
25175,Chía,Female,2015,43.53003108871365
25178,Chipaque,Female,2015,3.069835686879433
25181,Choachí,Female,2015,3.5868210989470493
25183,Chocontá,Female,2015,9.534302790189273
25200,Cogua,Female,2015,6.95634085245378
25214,Cota,Female,2015,9.408359582688968
25224,Cucunubá,Female,2015,2.5897286647825726
25245,El Colegio,Female,2015,7.716509930725371
25258,El Peñón,Female,2015,1.5944852715566065
25260,El Rosal,Female,2015,6.297918338977774
25269,Facatativá,Female,2015,51.19396888592239
25279,Fómeque,Female,2015,3.820879446216831
25281,Fosca,Female,2015,2.345479734613235
25286,Funza,Female,2015,27.88180834663485
25288,Fúquene,Female,2015,1.5176650140661758
25290,Fusagasugá,Female,2015,49.51680410483601
25293,Gachalá,Female,2015,1.7309385269256314
25295,Gachancipá,Female,2015,5.1207181685127665
25297,Gachetá,Female,2015,4.133336322013991
25299,Gama,Female,2015,1.2358002189024409
25307,Girardot,Female,2015,54.94224874982039
25312,Granada,Female,2015,2.2802350616596514
25317,Guachetá,Female,2015,4.3614120741238285
25320,Guaduas,Female,2015,10.062538402329405
25322,Guasca,Female,2015,4.368224982120104
25324,Guataquí,Female,2015,0.8498726306800104
25326,Guatavita,Female,2015,2.260652420223398
25328,Guayabal De Síquima,Female,2015,1.3598265590252576
25335,Guayabetal,Female,2015,1.8962251916695616
25339,Gutiérrez,Female,2015,1.1429118017606938
25368,Jerusalén,Female,2015,0.6958400354113028
25372,Junín,Female,2015,2.600080272873646
25377,La Calera,Female,2015,9.927926386147883
25386,La Mesa,Female,2015,11.941085807545683
25394,La Palma,Female,2015,3.326275963400599
25398,La Peña,Female,2015,2.0256809274207717
25402,La Vega,Female,2015,5.595726947884057
25407,Lenguazaque,Female,2015,3.391952892118824
25426,Machetá,Female,2015,2.2147944826211545
25430,Madrid,Female,2015,32.55700091345434
25436,Manta,Female,2015,1.260694852311582
25438,Medina,Female,2015,2.9695236592949263
25473,Mosquera,Female,2015,36.43590015885071
25483,Nariño,Female,2015,0.8351352047646372
25486,Nemocón,Female,2015,5.156087319813393
25488,Nilo,Female,2015,1.9993828666824736
25489,Nimaima,Female,2015,1.081062095828084
25491,Nocaima,Female,2015,1.7245053212592731
25506,Venecia,Female,2015,1.4405039826435604
25513,Pacho,Female,2015,10.230695862325074
25518,Paime,Female,2015,1.635912639388336
25524,Pandi,Female,2015,1.486167839002116
25530,Paratebueno,Female,2015,3.097635888059688
25535,Pasca,Female,2015,3.0782282246512547
25572,Puerto Salgar,Female,2015,5.605813167151296
25580,Pulí,Female,2015,1.1021609484329864
25592,Quebradanegra,Female,2015,1.5338080470951923
25594,Quetame,Female,2015,2.1391577465504823
25596,Quipile,Female,2015,2.0885073392661377
25599,Apulo,Female,2015,2.491615505282626
25612,Ricaurte,Female,2015,3.475389892243498
25645,San Antonio Del Tequendama,Female,2015,3.4258362134817446
25649,San Bernardo,Female,2015,3.0161300441020016
25653,San Cayetano,Female,2015,1.547963221021301
25658,San Francisco,Female,2015,3.042484083034641
25662,San Juan De Rioseco,Female,2015,3.465008312717893
25718,Sasaima,Female,2015,3.578917969059612
25736,Sesquilé,Female,2015,4.0062311260549
25740,Sibaté,Female,2015,11.440011947770094
25743,Silvania,Female,2015,7.337727557499434
25745,Simijaca,Female,2015,4.518208611838735
25754,Soacha,Female,2015,190.90720851367465
25758,Sopó,Female,2015,9.331368783169024
25769,Subachoque,Female,2015,4.638068078910926
25772,Suesca,Female,2015,5.781810480771161
25777,Supatá,Female,2015,1.541862315763877
25779,Susa,Female,2015,2.1328828459847586
25781,Sutatausa,Female,2015,1.7987942265107888
25785,Tabio,Female,2015,7.049596808387374
25793,Tausa,Female,2015,2.4522639062335396
25797,Tena,Female,2015,2.7649093861235627
25799,Tenjo,Female,2015,8.07925983558184
25805,Tibacuy,Female,2015,1.3527232150297603
25807,Tibirita,Female,2015,1.2963834984370974
25815,Tocaima,Female,2015,6.47788061242281
25817,Tocancipá,Female,2015,12.433673731585596
25823,Topaipí,Female,2015,1.418181096224968
25839,Ubalá,Female,2015,2.827778220535668
25841,Ubaque,Female,2015,2.6461394158882667
25843,Villa De San Diego De Ubaté,Female,2015,19.35217489608437
25845,Une,Female,2015,2.196145659086505
25851,Útica,Female,2015,1.3652877507742547
25862,Vergara,Female,2015,2.649411920229178
25867,Vianí,Female,2015,1.2808998506714824
25871,Villagómez,Female,2015,0.6360839002430839
25873,Villapinzón,Female,2015,6.206723843202968
25875,Villeta,Female,2015,11.148243234559674
25878,Viotá,Female,2015,4.562170810432271
25885,Yacopí,Female,2015,5.169909556594466
25898,Zipacón,Female,2015,1.3350595656062203
25899,Zipaquirá,Female,2015,45.88715411329796
27001,Quibdó,Female,2015,66.64755966890645
27006,Acandí,Female,2015,5.924044685236899
27025,Alto Baudó,Female,2015,12.94130431951697
27050,Atrato,Female,2015,2.7479679156325565
27073,Bagadó,Female,2015,4.511178830463168
27075,Bahía Solano,Female,2015,3.6955291846304252
27077,Bajo Baudó,Female,2015,12.753601010039404
27099,Bojayá,Female,2015,4.783913000642354
27135,El Cantón Del San Pablo,Female,2015,2.6236763273578725
27150,Carmen Del Darién,Female,2015,5.566559797981358
27160,Cértegui,Female,2015,2.499223772373454
27205,Condoto,Female,2015,5.8881556908666886
27245,El Carmen De Atrato,Female,2015,3.450802304997012
27250,El Litoral Del San Juan,Female,2015,8.4834907929917
27361,Istmina,Female,2015,13.883258346957989
27372,Juradó,Female,2015,2.5702078406536337
27413,Lloró,Female,2015,3.4449254628809207
27425,Medio Atrato,Female,2015,4.373448271002529
27430,Medio Baudó,Female,2015,6.31159413279752
27450,Medio San Juan,Female,2015,3.7194656765387464
27491,Nóvita,Female,2015,3.95486657652939
27495,Nuquí,Female,2015,6.360775431910408
27580,Río Iró,Female,2015,2.1217463811884762
27600,Río Quito,Female,2015,3.8105669886637097
27615,Riosucio,Female,2015,23.746721469272476
27660,San José Del Palmar,Female,2015,2.096182957470569
27745,Sipí,Female,2015,1.2383089155359213
27787,Tadó,Female,2015,8.091544217402546
27800,Unguía,Female,2015,5.641507590770071
27810,Unión Panamericana,Female,2015,2.9519378079872087
41001,Neiva,Female,2015,152.50819320721004
41006,Acevedo,Female,2015,15.47494616892121
41013,Agrado,Female,2015,3.7645468748622375
41016,Aipe,Female,2015,6.661101463842112
41020,Algeciras,Female,2015,9.470907499614407
41026,Altamira,Female,2015,1.391519123164782
41078,Baraya,Female,2015,3.333261667928405
41132,Campoalegre,Female,2015,13.856664012091626
41206,Colombia,Female,2015,3.1063674658266276
41244,Elías,Female,2015,1.2828656833584235
41298,Garzón,Female,2015,29.3805609117214
41306,Gigante,Female,2015,9.914449604059676
41319,Guadalupe,Female,2015,7.077134717167219
41349,Hobo,Female,2015,2.6204179282940396
41357,Íquira,Female,2015,3.9376064821009713
41359,Isnos,Female,2015,9.55852283071082
41378,La Argentina,Female,2015,6.452795359659195
41396,La Plata,Female,2015,25.636322356854805
41483,Nátaga,Female,2015,2.438226485292473
41503,Oporapa,Female,2015,5.298152969138969
41518,Paicol,Female,2015,2.3923944918643025
41524,Palermo,Female,2015,9.048753305889829
41530,Palestina,Female,2015,4.601642624090522
41548,Pital,Female,2015,5.402465993127407
41551,Pitalito,Female,2015,58.243866903975544
41615,Rivera,Female,2015,7.6626396387863265
41660,Saladoblanco,Female,2015,4.931845933164062
41668,San Agustín,Female,2015,12.477039089018389
41676,Santa María,Female,2015,4.079407127853694
41770,Suaza,Female,2015,7.688220082091312
41791,Tarqui,Female,2015,7.206640073295218
41797,Tesalia,Female,2015,4.044165488093746
41799,Tello,Female,2015,4.332124674104744
41801,Teruel,Female,2015,3.625077857553236
41807,Timaná,Female,2015,8.47289600383157
41872,Villavieja,Female,2015,3.648750564728556
41885,Yaguará,Female,2015,2.5459183146902866
44001,Riohacha,Female,2015,77.92114078755516
44035,Albania,Female,2015,8.382302987715644
44078,Barrancas,Female,2015,12.668445160024037
44090,Dibulla,Female,2015,13.823647748639523
44098,Distracción,Female,2015,4.383371826957409
44110,El Molino,Female,2015,2.5187140490573494
44279,Fonseca,Female,2015,14.024504731304008
44378,Hatonuevo,Female,2015,6.873616530347242
44420,La Jagua Del Pilar,Female,2015,0.9638398606263023
44430,Maicao,Female,2015,69.07269523771238
44560,Manaure,Female,2015,36.17857083871207
44650,San Juan Del Cesar,Female,2015,16.185038910360724
44847,Uribia,Female,2015,81.85641341198189
44855,Urumita,Female,2015,3.5824908117553806
44874,Villanueva,Female,2015,9.060657629733772
47001,Santa Marta,Female,2015,199.46806137816031
47030,Algarrobo,Female,2015,5.503474504507191
47053,Aracataca,Female,2015,14.366362099764682
47058,Ariguaní,Female,2015,12.358593735666638
47161,Cerro De San Antonio,Female,2015,4.219472897725076
47170,Chivolo,Female,2015,8.063327888498232
47189,Ciénaga,Female,2015,48.448919723401644
47205,Concordia,Female,2015,5.2432942474013835
47245,El Banco,Female,2015,26.171563486277535
47258,El Piñón,Female,2015,8.228330615961651
47268,El Retén,Female,2015,8.427649173171568
47288,Fundación,Female,2015,26.749389556653092
47318,Guamal,Female,2015,10.438425419216921
47460,Nueva Granada,Female,2015,6.863920772962054
47541,Pedraza,Female,2015,3.7204118475350123
47545,Pijiño Del Carmen,Female,2015,4.74803724801656
47551,Pivijay,Female,2015,15.30985251126523
47555,Plato,Female,2015,23.83605338670688
47570,Puebloviejo,Female,2015,11.614356154309052
47605,Remolino,Female,2015,4.6248198100619415
47660,Sabanas De San Ángel,Female,2015,5.838081129379859
47675,Salamina,Female,2015,4.2111845957587
47692,San Sebastián De Buenavista,Female,2015,8.233332423706878
47703,San Zenón,Female,2015,4.230494960293423
47707,Santa Ana,Female,2015,10.201731467783228
47720,Santa Bárbara De Pinto,Female,2015,3.9954093665558306
47745,Sitionuevo,Female,2015,12.077238662857878
47798,Tenerife,Female,2015,5.200450854145737
47960,Zapayán,Female,2015,3.77383484236864
47980,Zona Bananera,Female,2015,22.675994562659685
50001,Villavicencio,Female,2015,216.50056498016215
50006,Acacías,Female,2015,27.136082757029108
50110,Barranca De Upía,Female,2015,2.096918141262296
50124,Cabuyaro,Female,2015,1.81746947572344
50150,Castilla La Nueva,Female,2015,4.355628457296704
50223,Cubarral,Female,2015,2.3949737833897475
50226,Cumaral,Female,2015,7.498684427232363
50245,El Calvario,Female,2015,0.6470507296716616
50251,El Castillo,Female,2015,2.887563353306917
50270,El Dorado,Female,2015,1.4606677420026628
50287,Fuente De Oro,Female,2015,4.892971525982321
50313,Granada,Female,2015,28.795930511406013
50318,Guamal,Female,2015,4.621761060567157
50325,Mapiripán,Female,2015,2.4913850306741905
50330,Mesetas,Female,2015,4.51776536253475
50350,La Macarena,Female,2015,10.66828247566837
50370,Uribe,Female,2015,3.5319181154156065
50400,Lejanías,Female,2015,4.354450955284821
50450,Puerto Concordia,Female,2015,3.1526163511576017
50568,Puerto Gaitán,Female,2015,13.894404484492718
50573,Puerto López,Female,2015,14.971237125998993
50577,Puerto Lleras,Female,2015,3.6298206433602225
50590,Puerto Rico,Female,2015,4.867829831884632
50606,Restrepo,Female,2015,5.528472110604235
50680,San Carlos De Guaroa,Female,2015,3.893069997682925
50683,San Juan De Arama,Female,2015,3.2520701831233163
50686,San Juanito,Female,2015,0.5535464008010745
50689,San Martín,Female,2015,8.723924970426209
50711,Vistahermosa,Female,2015,7.313525900248326
52001,Pasto,Female,2015,139.62230531415713
52019,Albán,Female,2015,4.4186493403872324
52022,Aldana,Female,2015,2.9104536600365636
52036,Ancuya,Female,2015,3.1752070841491085
52051,Arboleda,Female,2015,3.756132376424643
52079,Barbacoas,Female,2015,23.94188639916684
52083,Belén,Female,2015,2.5499553356590563
52110,Buesaco,Female,2015,9.813256546192857
52203,Colón,Female,2015,3.5490847807433052
52207,Consacá,Female,2015,5.733833004438917
52210,Contadero,Female,2015,3.0579609719677636
52215,Córdoba,Female,2015,6.502881199852619
52224,Cuaspud Carlosama,Female,2015,4.322870914173162
52227,Cumbal,Female,2015,13.625357498230784
52233,Cumbitara,Female,2015,3.2253360404064275
52240,Chachagüí,Female,2015,6.015931665642334
52250,El Charco,Female,2015,10.306142348820087
52254,El Peñol,Female,2015,3.124655153635352
52256,El Rosario,Female,2015,5.549295557806791
52258,El Tablón De Gómez,Female,2015,6.447696089051673
52260,El Tambo,Female,2015,5.91559710660357
52287,Funes,Female,2015,2.951274745763718
52317,Guachucal,Female,2015,8.02204900850131
52320,Guaitarilla,Female,2015,4.704790711477084
52323,Gualmatán,Female,2015,2.9409969682673807
52352,Iles,Female,2015,3.3802116052610875
52354,Imués,Female,2015,3.4853294571505105
52356,Ipiales,Female,2015,43.7446154471374
52378,La Cruz,Female,2015,7.411963809203097
52381,La Florida,Female,2015,5.374397984068931
52385,La Llanada,Female,2015,2.6393395297887707
52390,La Tola,Female,2015,3.291401754888466
52399,La Unión,Female,2015,14.716669057417837
52405,Leiva,Female,2015,4.390226741100223
52411,Linares,Female,2015,4.173969175094401
52418,Los Andes,Female,2015,4.2907116597512225
52427,Magüí,Female,2015,10.583655068582383
52435,Mallama,Female,2015,3.638055249340771
52473,Mosquera,Female,2015,5.638475028973532
52480,Nariño,Female,2015,1.6973877274847808
52490,Olaya Herrera,Female,2015,12.229965732534545
52506,Ospina,Female,2015,2.681316791199706
52520,Francisco Pizarro,Female,2015,6.654047726221783
52540,Policarpa,Female,2015,4.272482028196835
52560,Potosí,Female,2015,3.979127822265112
52565,Providencia,Female,2015,3.0124241856203278
52573,Puerres,Female,2015,3.382618736497514
52585,Pupiales,Female,2015,7.138960360987412
52612,Ricaurte,Female,2015,8.840832291554435
52621,Roberto Payán,Female,2015,6.0332898153956656
52678,Samaniego,Female,2015,14.642158463275637
52683,Sandoná,Female,2015,8.674965393319551
52685,San Bernardo,Female,2015,4.693057626411708
52687,San Lorenzo,Female,2015,8.313328927562218
52693,San Pablo,Female,2015,6.8983363024024555
52694,San Pedro De Cartago,Female,2015,3.298651840258863
52696,Santa Bárbara,Female,2015,5.9623348138698375
52699,Santacruz,Female,2015,5.319127213642401
52720,Sapuyes,Female,2015,3.357341429106122
52786,Taminango,Female,2015,7.594723641822479
52788,Tangua,Female,2015,6.277060461423282
52835,San Andrés De Tumaco,Female,2015,107.81581337028236
52838,Túquerres,Female,2015,18.04139697497887
52885,Yacuanquer,Female,2015,5.093692956766614
54001,San José De Cúcuta,Female,2015,280.0309471147917
54003,Ábrego,Female,2015,13.45429733404839
54051,Arboledas,Female,2015,3.714490990718335
54099,Bochalema,Female,2015,2.7152202336106277
54109,Bucarasica,Female,2015,2.3933746964564264
54125,Cácota,Female,2015,1.0515098651341301
54128,Cáchira,Female,2015,4.228811847639046
54172,Chinácota,Female,2015,5.8290527444631115
54174,Chitagá,Female,2015,4.601821146461935
54206,Convención,Female,2015,7.80434690875617
54223,Cucutilla,Female,2015,3.5863738974306325
54239,Durania,Female,2015,1.7648547765326432
54245,El Carmen,Female,2015,5.562837993014247
54250,El Tarra,Female,2015,7.7658068192729
54261,El Zulia,Female,2015,10.24166905362226
54313,Gramalote,Female,2015,2.74630969813348
54344,Hacarí,Female,2015,4.138959417451666
54347,Herrán,Female,2015,2.8215842650372123
54377,Labateca,Female,2015,2.245496752849564
54385,La Esperanza,Female,2015,4.065265654528733
54398,La Playa,Female,2015,3.344756085057555
54405,Los Patios,Female,2015,30.516595000548588
54418,Lourdes,Female,2015,1.4040521703848068
54480,Mutiscua,Female,2015,1.5654420741733936
54498,Ocaña,Female,2015,44.86409885588318
54518,Pamplona,Female,2015,16.660993797735728
54520,Pamplonita,Female,2015,1.944375932160857
54553,Puerto Santander,Female,2015,6.290492036795458
54599,Ragonvalia,Female,2015,2.189342887860024
54660,Salazar,Female,2015,3.7375125476801236
54670,San Calixto,Female,2015,4.9193789794421745
54673,San Cayetano,Female,2015,2.4666813837306045
54680,Santiago,Female,2015,1.3869847400582975
54720,Sardinata,Female,2015,9.64266354804488
54743,Silos,Female,2015,2.2790670712844348
54800,Teorama,Female,2015,6.704365608178056
54810,Tibú,Female,2015,21.39360411982831
54820,Toledo,Female,2015,5.974942938126993
54871,Villa Caro,Female,2015,2.191211873275189
54874,Villa Del Rosario,Female,2015,35.94996786200031
63001,Armenia,Female,2015,122.12491419437352
63111,Buenavista,Female,2015,1.1022203612999786
63130,Calarcá,Female,2015,25.233827066441563
63190,Circasia,Female,2015,9.672101056819994
63212,Córdoba,Female,2015,2.0954797977253374
63272,Filandia,Female,2015,4.195042017336572
63302,Génova,Female,2015,2.9588033288939526
63401,La Tebaida,Female,2015,12.888899917844416
63470,Montenegro,Female,2015,14.436947687986466
63548,Pijao,Female,2015,2.2304107981543524
63594,Quimbaya,Female,2015,11.369624557098321
63690,Salento,Female,2015,2.9929554202387307
66001,Pereira,Female,2015,185.98785485325436
66045,Apía,Female,2015,6.162886867833835
66075,Balboa,Female,2015,2.4371927489793803
66088,Belén De Umbría,Female,2015,10.060474168302544
66170,Dosquebradas,Female,2015,73.57971152086387
66318,Guática,Female,2015,4.874275903169465
66383,La Celia,Female,2015,2.893831513679871
66400,La Virginia,Female,2015,16.158906779566486
66440,Marsella,Female,2015,6.510470877258504
66456,Mistrató,Female,2015,6.777669043588212
66572,Pueblo Rico,Female,2015,6.803616020100284
66594,Quinchía,Female,2015,11.126346881945182
66682,Santa Rosa De Cabal,Female,2015,26.746869319943922
66687,Santuario,Female,2015,5.3224457781307875
68001,Bucaramanga,Female,2015,216.83674038896496
68013,Aguada,Female,2015,0.6736793404763605
68020,Albania,Female,2015,1.6244558975834968
68051,Aratoca,Female,2015,3.265107944005809
68077,Barbosa,Female,2015,10.967518093420043
68079,Barichara,Female,2015,3.497535507914389
68081,Barrancabermeja,Female,2015,94.8541875978272
68092,Betulia,Female,2015,2.269574272167104
68101,Bolívar,Female,2015,4.719666219088011
68121,Cabrera,Female,2015,0.7553944273050807
68132,California,Female,2015,0.6778980762617036
68147,Capitanejo,Female,2015,2.148334326087781
68152,Carcasí,Female,2015,2.021048011007581
68160,Cepitá,Female,2015,0.7161497034582088
68162,Cerrito,Female,2015,2.591543460809262
68167,Charalá,Female,2015,4.232307384658104
68169,Charta,Female,2015,1.0011003427062988
68176,Chima,Female,2015,1.1973828060342613
68179,Chipatá,Female,2015,1.9532223869367848
68190,Cimitarra,Female,2015,12.618005301323448
68207,Concepción,Female,2015,2.224464875198801
68209,Confines,Female,2015,1.0527827157032077
68211,Contratación,Female,2015,1.3486214648941046
68217,Coromoro,Female,2015,2.1090490343508557
68229,Curití,Female,2015,4.4453354364155615
68235,El Carmen De Chucuri,Female,2015,9.449331260756578
68245,El Guacamayo,Female,2015,0.7426852198143457
68250,El Peñón,Female,2015,2.233014515029776
68255,El Playón,Female,2015,5.686755722808761
68264,Encino,Female,2015,0.9230961181880747
68266,Enciso,Female,2015,1.3867445543979322
68271,Florián,Female,2015,2.523056687822223
68276,Floridablanca,Female,2015,96.35866481614835
68296,Galán,Female,2015,1.3653056606613703
68298,Gámbita,Female,2015,2.112260324966487
68307,Girón,Female,2015,51.18321755369068
68318,Guaca,Female,2015,2.765108150463845
68320,Guadalupe,Female,2015,1.982582362427421
68322,Guapotá,Female,2015,0.8285687049061794
68324,Guavatá,Female,2015,1.650856147154777
68327,Güepsa,Female,2015,1.7455178430997313
68344,Hato,Female,2015,0.9602742797984998
68368,Jesús María,Female,2015,1.2548302806213103
68370,Jordán,Female,2015,0.706254715638682
68377,La Belleza,Female,2015,2.375939484876961
68385,Landázuri,Female,2015,4.429049418761178
68397,La Paz,Female,2015,1.8067708170906545
68406,Lebrija,Female,2015,14.236752589900712
68418,Los Santos,Female,2015,5.419202507914873
68425,Macaravita,Female,2015,0.912136528887902
68432,Málaga,Female,2015,7.378502305301981
68444,Matanza,Female,2015,1.8859991972753436
68464,Mogotes,Female,2015,4.286570892214852
68468,Molagavita,Female,2015,1.872001065689012
68498,Ocamonte,Female,2015,2.077487628598124
68500,Oiba,Female,2015,4.057810323461183
68502,Onzaga,Female,2015,1.8277836071064142
68522,Palmar,Female,2015,0.5331176882742427
68524,Palmas Del Socorro,Female,2015,1.3602073080982915
68533,Páramo,Female,2015,1.6096836381572421
68547,Piedecuesta,Female,2015,55.23114730846589
68549,Pinchote,Female,2015,1.7709837366503582
68572,Puente Nacional,Female,2015,4.790828255658698
68573,Puerto Parra,Female,2015,2.6057285440668476
68575,Puerto Wilches,Female,2015,12.033450245853814
68615,Rionegro,Female,2015,9.634092469839661
68655,Sabana De Torres,Female,2015,11.904870585410324
68669,San Andrés,Female,2015,3.4164880704613823
68673,San Benito,Female,2015,1.17748241817249
68679,San Gil,Female,2015,18.539204474057133
68682,San Joaquín,Female,2015,1.1953321513404318
68684,San José De Miranda,Female,2015,1.7782987641334418
68686,San Miguel,Female,2015,0.828534704409261
68689,San Vicente De Chucurí,Female,2015,12.335626502866065
68705,Santa Bárbara,Female,2015,1.0255404439416116
68720,Santa Helena Del Opón,Female,2015,1.3997647333374694
68745,Simacota,Female,2015,3.688196370561508
68755,Socorro,Female,2015,10.748115501592912
68770,Suaita,Female,2015,3.775063643767176
68773,Sucre,Female,2015,2.999456194703331
68780,Suratá,Female,2015,1.6363356356641827
68820,Tona,Female,2015,2.749484907882566
68855,Valle De San José,Female,2015,2.3565724966180253
68861,Vélez,Female,2015,8.3660364609599025
68867,Vetas,Female,2015,0.7626444365018814
68872,Villanueva,Female,2015,2.7140974100749897
68895,Zapatoca,Female,2015,3.23473979078627
70001,Sincelejo,Female,2015,112.21390311220328
70110,Buenavista,Female,2015,4.13237063595615
70124,Caimito,Female,2015,5.914803939523679
70204,Colosó,Female,2015,3.691590158025471
70215,Corozal,Female,2015,24.942811090963524
70221,Coveñas,Female,2015,4.737679830489169
70230,Chalán,Female,2015,2.018054306568146
70233,El Roble,Female,2015,4.39556105099745
70235,Galeras,Female,2015,8.093593834282707
70265,Guaranda,Female,2015,7.42986398422869
70400,La Unión,Female,2015,5.019571324341333
70418,Los Palmitos,Female,2015,8.557441672510194
70429,Majagual,Female,2015,15.506364605575648
70473,Morroa,Female,2015,5.938596602669894
70508,Ovejas,Female,2015,9.339672189639217
70523,Palmito,Female,2015,5.768106389875681
70670,Sampués,Female,2015,19.217460712387183
70678,San Benito Abad,Female,2015,11.899204597862703
70702,San Juan De Betulia,Female,2015,5.387486225520679
70708,San Marcos,Female,2015,24.676391431449595
70713,San Onofre,Female,2015,21.398822674306917
70717,San Pedro,Female,2015,7.502364932696638
70742,San Luis De Sincé,Female,2015,12.611443464569936
70771,Sucre,Female,2015,11.710779038933847
70820,Santiago De Tolú,Female,2015,12.454291796396877
70823,San José De Toluviejo,Female,2015,8.262475777206216
73001,Ibagué,Female,2015,182.12543952304682
73024,Alpujarra,Female,2015,1.4670107874562046
73026,Alvarado,Female,2015,3.423922999773075
73030,Ambalema,Female,2015,3.0323795648905434
73043,Anzoátegui,Female,2015,4.080883088032529
73055,Armero,Female,2015,4.414537543218701
73067,Ataco,Female,2015,7.952909915497608
73124,Cajamarca,Female,2015,8.044922164728481
73148,Carmen De Apicalá,Female,2015,3.2474238784687803
73152,Casabianca,Female,2015,2.358886983105614
73168,Chaparral,Female,2015,21.187880004676916
73200,Coello,Female,2015,2.8808982370484713
73217,Coyaima,Female,2015,9.358487216611078
73226,Cunday,Female,2015,3.1455749076161688
73236,Dolores,Female,2015,2.94788936768739
73268,Espinal,Female,2015,27.075315012119795
73270,Falan,Female,2015,2.877491400641966
73275,Flandes,Female,2015,10.765807458261303
73283,Fresno,Female,2015,11.898684297080104
73319,Guamo,Female,2015,13.299468177201605
73347,Herveo,Female,2015,3.4598485634470855
73349,Honda,Female,2015,9.755822961569987
73352,Icononzo,Female,2015,3.9973695878027655
73408,Lérida,Female,2015,7.939471417324158
73411,Líbano,Female,2015,15.361977162410147
73443,San Sebastián De Mariquita,Female,2015,14.136421837864686
73449,Melgar,Female,2015,12.593239858125433
73461,Murillo,Female,2015,1.7001444302953372
73483,Natagaima,Female,2015,6.606387442973349
73504,Ortega,Female,2015,13.343663660088204
73520,Palocabildo,Female,2015,3.871957928504704
73547,Piedras,Female,2015,2.112730694812633
73555,Planadas,Female,2015,10.36019361289619
73563,Prado,Female,2015,3.0707693831031597
73585,Purificación,Female,2015,8.70236628682709
73616,Rioblanco,Female,2015,8.829681800901527
73622,Roncesvalles,Female,2015,2.113896231126225
73624,Rovira,Female,2015,9.137194386676825
73671,Saldaña,Female,2015,5.736821907381231
73675,San Antonio,Female,2015,5.55310394317676
73678,San Luis,Female,2015,5.061771152072874
73686,Santa Isabel,Female,2015,2.3740494233699
73770,Suárez,Female,2015,1.3288187644993865
73854,Valle De San Juan,Female,2015,1.968189841812117
73861,Venadillo,Female,2015,4.8819555020118575
73870,Villahermosa,Female,2015,4.035794450870485
73873,Villarrica,Female,2015,1.7401358735780696
76001,Cali,Female,2015,845.9992640295462
76020,Alcalá,Female,2015,4.978788913583456
76036,Andalucía,Female,2015,7.482513294930978
76041,Ansermanuevo,Female,2015,7.56677704784877
76054,Argelia,Female,2015,1.887071169328844
76100,Bolívar,Female,2015,5.277537449986914
76109,Buenaventura,Female,2015,135.30327671763018
76111,Guadalajara De Buga,Female,2015,52.45151204799344
76113,Bugalagrande,Female,2015,8.606906534802352
76122,Caicedonia,Female,2015,13.206831986275972
76126,Calima,Female,2015,6.140646573230047
76130,Candelaria,Female,2015,29.23730227896506
76147,Cartago,Female,2015,54.48820512888916
76233,Dagua,Female,2015,16.304920764376558
76243,El Águila,Female,2015,3.3811389044266487
76246,El Cairo,Female,2015,2.4218281450152683
76248,El Cerrito,Female,2015,21.64694939391288
76250,El Dovio,Female,2015,4.672124303917986
76275,Florida,Female,2015,19.456830820401656
76306,Ginebra,Female,2015,6.98531556752932
76318,Guacarí,Female,2015,11.035928831761794
76364,Jamundí,Female,2015,51.65299046428066
76377,La Cumbre,Female,2015,5.256957427621586
76400,La Unión,Female,2015,13.384563562453241
76403,La Victoria,Female,2015,6.582797794454134
76497,Obando,Female,2015,4.485339522519879
76520,Palmira,Female,2015,120.34125541311504
76563,Pradera,Female,2015,20.25008199655478
76606,Restrepo,Female,2015,5.104133787291744
76616,Riofrío,Female,2015,5.803594575718304
76622,Roldanillo,Female,2015,13.250449472217554
76670,San Pedro,Female,2015,6.101324163337239
76736,Sevilla,Female,2015,15.415927630146923
76823,Toro,Female,2015,5.484375483214979
76828,Trujillo,Female,2015,6.835410238229215
76834,Tuluá,Female,2015,86.95152089640268
76845,Ulloa,Female,2015,1.842643851343099
76863,Versalles,Female,2015,2.7893914388136256
76869,Vijes,Female,2015,3.962530713305555
76890,Yotoco,Female,2015,5.177290881732819
76892,Yumbo,Female,2015,35.52474823176166
76895,Zarzal,Female,2015,13.801930363031454
81001,Arauca,Female,2015,33.22279218622264
81065,Arauquita,Female,2015,17.30553478747363
81220,Cravo Norte,Female,2015,1.482450804955119
81300,Fortul,Female,2015,8.096866795302322
81591,Puerto Rondón,Female,2015,1.5587346846101047
81736,Saravena,Female,2015,20.396471618628578
81794,Tame,Female,2015,25.48154503227355
85001,Yopal,Female,2015,58.0644833379811
85010,Aguazul,Female,2015,13.128491366717432
85015,Chámeza,Female,2015,0.9405803906630472
85125,Hato Corozal,Female,2015,4.5575322554609485
85136,La Salina,Female,2015,0.6710961862184553
85139,Maní,Female,2015,5.829769692516974
85162,Monterrey,Female,2015,5.989729295274617
85225,Nunchía,Female,2015,3.5689830896749926
85230,Orocué,Female,2015,4.081623659866375
85250,Paz De Ariporo,Female,2015,12.738393646283068
85263,Pore,Female,2015,4.445793873100905
85279,Recetor,Female,2015,0.6088024906059051
85300,Sabanalarga,Female,2015,1.34514206532489
85315,Sácama,Female,2015,0.6468543068896209
85325,San Luis De Palenque,Female,2015,2.8351158950101594
85400,Támara,Female,2015,2.4784879476458057
85410,Tauramena,Female,2015,7.5597112476833574
85430,Trinidad,Female,2015,4.767220796086763
85440,Villanueva,Female,2015,11.699050483114243
86001,Mocoa,Female,2015,18.91704693733712
86219,Colón,Female,2015,2.1034163893717785
86320,Orito,Female,2015,14.244306120937893
86568,Puerto Asís,Female,2015,26.564040241971924
86569,Puerto Caicedo,Female,2015,5.819717947827063
86571,Puerto Guzmán,Female,2015,13.625993092170626
86573,Puerto Leguízamo,Female,2015,9.533066849397786
86749,Sibundoy,Female,2015,5.661905975761225
86755,San Francisco,Female,2015,1.8905651022831824
86757,San Miguel,Female,2015,7.042474436609514
86760,Santiago,Female,2015,2.6030106974692293
86865,Valle Del Guamuez,Female,2015,14.08780630504073
86885,Villagarzón,Female,2015,8.355545677513142
88001,San Andrés,Female,2015,19.72804543723326
88564,Providencia,Female,2015,2.0003455128961636
91001,Leticia,Female,2015,24.702045912046014
91263,El Encanto,Female,2015,1.1534812353576072
91405,La Chorrera,Female,2015,0.9336254009046443
91407,La Pedrera,Female,2015,1.6515148929561756
91430,La Victoria,Female,2015,0.34049924220844086
91460,Mirití - Paraná,Female,2015,0.6708832926207344
91530,Puerto Alegría,Female,2015,0.3601307530434028
91536,Puerto Arica,Female,2015,0.46051138939058583
91540,Puerto Nariño,Female,2015,3.6573478234433736
91669,Puerto Santander,Female,2015,0.6519054536615736
91798,Tarapacá,Female,2015,1.5762313635675502
94001,Inírida,Female,2015,11.715403963753843
94343,Barrancominas,Female,2015,1.8604810489774348
94883,San Felipe,Female,2015,0.5442994185175266
94884,Puerto Colombia,Female,2015,0.6324737251827152
94885,La Guadalupe,Female,2015,0.0878650294807436
94886,Cacahual,Female,2015,0.24587396386409072
94887,Pana Pana,Female,2015,0.634856578069548
94888,Morichal,Female,2015,0.2710035628930813
95001,San José Del Guaviare,Female,2015,18.88770540905475
95015,Calamar,Female,2015,3.219236675682316
95025,El Retorno,Female,2015,4.671052486168999
95200,Miraflores,Female,2015,2.083590962237288
97001,Mitú,Female,2015,10.307512364288065
97161,Carurú,Female,2015,0.9699966934239548
97511,Pacoa,Female,2015,1.138372585253742
97666,Taraira,Female,2015,0.8814122860959988
97777,Papunahua,Female,2015,0.2688786478406854
97889,Yavaraté,Female,2015,0.5394547588018839
99001,Puerto Carreño,Female,2015,10.039117550156721
99524,La Primavera,Female,2015,4.581704436739534
99624,Santa Rosalía,Female,2015,1.6327781579269753
99773,Cumaribo,Female,2015,27.622449509879974
5001,Medellín,Male,2015,1998.097646590206
5002,Abejorral,Male,2015,25.147224706523204
5004,Abriaquí,Male,2015,2.9520823514955254
5021,Alejandría,Male,2015,4.713035295813001
5030,Amagá,Male,2015,28.690554166004947
5031,Amalfi,Male,2015,28.340747872630224
5034,Andes,Male,2015,52.10387394020805
5036,Angelópolis,Male,2015,6.265245621665837
5038,Angostura,Male,2015,14.19949111970571
5040,Anorí,Male,2015,21.13585163313238
5042,Santa Fé De Antioquia,Male,2015,28.380759562975864
5044,Anzá,Male,2015,8.735723884890445
5045,Apartadó,Male,2015,159.17931198111992
5051,Arboletes,Male,2015,33.81676407975282
5055,Argelia,Male,2015,9.47785866362017
5059,Armenia,Male,2015,6.346714634807387
5079,Barbosa,Male,2015,50.466376402719824
5086,Belmira,Male,2015,6.747751533874581
5088,Bello,Male,2015,430.82016254008545
5091,Betania,Male,2015,14.155677075419566
5093,Betulia,Male,2015,24.458801561550022
5101,Ciudad Bolívar,Male,2015,38.34674405427963
5107,Briceño,Male,2015,12.082120427910302
5113,Buriticá,Male,2015,11.228713070295013
5120,Cáceres,Male,2015,47.376904827215306
5125,Caicedo,Male,2015,10.48562107321039
5129,Caldas,Male,2015,70.61225611194656
5134,Campamento,Male,2015,11.66092717851302
5138,Cañasgordas,Male,2015,17.93546107334478
5142,Caracolí,Male,2015,5.510174648986839
5145,Caramanta,Male,2015,5.547698408873801
5147,Carepa,Male,2015,49.89099000969252
5148,El Carmen De Viboral,Male,2015,51.06452702955342
5150,Carolina,Male,2015,4.7048592792639745
5154,Caucasia,Male,2015,107.80382143406918
5172,Chigorodó,Male,2015,71.90327397737329
5190,Cisneros,Male,2015,12.37026985000029
5197,Cocorná,Male,2015,17.641676737437734
5206,Concepción,Male,2015,5.360438104089229
5209,Concordia,Male,2015,26.595308190211973
5212,Copacabana,Male,2015,66.64841279760725
5234,Dabeiba,Male,2015,24.633088716332296
5237,Donmatías,Male,2015,17.092656555833184
5240,Ebéjico,Male,2015,14.541708530408643
5250,El Bagre,Male,2015,64.0871699518469
5264,Entrerríos,Male,2015,10.742283929505195
5266,Envigado,Male,2015,189.69899383134484
5282,Fredonia,Male,2015,26.75765197521869
5284,Frontino,Male,2015,22.289234348642285
5306,Giraldo,Male,2015,5.9932374515250855
5308,Girardota,Male,2015,44.1120666526321
5310,Gómez Plata,Male,2015,11.623216049560332
5313,Granada,Male,2015,11.663126679559499
5315,Guadalupe,Male,2015,7.426384880294265
5318,Guarne,Male,2015,48.33169097115535
5321,Guatapé,Male,2015,6.8504786416789
5347,Heliconia,Male,2015,6.891490537117247
5353,Hispania,Male,2015,5.941076304044217
5360,Itagüí,Male,2015,232.41338927073068
5361,Ituango,Male,2015,50.76691960121843
5364,Jardín,Male,2015,16.064021441267233
5368,Jericó,Male,2015,14.316933159152464
5376,La Ceja,Male,2015,54.24288275903367
5380,La Estrella,Male,2015,60.49695643376442
5390,La Pintada,Male,2015,9.259764134450075
5400,La Unión,Male,2015,20.593898719283935
5411,Liborina,Male,2015,12.25473889290155
5425,Maceo,Male,2015,11.124343104414903
5440,Marinilla,Male,2015,52.86919843581619
5467,Montebello,Male,2015,9.042985046869063
5475,Murindó,Male,2015,4.819551471970445
5480,Mutatá,Male,2015,25.39441729286002
5483,Nariño,Male,2015,12.890472180304128
5490,Necoclí,Male,2015,48.4199527663842
5495,Nechí,Male,2015,28.969611860894315
5501,Olaya,Male,2015,3.229147929095651
5541,Peñol,Male,2015,19.211650519904694
5543,Peque,Male,2015,9.574181812285358
5576,Pueblorrico,Male,2015,10.13576311708435
5579,Puerto Berrío,Male,2015,55.60953051538957
5585,Puerto Nare,Male,2015,15.808989177124873
5591,Puerto Triunfo,Male,2015,21.579687311639624
5604,Remedios,Male,2015,31.327003940222042
5607,Retiro,Male,2015,20.051160995143395
5615,Rionegro,Male,2015,113.79809881960622
5628,Sabanalarga,Male,2015,10.887401852165045
5631,Sabaneta,Male,2015,68.4167810422562
5642,Salgar,Male,2015,56.27088148421214
5647,San Andrés De Cuerquía,Male,2015,9.19085380242637
5649,San Carlos,Male,2015,17.25066431438927
5652,San Francisco,Male,2015,6.782239240816488
5656,San Jerónimo,Male,2015,15.474186621305305
5658,San José De La Montaña,Male,2015,4.662783693208438
5659,San Juan De Urabá,Male,2015,21.717225602717736
5660,San Luis,Male,2015,12.660229694570349
5664,San Pedro De Los Milagros,Male,2015,25.362882326172468
5665,San Pedro De Urabá,Male,2015,36.24797007580324
5667,San Rafael,Male,2015,17.407900724560864
5670,San Roque,Male,2015,23.968136258805092
5674,San Vicente Ferrer,Male,2015,23.490501445021636
5679,Santa Bárbara,Male,2015,27.31948452561231
5686,Santa Rosa De Osos,Male,2015,35.658422284713126
5690,Santo Domingo,Male,2015,15.044306022967216
5697,El Santuario,Male,2015,29.0486891118245
5736,Segovia,Male,2015,55.4950632331684
5756,Sonsón,Male,2015,40.29821918842562
5761,Sopetrán,Male,2015,15.632899508118236
5789,Támesis,Male,2015,19.280448924596286
5790,Tarazá,Male,2015,59.075035758818274
5792,Tarso,Male,2015,7.521645727835456
5809,Titiribí,Male,2015,11.552116302085693
5819,Toledo,Male,2015,6.714125887237985
5837,Turbo,Male,2015,175.7900725129904
5842,Uramita,Male,2015,8.447794393865205
5847,Urrao,Male,2015,31.530595225872602
5854,Valdivia,Male,2015,17.621232885028
5856,Valparaíso,Male,2015,7.105321921631845
5858,Vegachí,Male,2015,13.325274634326169
5861,Venecia,Male,2015,12.369393030179566
5873,Vigía Del Fuerte,Male,2015,9.034665035472223
5885,Yalí,Male,2015,9.076568587150202
5887,Yarumal,Male,2015,55.161064713994236
5890,Yolombó,Male,2015,26.167065097800307
5893,Yondó,Male,2015,26.45565489346548
5895,Zaragoza,Male,2015,36.35474884460163
8001,Barranquilla,Male,2015,1343.4788375209878
8078,Baranoa,Male,2015,61.26245160845837
8137,Campo De La Cruz,Male,2015,28.795332226273473
8141,Candelaria,Male,2015,17.755378404923096
8296,Galapa,Male,2015,49.865666411285964
8372,Juan De Acosta,Male,2015,21.925759187550796
8421,Luruaco,Male,2015,32.223851795316804
8433,Malambo,Male,2015,114.08461151125536
8436,Manatí,Male,2015,20.648179224031686
8520,Palmar De Varela,Male,2015,29.049652401873583
8549,Piojó,Male,2015,7.565239295529336
8558,Polonuevo,Male,2015,17.51499085445858
8560,Ponedera,Male,2015,25.93754039338896
8573,Puerto Colombia,Male,2015,39.30813845991869
8606,Repelón,Male,2015,29.10457521230814
8634,Sabanagrande,Male,2015,30.905664156340382
8638,Sabanalarga,Male,2015,90.23956209748565
8675,Santa Lucía,Male,2015,16.11001609607042
8685,Santo Tomás,Male,2015,27.661852302191427
8758,Soledad,Male,2015,478.24147286976864
8770,Suan,Male,2015,12.167956787308178
8832,Tubará,Male,2015,17.663553957104295
8849,Usiacurí,Male,2015,12.734224627328613
11001,"Bogotá, D.C.",Male,2015,6283.800792255545
13001,Cartagena De Indias,Male,2015,941.434894451119
13006,Achí,Male,2015,30.565139506044872
13030,Altos Del Rosario,Male,2015,13.709257998185194
13042,Arenal,Male,2015,10.093477425122614
13052,Arjona,Male,2015,76.6881511135365
13062,Arroyohondo,Male,2015,10.93437306955372
13074,Barranco De Loba,Male,2015,18.177330992846898
13140,Calamar,Male,2015,27.9401932855467
13160,Cantagallo,Male,2015,9.847495055821375
13188,Cicuco,Male,2015,15.405894834151042
13212,Córdoba,Male,2015,21.703998164499332
13222,Clemencia,Male,2015,18.078865321909166
13244,El Carmen De Bolívar,Male,2015,90.89430464105216
13248,El Guamo,Male,2015,11.73615725002014
13268,El Peñón,Male,2015,10.550836353055313
13300,Hatillo De Loba,Male,2015,16.548734665287995
13430,Magangué,Male,2015,148.4411868812979
13433,Mahates,Male,2015,32.47653731471866
13440,Margarita,Male,2015,13.737113499051596
13442,María La Baja,Male,2015,54.24247174203628
13458,Montecristo,Male,2015,22.562081131750567
13468,Mompós,Male,2015,47.9879274641421
13473,Morales,Male,2015,26.989381095057976
13490,Norosí,Male,2015,4.460563723115182
13549,Pinillos,Male,2015,31.090362423532675
13580,Regidor,Male,2015,7.049936238885062
13600,Río Viejo,Male,2015,14.324811139752999
13620,San Cristóbal,Male,2015,9.0789316755602
13647,San Estanislao,Male,2015,21.075734459671775
13650,San Fernando,Male,2015,14.704830429103039
13654,San Jacinto,Male,2015,31.625845947943738
13655,San Jacinto Del Cauca,Male,2015,12.858913825509603
13657,San Juan Nepomuceno,Male,2015,47.75739560651615
13667,San Martín De Loba,Male,2015,20.245085131928356
13670,San Pablo,Male,2015,31.77400594041438
13673,Santa Catalina,Male,2015,16.380288227341822
13683,Santa Rosa,Male,2015,24.9989592314377
13688,Santa Rosa Del Sur,Male,2015,36.704462758498565
13744,Simití,Male,2015,22.158884088813444
13760,Soplaviento,Male,2015,11.630153104811043
13780,Talaigua Nuevo,Male,2015,15.147668848811833
13810,Tiquisio,Male,2015,23.359351120654594
13836,Turbaco,Male,2015,98.5796891715677
13838,Turbaná,Male,2015,18.57865965992647
13873,Villanueva,Male,2015,28.424727712792304
13894,Zambrano,Male,2015,16.26436626434081
15001,Tunja,Male,2015,150.3487841075509
15022,Almeida,Male,2015,3.1092096969275618
15047,Aquitania,Male,2015,17.217134524119583
15051,Arcabuco,Male,2015,5.51654615269184
15087,Belén,Male,2015,7.227237244708224
15090,Berbeo,Male,2015,1.8790455657147933
15092,Betéitiva,Male,2015,2.2015052622743796
15097,Boavita,Male,2015,6.8360921758099416
15104,Boyacá,Male,2015,7.469087037281564
15106,Briceño,Male,2015,3.0862225324767536
15109,Buenavista,Male,2015,5.738411044502753
15114,Busbanzá,Male,2015,1.1356816308881512
15131,Caldas,Male,2015,3.7956710195970933
15135,Campohermoso,Male,2015,4.073903392593616
15162,Cerinza,Male,2015,3.704224186868915
15172,Chinavita,Male,2015,3.991110688539045
15176,Chiquinquirá,Male,2015,60.10752839500098
15180,Chiscas,Male,2015,5.383679327464583
15183,Chita,Male,2015,11.018119747402347
15185,Chitaraque,Male,2015,7.4398596365243606
15187,Chivatá,Male,2015,3.025467270400265
15189,Ciénega,Male,2015,5.275745060253249
15204,Cómbita,Male,2015,22.60134597389936
15212,Coper,Male,2015,4.155671675648723
15215,Corrales,Male,2015,2.501233134614645
15218,Covarachía,Male,2015,3.9477379023399726
15223,Cubará,Male,2015,10.556865831392233
15224,Cucaita,Male,2015,4.68631372970899
15226,Cuítiva,Male,2015,1.8893774028423338
15232,Chíquiza,Male,2015,6.003288565001141
15236,Chivor,Male,2015,3.6252980841026057
15238,Duitama,Male,2015,106.27005072707412
15244,El Cocuy,Male,2015,6.284678827806442
15248,El Espino,Male,2015,3.1244404040311515
15272,Firavitoba,Male,2015,5.5717201354396835
15276,Floresta,Male,2015,3.782761383821539
15293,Gachantivá,Male,2015,3.8859258574431905
15296,Gámeza,Male,2015,5.575902900685751
15299,Garagoa,Male,2015,16.700481013033272
15317,Guacamayas,Male,2015,1.6805212867948303
15322,Guateque,Male,2015,11.04748735076249
15325,Guayatá,Male,2015,4.275203484815635
15332,Güicán De La Sierra,Male,2015,4.876125265877851
15362,Iza,Male,2015,2.0984940118474036
15367,Jenesano,Male,2015,7.546300208761589
15368,Jericó,Male,2015,6.193786935537488
15377,Labranzagrande,Male,2015,5.782254824042759
15380,La Capilla,Male,2015,2.7612577111258014
15401,La Victoria,Male,2015,1.5514723634104433
15403,La Uvita,Male,2015,4.366686645236299
15407,Villa De Leyva,Male,2015,13.694659888122644
15425,Macanal,Male,2015,4.93308853105545
15442,Maripí,Male,2015,9.495609270357374
15455,Miraflores,Male,2015,9.11880393064591
15464,Mongua,Male,2015,5.3314539101677845
15466,Monguí,Male,2015,4.093713315942122
15469,Moniquirá,Male,2015,26.085602625563652
15476,Motavita,Male,2015,6.567735630142242
15480,Muzo,Male,2015,12.464797504563526
15491,Nobsa,Male,2015,12.692010262885459
15494,Nuevo Colón,Male,2015,6.3017248283616505
15500,Oicatá,Male,2015,2.6933194247911603
15507,Otanche,Male,2015,10.180678770681048
15511,Pachavita,Male,2015,3.0639668875837716
15514,Páez,Male,2015,3.856928870466607
15516,Paipa,Male,2015,29.494866141268794
15518,Pajarito,Male,2015,2.493124470473771
15522,Panqueba,Male,2015,2.1298425741922475
15531,Pauna,Male,2015,9.60978446114242
15533,Paya,Male,2015,3.813105085094629
15537,Paz De Río,Male,2015,4.266591505889627
15542,Pesca,Male,2015,7.52393382694099
15550,Pisba,Male,2015,2.3720710670667122
15572,Puerto Boyacá,Male,2015,66.85202442822698
15580,Quípama,Male,2015,7.92663316151909
15599,Ramiriquí,Male,2015,10.16718175906637
15600,Ráquira,Male,2015,8.186706480379224
15621,Rondón,Male,2015,2.649755654495632
15632,Saboyá,Male,2015,14.233974980126598
15638,Sáchica,Male,2015,4.95967777128871
15646,Samacá,Male,2015,21.299098102839547
15660,San Eduardo,Male,2015,2.1807504720364097
15664,San José De Pare,Male,2015,6.690857709758185
15667,San Luis De Gaceno,Male,2015,6.278980276753423
15673,San Mateo,Male,2015,4.165812496805973
15676,San Miguel De Sema,Male,2015,3.1708845140767234
15681,San Pablo De Borbur,Male,2015,9.544052907399772
15686,Santana,Male,2015,9.744015055893112
15690,Santa María,Male,2015,4.359614467790682
15693,Santa Rosa De Viterbo,Male,2015,12.177033052024951
15696,Santa Sofía,Male,2015,4.030012645355516
15720,Sativanorte,Male,2015,3.1157271919389595
15723,Sativasur,Male,2015,1.1773185349129196
15740,Siachoque,Male,2015,7.955766541012094
15753,Soatá,Male,2015,8.40300643812344
15755,Socotá,Male,2015,10.568995772061307
15757,Socha,Male,2015,7.592346749026749
15759,Sogamoso,Male,2015,114.38194006974581
15761,Somondoco,Male,2015,3.6307380249602708
15762,Sora,Male,2015,4.023725697533436
15763,Sotaquirá,Male,2015,8.818866751999948
15764,Soracá,Male,2015,6.427220947028922
15774,Susacón,Male,2015,3.1754338217425238
15776,Sutamarchán,Male,2015,6.347868807216191
15778,Sutatenza,Male,2015,4.987478700491238
15790,Tasco,Male,2015,6.174646871149406
15798,Tenza,Male,2015,4.586019868004596
15804,Tibaná,Male,2015,10.101209594363521
15806,Tibasosa,Male,2015,10.37597313157706
15808,Tinjacá,Male,2015,3.318931954601032
15810,Tipacoque,Male,2015,3.9032379877659826
15814,Toca,Male,2015,9.03958997443577
15816,Togüí,Male,2015,7.218506092289351
15820,Tópaga,Male,2015,3.318590303855037
15822,Tota,Male,2015,5.997367025655128
15832,Tununguá,Male,2015,1.8452155764162965
15835,Turmequé,Male,2015,7.42382229578204
15837,Tuta,Male,2015,7.760354498477265
15839,Tutazá,Male,2015,2.0835644900061276
15842,Úmbita,Male,2015,9.655436418756862
15861,Ventaquemada,Male,2015,14.971227642202152
15879,Viracachá,Male,2015,3.6029405475960394
15897,Zetaquira,Male,2015,5.748923180603762
17001,Manizales,Male,2015,372.4910917895451
17013,Aguadas,Male,2015,25.395105680613668
17042,Anserma,Male,2015,39.957004145019795
17050,Aranzazu,Male,2015,12.722333591562816
17088,Belalcázar,Male,2015,12.191271342017075
17174,Chinchiná,Male,2015,56.25019829543537
17272,Filadelfia,Male,2015,13.731865517850864
17380,La Dorada,Male,2015,89.58992989486907
17388,La Merced,Male,2015,8.009121277973295
17433,Manzanares,Male,2015,21.761361182292674
17442,Marmato,Male,2015,11.428226442591418
17444,Marquetalia,Male,2015,16.05430174890941
17446,Marulanda,Male,2015,3.180603224341019
17486,Neira,Male,2015,23.12287834228906
17495,Norcasia,Male,2015,6.6952505893378635
17513,Pácora,Male,2015,18.386122997211753
17524,Palestina,Male,2015,19.751448974793384
17541,Pensilvania,Male,2015,23.788600384416995
17614,Riosucio,Male,2015,52.03579309479397
17616,Risaralda,Male,2015,14.265158208949185
17653,Salamina,Male,2015,21.63688793742948
17662,Samaná,Male,2015,25.233406704386244
17665,San José,Male,2015,6.788521742675953
17777,Supía,Male,2015,28.9961611633211
17867,Victoria,Male,2015,11.072825098288584
17873,Villamaría,Male,2015,57.474236667609546
17877,Viterbo,Male,2015,12.650488044775686
18001,Florencia,Male,2015,189.8183677597942
18029,Albania,Male,2015,5.7557778890200115
18094,Belén De Los Andaquíes,Male,2015,12.196654760297847
18150,Cartagena Del Chairá,Male,2015,35.001179293625036
18205,Curillo,Male,2015,10.231192205330775
18247,El Doncello,Male,2015,21.7707249102664
18256,El Paujíl,Male,2015,18.844947697218565
18410,La Montañita,Male,2015,18.226041456197734
18460,Milán,Male,2015,11.34898355034668
18479,Morelia,Male,2015,4.420932900485832
18592,Puerto Rico,Male,2015,31.230112823133076
18610,San José Del Fragua,Male,2015,16.598477887774617
18753,San Vicente Del Caguán,Male,2015,72.81134926219853
18756,Solano,Male,2015,14.622157112557236
18785,Solita,Male,2015,8.403568255690729
18860,Valparaíso,Male,2015,8.938408297660672
19001,Popayán,Male,2015,278.29704500368024
19022,Almaguer,Male,2015,26.332121451818175
19050,Argelia,Male,2015,33.71939863794825
19075,Balboa,Male,2015,24.865792021661868
19100,Bolívar,Male,2015,52.61890153918211
19110,Buenos Aires,Male,2015,31.069847251895077
19130,Cajibío,Male,2015,52.431908047653536
19137,Caldono,Male,2015,42.484034744552815
19142,Caloto,Male,2015,28.13695614844336
19212,Corinto,Male,2015,44.074444356329174
19256,El Tambo,Male,2015,64.98016427113919
19290,Florencia,Male,2015,5.609478192578002
19300,Guachené,Male,2015,7.761934301859507
19318,Guapi,Male,2015,29.762178589197532
19355,Inzá,Male,2015,34.42721516836127
19364,Jambaló,Male,2015,17.506697571081382
19392,La Sierra,Male,2015,14.876297957334312
19397,La Vega,Male,2015,32.510230749341304
19418,López De Micay,Male,2015,23.026140556010688
19450,Mercaderes,Male,2015,27.149588553618415
19455,Miranda,Male,2015,27.875435106347453
19473,Morales,Male,2015,41.80976442593681
19513,Padilla,Male,2015,8.317776337395383
19517,Páez,Male,2015,54.68786227330769
19532,Patía,Male,2015,43.552099892363735
19533,Piamonte,Male,2015,9.071074072091058
19548,Piendamó - Tunía,Male,2015,39.66222966731376
19573,Puerto Tejada,Male,2015,53.1022239125564
19585,Puracé,Male,2015,17.572377240842627
19622,Rosas,Male,2015,14.1256687316188
19693,San Sebastián,Male,2015,13.7541207823805
19698,Santander De Quilichao,Male,2015,96.98844702368261
19701,Santa Rosa,Male,2015,7.942482131729905
19743,Silvia,Male,2015,37.200004763924184
19760,Sotará - Paispamba,Male,2015,14.193230894969306
19780,Suárez,Male,2015,34.038706248963194
19785,Sucre,Male,2015,13.36443971495331
19807,Timbío,Male,2015,37.754542594429324
19809,Timbiquí,Male,2015,29.512456967771698
19821,Toribío,Male,2015,34.70374141724084
19824,Totoró,Male,2015,26.882015270714884
19845,Villa Rica,Male,2015,15.933156886520393
20001,Valledupar,Male,2015,462.9243798971395
20011,Aguachica,Male,2015,103.10637976344383
20013,Agustín Codazzi,Male,2015,63.02695090333891
20032,Astrea,Male,2015,21.687997093743665
20045,Becerril,Male,2015,20.732108216377785
20060,Bosconia,Male,2015,39.24945512121766
20175,Chimichagua,Male,2015,34.051559083290286
20178,Chiriguaná,Male,2015,29.246361329570004
20228,Curumaní,Male,2015,36.78504966843621
20238,El Copey,Male,2015,31.088548484136307
20250,El Paso,Male,2015,33.14630060885201
20295,Gamarra,Male,2015,16.685711302389876
20310,González,Male,2015,6.360202903191193
20383,La Gloria,Male,2015,17.39932882242559
20400,La Jagua De Ibirico,Male,2015,38.72071056970344
20443,Manaure Balcón Del Cesar,Male,2015,10.327587097119588
20517,Pailitas,Male,2015,19.139067590556543
20550,Pelaya,Male,2015,21.551652409298253
20570,Pueblo Bello,Male,2015,27.99666212433101
20614,Río De Oro,Male,2015,19.49182648685477
20621,La Paz,Male,2015,26.974241719918
20710,San Alberto,Male,2015,25.828653482912525
20750,San Diego,Male,2015,18.76804047460442
20770,San Martín,Male,2015,27.450906883378792
20787,Tamalameque,Male,2015,14.978080780964682
23001,Montería,Male,2015,457.5797916346902
23068,Ayapel,Male,2015,59.16468482128874
23079,Buenavista,Male,2015,25.67297969294338
23090,Canalete,Male,2015,20.70243717701333
23162,Cereté,Male,2015,108.86211679523954
23168,Chimá,Male,2015,23.598579531191906
23182,Chinú,Male,2015,57.87826682116317
23189,Ciénaga De Oro,Male,2015,73.0927585853624
23300,Cotorra,Male,2015,21.63741666940336
23350,La Apartada,Male,2015,17.990131144061664
23417,Lorica,Male,2015,128.1815023843992
23419,Los Córdobas,Male,2015,23.174825282707385
23464,Momil,Male,2015,21.43333963263928
23466,Montelíbano,Male,2015,79.8000197007798
23500,Moñitos,Male,2015,37.505752279728995
23555,Planeta Rica,Male,2015,68.86011647021576
23570,Pueblo Nuevo,Male,2015,42.04210768041166
23574,Puerto Escondido,Male,2015,31.469744839370986
23580,Puerto Libertador,Male,2015,48.67157771270785
23586,Purísima De La Concepción,Male,2015,20.658332156169738
23660,Sahagún,Male,2015,117.30958208019123
23670,San Andrés De Sotavento,Male,2015,67.88068254757133
23672,San Antero,Male,2015,36.343036578955186
23675,San Bernardo Del Viento,Male,2015,44.48179891671017
23678,San Carlos,Male,2015,34.771592810692525
23682,San José De Uré,Male,2015,6.045146602146415
23686,San Pelayo,Male,2015,62.51115282771641
23807,Tierralta,Male,2015,109.8359413665476
23815,Tuchín,Male,2015,28.4416991509076
23855,Valencia,Male,2015,41.035809578809285
25001,Agua De Dios,Male,2015,11.659804749771347
25019,Albán,Male,2015,5.702499668530052
25035,Anapoima,Male,2015,13.248880218410871
25040,Anolaima,Male,2015,14.603695984630294
25053,Arbeláez,Male,2015,10.345700184206224
25086,Beltrán,Male,2015,1.9674441951198924
25095,Bituima,Male,2015,2.6135861579216635
25099,Bojacá,Male,2015,8.599420137499893
25120,Cabrera,Male,2015,5.366667715669166
25123,Cachipay,Male,2015,9.980748072438436
25126,Cajicá,Male,2015,58.45394242109235
25148,Caparrapí,Male,2015,15.925096873266185
25151,Cáqueza,Male,2015,22.040341714232326
25154,Carmen De Carupa,Male,2015,8.954244751655496
25168,Chaguaní,Male,2015,6.018709567550098
25175,Chía,Male,2015,109.4128206704037
25178,Chipaque,Male,2015,9.12041134193507
25181,Choachí,Male,2015,10.295418142099605
25183,Chocontá,Male,2015,27.48481263681289
25200,Cogua,Male,2015,18.63377241033731
25214,Cota,Male,2015,23.437991124512997
25224,Cucunubá,Male,2015,7.296668211388982
25245,El Colegio,Male,2015,22.33449963610406
25258,El Peñón,Male,2015,5.606646219253772
25260,El Rosal,Male,2015,16.753156712468115
25269,Facatativá,Male,2015,131.0072546194188
25279,Fómeque,Male,2015,11.881393136373921
25281,Fosca,Male,2015,6.997479118881048
25286,Funza,Male,2015,70.89158532925147
25288,Fúquene,Male,2015,4.3573716440906916
25290,Fusagasugá,Male,2015,129.56350412962252
25293,Gachalá,Male,2015,6.182105075408684
25295,Gachancipá,Male,2015,13.84399620213395
25297,Gachetá,Male,2015,12.880181798473476
25299,Gama,Male,2015,3.6542767042626805
25307,Girardot,Male,2015,148.71337067969648
25312,Granada,Male,2015,5.9670447093562045
25317,Guachetá,Male,2015,13.13537689150183
25320,Guaduas,Male,2015,39.33838617658859
25322,Guasca,Male,2015,12.861081020894444
25324,Guataquí,Male,2015,2.771556812259676
25326,Guatavita,Male,2015,6.803827470558597
25328,Guayabal De Síquima,Male,2015,4.3817662619083455
25335,Guayabetal,Male,2015,6.006942954442017
25339,Gutiérrez,Male,2015,3.795090956216854
25368,Jerusalén,Male,2015,2.7416417441095877
25372,Junín,Male,2015,7.417025562819573
25377,La Calera,Male,2015,25.829671432589986
25386,La Mesa,Male,2015,35.56196100057163
25394,La Palma,Male,2015,11.200410713707836
25398,La Peña,Male,2015,8.238296178309117
25402,La Vega,Male,2015,16.041531885901826
25407,Lenguazaque,Male,2015,10.340349881001812
25426,Machetá,Male,2015,7.396400999681813
25430,Madrid,Male,2015,83.96403164812446
25436,Manta,Male,2015,4.177860075552185
25438,Medina,Male,2015,9.332570505522574
25473,Mosquera,Male,2015,92.88699273394735
25483,Nariño,Male,2015,2.8975721573847504
25486,Nemocón,Male,2015,13.175652456262524
25488,Nilo,Male,2015,9.633110905381985
25489,Nimaima,Male,2015,4.031028222891736
25491,Nocaima,Male,2015,6.114909986530931
25506,Venecia,Male,2015,4.698071104567891
25513,Pacho,Male,2015,29.091079622806873
25518,Paime,Male,2015,5.672215197869156
25524,Pandi,Male,2015,4.959784135690368
25530,Paratebueno,Male,2015,9.323753044784903
25535,Pasca,Male,2015,9.617304580279363
25572,Puerto Salgar,Male,2015,15.835161383542093
25580,Pulí,Male,2015,3.995860000150211
25592,Quebradanegra,Male,2015,5.3030322868708355
25594,Quetame,Male,2015,6.187327219933014
25596,Quipile,Male,2015,8.160715840242116
25599,Apulo,Male,2015,7.826566266988703
25612,Ricaurte,Male,2015,10.33895557142316
25645,San Antonio Del Tequendama,Male,2015,10.41313777110242
25649,San Bernardo,Male,2015,9.315101004912663
25653,San Cayetano,Male,2015,5.672271999743624
25658,San Francisco,Male,2015,8.620423816748042
25662,San Juan De Rioseco,Male,2015,10.413085795175105
25718,Sasaima,Male,2015,11.396810870872073
25736,Sesquilé,Male,2015,10.792526604079319
25740,Sibaté,Male,2015,31.441376190656566
25743,Silvania,Male,2015,20.935444584722404
25745,Simijaca,Male,2015,11.563092937049092
25754,Soacha,Male,2015,473.27000495482355
25758,Sopó,Male,2015,23.455563239420695
25769,Subachoque,Male,2015,13.158454598830946
25772,Suesca,Male,2015,15.255053767973003
25777,Supatá,Male,2015,5.005822881086791
25779,Susa,Male,2015,6.383301613283904
25781,Sutatausa,Male,2015,5.085767153273252
25785,Tabio,Male,2015,18.379539798790304
25793,Tausa,Male,2015,7.6717623949345946
25797,Tena,Male,2015,8.26125722142994
25799,Tenjo,Male,2015,20.91462874810003
25805,Tibacuy,Male,2015,4.363335737905332
25807,Tibirita,Male,2015,4.0422863134473195
25815,Tocaima,Male,2015,18.926804379301586
25817,Tocancipá,Male,2015,31.698127683982392
25823,Topaipí,Male,2015,5.413212660730544
25839,Ubalá,Male,2015,9.116711999703552
25841,Ubaque,Male,2015,8.613040489607169
25843,Villa De San Diego De Ubaté,Male,2015,49.48959021291963
25845,Une,Male,2015,7.4727316432168305
25851,Útica,Male,2015,5.142033839532181
25862,Vergara,Male,2015,8.877712135162007
25867,Vianí,Male,2015,4.366090676052963
25871,Villagómez,Male,2015,1.942853513891355
25873,Villapinzón,Male,2015,17.42677623146076
25875,Villeta,Male,2015,31.596386576903747
25878,Viotá,Male,2015,14.778636993918816
25885,Yacopí,Male,2015,17.037396925591462
25898,Zipacón,Male,2015,3.929856913012685
25899,Zipaquirá,Male,2015,116.417744078952
27001,Quibdó,Male,2015,149.65052819135994
27006,Acandí,Male,2015,14.414637519887373
27025,Alto Baudó,Male,2015,32.246652504542496
27050,Atrato,Male,2015,6.589385993327946
27073,Bagadó,Male,2015,12.195130707003495
27075,Bahía Solano,Male,2015,9.707832781023459
27077,Bajo Baudó,Male,2015,33.01189419368326
27099,Bojayá,Male,2015,12.421429624945471
27135,El Cantón Del San Pablo,Male,2015,6.517777773838687
27150,Carmen Del Darién,Male,2015,17.477302302857577
27160,Cértegui,Male,2015,5.8385505383020915
27205,Condoto,Male,2015,13.263619780626515
27245,El Carmen De Atrato,Male,2015,9.102706295064587
27250,El Litoral Del San Juan,Male,2015,23.601034902136405
27361,Istmina,Male,2015,32.94630240357172
27372,Juradó,Male,2015,7.148037507078164
27413,Lloró,Male,2015,10.858312359376841
27425,Medio Atrato,Male,2015,11.863704182001408
27430,Medio Baudó,Male,2015,16.737273244950746
27450,Medio San Juan,Male,2015,9.921806689516075
27491,Nóvita,Male,2015,10.344938811758801
27495,Nuquí,Male,2015,17.45033412741199
27580,Río Iró,Male,2015,5.7999156351882455
27600,Río Quito,Male,2015,8.25889539089632
27615,Riosucio,Male,2015,75.64557838393009
27660,San José Del Palmar,Male,2015,6.384129290485436
27745,Sipí,Male,2015,3.7416696384017074
27787,Tadó,Male,2015,18.028074376499713
27800,Unguía,Male,2015,14.686071931926575
27810,Unión Panamericana,Male,2015,7.814837123338658
41001,Neiva,Male,2015,387.073602885514
41006,Acevedo,Male,2015,46.34304688870056
41013,Agrado,Male,2015,10.44894770851418
41016,Aipe,Male,2015,18.777255826137175
41020,Algeciras,Male,2015,27.157851485438787
41026,Altamira,Male,2015,4.117096900584381
41078,Baraya,Male,2015,10.852187145265088
41132,Campoalegre,Male,2015,37.51549627346529
41206,Colombia,Male,2015,10.566121704673103
41244,Elías,Male,2015,4.32597677428934
41298,Garzón,Male,2015,81.23393495143975
41306,Gigante,Male,2015,27.822015452314808
41319,Guadalupe,Male,2015,20.85073964607107
41349,Hobo,Male,2015,7.777507523629997
41357,Íquira,Male,2015,10.833179724439953
41359,Isnos,Male,2015,27.730267142436766
41378,La Argentina,Male,2015,17.643733111371883
41396,La Plata,Male,2015,71.07673432497835
41483,Nátaga,Male,2015,7.158307934790355
41503,Oporapa,Male,2015,15.246504312299944
41518,Paicol,Male,2015,6.616653401281056
41524,Palermo,Male,2015,26.178394485024377
41530,Palestina,Male,2015,13.787872979847835
41548,Pital,Male,2015,15.2780807246053
41551,Pitalito,Male,2015,153.12533697033896
41615,Rivera,Male,2015,25.199392231627872
41660,Saladoblanco,Male,2015,14.029380086298733
41668,San Agustín,Male,2015,35.39917318440212
41676,Santa María,Male,2015,13.110433546465353
41770,Suaza,Male,2015,22.69179896109313
41791,Tarqui,Male,2015,20.93892762755844
41797,Tesalia,Male,2015,11.316186887307246
41799,Tello,Male,2015,13.41845003822436
41801,Teruel,Male,2015,11.148962471269618
41807,Timaná,Male,2015,24.38727460378211
41872,Villavieja,Male,2015,11.011887188908672
41885,Yaguará,Male,2015,7.5677080430715336
44001,Riohacha,Male,2015,200.59081060996834
44035,Albania,Male,2015,22.709652055141294
44078,Barrancas,Male,2015,32.57788024109781
44090,Dibulla,Male,2015,39.59191865766825
44098,Distracción,Male,2015,12.17037899811475
44110,El Molino,Male,2015,7.198830379779771
44279,Fonseca,Male,2015,36.10523621460425
44378,Hatonuevo,Male,2015,17.531143971213506
44420,La Jagua Del Pilar,Male,2015,3.2923636245524937
44430,Maicao,Male,2015,164.5920741142092
44560,Manaure,Male,2015,87.63456124154285
44650,San Juan Del Cesar,Male,2015,43.91230708261845
44847,Uribia,Male,2015,197.74098448006202
44855,Urumita,Male,2015,10.135965351755086
44874,Villanueva,Male,2015,23.980240302905695
47001,Santa Marta,Male,2015,508.85665412550026
47030,Algarrobo,Male,2015,16.062579182251667
47053,Aracataca,Male,2015,38.98692258369753
47058,Ariguaní,Male,2015,36.23709346401271
47161,Cerro De San Antonio,Male,2015,12.562227761998917
47170,Chivolo,Male,2015,25.498900921467825
47189,Ciénaga,Male,2015,127.08354609921294
47205,Concordia,Male,2015,14.911630739076925
47245,El Banco,Male,2015,71.77812265892547
47258,El Piñón,Male,2015,25.896267041668622
47268,El Retén,Male,2015,22.52672171874142
47288,Fundación,Male,2015,67.50940525268362
47318,Guamal,Male,2015,31.735338381805743
47460,Nueva Granada,Male,2015,21.06601729012258
47541,Pedraza,Male,2015,10.975676073742864
47545,Pijiño Del Carmen,Male,2015,14.002187990502023
47551,Pivijay,Male,2015,44.8424770587092
47555,Plato,Male,2015,68.51333597474398
47570,Puebloviejo,Male,2015,33.661196431099896
47605,Remolino,Male,2015,14.32788200949429
47660,Sabanas De San Ángel,Male,2015,19.470965106724563
47675,Salamina,Male,2015,11.921399962215917
47692,San Sebastián De Buenavista,Male,2015,23.72704235500831
47703,San Zenón,Male,2015,12.701516073823997
47707,Santa Ana,Male,2015,30.394382356914395
47720,Santa Bárbara De Pinto,Male,2015,11.89220778517696
47745,Sitionuevo,Male,2015,36.8601562968151
47798,Tenerife,Male,2015,16.36506780599319
47960,Zapayán,Male,2015,12.054262418593005
47980,Zona Bananera,Male,2015,533.2494606196939
50001,Villavicencio,Male,2015,571.6939281768049
50006,Acacías,Male,2015,85.15318836910595
50110,Barranca De Upía,Male,2015,5.94321042673357
50124,Cabuyaro,Male,2015,6.5404090459712
50150,Castilla La Nueva,Male,2015,13.10782412185296
50223,Cubarral,Male,2015,6.712316194650132
50226,Cumaral,Male,2015,20.536316638012938
50245,El Calvario,Male,2015,2.039644807871536
50251,El Castillo,Male,2015,9.068892936214377
50270,El Dorado,Male,2015,4.1428707834131115
50287,Fuente De Oro,Male,2015,13.851697973549898
50313,Granada,Male,2015,74.27624743049546
50318,Guamal,Male,2015,13.01092693806981
50325,Mapiripán,Male,2015,9.19663382794283
50330,Mesetas,Male,2015,14.204051665005537
50350,La Macarena,Male,2015,35.8588385138526
50370,Uribe,Male,2015,12.814985612109327
50400,Lejanías,Male,2015,12.543819600889321
50450,Puerto Concordia,Male,2015,10.167996424024247
50568,Puerto Gaitán,Male,2015,46.774616873633285
50573,Puerto López,Male,2015,42.33325043291316
50577,Puerto Lleras,Male,2015,12.235538345861084
50590,Puerto Rico,Male,2015,18.11088728188739
50606,Restrepo,Male,2015,15.579323078426242
50680,San Carlos De Guaroa,Male,2015,12.569260341692079
50683,San Juan De Arama,Male,2015,10.43579298573076
50686,San Juanito,Male,2015,1.7300893571964908
50689,San Martín,Male,2015,24.37555489492868
50711,Vistahermosa,Male,2015,23.639017079724677
52001,Pasto,Male,2015,343.77174613908846
52019,Albán,Male,2015,12.693977525676335
52022,Aldana,Male,2015,7.352365449855306
52036,Ancuya,Male,2015,9.581573622999695
52051,Arboleda,Male,2015,11.214975428621893
52079,Barbacoas,Male,2015,66.30022882706216
52083,Belén,Male,2015,6.9036473593580725
52110,Buesaco,Male,2015,27.399456480098177
52203,Colón,Male,2015,10.607694691393222
52207,Consacá,Male,2015,15.488624014321795
52210,Contadero,Male,2015,8.192879427213672
52215,Córdoba,Male,2015,16.510855708027066
52224,Cuaspud Carlosama,Male,2015,11.217446846960598
52227,Cumbal,Male,2015,35.27937365890912
52233,Cumbitara,Male,2015,8.924714161337505
52240,Chachagüí,Male,2015,16.044748354559903
52250,El Charco,Male,2015,28.36516124319106
52254,El Peñol,Male,2015,9.518396688973642
52256,El Rosario,Male,2015,16.811760569261924
52258,El Tablón De Gómez,Male,2015,18.84766843018148
52260,El Tambo,Male,2015,16.71753351220672
52287,Funes,Male,2015,8.765520638913134
52317,Guachucal,Male,2015,20.895031210620616
52320,Guaitarilla,Male,2015,13.868058852048403
52323,Gualmatán,Male,2015,7.529672386686101
52352,Iles,Male,2015,9.052988776559447
52354,Imués,Male,2015,9.051360242248867
52356,Ipiales,Male,2015,109.62308256184245
52378,La Cruz,Male,2015,20.53617317792152
52381,La Florida,Male,2015,14.94448964573662
52385,La Llanada,Male,2015,6.988236958303961
52390,La Tola,Male,2015,8.645773530693859
52399,La Unión,Male,2015,41.31526002395639
52405,Leiva,Male,2015,13.376717123690325
52411,Linares,Male,2015,12.28811137725402
52418,Los Andes,Male,2015,11.996190272282512
52427,Magüí,Male,2015,29.185064508619867
52435,Mallama,Male,2015,10.044718119361384
52473,Mosquera,Male,2015,15.77709620111958
52480,Nariño,Male,2015,4.683245248920783
52490,Olaya Herrera,Male,2015,31.775729197272415
52506,Ospina,Male,2015,7.4247789311415735
52520,Francisco Pizarro,Male,2015,18.1981695220374
52540,Policarpa,Male,2015,11.989750815958368
52560,Potosí,Male,2015,10.778839795256772
52565,Providencia,Male,2015,7.746130344055923
52573,Puerres,Male,2015,9.304459828164013
52585,Pupiales,Male,2015,19.04231148905047
52612,Ricaurte,Male,2015,23.691551747139787
52621,Roberto Payán,Male,2015,16.371898316503252
52678,Samaniego,Male,2015,40.63073370108431
52683,Sandoná,Male,2015,23.218993191594464
52685,San Bernardo,Male,2015,14.05645584160382
52687,San Lorenzo,Male,2015,25.597041913105247
52693,San Pablo,Male,2015,18.885984096449825
52694,San Pedro De Cartago,Male,2015,9.04612737135652
52696,Santa Bárbara,Male,2015,17.221374483961604
52699,Santacruz,Male,2015,15.326039060140152
52720,Sapuyes,Male,2015,8.94154629471396
52786,Taminango,Male,2015,21.478854432819002
52788,Tangua,Male,2015,16.95834081987677
52835,San Andrés De Tumaco,Male,2015,274.70447282797437
52838,Túquerres,Male,2015,47.94199787410232
52885,Yacuanquer,Male,2015,13.303700643541283
54001,San José De Cúcuta,Male,2015,711.8416037073604
54003,Ábrego,Male,2015,38.015409522963616
54051,Arboledas,Male,2015,12.61658802819714
54099,Bochalema,Male,2015,8.264642560266692
54109,Bucarasica,Male,2015,8.168786344031583
54125,Cácota,Male,2015,3.694195928817124
54128,Cáchira,Male,2015,13.720554997755416
54172,Chinácota,Male,2015,16.16924138669264
54174,Chitagá,Male,2015,14.567095733228212
54206,Convención,Male,2015,23.188554681757115
54223,Cucutilla,Male,2015,12.449885455755728
54239,Durania,Male,2015,5.433462646301268
54245,El Carmen,Male,2015,17.720930554974178
54250,El Tarra,Male,2015,24.151550550821874
54261,El Zulia,Male,2015,28.542206076454622
54313,Gramalote,Male,2015,10.298692101835652
54344,Hacarí,Male,2015,12.927371599568895
54347,Herrán,Male,2015,8.376285876122166
54377,Labateca,Male,2015,7.236583975768228
54385,La Esperanza,Male,2015,12.544122328105866
54398,La Playa,Male,2015,10.457266465407029
54405,Los Patios,Male,2015,74.45565315739572
54418,Lourdes,Male,2015,4.5514057087003525
54480,Mutiscua,Male,2015,4.793223901852211
54498,Ocaña,Male,2015,115.11087013700025
54518,Pamplona,Male,2015,42.62538754176262
54520,Pamplonita,Male,2015,5.875686201400957
54553,Puerto Santander,Male,2015,16.093717298347258
54599,Ragonvalia,Male,2015,7.126065529133295
54660,Salazar,Male,2015,12.252897738679906
54670,San Calixto,Male,2015,16.126653669975397
54673,San Cayetano,Male,2015,6.862074630692592
54680,Santiago,Male,2015,4.034269296697977
54720,Sardinata,Male,2015,29.480175663749304
54743,Silos,Male,2015,7.499538111277846
54800,Teorama,Male,2015,19.642298864807735
54810,Tibú,Male,2015,64.15167724761478
54820,Toledo,Male,2015,18.737305548247157
54871,Villa Caro,Male,2015,6.221856081545884
54874,Villa Del Rosario,Male,2015,91.79745796522484
63001,Armenia,Male,2015,312.25809712952775
63111,Buenavista,Male,2015,3.4488617032465143
63130,Calarcá,Male,2015,69.2214872848567
63190,Circasia,Male,2015,25.374799337866598
63212,Córdoba,Male,2015,6.466365071581702
63272,Filandia,Male,2015,11.348788222198877
63302,Génova,Male,2015,9.315120296252713
63401,La Tebaida,Male,2015,33.88279312037866
63470,Montenegro,Male,2015,39.919794281032964
63548,Pijao,Male,2015,6.332969003404834
63594,Quimbaya,Male,2015,29.825654070595967
63690,Salento,Male,2015,9.028286580463803
66001,Pereira,Male,2015,469.4981700524006
66045,Apía,Male,2015,18.567398911636822
66075,Balboa,Male,2015,7.6572126920770955
66088,Belén De Umbría,Male,2015,28.679194048486718
66170,Dosquebradas,Male,2015,184.62223879623798
66318,Guática,Male,2015,14.591097079983573
66383,La Celia,Male,2015,9.450911346939733
66400,La Virginia,Male,2015,39.649145147903994
66440,Marsella,Male,2015,18.86453264882667
66456,Mistrató,Male,2015,18.968033709278373
66572,Pueblo Rico,Male,2015,18.2058919147681
66594,Quinchía,Male,2015,32.46808727442459
66682,Santa Rosa De Cabal,Male,2015,74.6620073013437
66687,Santuario,Male,2015,15.812870765038914
68001,Bucaramanga,Male,2015,542.6680339330293
68013,Aguada,Male,2015,2.5248049252725613
68020,Albania,Male,2015,5.600406991557214
68051,Aratoca,Male,2015,9.740567826302984
68077,Barbosa,Male,2015,27.233578110590653
68079,Barichara,Male,2015,9.96679830346123
68081,Barrancabermeja,Male,2015,246.48832689959897
68092,Betulia,Male,2015,7.1897200065112425
68101,Bolívar,Male,2015,15.169898614174345
68121,Cabrera,Male,2015,2.290417964734166
68132,California,Male,2015,2.069586356665525
68147,Capitanejo,Male,2015,6.288325706592284
68152,Carcasí,Male,2015,6.5051513707770114
68160,Cepitá,Male,2015,2.1714780046736584
68162,Cerrito,Male,2015,8.397754249402006
68167,Charalá,Male,2015,12.650183708843723
68169,Charta,Male,2015,3.5422563218043024
68176,Chima,Male,2015,4.12241757030915
68179,Chipatá,Male,2015,6.926421445726489
68190,Cimitarra,Male,2015,35.70698572185608
68207,Concepción,Male,2015,6.40107825863574
68209,Confines,Male,2015,3.4790651123749083
68211,Contratación,Male,2015,3.97958540533908
68217,Coromoro,Male,2015,7.2627764780873365
68229,Curití,Male,2015,13.305744769589808
68235,El Carmen De Chucuri,Male,2015,28.437123104915262
68245,El Guacamayo,Male,2015,2.6359905966243855
68250,El Peñón,Male,2015,7.3169585493037586
68255,El Playón,Male,2015,16.643974798695762
68264,Encino,Male,2015,2.9721559861723312
68266,Enciso,Male,2015,3.9929496454550906
68271,Florián,Male,2015,7.7878340509600115
68276,Floridablanca,Male,2015,233.63527391506554
68296,Galán,Male,2015,4.419627016027641
68298,Gámbita,Male,2015,7.328728907733144
68307,Girón,Male,2015,135.94506470346943
68318,Guaca,Male,2015,9.387048762873683
68320,Guadalupe,Male,2015,6.022879004607821
68322,Guapotá,Male,2015,3.1172188788863617
68324,Guavatá,Male,2015,5.358895059342319
68327,Güepsa,Male,2015,5.241956639538172
68344,Hato,Male,2015,3.149769935262845
68368,Jesús María,Male,2015,4.177712233626314
68370,Jordán,Male,2015,2.1324380720085654
68377,La Belleza,Male,2015,7.330959378940307
68385,Landázuri,Male,2015,13.094133497035736
68397,La Paz,Male,2015,6.138645891380892
68406,Lebrija,Male,2015,41.68654737775824
68418,Los Santos,Male,2015,16.780507256038295
68425,Macaravita,Male,2015,2.995609103823947
68432,Málaga,Male,2015,18.328187934103212
68444,Matanza,Male,2015,6.12108035251045
68464,Mogotes,Male,2015,13.072290932520685
68468,Molagavita,Male,2015,6.021138731169895
68498,Ocamonte,Male,2015,6.77520688641197
68500,Oiba,Male,2015,11.730294237475944
68502,Onzaga,Male,2015,6.3545064494596595
68522,Palmar,Male,2015,1.6735102236436854
68524,Palmas Del Socorro,Male,2015,3.999917359603243
68533,Páramo,Male,2015,5.082161418273136
68547,Piedecuesta,Male,2015,139.469541885455
68549,Pinchote,Male,2015,5.139677895102701
68572,Puente Nacional,Male,2015,14.649780176098949
68573,Puerto Parra,Male,2015,7.968036894161951
68575,Puerto Wilches,Male,2015,33.98678687609765
68615,Rionegro,Male,2015,31.06077149575015
68655,Sabana De Torres,Male,2015,33.21415354533262
68669,San Andrés,Male,2015,11.281169471744839
68673,San Benito,Male,2015,4.595876970474205
68679,San Gil,Male,2015,47.060994956377556
68682,San Joaquín,Male,2015,3.912809182269849
68684,San José De Miranda,Male,2015,5.890144041754524
68686,San Miguel,Male,2015,3.10445365557605
68689,San Vicente De Chucurí,Male,2015,37.51760115220481
68705,Santa Bárbara,Male,2015,3.417918272212927
68720,Santa Helena Del Opón,Male,2015,4.6355637782152614
68745,Simacota,Male,2015,12.713789578994287
68755,Socorro,Male,2015,27.951122275917278
68770,Suaita,Male,2015,11.531182547973591
68773,Sucre,Male,2015,9.2845165686516
68780,Suratá,Male,2015,5.094845426456888
68820,Tona,Male,2015,9.21450673570038
68855,Valle De San José,Male,2015,7.5368689468529055
68861,Vélez,Male,2015,25.45294334392453
68867,Vetas,Male,2015,2.1737482586566066
68872,Villanueva,Male,2015,7.594178769015858
68895,Zapatoca,Male,2015,8.787822408628207
70001,Sincelejo,Male,2015,286.3233211098952
70110,Buenavista,Male,2015,11.856481528488676
70124,Caimito,Male,2015,18.840079547851005
70204,Colosó,Male,2015,11.498369181349686
70215,Corozal,Male,2015,68.49355531112457
70221,Coveñas,Male,2015,15.686536276470523
70230,Chalán,Male,2015,6.972490592072852
70233,El Roble,Male,2015,14.305126481560572
70235,Galeras,Male,2015,23.524886750369763
70265,Guaranda,Male,2015,22.35198221418654
70400,La Unión,Male,2015,15.115122339422292
70418,Los Palmitos,Male,2015,25.09072469793937
70429,Majagual,Male,2015,47.481488976442236
70473,Morroa,Male,2015,16.239875074935632
70508,Ovejas,Male,2015,28.82446527842722
70523,Palmito,Male,2015,17.111445728317253
70670,Sampués,Male,2015,55.476267564007586
70678,San Benito Abad,Male,2015,39.043971844120975
70702,San Juan De Betulia,Male,2015,15.631497048567299
70708,San Marcos,Male,2015,68.00765026958746
70713,San Onofre,Male,2015,62.127617351557454
70717,San Pedro,Male,2015,21.83117287913855
70742,San Luis De Sincé,Male,2015,37.63433618261634
70771,Sucre,Male,2015,40.151120634697804
70820,Santiago De Tolú,Male,2015,33.53431877350089
70823,San José De Toluviejo,Male,2015,23.464102297011152
73001,Ibagué,Male,2015,463.02750812098316
73024,Alpujarra,Male,2015,4.646355942415528
73026,Alvarado,Male,2015,10.072022332578651
73030,Ambalema,Male,2015,9.267571314947762
73043,Anzoátegui,Male,2015,13.808421567443716
73055,Armero,Male,2015,12.945590876819514
73067,Ataco,Male,2015,26.29386402174453
73124,Cajamarca,Male,2015,23.635560789422954
73148,Carmen De Apicalá,Male,2015,9.430578189606946
73152,Casabianca,Male,2015,8.032183173409319
73168,Chaparral,Male,2015,62.11811245494212
73200,Coello,Male,2015,8.967369119273368
73217,Coyaima,Male,2015,28.934303188834924
73226,Cunday,Male,2015,10.624235032641797
73236,Dolores,Male,2015,9.309800875447934
73268,Espinal,Male,2015,73.69806542224045
73270,Falan,Male,2015,9.56191417001441
73275,Flandes,Male,2015,29.256301969367506
73283,Fresno,Male,2015,35.8871527875774
73319,Guamo,Male,2015,38.276427424196505
73347,Herveo,Male,2015,10.40378179255498
73349,Honda,Male,2015,27.14604712788614
73352,Icononzo,Male,2015,12.133933378609026
73408,Lérida,Male,2015,21.71848732078263
73411,Líbano,Male,2015,42.52600720357201
73443,San Sebastián De Mariquita,Male,2015,38.57123782238836
73449,Melgar,Male,2015,36.05167571639125
73461,Murillo,Male,2015,5.963390726451933
73483,Natagaima,Male,2015,19.75122242034686
73504,Ortega,Male,2015,41.60372554692469
73520,Palocabildo,Male,2015,12.232182616647176
73547,Piedras,Male,2015,6.724816196439565
73555,Planadas,Male,2015,30.757875356342485
73563,Prado,Male,2015,9.774682311364685
73585,Purificación,Male,2015,24.89597496702063
73616,Rioblanco,Male,2015,28.017524967913552
73622,Roncesvalles,Male,2015,6.463818706706498
73624,Rovira,Male,2015,27.845460309464084
73671,Saldaña,Male,2015,15.404583962935114
73675,San Antonio,Male,2015,17.1346248052118
73678,San Luis,Male,2015,15.12504654205212
73686,Santa Isabel,Male,2015,7.490563180055859
73770,Suárez,Male,2015,4.407582172154075
73854,Valle De San Juan,Male,2015,6.334410230170431
73861,Venadillo,Male,2015,14.286726862694344
73870,Villahermosa,Male,2015,12.43235810112937
73873,Villarrica,Male,2015,6.381688170560098
76001,Cali,Male,2015,2092.5709764897724
76020,Alcalá,Male,2015,14.56280472639382
76036,Andalucía,Male,2015,19.70154809818008
76041,Ansermanuevo,Male,2015,21.825471157697482
76054,Argelia,Male,2015,6.286026797191121
76100,Bolívar,Male,2015,15.638197097381605
76109,Buenaventura,Male,2015,310.20749588558596
76111,Guadalajara De Buga,Male,2015,138.34767028428695
76113,Bugalagrande,Male,2015,23.631457430459
76122,Caicedonia,Male,2015,38.00067430751188
76126,Calima,Male,2015,17.548594470658475
76130,Candelaria,Male,2015,73.4230008974899
76147,Cartago,Male,2015,135.3288773726639
76233,Dagua,Male,2015,46.76713970345821
76243,El Águila,Male,2015,11.245810789059586
76246,El Cairo,Male,2015,8.373502401483316
76248,El Cerrito,Male,2015,56.178712517006495
76250,El Dovio,Male,2015,11.958838456043376
76275,Florida,Male,2015,50.133980191514226
76306,Ginebra,Male,2015,19.577445014335698
76318,Guacarí,Male,2015,28.268923630465082
76364,Jamundí,Male,2015,133.09125436163077
76377,La Cumbre,Male,2015,15.829233107022432
76400,La Unión,Male,2015,33.978272418167485
76403,La Victoria,Male,2015,17.85257885875326
76497,Obando,Male,2015,12.990939247209923
76520,Palmira,Male,2015,313.21689440461745
76563,Pradera,Male,2015,50.22478122936076
76606,Restrepo,Male,2015,13.890371327868554
76616,Riofrío,Male,2015,15.920766649978097
76622,Roldanillo,Male,2015,33.368513298858936
76670,San Pedro,Male,2015,16.469454200038125
76736,Sevilla,Male,2015,43.81320536508014
76823,Toro,Male,2015,14.169310773561087
76828,Trujillo,Male,2015,20.004353373506724
76834,Tuluá,Male,2015,217.07631877036374
76845,Ulloa,Male,2015,5.4497377752295
76863,Versalles,Male,2015,7.753097577537774
76869,Vijes,Male,2015,11.813409212024512
76890,Yotoco,Male,2015,15.243530320588738
76892,Yumbo,Male,2015,92.70726470100607
76895,Zarzal,Male,2015,34.94588294660077
81001,Arauca,Male,2015,90.89561816386978
81065,Arauquita,Male,2015,52.00392435810749
81220,Cravo Norte,Male,2015,5.007176604773443
81300,Fortul,Male,2015,22.85571735953346
81591,Puerto Rondón,Male,2015,4.805585612840236
81736,Saravena,Male,2015,55.17173808967672
81794,Tame,Male,2015,69.6784257718159
85001,Yopal,Male,2015,155.9872150662591
85010,Aguazul,Male,2015,35.070492147994464
85015,Chámeza,Male,2015,2.7965532632932244
85125,Hato Corozal,Male,2015,14.34836377935825
85136,La Salina,Male,2015,2.2064052474799207
85139,Maní,Male,2015,17.65666293010788
85162,Monterrey,Male,2015,16.64759492646173
85225,Nunchía,Male,2015,11.820940365347234
85230,Orocué,Male,2015,12.903068855133872
85250,Paz De Ariporo,Male,2015,36.462585641155194
85263,Pore,Male,2015,12.808383174339463
85279,Recetor,Male,2015,2.2016947195733136
85300,Sabanalarga,Male,2015,3.923174702996443
85315,Sácama,Male,2015,2.0747264834275914
85325,San Luis De Palenque,Male,2015,8.955291145513451
85400,Támara,Male,2015,8.316630415547092
85410,Tauramena,Male,2015,21.507762601995225
85430,Trinidad,Male,2015,13.42427241352225
85440,Villanueva,Male,2015,32.30816321633843
86001,Mocoa,Male,2015,49.02275701003601
86219,Colón,Male,2015,5.115581394797393
86320,Orito,Male,2015,37.04228154503343
86568,Puerto Asís,Male,2015,71.57184068949842
86569,Puerto Caicedo,Male,2015,17.232582889698662
86571,Puerto Guzmán,Male,2015,41.7886564467026
86573,Puerto Leguízamo,Male,2015,30.131530326250925
86749,Sibundoy,Male,2015,13.390697905268201
86755,San Francisco,Male,2015,5.138851595139592
86757,San Miguel,Male,2015,20.338971053031404
86760,Santiago,Male,2015,6.660082406786235
86865,Valle Del Guamuez,Male,2015,36.745713624919034
86885,Villagarzón,Male,2015,22.226620396835585
88001,San Andrés,Male,2015,50.20808661489324
88564,Providencia,Male,2015,5.267651747569909
91001,Leticia,Male,2015,70.97990720506449
91263,El Encanto,Male,2015,3.832353257551346
91405,La Chorrera,Male,2015,3.5292786875421007
91407,La Pedrera,Male,2015,5.123384567163176
91430,La Victoria,Male,2015,1.0085369020413102
91460,Mirití - Paraná,Male,2015,2.3879997125089156
91530,Puerto Alegría,Male,2015,0.9718646257804244
91536,Puerto Arica,Male,2015,1.4926704364770287
91540,Puerto Nariño,Male,2015,11.07667190147781
91669,Puerto Santander,Male,2015,2.352704274115102
91798,Tarapacá,Male,2015,4.921558822256971
94001,Inírida,Male,2015,34.880854498597266
94343,Barrancominas,Male,2015,5.731178828492123
94883,San Felipe,Male,2015,1.610475296331244
94884,Puerto Colombia,Male,2015,1.967827933311712
94885,La Guadalupe,Male,2015,0.22953222271178061
94886,Cacahual,Male,2015,0.7388423960077452
94887,Pana Pana,Male,2015,2.015326287933993
94888,Morichal,Male,2015,1.0190755669760925
95001,San José Del Guaviare,Male,2015,55.66940114301833
95015,Calamar,Male,2015,12.796679294649671
95025,El Retorno,Male,2015,15.619382108183812
95200,Miraflores,Male,2015,11.005520071854441
97001,Mitú,Male,2015,34.14148255063024
97161,Carurú,Male,2015,3.8129992518052456
97511,Pacoa,Male,2015,3.99383178119233
97666,Taraira,Male,2015,2.6696412537353282
97777,Papunahua,Male,2015,0.9327325018103222
97889,Yavaraté,Male,2015,2.164384670959718
99001,Puerto Carreño,Male,2015,29.763625500396294
99524,La Primavera,Male,2015,13.955136765169616
99624,Santa Rosalía,Male,2015,5.21006082693984
99773,Cumaribo,Male,2015,92.89733216873543
5001,Medellín,Female,2016,795.9712613572348
5002,Abejorral,Female,2016,7.691117975718174
5004,Abriaquí,Female,2016,0.8534158894338708
5021,Alejandría,Female,2016,1.577653648144844
5030,Amagá,Female,2016,10.37583697602705
5031,Amalfi,Female,2016,9.567792736618477
5034,Andes,Female,2016,16.70566314194866
5036,Angelópolis,Female,2016,2.8622527762230208
5038,Angostura,Female,2016,4.858171405947883
5040,Anorí,Female,2016,6.833365334131406
5042,Santa Fé De Antioquia,Female,2016,13.01843231692413
5044,Anzá,Female,2016,2.9006779126412847
5045,Apartadó,Female,2016,59.1030057036566
5051,Arboletes,Female,2016,12.555470880593417
5055,Argelia,Female,2016,3.2630680805592855
5059,Armenia,Female,2016,1.907243281508261
5079,Barbosa,Female,2016,17.34076650216488
5086,Belmira,Female,2016,2.593995261653186
5088,Bello,Female,2016,163.882950192591
5091,Betania,Female,2016,4.325367026114622
5093,Betulia,Female,2016,7.430615893445955
5101,Ciudad Bolívar,Female,2016,11.880187850045258
5107,Briceño,Female,2016,4.854273133441674
5113,Buriticá,Female,2016,3.2821194270453047
5120,Cáceres,Female,2016,11.787541605414596
5125,Caicedo,Female,2016,3.4900694105256336
5129,Caldas,Female,2016,26.279026230604234
5134,Campamento,Female,2016,3.824341210165464
5138,Cañasgordas,Female,2016,5.694208458378297
5142,Caracolí,Female,2016,1.6443388829550218
5145,Caramanta,Female,2016,1.8865766210575319
5147,Carepa,Female,2016,20.04723593101578
5148,El Carmen De Viboral,Female,2016,18.49345028058469
5150,Carolina,Female,2016,1.4016097613757703
5154,Caucasia,Female,2016,41.201558787115424
5172,Chigorodó,Female,2016,32.97325515002688
5190,Cisneros,Female,2016,4.956268521854012
5197,Cocorná,Female,2016,6.069831966680109
5206,Concepción,Female,2016,1.709236154545858
5209,Concordia,Female,2016,9.167738030413245
5212,Copacabana,Female,2016,24.32736668822825
5234,Dabeiba,Female,2016,8.777443008857805
5237,Donmatías,Female,2016,7.219364085089754
5240,Ebéjico,Female,2016,4.573307198735896
5250,El Bagre,Female,2016,25.581613512605045
5264,Entrerríos,Female,2016,3.6224007228508777
5266,Envigado,Female,2016,75.25576459218993
5282,Fredonia,Female,2016,8.60669211976928
5284,Frontino,Female,2016,7.600720501103471
5306,Giraldo,Female,2016,1.740329122532808
5308,Girardota,Female,2016,16.170860163963766
5310,Gómez Plata,Female,2016,3.616706362073939
5313,Granada,Female,2016,3.9097150752803627
5315,Guadalupe,Female,2016,2.4358406968286275
5318,Guarne,Female,2016,17.052209117400675
5321,Guatapé,Female,2016,2.452650864095259
5347,Heliconia,Female,2016,2.118847230088519
5353,Hispania,Female,2016,2.042235302322267
5360,Itagüí,Female,2016,88.71483394069115
5361,Ituango,Female,2016,8.781516423031173
5364,Jardín,Female,2016,5.441813540163315
5368,Jericó,Female,2016,4.6596953633062945
5376,La Ceja,Female,2016,20.272773266875912
5380,La Estrella,Female,2016,22.82901598196889
5390,La Pintada,Female,2016,5.312229274904394
5400,La Unión,Female,2016,7.299018762380065
5411,Liborina,Female,2016,3.8933673904078883
5425,Maceo,Female,2016,3.0230708575932157
5440,Marinilla,Female,2016,19.060941414536558
5467,Montebello,Female,2016,2.6260151684839816
5475,Murindó,Female,2016,1.969685421420424
5480,Mutatá,Female,2016,14.079769060985194
5483,Nariño,Female,2016,4.214702529705654
5490,Necoclí,Female,2016,18.812486374863955
5495,Nechí,Female,2016,10.088687254421915
5501,Olaya,Female,2016,1.0391484230985457
5541,Peñol,Female,2016,6.926121103016447
5543,Peque,Female,2016,3.0784577741646744
5576,Pueblorrico,Female,2016,3.3951249640968637
5579,Puerto Berrío,Female,2016,23.405713761847917
5585,Puerto Nare,Female,2016,5.233156029900014
5591,Puerto Triunfo,Female,2016,6.205876931633508
5604,Remedios,Female,2016,10.685023981078764
5607,Retiro,Female,2016,7.118661724864293
5615,Rionegro,Female,2016,41.05421548135858
5628,Sabanalarga,Female,2016,3.2853973840345168
5631,Sabaneta,Female,2016,27.925549094780582
5642,Salgar,Female,2016,7.643117812101439
5647,San Andrés De Cuerquía,Female,2016,3.446731734776308
5649,San Carlos,Female,2016,5.524061985046913
5652,San Francisco,Female,2016,2.1307353232318285
5656,San Jerónimo,Female,2016,5.371089549451864
5658,San José De La Montaña,Female,2016,1.6464613523530758
5659,San Juan De Urabá,Female,2016,8.5904016205348
5660,San Luis,Female,2016,5.486650044827343
5664,San Pedro De Los Milagros,Female,2016,10.265044019939365
5665,San Pedro De Urabá,Female,2016,13.065670866670665
5667,San Rafael,Female,2016,6.020978988972191
5670,San Roque,Female,2016,7.933307481738006
5674,San Vicente Ferrer,Female,2016,7.252133326029588
5679,Santa Bárbara,Female,2016,9.570739604441199
5686,Santa Rosa De Osos,Female,2016,12.48097328222647
5690,Santo Domingo,Female,2016,4.681006754112177
5697,El Santuario,Female,2016,11.424469751790792
5736,Segovia,Female,2016,23.284834199241853
5756,Sonsón,Female,2016,13.383186719850332
5761,Sopetrán,Female,2016,6.238908315370598
5789,Támesis,Female,2016,6.284816880745779
5790,Tarazá,Female,2016,24.936320832454616
5792,Tarso,Female,2016,2.433246402420333
5809,Titiribí,Female,2016,3.827725982688187
5819,Toledo,Female,2016,2.7407170040765276
5837,Turbo,Female,2016,82.10153906835696
5842,Uramita,Female,2016,2.6738838473426436
5847,Urrao,Female,2016,12.90518484064762
5854,Valdivia,Female,2016,12.557613146490088
5856,Valparaíso,Female,2016,2.6069503079194143
5858,Vegachí,Female,2016,4.779769757154401
5861,Venecia,Female,2016,4.941547989360678
5873,Vigía Del Fuerte,Female,2016,3.6364067127106248
5885,Yalí,Female,2016,2.815569125381427
5887,Yarumal,Female,2016,17.735830314672008
5890,Yolombó,Female,2016,8.506478304077596
5893,Yondó,Female,2016,6.7013394486533455
5895,Zaragoza,Female,2016,10.93902429963006
8001,Barranquilla,Female,2016,485.966193761269
8078,Baranoa,Female,2016,21.23554174070648
8137,Campo De La Cruz,Female,2016,9.977987326466025
8141,Candelaria,Female,2016,6.0423965598035805
8296,Galapa,Female,2016,18.15565091446667
8372,Juan De Acosta,Female,2016,7.3551021258973375
8421,Luruaco,Female,2016,11.125219385614022
8433,Malambo,Female,2016,41.113348462566
8436,Manatí,Female,2016,6.935735768339565
8520,Palmar De Varela,Female,2016,9.967683530570389
8549,Piojó,Female,2016,2.344907498981983
8558,Polonuevo,Female,2016,6.156352207462529
8560,Ponedera,Female,2016,8.871181753998325
8573,Puerto Colombia,Female,2016,14.828514657203755
8606,Repelón,Female,2016,10.44543830728616
8634,Sabanagrande,Female,2016,10.935472942563395
8638,Sabanalarga,Female,2016,32.22992670695378
8675,Santa Lucía,Female,2016,5.702815989859546
8685,Santo Tomás,Female,2016,9.578814523855883
8758,Soledad,Female,2016,182.05996918525014
8770,Suan,Female,2016,4.492104140550352
8832,Tubará,Female,2016,5.485908867760333
8849,Usiacurí,Female,2016,4.110629034596899
11001,"Bogotá, D.C.",Female,2016,2387.8188315935736
13001,Cartagena De Indias,Female,2016,354.22127457603597
13006,Achí,Female,2016,9.664192854328817
13030,Altos Del Rosario,Female,2016,4.330334136813121
13042,Arenal,Female,2016,3.533924058035812
13052,Arjona,Female,2016,27.97909467170959
13062,Arroyohondo,Female,2016,3.8000116171728613
13074,Barranco De Loba,Female,2016,6.2057874798112165
13140,Calamar,Female,2016,9.667869834843716
13160,Cantagallo,Female,2016,3.190011240270645
13188,Cicuco,Female,2016,5.362559827212521
13212,Córdoba,Female,2016,6.4459924281424135
13222,Clemencia,Female,2016,6.180968969537501
13244,El Carmen De Bolívar,Female,2016,29.649622846470997
13248,El Guamo,Female,2016,3.5340095529507907
13268,El Peñón,Female,2016,3.368953184165683
13300,Hatillo De Loba,Female,2016,5.241502811182397
13430,Magangué,Female,2016,53.77093935180822
13433,Mahates,Female,2016,11.114925306258508
13440,Margarita,Female,2016,4.110279365699393
13442,María La Baja,Female,2016,19.553656642783988
13458,Montecristo,Female,2016,6.375401805169487
13468,Mompós,Female,2016,17.358510387322564
13473,Morales,Female,2016,8.586929497441192
13490,Norosí,Female,2016,1.3113551992556192
13549,Pinillos,Female,2016,9.68586635816392
13580,Regidor,Female,2016,2.3831717125118126
13600,Río Viejo,Female,2016,4.213754740084571
13620,San Cristóbal,Female,2016,3.276211307292962
13647,San Estanislao,Female,2016,7.564764289791572
13650,San Fernando,Female,2016,4.7995617598876
13654,San Jacinto,Female,2016,10.356248386430588
13655,San Jacinto Del Cauca,Female,2016,3.9592053639839997
13657,San Juan Nepomuceno,Female,2016,15.431659338615045
13667,San Martín De Loba,Female,2016,6.229280465166122
13670,San Pablo,Female,2016,12.632442942596544
13673,Santa Catalina,Female,2016,6.091588211087346
13683,Santa Rosa,Female,2016,9.088015000428635
13688,Santa Rosa Del Sur,Female,2016,12.351605334084157
13744,Simití,Female,2016,7.216405398301357
13760,Soplaviento,Female,2016,4.151129449331471
13780,Talaigua Nuevo,Female,2016,4.996548580846598
13810,Tiquisio,Female,2016,7.135159556587591
13836,Turbaco,Female,2016,35.280125161288666
13838,Turbaná,Female,2016,6.407487542643997
13873,Villanueva,Female,2016,9.745607227548682
13894,Zambrano,Female,2016,4.9414202426758225
15001,Tunja,Female,2016,62.20195103669242
15022,Almeida,Female,2016,0.7584927845537883
15047,Aquitania,Female,2016,5.565643234997207
15051,Arcabuco,Female,2016,1.920284745327543
15087,Belén,Female,2016,2.7909662511993485
15090,Berbeo,Female,2016,0.5461159221130646
15092,Betéitiva,Female,2016,0.6624421681866774
15097,Boavita,Female,2016,2.0122707229184207
15104,Boyacá,Female,2016,2.3864836991141427
15106,Briceño,Female,2016,0.8258365943427091
15109,Buenavista,Female,2016,1.7493202364351255
15114,Busbanzá,Female,2016,0.3442016236087516
15131,Caldas,Female,2016,1.2674917522265352
15135,Campohermoso,Female,2016,1.1221403126139247
15162,Cerinza,Female,2016,1.3045801563560817
15172,Chinavita,Female,2016,1.2084687423957907
15176,Chiquinquirá,Female,2016,23.332633052815666
15180,Chiscas,Female,2016,1.7788509895705473
15183,Chita,Female,2016,3.5111123397515103
15185,Chitaraque,Female,2016,3.647195203620946
15187,Chivatá,Female,2016,0.9752095665020393
15189,Ciénega,Female,2016,1.7387175145089828
15204,Cómbita,Female,2016,3.5224658196345064
15212,Coper,Female,2016,1.4905304282544631
15215,Corrales,Female,2016,0.9133685801416825
15218,Covarachía,Female,2016,1.2469186278407938
15223,Cubará,Female,2016,3.864483554373004
15224,Cucaita,Female,2016,1.563744426024565
15226,Cuítiva,Female,2016,0.6521823931676729
15232,Chíquiza,Female,2016,1.7929670300113256
15236,Chivor,Female,2016,0.919081055350039
15238,Duitama,Female,2016,43.051624315303236
15244,El Cocuy,Female,2016,2.299690770576293
15248,El Espino,Female,2016,1.0008048309680522
15272,Firavitoba,Female,2016,2.0135602232719343
15276,Floresta,Female,2016,1.2411672224585337
15293,Gachantivá,Female,2016,1.0134515919839902
15296,Gámeza,Female,2016,1.81106640668072
15299,Garagoa,Female,2016,5.847761009476528
15317,Guacamayas,Female,2016,0.5620358149613147
15322,Guateque,Female,2016,3.945810563758396
15325,Guayatá,Female,2016,1.1643015746121526
15332,Güicán De La Sierra,Female,2016,1.6934818769004862
15362,Iza,Female,2016,0.6662388321147966
15367,Jenesano,Female,2016,3.1879309462417
15368,Jericó,Female,2016,1.770173495906002
15377,Labranzagrande,Female,2016,1.3772751557716747
15380,La Capilla,Female,2016,0.8063510262683599
15401,La Victoria,Female,2016,0.4160129787729521
15403,La Uvita,Female,2016,1.1198468291071086
15407,Villa De Leyva,Female,2016,5.212433048906281
15425,Macanal,Female,2016,1.513615314621222
15442,Maripí,Female,2016,2.604008766999684
15455,Miraflores,Female,2016,3.173341332177511
15464,Mongua,Female,2016,1.9230772943273449
15466,Monguí,Female,2016,1.5402069933828282
15469,Moniquirá,Female,2016,8.547664490275968
15476,Motavita,Female,2016,2.249899114006065
15480,Muzo,Female,2016,3.228979315416937
15491,Nobsa,Female,2016,4.871688314866353
15494,Nuevo Colón,Female,2016,1.994057160713413
15500,Oicatá,Female,2016,0.9186688414912039
15507,Otanche,Female,2016,3.0036841469473323
15511,Pachavita,Female,2016,0.7235839223831997
15514,Páez,Female,2016,1.186132619956353
15516,Paipa,Female,2016,11.254143517671052
15518,Pajarito,Female,2016,0.7751926129526379
15522,Panqueba,Female,2016,0.6506973298237159
15531,Pauna,Female,2016,2.825782088249081
15533,Paya,Female,2016,1.1036263309459324
15537,Paz De Río,Female,2016,1.3733080662099848
15542,Pesca,Female,2016,2.4419907648098573
15550,Pisba,Female,2016,0.6946738329825752
15572,Puerto Boyacá,Female,2016,20.657114064585752
15580,Quípama,Female,2016,2.238700714059615
15599,Ramiriquí,Female,2016,3.927546642265532
15600,Ráquira,Female,2016,2.506449977593906
15621,Rondón,Female,2016,0.918617868330772
15632,Saboyá,Female,2016,4.8319871256674505
15638,Sáchica,Female,2016,1.6822698046103257
15646,Samacá,Female,2016,8.190351829920466
15660,San Eduardo,Female,2016,0.6482960737610689
15664,San José De Pare,Female,2016,1.924832088316687
15667,San Luis De Gaceno,Female,2016,2.032435080306182
15673,San Mateo,Female,2016,1.612404251432839
15676,San Miguel De Sema,Female,2016,1.1210031439812216
15681,San Pablo De Borbur,Female,2016,2.5794515319683566
15686,Santana,Female,2016,4.017957136881462
15690,Santa María,Female,2016,1.2222961982913936
15693,Santa Rosa De Viterbo,Female,2016,3.8343702539805014
15696,Santa Sofía,Female,2016,0.9754971367897503
15720,Sativanorte,Female,2016,0.8669435458049011
15723,Sativasur,Female,2016,0.37911967205085817
15740,Siachoque,Female,2016,2.533822664700616
15753,Soatá,Female,2016,2.9460287285000164
15755,Socotá,Female,2016,2.6509117230942327
15757,Socha,Female,2016,2.5976173311325517
15759,Sogamoso,Female,2016,44.7400023741523
15761,Somondoco,Female,2016,1.0038414447625297
15762,Sora,Female,2016,1.2933404924263365
15763,Sotaquirá,Female,2016,2.83765018642173
15764,Soracá,Female,2016,2.274442625274423
15774,Susacón,Female,2016,0.855236936513815
15776,Sutamarchán,Female,2016,2.1513674034802626
15778,Sutatenza,Female,2016,1.606813947421382
15790,Tasco,Female,2016,1.9317328258163384
15798,Tenza,Female,2016,1.499813273905787
15804,Tibaná,Female,2016,3.4280812805988368
15806,Tibasosa,Female,2016,3.8077644550372467
15808,Tinjacá,Female,2016,1.089987811090522
15810,Tipacoque,Female,2016,1.3277333568877907
15814,Toca,Female,2016,3.032711106939733
15816,Togüí,Female,2016,1.6495803149446204
15820,Tópaga,Female,2016,1.2290480970004225
15822,Tota,Female,2016,2.0269909166432423
15832,Tununguá,Female,2016,0.5001822220851116
15835,Turmequé,Female,2016,2.489745435587517
15837,Tuta,Female,2016,2.6799028935090314
15839,Tutazá,Female,2016,0.7202195401110166
15842,Úmbita,Female,2016,2.675539625576643
15861,Ventaquemada,Female,2016,5.489570098240332
15879,Viracachá,Female,2016,1.2152034486399135
15897,Zetaquira,Female,2016,1.9557470863357098
17001,Manizales,Female,2016,139.33140505946025
17013,Aguadas,Female,2016,8.197100195826547
17042,Anserma,Female,2016,13.284465026781252
17050,Aranzazu,Female,2016,4.633654941499178
17088,Belalcázar,Female,2016,4.388200480686338
17174,Chinchiná,Female,2016,22.38090967952268
17272,Filadelfia,Female,2016,4.427439675943144
17380,La Dorada,Female,2016,29.53907501759572
17388,La Merced,Female,2016,2.3427707379145897
17433,Manzanares,Female,2016,6.97682162716741
17442,Marmato,Female,2016,4.658366201107794
17444,Marquetalia,Female,2016,4.9401910203059245
17446,Marulanda,Female,2016,0.9679358478589905
17486,Neira,Female,2016,8.51778487949438
17495,Norcasia,Female,2016,2.4028327989381557
17513,Pácora,Female,2016,5.672866406312559
17524,Palestina,Female,2016,5.647896247739155
17541,Pensilvania,Female,2016,7.341304724115794
17614,Riosucio,Female,2016,18.27141736764431
17616,Risaralda,Female,2016,4.13576361866738
17653,Salamina,Female,2016,6.9052897020990605
17662,Samaná,Female,2016,7.977703058696708
17665,San José,Female,2016,1.9348748450356985
17777,Supía,Female,2016,10.395049215545418
17867,Victoria,Female,2016,3.733516172567208
17873,Villamaría,Female,2016,21.743148046122254
17877,Viterbo,Female,2016,4.616222634338172
18001,Florencia,Female,2016,76.0451939895361
18029,Albania,Female,2016,1.7606741136551287
18094,Belén De Los Andaquíes,Female,2016,4.610832530290506
18150,Cartagena Del Chairá,Female,2016,13.126089684689966
18205,Curillo,Female,2016,3.344765321886816
18247,El Doncello,Female,2016,7.479303752484155
18256,El Paujíl,Female,2016,6.457325613281929
18410,La Montañita,Female,2016,5.729430478329278
18460,Milán,Female,2016,3.5640222989545074
18479,Morelia,Female,2016,1.3492637885294267
18592,Puerto Rico,Female,2016,10.424943677184462
18610,San José Del Fragua,Female,2016,6.6012669934932955
18753,San Vicente Del Caguán,Female,2016,21.026321062546952
18756,Solano,Female,2016,4.207962194805784
18785,Solita,Female,2016,2.607749967774547
18860,Valparaíso,Female,2016,2.8559284282795336
19001,Popayán,Female,2016,104.32095727573208
19022,Almaguer,Female,2016,8.72634162244441
19050,Argelia,Female,2016,11.069970540795676
19075,Balboa,Female,2016,8.522176011133665
19100,Bolívar,Female,2016,16.819661849753125
19110,Buenos Aires,Female,2016,11.497671582562996
19130,Cajibío,Female,2016,17.23412887610248
19137,Caldono,Female,2016,14.701640010431971
19142,Caloto,Female,2016,10.180966777282986
19212,Corinto,Female,2016,13.522867656968836
19256,El Tambo,Female,2016,20.697148461469478
19290,Florencia,Female,2016,1.8650890413836096
19300,Guachené,Female,2016,3.015462782083824
19318,Guapi,Female,2016,11.32190540695121
19355,Inzá,Female,2016,11.434899407299671
19364,Jambaló,Female,2016,6.208049771391286
19392,La Sierra,Female,2016,4.546319755125179
19397,La Vega,Female,2016,10.46086571436685
19418,López De Micay,Female,2016,8.1899231269723
19450,Mercaderes,Female,2016,9.022288924726782
19455,Miranda,Female,2016,10.262085662069845
19473,Morales,Female,2016,13.954055903565147
19513,Padilla,Female,2016,3.3979794367729275
19517,Páez,Female,2016,17.867344639380754
19532,Patía,Female,2016,15.218629802107978
19533,Piamonte,Female,2016,2.6708738911914653
19548,Piendamó - Tunía,Female,2016,14.079889737198796
19573,Puerto Tejada,Female,2016,23.747918839937817
19585,Puracé,Female,2016,6.243609300610887
19622,Rosas,Female,2016,4.364698827523202
19693,San Sebastián,Female,2016,4.334972898531059
19698,Santander De Quilichao,Female,2016,37.438593832362066
19701,Santa Rosa,Female,2016,2.3393199403303853
19743,Silvia,Female,2016,13.441373022324992
19760,Sotará - Paispamba,Female,2016,4.839075474190405
19780,Suárez,Female,2016,11.708981161151339
19785,Sucre,Female,2016,4.674847272957506
19807,Timbío,Female,2016,13.103723570332988
19809,Timbiquí,Female,2016,10.499445703761982
19821,Toribío,Female,2016,12.329056223780118
19824,Totoró,Female,2016,9.456132136083632
19845,Villa Rica,Female,2016,7.328916926752181
20001,Valledupar,Female,2016,178.25234914347897
20011,Aguachica,Female,2016,40.50923520015872
20013,Agustín Codazzi,Female,2016,22.13947491631199
20032,Astrea,Female,2016,7.302315991203176
20045,Becerril,Female,2016,7.339304945217634
20060,Bosconia,Female,2016,14.480975596521896
20175,Chimichagua,Female,2016,11.947830820732408
20178,Chiriguaná,Female,2016,10.75314395053206
20228,Curumaní,Female,2016,13.858835693895058
20238,El Copey,Female,2016,10.942891045022286
20250,El Paso,Female,2016,12.57575536734278
20295,Gamarra,Female,2016,5.591342582559304
20310,González,Female,2016,1.9896688701964749
20383,La Gloria,Female,2016,5.988817352206456
20400,La Jagua De Ibirico,Female,2016,14.73358388611574
20443,Manaure Balcón Del Cesar,Female,2016,3.5905058764178674
20517,Pailitas,Female,2016,7.102287900413468
20550,Pelaya,Female,2016,8.036232216475778
20570,Pueblo Bello,Female,2016,10.19339338156937
20614,Río De Oro,Female,2016,6.524659398662839
20621,La Paz,Female,2016,9.71664799101522
20710,San Alberto,Female,2016,9.064453680002574
20750,San Diego,Female,2016,6.670064363990769
20770,San Martín,Female,2016,9.359494449798051
20787,Tamalameque,Female,2016,5.532033828285102
23001,Montería,Female,2016,170.90531689161085
23068,Ayapel,Female,2016,19.70168114270493
23079,Buenavista,Female,2016,8.533437562023751
23090,Canalete,Female,2016,6.924924489078554
23162,Cereté,Female,2016,39.22430268935231
23168,Chimá,Female,2016,7.453093886676674
23182,Chinú,Female,2016,18.461514530361956
23189,Ciénaga De Oro,Female,2016,24.641586492148544
23300,Cotorra,Female,2016,7.429735930658975
23350,La Apartada,Female,2016,6.245787636276429
23417,Lorica,Female,2016,44.908124180870914
23419,Los Córdobas,Female,2016,7.700270493122176
23464,Momil,Female,2016,7.225228691501138
23466,Montelíbano,Female,2016,30.129376160464098
23500,Moñitos,Female,2016,12.953334101829004
23555,Planeta Rica,Female,2016,25.246765969499094
23570,Pueblo Nuevo,Female,2016,14.194669682717029
23574,Puerto Escondido,Female,2016,10.373712183090673
23580,Puerto Libertador,Female,2016,15.979843502797655
23586,Purísima De La Concepción,Female,2016,7.122861703463601
23660,Sahagún,Female,2016,40.81056632428361
23670,San Andrés De Sotavento,Female,2016,20.409999985039207
23672,San Antero,Female,2016,13.34074771320211
23675,San Bernardo Del Viento,Female,2016,15.353797222269815
23678,San Carlos,Female,2016,11.35862460510313
23682,San José De Uré,Female,2016,1.849017239348938
23686,San Pelayo,Female,2016,20.438790458398557
23807,Tierralta,Female,2016,38.04392869087404
23815,Tuchín,Female,2016,8.726047012188008
23855,Valencia,Female,2016,14.826730618029904
25001,Agua De Dios,Female,2016,3.949031114364673
25019,Albán,Female,2016,1.810626930151706
25035,Anapoima,Female,2016,4.425668444945863
25040,Anolaima,Female,2016,4.370610767733421
25053,Arbeláez,Female,2016,3.135160408511937
25086,Beltrán,Female,2016,0.6011390397374481
25095,Bituima,Female,2016,0.687121416028268
25099,Bojacá,Female,2016,3.1204347649785653
25120,Cabrera,Female,2016,1.4572147051502005
25123,Cachipay,Female,2016,3.219126031012332
25126,Cajicá,Female,2016,23.688860299441956
25148,Caparrapí,Female,2016,4.314023522044505
25151,Cáqueza,Female,2016,6.29728011019237
25154,Carmen De Carupa,Female,2016,2.6064020749448944
25168,Chaguaní,Female,2016,1.5641462240700965
25175,Chía,Female,2016,44.051936326139604
25178,Chipaque,Female,2016,2.970347055752743
25181,Choachí,Female,2016,3.466773999226692
25183,Chocontá,Female,2016,9.540656110798043
25200,Cogua,Female,2016,6.830967569575059
25214,Cota,Female,2016,9.450629984840363
25224,Cucunubá,Female,2016,2.7243422245924043
25245,El Colegio,Female,2016,7.799181330707092
25258,El Peñón,Female,2016,1.6666412456154964
25260,El Rosal,Female,2016,6.169082561043728
25269,Facatativá,Female,2016,51.35483172110744
25279,Fómeque,Female,2016,3.7811252804153046
25281,Fosca,Female,2016,2.148451178061259
25286,Funza,Female,2016,27.807949911104878
25288,Fúquene,Female,2016,1.468910573690599
25290,Fusagasugá,Female,2016,49.782531317454556
25293,Gachalá,Female,2016,1.6946783366311988
25295,Gachancipá,Female,2016,5.307968529683088
25297,Gachetá,Female,2016,3.606570943210513
25299,Gama,Female,2016,1.159258469386739
25307,Girardot,Female,2016,55.65290623052302
25312,Granada,Female,2016,2.634359734620134
25317,Guachetá,Female,2016,4.2109331629509485
25320,Guaduas,Female,2016,9.926900843852886
25322,Guasca,Female,2016,4.425468879861719
25324,Guataquí,Female,2016,0.8340550521789463
25326,Guatavita,Female,2016,3.0060167586748276
25328,Guayabal De Síquima,Female,2016,1.2852192567185172
25335,Guayabetal,Female,2016,1.8354336586829056
25339,Gutiérrez,Female,2016,1.1660883090677314
25368,Jerusalén,Female,2016,0.7608494318257347
25372,Junín,Female,2016,2.484996989089439
25377,La Calera,Female,2016,9.631981929014792
25386,La Mesa,Female,2016,11.582498786408046
25394,La Palma,Female,2016,3.139369373676025
25398,La Peña,Female,2016,2.0900472737897773
25402,La Vega,Female,2016,5.4850252655771605
25407,Lenguazaque,Female,2016,3.3732019382151366
25426,Machetá,Female,2016,2.150006383653117
25430,Madrid,Female,2016,32.536473577440354
25436,Manta,Female,2016,1.2569533672039526
25438,Medina,Female,2016,2.7608384024398838
25473,Mosquera,Female,2016,36.83659838063621
25483,Nariño,Female,2016,0.8140276061197187
25486,Nemocón,Female,2016,4.784628434519623
25488,Nilo,Female,2016,2.1101595741746566
25489,Nimaima,Female,2016,1.0694977753159571
25491,Nocaima,Female,2016,1.7106697424772772
25506,Venecia,Female,2016,1.3601310874148032
25513,Pacho,Female,2016,9.873349275762507
25518,Paime,Female,2016,1.5895564007331564
25524,Pandi,Female,2016,1.5865655358934347
25530,Paratebueno,Female,2016,4.44118140701761
25535,Pasca,Female,2016,3.073776922968799
25572,Puerto Salgar,Female,2016,5.601560031487236
25580,Pulí,Female,2016,1.0398887878595866
25592,Quebradanegra,Female,2016,1.4611731098054
25594,Quetame,Female,2016,2.2316359789197597
25596,Quipile,Female,2016,1.9942740044813188
25599,Apulo,Female,2016,2.3482647333844318
25612,Ricaurte,Female,2016,3.4425875656757974
25645,San Antonio Del Tequendama,Female,2016,3.3979108011536936
25649,San Bernardo,Female,2016,2.8864597202466205
25653,San Cayetano,Female,2016,1.5069067226535795
25658,San Francisco,Female,2016,2.9481616006149727
25662,San Juan De Rioseco,Female,2016,3.239969182979606
25718,Sasaima,Female,2016,3.5783029896165557
25736,Sesquilé,Female,2016,3.849473429335683
25740,Sibaté,Female,2016,10.943487760393602
25743,Silvania,Female,2016,7.321875743251835
25745,Simijaca,Female,2016,4.464821943706124
25754,Soacha,Female,2016,192.84830761772676
25758,Sopó,Female,2016,9.222978655832012
25769,Subachoque,Female,2016,4.481327852464615
25772,Suesca,Female,2016,5.850135812710829
25777,Supatá,Female,2016,1.528579968050412
25779,Susa,Female,2016,2.1568829496519144
25781,Sutatausa,Female,2016,2.1251871607059942
25785,Tabio,Female,2016,7.029205197135283
25793,Tausa,Female,2016,2.3498232027953514
25797,Tena,Female,2016,2.709303475285485
25799,Tenjo,Female,2016,7.9081171777600865
25805,Tibacuy,Female,2016,1.2615176694438963
25807,Tibirita,Female,2016,1.1948488208107069
25815,Tocaima,Female,2016,5.344579832158965
25817,Tocancipá,Female,2016,12.466266210798192
25823,Topaipí,Female,2016,1.330308823793802
25839,Ubalá,Female,2016,2.6870196845422485
25841,Ubaque,Female,2016,2.239759447396948
25843,Villa De San Diego De Ubaté,Female,2016,18.25127514057834
25845,Une,Female,2016,2.151156163759403
25851,Útica,Female,2016,1.2888314199135575
25862,Vergara,Female,2016,2.5151823930029438
25867,Vianí,Female,2016,1.2607264599949883
25871,Villagómez,Female,2016,0.5911949006988005
25873,Villapinzón,Female,2016,6.147619205440329
25875,Villeta,Female,2016,10.208824235887022
25878,Viotá,Female,2016,4.459921674543847
25885,Yacopí,Female,2016,4.938315751144442
25898,Zipacón,Female,2016,1.3057555622935955
25899,Zipaquirá,Female,2016,45.47395495668053
27001,Quibdó,Female,2016,66.4992234370681
27006,Acandí,Female,2016,5.797520482726426
27025,Alto Baudó,Female,2016,12.800180494089041
27050,Atrato,Female,2016,2.6505964120398486
27073,Bagadó,Female,2016,4.377648792212682
27075,Bahía Solano,Female,2016,3.6543055487145937
27077,Bajo Baudó,Female,2016,12.491690328846115
27099,Bojayá,Female,2016,4.6993842982503375
27135,El Cantón Del San Pablo,Female,2016,2.4762420262443983
27150,Carmen Del Darién,Female,2016,6.048077895663208
27160,Cértegui,Female,2016,2.4475249093345903
27205,Condoto,Female,2016,5.418940969427121
27245,El Carmen De Atrato,Female,2016,3.2762186607060144
27250,El Litoral Del San Juan,Female,2016,8.459293598441606
27361,Istmina,Female,2016,13.310046044592848
27372,Juradó,Female,2016,2.5241421121386267
27413,Lloró,Female,2016,3.356634171447436
27425,Medio Atrato,Female,2016,4.718755959699165
27430,Medio Baudó,Female,2016,6.700992255682178
27450,Medio San Juan,Female,2016,3.8163971554747635
27491,Nóvita,Female,2016,3.920158549510779
27495,Nuquí,Female,2016,6.271963915663672
27580,Río Iró,Female,2016,2.108609095469317
27600,Río Quito,Female,2016,4.010205900375632
27615,Riosucio,Female,2016,23.98010023990974
27660,San José Del Palmar,Female,2016,2.0704125322428544
27745,Sipí,Female,2016,1.2041917064220218
27787,Tadó,Female,2016,10.157717131111923
27800,Unguía,Female,2016,5.369102194896278
27810,Unión Panamericana,Female,2016,2.897941450540479
41001,Neiva,Female,2016,147.18980119484965
41006,Acevedo,Female,2016,15.005538325332944
41013,Agrado,Female,2016,3.6116683807791565
41016,Aipe,Female,2016,6.243349093403845
41020,Algeciras,Female,2016,9.09035820334224
41026,Altamira,Female,2016,1.2455820713040033
41078,Baraya,Female,2016,3.176296084694351
41132,Campoalegre,Female,2016,14.46795337399739
41206,Colombia,Female,2016,2.981801572738139
41244,Elías,Female,2016,1.2060267354396959
41298,Garzón,Female,2016,27.906224237543633
41306,Gigante,Female,2016,9.882582248193154
41319,Guadalupe,Female,2016,6.887893385694901
41349,Hobo,Female,2016,3.3505174336573016
41357,Íquira,Female,2016,3.686892495929187
41359,Isnos,Female,2016,11.447841143914886
41378,La Argentina,Female,2016,5.584200863995543
41396,La Plata,Female,2016,24.471778884337557
41483,Nátaga,Female,2016,2.3510105236223686
41503,Oporapa,Female,2016,5.270343420817729
41518,Paicol,Female,2016,2.262541005355623
41524,Palermo,Female,2016,8.608049708981056
41530,Palestina,Female,2016,4.461128285397988
41548,Pital,Female,2016,5.335306677278951
41551,Pitalito,Female,2016,62.472250872930196
41615,Rivera,Female,2016,7.3470991489971675
41660,Saladoblanco,Female,2016,4.708060884650861
41668,San Agustín,Female,2016,11.936532510571034
41676,Santa María,Female,2016,3.9092819956269076
41770,Suaza,Female,2016,7.273512532972944
41791,Tarqui,Female,2016,6.915373828002126
41797,Tesalia,Female,2016,4.208638845743492
41799,Tello,Female,2016,4.223460451111574
41801,Teruel,Female,2016,2.915766548304819
41807,Timaná,Female,2016,8.101886237326303
41872,Villavieja,Female,2016,2.8591646586729222
41885,Yaguará,Female,2016,2.739341649600277
44001,Riohacha,Female,2016,77.6966454805086
44035,Albania,Female,2016,8.913477850464197
44078,Barrancas,Female,2016,12.449858043902031
44090,Dibulla,Female,2016,13.97452627428307
44098,Distracción,Female,2016,4.210672740599997
44110,El Molino,Female,2016,2.49403018225364
44279,Fonseca,Female,2016,13.631596125349265
44378,Hatonuevo,Female,2016,6.626139796525514
44420,La Jagua Del Pilar,Female,2016,1.0394867264294096
44430,Maicao,Female,2016,71.75883116371391
44560,Manaure,Female,2016,35.40705147497317
44650,San Juan Del Cesar,Female,2016,15.672708307922228
44847,Uribia,Female,2016,80.30955414126467
44855,Urumita,Female,2016,3.4739348258781955
44874,Villanueva,Female,2016,8.607547750064235
47001,Santa Marta,Female,2016,191.68459381897347
47030,Algarrobo,Female,2016,5.661781622596405
47053,Aracataca,Female,2016,13.730805426448416
47058,Ariguaní,Female,2016,12.05820904333836
47161,Cerro De San Antonio,Female,2016,4.1158665731086455
47170,Chivolo,Female,2016,7.942086467038326
47189,Ciénaga,Female,2016,45.81046547306575
47205,Concordia,Female,2016,4.538636694828256
47245,El Banco,Female,2016,25.305064348748385
47258,El Piñón,Female,2016,8.156143461349284
47268,El Retén,Female,2016,8.077459463858634
47288,Fundación,Female,2016,27.177814775931836
47318,Guamal,Female,2016,10.128876028049268
47460,Nueva Granada,Female,2016,7.193800505947616
47541,Pedraza,Female,2016,3.5295691864364365
47545,Pijiño Del Carmen,Female,2016,4.656082217092652
47551,Pivijay,Female,2016,14.845970108036788
47555,Plato,Female,2016,22.936260595048942
47570,Puebloviejo,Female,2016,11.528661065936914
47605,Remolino,Female,2016,4.4874048048018125
47660,Sabanas De San Ángel,Female,2016,6.127566956619601
47675,Salamina,Female,2016,4.062845120243704
47692,San Sebastián De Buenavista,Female,2016,7.962353068219284
47703,San Zenón,Female,2016,4.0851355131257305
47707,Santa Ana,Female,2016,9.410555279955139
47720,Santa Bárbara De Pinto,Female,2016,4.0389257438490045
47745,Sitionuevo,Female,2016,11.791497662221747
47798,Tenerife,Female,2016,5.16258869534272
47960,Zapayán,Female,2016,3.995015918738776
47980,Zona Bananera,Female,2016,24.036817345396855
50001,Villavicencio,Female,2016,203.96575197384385
50006,Acacías,Female,2016,25.803974744912605
50110,Barranca De Upía,Female,2016,2.0516064971658023
50124,Cabuyaro,Female,2016,1.8299911785371306
50150,Castilla La Nueva,Female,2016,4.258592423981287
50223,Cubarral,Female,2016,2.2365699691879053
50226,Cumaral,Female,2016,7.501686480046672
50245,El Calvario,Female,2016,0.5406615138755231
50251,El Castillo,Female,2016,2.8517515027901377
50270,El Dorado,Female,2016,1.4392020352930057
50287,Fuente De Oro,Female,2016,4.69335638708394
50313,Granada,Female,2016,31.9707898398919
50318,Guamal,Female,2016,4.777329085126961
50325,Mapiripán,Female,2016,2.433830788635148
50330,Mesetas,Female,2016,4.127538210867125
50350,La Macarena,Female,2016,10.631862409679
50370,Uribe,Female,2016,3.987367181784614
50400,Lejanías,Female,2016,4.190123705137354
50450,Puerto Concordia,Female,2016,2.9408188545644247
50568,Puerto Gaitán,Female,2016,13.40916456787183
50573,Puerto López,Female,2016,15.617000780996971
50577,Puerto Lleras,Female,2016,3.587035241587743
50590,Puerto Rico,Female,2016,4.729600780315308
50606,Restrepo,Female,2016,5.442833348549938
50680,San Carlos De Guaroa,Female,2016,3.923592670014101
50683,San Juan De Arama,Female,2016,3.1484881491315924
50686,San Juanito,Female,2016,0.6617715091538443
50689,San Martín,Female,2016,8.615310284176424
50711,Vistahermosa,Female,2016,7.241249852061717
52001,Pasto,Female,2016,132.62362819955717
52019,Albán,Female,2016,4.21117201975478
52022,Aldana,Female,2016,2.7534223434513754
52036,Ancuya,Female,2016,2.9408481074654036
52051,Arboleda,Female,2016,3.592746412541236
52079,Barbacoas,Female,2016,23.380318175752347
52083,Belén,Female,2016,2.48585042098331
52110,Buesaco,Female,2016,9.325912288908667
52203,Colón,Female,2016,3.3071973065496425
52207,Consacá,Female,2016,5.556090202935776
52210,Contadero,Female,2016,3.012611108554489
52215,Córdoba,Female,2016,6.309304844136832
52224,Cuaspud Carlosama,Female,2016,4.036558078138783
52227,Cumbal,Female,2016,13.144450304957953
52233,Cumbitara,Female,2016,2.3533838657376087
52240,Chachagüí,Female,2016,5.665394726952047
52250,El Charco,Female,2016,9.907858707535008
52254,El Peñol,Female,2016,3.205116001041144
52256,El Rosario,Female,2016,5.400814580075275
52258,El Tablón De Gómez,Female,2016,6.325056415281654
52260,El Tambo,Female,2016,5.609141572422573
52287,Funes,Female,2016,2.8410185774768952
52317,Guachucal,Female,2016,7.716656307894714
52320,Guaitarilla,Female,2016,4.373799306152157
52323,Gualmatán,Female,2016,2.7428748142117954
52352,Iles,Female,2016,3.2660556169930373
52354,Imués,Female,2016,3.2380661490182647
52356,Ipiales,Female,2016,41.68424695315376
52378,La Cruz,Female,2016,7.069139308700043
52381,La Florida,Female,2016,5.141048235922862
52385,La Llanada,Female,2016,2.5055150357433704
52390,La Tola,Female,2016,3.217987994437118
52399,La Unión,Female,2016,14.205622205936084
52405,Leiva,Female,2016,4.197410603913496
52411,Linares,Female,2016,3.9166431836970985
52418,Los Andes,Female,2016,4.0849536379294
52427,Magüí,Female,2016,10.2897108678532
52435,Mallama,Female,2016,3.8269709451051446
52473,Mosquera,Female,2016,5.522278799908064
52480,Nariño,Female,2016,2.0899040554474957
52490,Olaya Herrera,Female,2016,11.635042210094356
52506,Ospina,Female,2016,2.6043945936042103
52520,Francisco Pizarro,Female,2016,6.249316410405686
52540,Policarpa,Female,2016,4.772590738695426
52560,Potosí,Female,2016,3.7859670119559814
52565,Providencia,Female,2016,2.8386523679083577
52573,Puerres,Female,2016,3.257784417526695
52585,Pupiales,Female,2016,7.018558578936089
52612,Ricaurte,Female,2016,8.67101941870205
52621,Roberto Payán,Female,2016,5.851999299504242
52678,Samaniego,Female,2016,13.649111655572538
52683,Sandoná,Female,2016,7.970044994739667
52685,San Bernardo,Female,2016,4.606504662601194
52687,San Lorenzo,Female,2016,8.107119229801292
52693,San Pablo,Female,2016,6.523274040494041
52694,San Pedro De Cartago,Female,2016,3.1153629967316134
52696,Santa Bárbara,Female,2016,5.922250326493941
52699,Santacruz,Female,2016,5.151104823830733
52720,Sapuyes,Female,2016,3.1812235823596455
52786,Taminango,Female,2016,7.096615780428681
52788,Tangua,Female,2016,5.900572289243279
52835,San Andrés De Tumaco,Female,2016,104.85039878638996
52838,Túquerres,Female,2016,17.209660705988963
52885,Yacuanquer,Female,2016,4.797506130888139
54001,San José De Cúcuta,Female,2016,281.62232662817576
54003,Ábrego,Female,2016,12.849507009801831
54051,Arboledas,Female,2016,3.390125982939096
54099,Bochalema,Female,2016,2.6852051631858296
54109,Bucarasica,Female,2016,2.395509620165344
54125,Cácota,Female,2016,1.3404266717478572
54128,Cáchira,Female,2016,3.9733297319588363
54172,Chinácota,Female,2016,5.540797639269904
54174,Chitagá,Female,2016,4.487324087435718
54206,Convención,Female,2016,7.182673396190318
54223,Cucutilla,Female,2016,3.518844080363118
54239,Durania,Female,2016,1.5965167022542455
54245,El Carmen,Female,2016,5.459163026001433
54250,El Tarra,Female,2016,7.883236905211652
54261,El Zulia,Female,2016,9.738644019812824
54313,Gramalote,Female,2016,2.602812198736291
54344,Hacarí,Female,2016,3.994114310240359
54347,Herrán,Female,2016,2.693045890206632
54377,Labateca,Female,2016,2.063767431168961
54385,La Esperanza,Female,2016,4.142382356233199
54398,La Playa,Female,2016,3.122220860788047
54405,Los Patios,Female,2016,29.629466372745828
54418,Lourdes,Female,2016,1.2868030519699099
54480,Mutiscua,Female,2016,1.5007291296633782
54498,Ocaña,Female,2016,43.83759438354503
54518,Pamplona,Female,2016,15.776319734012624
54520,Pamplonita,Female,2016,1.8261923908668964
54553,Puerto Santander,Female,2016,4.6004425652240615
54599,Ragonvalia,Female,2016,2.061743427272553
54660,Salazar,Female,2016,3.677187968085308
54670,San Calixto,Female,2016,4.835412654998417
54673,San Cayetano,Female,2016,2.3944061921701394
54680,Santiago,Female,2016,1.2881023476139277
54720,Sardinata,Female,2016,9.151924052373172
54743,Silos,Female,2016,2.2310837102128884
54800,Teorama,Female,2016,6.523988961718491
54810,Tibú,Female,2016,22.472842623661364
54820,Toledo,Female,2016,5.7157749834932154
54871,Villa Caro,Female,2016,2.088959522707693
54874,Villa Del Rosario,Female,2016,34.98129099986652
63001,Armenia,Female,2016,117.93917839148249
63111,Buenavista,Female,2016,0.9851888802415381
63130,Calarcá,Female,2016,27.65697586655132
63190,Circasia,Female,2016,9.321349902580806
63212,Córdoba,Female,2016,1.9188111224888127
63272,Filandia,Female,2016,3.9467260139032567
63302,Génova,Female,2016,2.9789522799902146
63401,La Tebaida,Female,2016,15.34947833055636
63470,Montenegro,Female,2016,18.71987223480402
63548,Pijao,Female,2016,2.438986916432237
63594,Quimbaya,Female,2016,11.01461545781632
63690,Salento,Female,2016,2.8700242766032638
66001,Pereira,Female,2016,172.62607570081752
66045,Apía,Female,2016,4.854787268569244
66075,Balboa,Female,2016,2.3262442564261003
66088,Belén De Umbría,Female,2016,9.55773835036156
66170,Dosquebradas,Female,2016,71.18530941952443
66318,Guática,Female,2016,4.629333201704451
66383,La Celia,Female,2016,3.28606707754662
66400,La Virginia,Female,2016,17.79665895334322
66440,Marsella,Female,2016,6.262430283175815
66456,Mistrató,Female,2016,6.643392997397201
66572,Pueblo Rico,Female,2016,6.754788640652062
66594,Quinchía,Female,2016,10.710918811545696
66682,Santa Rosa De Cabal,Female,2016,26.618022300492807
66687,Santuario,Female,2016,4.944129009218125
68001,Bucaramanga,Female,2016,200.892048251083
68013,Aguada,Female,2016,0.8606693673978367
68020,Albania,Female,2016,1.5536976448954989
68051,Aratoca,Female,2016,3.049353563003325
68077,Barbosa,Female,2016,10.402652765484605
68079,Barichara,Female,2016,3.3181682940557926
68081,Barrancabermeja,Female,2016,82.85827851703
68092,Betulia,Female,2016,2.161218999109481
68101,Bolívar,Female,2016,4.315255124114624
68121,Cabrera,Female,2016,0.6929538085260353
68132,California,Female,2016,0.5886284098842544
68147,Capitanejo,Female,2016,2.1025515740208482
68152,Carcasí,Female,2016,1.8849021950670317
68160,Cepitá,Female,2016,0.6925629788015206
68162,Cerrito,Female,2016,2.4191288369431994
68167,Charalá,Female,2016,3.9282034366388006
68169,Charta,Female,2016,0.9473935371823428
68176,Chima,Female,2016,1.0666622407836275
68179,Chipatá,Female,2016,1.8515669862313864
68190,Cimitarra,Female,2016,12.130372622801172
68207,Concepción,Female,2016,2.079427855030295
68209,Confines,Female,2016,0.9797389541186722
68211,Contratación,Female,2016,1.2700828828550297
68217,Coromoro,Female,2016,3.101497268564719
68229,Curití,Female,2016,4.487482911951156
68235,El Carmen De Chucuri,Female,2016,9.201430456762896
68245,El Guacamayo,Female,2016,0.7720426518145295
68250,El Peñón,Female,2016,2.067847044432809
68255,El Playón,Female,2016,5.270750245407637
68264,Encino,Female,2016,0.8178875325944203
68266,Enciso,Female,2016,1.3188428135519263
68271,Florián,Female,2016,2.4343647708213827
68276,Floridablanca,Female,2016,92.36132693189307
68296,Galán,Female,2016,1.0006398260908336
68298,Gámbita,Female,2016,1.542027172865844
68307,Girón,Female,2016,49.081822783098836
68318,Guaca,Female,2016,2.5713270188408623
68320,Guadalupe,Female,2016,1.6826228093692381
68322,Guapotá,Female,2016,0.703093111012933
68324,Guavatá,Female,2016,1.5925924933941262
68327,Güepsa,Female,2016,1.6867675273515756
68344,Hato,Female,2016,0.9325682311401359
68368,Jesús María,Female,2016,1.2388126305632492
68370,Jordán,Female,2016,0.5455528818618576
68377,La Belleza,Female,2016,2.28395252889224
68385,Landázuri,Female,2016,4.492932400528193
68397,La Paz,Female,2016,1.6834163950866872
68406,Lebrija,Female,2016,13.643301459152557
68418,Los Santos,Female,2016,5.24059965618824
68425,Macaravita,Female,2016,0.8815788765763346
68432,Málaga,Female,2016,6.928731997437986
68444,Matanza,Female,2016,1.7926573917377346
68464,Mogotes,Female,2016,4.114622903730246
68468,Molagavita,Female,2016,1.72641013052912
68498,Ocamonte,Female,2016,1.9386986709806862
68500,Oiba,Female,2016,3.7871291716489
68502,Onzaga,Female,2016,1.6130392743187345
68522,Palmar,Female,2016,0.496868395732925
68524,Palmas Del Socorro,Female,2016,0.8130435534558783
68533,Páramo,Female,2016,1.5504360905266974
68547,Piedecuesta,Female,2016,53.580222785986514
68549,Pinchote,Female,2016,1.6688237313355097
68572,Puente Nacional,Female,2016,4.657534075699921
68573,Puerto Parra,Female,2016,2.4854218920902085
68575,Puerto Wilches,Female,2016,11.60665064046849
68615,Rionegro,Female,2016,9.169015056583124
68655,Sabana De Torres,Female,2016,11.478979501746885
68669,San Andrés,Female,2016,3.3333549412785075
68673,San Benito,Female,2016,1.1136711778673498
68679,San Gil,Female,2016,17.706900878348904
68682,San Joaquín,Female,2016,0.7828324017107096
68684,San José De Miranda,Female,2016,1.6941185038287438
68686,San Miguel,Female,2016,0.833863197275938
68689,San Vicente De Chucurí,Female,2016,11.550509924216842
68705,Santa Bárbara,Female,2016,0.9882150294969922
68720,Santa Helena Del Opón,Female,2016,1.293237170682533
68745,Simacota,Female,2016,3.6023641449318595
68755,Socorro,Female,2016,11.16029249866643
68770,Suaita,Female,2016,3.570545528839506
68773,Sucre,Female,2016,2.767062286364734
68780,Suratá,Female,2016,1.5562989288863207
68820,Tona,Female,2016,2.6074027041340377
68855,Valle De San José,Female,2016,2.0826054629084205
68861,Vélez,Female,2016,8.132359064012409
68867,Vetas,Female,2016,0.7417191650500508
68872,Villanueva,Female,2016,2.661482937574501
68895,Zapatoca,Female,2016,2.9507790304766948
70001,Sincelejo,Female,2016,109.93659949399854
70110,Buenavista,Female,2016,3.9228106734503165
70124,Caimito,Female,2016,5.810706302392432
70204,Colosó,Female,2016,3.598912550786372
70215,Corozal,Female,2016,24.105282316607656
70221,Coveñas,Female,2016,4.777829407880254
70230,Chalán,Female,2016,2.007888619480724
70233,El Roble,Female,2016,4.349483792122868
70235,Galeras,Female,2016,7.735740055139485
70265,Guaranda,Female,2016,7.248627136220414
70400,La Unión,Female,2016,4.955444766562727
70418,Los Palmitos,Female,2016,8.19957936368269
70429,Majagual,Female,2016,15.01879684779025
70473,Morroa,Female,2016,5.604263135214398
70508,Ovejas,Female,2016,8.897169491051129
70523,Palmito,Female,2016,5.641930792656741
70670,Sampués,Female,2016,18.56003950529449
70678,San Benito Abad,Female,2016,11.681951342468007
70702,San Juan De Betulia,Female,2016,5.109497091970331
70708,San Marcos,Female,2016,24.11550974696923
70713,San Onofre,Female,2016,20.839787752800973
70717,San Pedro,Female,2016,7.161402090141036
70742,San Luis De Sincé,Female,2016,12.125633065972899
70771,Sucre,Female,2016,11.601228393655143
70820,Santiago De Tolú,Female,2016,11.70136715099539
70823,San José De Toluviejo,Female,2016,7.939309124071359
73001,Ibagué,Female,2016,180.42255335289968
73024,Alpujarra,Female,2016,1.5602044048314767
73026,Alvarado,Female,2016,3.2284936351198814
73030,Ambalema,Female,2016,2.2413624805163
73043,Anzoátegui,Female,2016,3.927319939091944
73055,Armero,Female,2016,4.20466288710708
73067,Ataco,Female,2016,7.6844596081353265
73124,Cajamarca,Female,2016,6.986879013962164
73148,Carmen De Apicalá,Female,2016,3.199963093104159
73152,Casabianca,Female,2016,2.1974407379146865
73168,Chaparral,Female,2016,20.150850613691244
73200,Coello,Female,2016,2.8486847810844624
73217,Coyaima,Female,2016,8.951454326952755
73226,Cunday,Female,2016,2.9931455837007244
73236,Dolores,Female,2016,2.7537792443179
73268,Espinal,Female,2016,25.465529491795454
73270,Falan,Female,2016,2.7165600228024016
73275,Flandes,Female,2016,9.344968575471265
73283,Fresno,Female,2016,11.644893154722043
73319,Guamo,Female,2016,12.280790093717817
73347,Herveo,Female,2016,3.2280290837178764
73349,Honda,Female,2016,10.836470512040231
73352,Icononzo,Female,2016,3.8776938566983272
73408,Lérida,Female,2016,7.611405058628321
73411,Líbano,Female,2016,14.866393829091098
73443,San Sebastián De Mariquita,Female,2016,12.761921882561111
73449,Melgar,Female,2016,12.450171639539525
73461,Murillo,Female,2016,1.7435019857971796
73483,Natagaima,Female,2016,6.660972591059022
73504,Ortega,Female,2016,12.80869599981304
73520,Palocabildo,Female,2016,3.588479020255573
73547,Piedras,Female,2016,2.0549324649340694
73555,Planadas,Female,2016,9.936799566226027
73563,Prado,Female,2016,3.1234859853035553
73585,Purificación,Female,2016,8.180587832370284
73616,Rioblanco,Female,2016,8.630093190574296
73622,Roncesvalles,Female,2016,2.0516284691941213
73624,Rovira,Female,2016,10.54751695446218
73671,Saldaña,Female,2016,5.580110316865322
73675,San Antonio,Female,2016,4.938207876442942
73678,San Luis,Female,2016,4.855056592162484
73686,Santa Isabel,Female,2016,2.250865197974243
73770,Suárez,Female,2016,1.4991444762105723
73854,Valle De San Juan,Female,2016,1.793831460738603
73861,Venadillo,Female,2016,4.575505304770646
73870,Villahermosa,Female,2016,3.8226646983753136
73873,Villarrica,Female,2016,1.7465200590036045
76001,Cali,Female,2016,816.9887936196375
76020,Alcalá,Female,2016,6.657823043119011
76036,Andalucía,Female,2016,7.363058919399083
76041,Ansermanuevo,Female,2016,6.619113182964536
76054,Argelia,Female,2016,1.742201423808209
76100,Bolívar,Female,2016,5.005464896526543
76109,Buenaventura,Female,2016,113.04715231460625
76111,Guadalajara De Buga,Female,2016,43.822821447652885
76113,Bugalagrande,Female,2016,8.99920673667332
76122,Caicedonia,Female,2016,15.485051182340968
76126,Calima,Female,2016,6.479617158430461
76130,Candelaria,Female,2016,30.86403086668686
76147,Cartago,Female,2016,49.31283759608189
76233,Dagua,Female,2016,15.393852906180708
76243,El Águila,Female,2016,3.422633414294153
76246,El Cairo,Female,2016,2.301534696547993
76248,El Cerrito,Female,2016,18.040037307951085
76250,El Dovio,Female,2016,4.706666638826272
76275,Florida,Female,2016,19.467237048440953
76306,Ginebra,Female,2016,6.746704661278472
76318,Guacarí,Female,2016,12.34534329114522
76364,Jamundí,Female,2016,49.51416870241986
76377,La Cumbre,Female,2016,4.9565187707471745
76400,La Unión,Female,2016,12.392724114705201
76403,La Victoria,Female,2016,4.57635796230543
76497,Obando,Female,2016,4.917168140066499
76520,Palmira,Female,2016,112.87652846328537
76563,Pradera,Female,2016,17.966320284115888
76606,Restrepo,Female,2016,7.305081066148939
76616,Riofrío,Female,2016,4.88892800005175
76622,Roldanillo,Female,2016,13.340031173579362
76670,San Pedro,Female,2016,5.329701910425574
76736,Sevilla,Female,2016,14.486510991624282
76823,Toro,Female,2016,6.293861467443117
76828,Trujillo,Female,2016,6.42018003279157
76834,Tuluá,Female,2016,68.5265906085173
76845,Ulloa,Female,2016,1.650844526146276
76863,Versalles,Female,2016,2.597195724296986
76869,Vijes,Female,2016,3.708533323927636
76890,Yotoco,Female,2016,4.879258762666295
76892,Yumbo,Female,2016,36.28693890315407
76895,Zarzal,Female,2016,13.501554624429296
81001,Arauca,Female,2016,30.810390014703934
81065,Arauquita,Female,2016,17.070254334331178
81220,Cravo Norte,Female,2016,1.459830484275246
81300,Fortul,Female,2016,8.294082701914109
81591,Puerto Rondón,Female,2016,1.6644033986446463
81736,Saravena,Female,2016,22.581761828008755
81794,Tame,Female,2016,24.493752410278628
85001,Yopal,Female,2016,57.63807404725436
85010,Aguazul,Female,2016,12.846227514966884
85015,Chámeza,Female,2016,0.8904533021744794
85125,Hato Corozal,Female,2016,4.905982617208559
85136,La Salina,Female,2016,0.4914141262053273
85139,Maní,Female,2016,5.484277451757348
85162,Monterrey,Female,2016,5.82912335457133
85225,Nunchía,Female,2016,3.4031986908175416
85230,Orocué,Female,2016,3.944481035142729
85250,Paz De Ariporo,Female,2016,13.08884690462403
85263,Pore,Female,2016,4.41687751711965
85279,Recetor,Female,2016,0.6234914464185732
85300,Sabanalarga,Female,2016,1.2603576215237586
85315,Sácama,Female,2016,0.6770884450948053
85325,San Luis De Palenque,Female,2016,2.677114203201559
85400,Támara,Female,2016,2.3464919741771393
85410,Tauramena,Female,2016,7.357683102527897
85430,Trinidad,Female,2016,4.643179957820073
85440,Villanueva,Female,2016,11.454564265880482
86001,Mocoa,Female,2016,18.442057527862413
86219,Colón,Female,2016,2.027008052942713
86320,Orito,Female,2016,13.97781002334361
86568,Puerto Asís,Female,2016,25.507323983868094
86569,Puerto Caicedo,Female,2016,5.531130658036788
86571,Puerto Guzmán,Female,2016,13.184727253597794
86573,Puerto Leguízamo,Female,2016,9.423559254693025
86749,Sibundoy,Female,2016,5.272825429048403
86755,San Francisco,Female,2016,1.7691723194784859
86757,San Miguel,Female,2016,6.988023010941735
86760,Santiago,Female,2016,2.647276738607676
86865,Valle Del Guamuez,Female,2016,13.76805485207233
86885,Villagarzón,Female,2016,8.058926237165345
88001,San Andrés,Female,2016,18.568647176448753
88564,Providencia,Female,2016,2.0008835964628995
91001,Leticia,Female,2016,18.49311762264848
91263,El Encanto,Female,2016,0.747594490706209
91405,La Chorrera,Female,2016,0.9229594945881346
91407,La Pedrera,Female,2016,1.588461941539198
91430,La Victoria,Female,2016,0.3171944139297578
91460,Mirití - Paraná,Female,2016,0.7709248883780176
91530,Puerto Alegría,Female,2016,0.34236488942023086
91536,Puerto Arica,Female,2016,0.45959735343882774
91540,Puerto Nariño,Female,2016,3.612573542511513
91669,Puerto Santander,Female,2016,0.6244903076538608
91798,Tarapacá,Female,2016,1.6020695557183697
94001,Inírida,Female,2016,12.335606346184692
94343,Barrancominas,Female,2016,1.861199362160224
94883,San Felipe,Female,2016,0.5154457916356628
94884,Puerto Colombia,Female,2016,0.6035325888967102
94885,La Guadalupe,Female,2016,0.060300986541835126
94886,Cacahual,Female,2016,0.2695479208505299
94887,Pana Pana,Female,2016,0.6487439585594711
94888,Morichal,Female,2016,0.29661124533189864
95001,San José Del Guaviare,Female,2016,18.789696787044274
95015,Calamar,Female,2016,3.1555365969771016
95025,El Retorno,Female,2016,4.599180214361229
95200,Miraflores,Female,2016,2.207239438701187
97001,Mitú,Female,2016,10.81761253873926
97161,Carurú,Female,2016,1.1916021769279375
97511,Pacoa,Female,2016,1.1776479643852822
97666,Taraira,Female,2016,0.8091242714359839
97777,Papunahua,Female,2016,0.2774442351639815
97889,Yavaraté,Female,2016,0.3229312138345347
99001,Puerto Carreño,Female,2016,8.428439859636123
99524,La Primavera,Female,2016,4.84827291117145
99624,Santa Rosalía,Female,2016,1.5055403393707558
99773,Cumaribo,Female,2016,27.337632375828534
5001,Medellín,Male,2016,1953.165354291609
5002,Abejorral,Male,2016,24.37068716590104
5004,Abriaquí,Male,2016,2.7926466710204365
5021,Alejandría,Male,2016,4.509410921343642
5030,Amagá,Male,2016,27.874952626340132
5031,Amalfi,Male,2016,26.520788767995114
5034,Andes,Male,2016,50.48946483335615
5036,Angelópolis,Male,2016,8.158956633429984
5038,Angostura,Male,2016,13.505592853768581
5040,Anorí,Male,2016,20.665327130367835
5042,Santa Fé De Antioquia,Male,2016,35.05158232468165
5044,Anzá,Male,2016,8.420473622599562
5045,Apartadó,Male,2016,142.39452784949913
5051,Arboletes,Male,2016,32.162377871792344
5055,Argelia,Male,2016,9.096846688109473
5059,Armenia,Male,2016,5.832737121818931
5079,Barbosa,Male,2016,48.371189869021585
5086,Belmira,Male,2016,7.574340174401803
5088,Bello,Male,2016,419.2938968993799
5091,Betania,Male,2016,13.09591716223686
5093,Betulia,Male,2016,20.924529875362772
5101,Ciudad Bolívar,Male,2016,32.89427635616865
5107,Briceño,Male,2016,14.19567882604518
5113,Buriticá,Male,2016,10.860689386693906
5120,Cáceres,Male,2016,33.11826106850765
5125,Caicedo,Male,2016,10.082329363497545
5129,Caldas,Male,2016,67.89463609596963
5134,Campamento,Male,2016,11.008664677003168
5138,Cañasgordas,Male,2016,17.12950312938744
5142,Caracolí,Male,2016,5.126430464672116
5145,Caramanta,Male,2016,5.311347128525724
5147,Carepa,Male,2016,49.189790209451985
5148,El Carmen De Viboral,Male,2016,49.05067421313973
5150,Carolina,Male,2016,4.027404598628571
5154,Caucasia,Male,2016,100.20420074897794
5172,Chigorodó,Male,2016,76.07855290631159
5190,Cisneros,Male,2016,12.647239473245662
5197,Cocorná,Male,2016,16.408696799437774
5206,Concepción,Male,2016,5.079940169299561
5209,Concordia,Male,2016,25.402517984967403
5212,Copacabana,Male,2016,64.01439749130607
5234,Dabeiba,Male,2016,23.773418101683305
5237,Donmatías,Male,2016,16.48095331990333
5240,Ebéjico,Male,2016,13.908843372435207
5250,El Bagre,Male,2016,65.8056337276092
5264,Entrerríos,Male,2016,10.651604330162659
5266,Envigado,Male,2016,184.20499474963339
5282,Fredonia,Male,2016,25.660921525219
5284,Frontino,Male,2016,20.953147266646017
5306,Giraldo,Male,2016,5.376968775225585
5308,Girardota,Male,2016,43.04434740861888
5310,Gómez Plata,Male,2016,10.178698859345026
5313,Granada,Male,2016,10.44937448580357
5315,Guadalupe,Male,2016,7.127677687061659
5318,Guarne,Male,2016,46.577598224372
5321,Guatapé,Male,2016,6.662877438110207
5347,Heliconia,Male,2016,6.837608516907792
5353,Hispania,Male,2016,5.7058721417788885
5360,Itagüí,Male,2016,225.31921676844235
5361,Ituango,Male,2016,48.75794454041718
5364,Jardín,Male,2016,15.085925418691062
5368,Jericó,Male,2016,13.63046216882122
5376,La Ceja,Male,2016,52.3359939362635
5380,La Estrella,Male,2016,58.66686686103641
5390,La Pintada,Male,2016,14.380895558835663
5400,La Unión,Male,2016,19.636689518160974
5411,Liborina,Male,2016,11.65677971652844
5425,Maceo,Male,2016,8.333678736968235
5440,Marinilla,Male,2016,51.18426654584129
5467,Montebello,Male,2016,8.029224416370116
5475,Murindó,Male,2016,4.876409541807822
5480,Mutatá,Male,2016,38.54914041288014
5483,Nariño,Male,2016,12.237186373831937
5490,Necoclí,Male,2016,46.27142976990958
5495,Nechí,Male,2016,28.298805545453202
5501,Olaya,Male,2016,3.0602646562833566
5541,Peñol,Male,2016,19.147538045800655
5543,Peque,Male,2016,9.089380878858918
5576,Pueblorrico,Male,2016,9.626402438739566
5579,Puerto Berrío,Male,2016,64.59019227645351
5585,Puerto Nare,Male,2016,15.001122175745602
5591,Puerto Triunfo,Male,2016,21.504767600775228
5604,Remedios,Male,2016,28.553496346631448
5607,Retiro,Male,2016,19.477733849758625
5615,Rionegro,Male,2016,110.61105328625565
5628,Sabanalarga,Male,2016,10.446221589056703
5631,Sabaneta,Male,2016,67.03458309094654
5642,Salgar,Male,2016,22.35373543652924
5647,San Andrés De Cuerquía,Male,2016,10.338234439817853
5649,San Carlos,Male,2016,15.967401858157368
5652,San Francisco,Male,2016,5.871651174606098
5656,San Jerónimo,Male,2016,14.830996487748735
5658,San José De La Montaña,Male,2016,4.988835637568703
5659,San Juan De Urabá,Male,2016,21.26820650793738
5660,San Luis,Male,2016,14.296840539582067
5664,San Pedro De Los Milagros,Male,2016,25.89360965991228
5665,San Pedro De Urabá,Male,2016,35.189912906610616
5667,San Rafael,Male,2016,16.36363010804111
5670,San Roque,Male,2016,22.973594497299544
5674,San Vicente Ferrer,Male,2016,22.424236090003774
5679,Santa Bárbara,Male,2016,26.54431131697004
5686,Santa Rosa De Osos,Male,2016,34.45595480394507
5690,Santo Domingo,Male,2016,14.31213385255332
5697,El Santuario,Male,2016,27.662968546840805
5736,Segovia,Male,2016,61.83442152471007
5756,Sonsón,Male,2016,38.252636909517754
5761,Sopetrán,Male,2016,18.826085843680055
5789,Támesis,Male,2016,18.626776869651863
5790,Tarazá,Male,2016,62.468152273045135
5792,Tarso,Male,2016,6.984685872879312
5809,Titiribí,Male,2016,10.884735853684033
5819,Toledo,Male,2016,8.442091479896707
5837,Turbo,Male,2016,185.9378487022785
5842,Uramita,Male,2016,8.06641870594456
5847,Urrao,Male,2016,35.752819101639645
5854,Valdivia,Male,2016,32.729349023681905
5856,Valparaíso,Male,2016,7.688678029627092
5858,Vegachí,Male,2016,12.7476038187876
5861,Venecia,Male,2016,13.6001825009867
5873,Vigía Del Fuerte,Male,2016,8.67578999015102
5885,Yalí,Male,2016,8.74039010184551
5887,Yarumal,Male,2016,44.622239740535086
5890,Yolombó,Male,2016,25.204665301625003
5893,Yondó,Male,2016,19.386113139727172
5895,Zaragoza,Male,2016,28.247003146916605
8001,Barranquilla,Male,2016,1248.1490439632241
8078,Baranoa,Male,2016,58.91684661868969
8137,Campo De La Cruz,Male,2016,27.785906689762307
8141,Candelaria,Male,2016,17.192230673647458
8296,Galapa,Male,2016,48.89116886399712
8372,Juan De Acosta,Male,2016,21.167234686920935
8421,Luruaco,Male,2016,31.450864571671517
8433,Malambo,Male,2016,110.17593406832437
8436,Manatí,Male,2016,19.575697980029876
8520,Palmar De Varela,Male,2016,28.218634767625403
8549,Piojó,Male,2016,7.385963860699715
8558,Polonuevo,Male,2016,17.07087006545626
8560,Ponedera,Male,2016,24.934036667533068
8573,Puerto Colombia,Male,2016,37.91309490114176
8606,Repelón,Male,2016,28.206406345819264
8634,Sabanagrande,Male,2016,30.08286009713276
8638,Sabanalarga,Male,2016,87.15783241372169
8675,Santa Lucía,Male,2016,15.596258152416336
8685,Santo Tomás,Male,2016,26.232091350849803
8758,Soledad,Male,2016,464.67775140157494
8770,Suan,Male,2016,11.761655396604315
8832,Tubará,Male,2016,17.252920714178643
8849,Usiacurí,Male,2016,12.204086583010406
11001,"Bogotá, D.C.",Male,2016,6002.81692817611
13001,Cartagena De Indias,Male,2016,909.2775874379694
13006,Achí,Male,2016,29.96725943800867
13030,Altos Del Rosario,Male,2016,13.327732265286846
13042,Arenal,Male,2016,9.98304164427927
13052,Arjona,Male,2016,73.96330963480729
13062,Arroyohondo,Male,2016,10.457034677321005
13074,Barranco De Loba,Male,2016,17.892298711499155
13140,Calamar,Male,2016,26.96664814966253
13160,Cantagallo,Male,2016,9.486859625273578
13188,Cicuco,Male,2016,14.996223237487165
13212,Córdoba,Male,2016,21.009578543402046
13222,Clemencia,Male,2016,17.631747755144445
13244,El Carmen De Bolívar,Male,2016,86.70019499703928
13248,El Guamo,Male,2016,11.46956285982537
13268,El Peñón,Male,2016,9.691984990285414
13300,Hatillo De Loba,Male,2016,15.961948620298456
13430,Magangué,Male,2016,142.52597369961737
13433,Mahates,Male,2016,31.466470411896015
13440,Margarita,Male,2016,13.19609311870969
13442,María La Baja,Male,2016,52.03089574795663
13458,Montecristo,Male,2016,22.108816898196032
13468,Mompós,Male,2016,45.996020356048284
13473,Morales,Male,2016,26.37277674624603
13490,Norosí,Male,2016,4.995418746892984
13549,Pinillos,Male,2016,29.81879490987881
13580,Regidor,Male,2016,6.943184519146321
13600,Río Viejo,Male,2016,13.499405056096393
13620,San Cristóbal,Male,2016,8.675455646610041
13647,San Estanislao,Male,2016,20.09782222016667
13650,San Fernando,Male,2016,14.354228357133012
13654,San Jacinto,Male,2016,30.222267109391048
13655,San Jacinto Del Cauca,Male,2016,12.72313640330126
13657,San Juan Nepomuceno,Male,2016,45.83867587502804
13667,San Martín De Loba,Male,2016,18.710251721019645
13670,San Pablo,Male,2016,35.42403759222976
13673,Santa Catalina,Male,2016,15.884272188275023
13683,Santa Rosa,Male,2016,23.784384093045897
13688,Santa Rosa Del Sur,Male,2016,34.77935923881268
13744,Simití,Male,2016,21.683019233583924
13760,Soplaviento,Male,2016,10.922556949550358
13780,Talaigua Nuevo,Male,2016,14.214405123424264
13810,Tiquisio,Male,2016,22.30446491197851
13836,Turbaco,Male,2016,95.13777991710367
13838,Turbaná,Male,2016,17.908625370136892
13873,Villanueva,Male,2016,27.558707281373444
13894,Zambrano,Male,2016,15.241722745167722
15001,Tunja,Male,2016,143.63978668188102
15022,Almeida,Male,2016,2.7445851345486947
15047,Aquitania,Male,2016,16.65704958786841
15051,Arcabuco,Male,2016,5.323123008673324
15087,Belén,Male,2016,7.328111655524004
15090,Berbeo,Male,2016,1.7749892784148928
15092,Betéitiva,Male,2016,2.106695625318448
15097,Boavita,Male,2016,6.154392884364769
15104,Boyacá,Male,2016,7.67946996512452
15106,Briceño,Male,2016,2.7946102137959654
15109,Buenavista,Male,2016,5.485685632315423
15114,Busbanzá,Male,2016,1.0733067742171318
15131,Caldas,Male,2016,3.6231305041041457
15135,Campohermoso,Male,2016,3.8478218594701707
15162,Cerinza,Male,2016,3.5629946761341533
15172,Chinavita,Male,2016,3.6350011372246196
15176,Chiquinquirá,Male,2016,55.04158108181412
15180,Chiscas,Male,2016,5.196745499451823
15183,Chita,Male,2016,10.388612455772407
15185,Chitaraque,Male,2016,11.799384889537492
15187,Chivatá,Male,2016,2.8617609586658945
15189,Ciénega,Male,2016,5.049911743695461
15204,Cómbita,Male,2016,21.691165188411954
15212,Coper,Male,2016,4.496394956820278
15215,Corrales,Male,2016,2.5722901670244864
15218,Covarachía,Male,2016,3.885957621232949
15223,Cubará,Male,2016,10.469981598859937
15224,Cucaita,Male,2016,4.470437201527738
15226,Cuítiva,Male,2016,1.955505277697527
15232,Chíquiza,Male,2016,5.592994066394482
15236,Chivor,Male,2016,3.2677764535565097
15238,Duitama,Male,2016,103.40078233338531
15244,El Cocuy,Male,2016,6.375460111915417
15248,El Espino,Male,2016,2.9579968401408214
15272,Firavitoba,Male,2016,5.366983415636095
15276,Floresta,Male,2016,3.4356411991140297
15293,Gachantivá,Male,2016,3.6471922890799893
15296,Gámeza,Male,2016,5.32170738857849
15299,Garagoa,Male,2016,15.6672962509039
15317,Guacamayas,Male,2016,1.6115826139181366
15322,Guateque,Male,2016,10.647736248148545
15325,Guayatá,Male,2016,3.8925662536821766
15332,Güicán De La Sierra,Male,2016,4.746571049685128
15362,Iza,Male,2016,1.7586234075408391
15367,Jenesano,Male,2016,9.343378904425379
15368,Jericó,Male,2016,5.615416761407819
15377,Labranzagrande,Male,2016,5.5328945338874025
15380,La Capilla,Male,2016,2.5784199054660193
15401,La Victoria,Male,2016,1.3807286473610623
15403,La Uvita,Male,2016,3.897485917356369
15407,Villa De Leyva,Male,2016,13.261394852973803
15425,Macanal,Male,2016,4.741064205456588
15442,Maripí,Male,2016,9.34817952715689
15455,Miraflores,Male,2016,8.403078521236282
15464,Mongua,Male,2016,4.967853518102393
15466,Monguí,Male,2016,3.95173298894177
15469,Moniquirá,Male,2016,23.46655187703791
15476,Motavita,Male,2016,6.055539178038941
15480,Muzo,Male,2016,11.594243489286043
15491,Nobsa,Male,2016,12.23017930340529
15494,Nuevo Colón,Male,2016,6.11768498004986
15500,Oicatá,Male,2016,2.510655962086951
15507,Otanche,Male,2016,9.75195709539417
15511,Pachavita,Male,2016,2.857738204720126
15514,Páez,Male,2016,3.7139031940208937
15516,Paipa,Male,2016,28.147669993025122
15518,Pajarito,Male,2016,2.2985104911823386
15522,Panqueba,Male,2016,1.8734176100705053
15531,Pauna,Male,2016,9.101029164969237
15533,Paya,Male,2016,3.6132337264585157
15537,Paz De Río,Male,2016,3.8985799184819463
15542,Pesca,Male,2016,6.988135255264217
15550,Pisba,Male,2016,2.194044404495519
15572,Puerto Boyacá,Male,2016,55.291108658911845
15580,Quípama,Male,2016,7.705043566875617
15599,Ramiriquí,Male,2016,11.332221471169149
15600,Ráquira,Male,2016,8.220236200132943
15621,Rondón,Male,2016,2.624974438621514
15632,Saboyá,Male,2016,13.669313237676473
15638,Sáchica,Male,2016,4.889228026461355
15646,Samacá,Male,2016,22.02204291179634
15660,San Eduardo,Male,2016,2.0310771224176207
15664,San José De Pare,Male,2016,6.402333535213332
15667,San Luis De Gaceno,Male,2016,6.084742536362432
15673,San Mateo,Male,2016,4.829617264308233
15676,San Miguel De Sema,Male,2016,3.0083573830241463
15681,San Pablo De Borbur,Male,2016,9.045552833393138
15686,Santana,Male,2016,11.812657250444083
15690,Santa María,Male,2016,4.029764259589445
15693,Santa Rosa De Viterbo,Male,2016,11.647363592784519
15696,Santa Sofía,Male,2016,2.9998641574674156
15720,Sativanorte,Male,2016,3.101037440179028
15723,Sativasur,Male,2016,1.0622705770887892
15740,Siachoque,Male,2016,7.781249221120468
15753,Soatá,Male,2016,7.681635423986218
15755,Socotá,Male,2016,9.343725097097536
15757,Socha,Male,2016,7.555624857232063
15759,Sogamoso,Male,2016,109.09825974089705
15761,Somondoco,Male,2016,3.4477905204722865
15762,Sora,Male,2016,3.6862012774398725
15763,Sotaquirá,Male,2016,8.581869508107424
15764,Soracá,Male,2016,6.349639046474472
15774,Susacón,Male,2016,2.9810366945349553
15776,Sutamarchán,Male,2016,5.944659442135909
15778,Sutatenza,Male,2016,4.637602552461418
15790,Tasco,Male,2016,5.835002090387165
15798,Tenza,Male,2016,4.360692168718266
15804,Tibaná,Male,2016,10.172377588229367
15806,Tibasosa,Male,2016,9.850954911245882
15808,Tinjacá,Male,2016,3.1684799823042664
15810,Tipacoque,Male,2016,3.725905589808546
15814,Toca,Male,2016,8.511816577507886
15816,Togüí,Male,2016,5.519262123441164
15820,Tópaga,Male,2016,3.292030782783479
15822,Tota,Male,2016,5.876767534585937
15832,Tununguá,Male,2016,1.8023838521295574
15835,Turmequé,Male,2016,7.282170618299716
15837,Tuta,Male,2016,7.536031794656458
15839,Tutazá,Male,2016,1.9219079798346668
15842,Úmbita,Male,2016,9.224519026446776
15861,Ventaquemada,Male,2016,14.41968120019757
15879,Viracachá,Male,2016,3.938300611778976
15897,Zetaquira,Male,2016,5.721203490546737
17001,Manizales,Male,2016,356.30502180147425
17013,Aguadas,Male,2016,23.89632767736062
17042,Anserma,Male,2016,38.298007616028016
17050,Aranzazu,Male,2016,11.536466745820379
17088,Belalcázar,Male,2016,12.168235865805698
17174,Chinchiná,Male,2016,58.594245579146985
17272,Filadelfia,Male,2016,13.079476096605683
17380,La Dorada,Male,2016,80.7086963621161
17388,La Merced,Male,2016,6.820810339688047
17433,Manzanares,Male,2016,20.164022979588303
17442,Marmato,Male,2016,13.389220718204868
17444,Marquetalia,Male,2016,14.962280677864147
17446,Marulanda,Male,2016,2.846465763385264
17486,Neira,Male,2016,23.811906776804747
17495,Norcasia,Male,2016,6.72727968862646
17513,Pácora,Male,2016,17.296913214089887
17524,Palestina,Male,2016,16.279303208667425
17541,Pensilvania,Male,2016,22.310860471184114
17614,Riosucio,Male,2016,50.580289693349044
17616,Risaralda,Male,2016,13.353992857192425
17653,Salamina,Male,2016,20.4998584527279
17662,Samaná,Male,2016,23.484026679896832
17665,San José,Male,2016,6.216005519422596
17777,Supía,Male,2016,27.791118297203028
17867,Victoria,Male,2016,10.520777445489074
17873,Villamaría,Male,2016,55.570751410199144
17877,Viterbo,Male,2016,11.812897742503196
18001,Florencia,Male,2016,201.3054279924923
18029,Albania,Male,2016,5.139829366302284
18094,Belén De Los Andaquíes,Male,2016,11.718914169248247
18150,Cartagena Del Chairá,Male,2016,37.98243424610607
18205,Curillo,Male,2016,9.373208851257683
18247,El Doncello,Male,2016,19.812266237689137
18256,El Paujíl,Male,2016,18.119992495474946
18410,La Montañita,Male,2016,18.05275622441415
18460,Milán,Male,2016,10.84084154601637
18479,Morelia,Male,2016,4.055572430979685
18592,Puerto Rico,Male,2016,29.618530491458888
18610,San José Del Fragua,Male,2016,18.057526988014164
18753,San Vicente Del Caguán,Male,2016,63.51951568551869
18756,Solano,Male,2016,14.206904919651013
18785,Solita,Male,2016,7.479937928450501
18860,Valparaíso,Male,2016,8.262963373495817
19001,Popayán,Male,2016,267.63310677079994
19022,Almaguer,Male,2016,25.295638979598376
19050,Argelia,Male,2016,33.297300168535514
19075,Balboa,Male,2016,24.002388533573118
19100,Bolívar,Male,2016,50.11373990057687
19110,Buenos Aires,Male,2016,30.33441847975404
19130,Cajibío,Male,2016,50.53753344119501
19137,Caldono,Male,2016,41.71248094302632
19142,Caloto,Male,2016,27.75386131932189
19212,Corinto,Male,2016,36.72221622107349
19256,El Tambo,Male,2016,62.598465528837984
19290,Florencia,Male,2016,5.379896937738502
19300,Guachené,Male,2016,7.998065771036097
19318,Guapi,Male,2016,28.655693205973307
19355,Inzá,Male,2016,32.6277338057518
19364,Jambaló,Male,2016,17.03775126701961
19392,La Sierra,Male,2016,13.90053627163638
19397,La Vega,Male,2016,30.958838712538807
19418,López De Micay,Male,2016,22.166379478981955
19450,Mercaderes,Male,2016,26.330496985714117
19455,Miranda,Male,2016,27.383567721394478
19473,Morales,Male,2016,41.01304636523365
19513,Padilla,Male,2016,7.904365430936238
19517,Páez,Male,2016,51.79576839928225
19532,Patía,Male,2016,40.28748874231047
19533,Piamonte,Male,2016,8.870592041640847
19548,Piendamó - Tunía,Male,2016,38.13332569191074
19573,Puerto Tejada,Male,2016,53.299476870855706
19585,Puracé,Male,2016,17.180368645468153
19622,Rosas,Male,2016,13.263562987362427
19693,San Sebastián,Male,2016,13.285506990404945
19698,Santander De Quilichao,Male,2016,94.55418850871061
19701,Santa Rosa,Male,2016,7.652151170965685
19743,Silvia,Male,2016,36.043721200814275
19760,Sotará - Paispamba,Male,2016,13.665112282114286
19780,Suárez,Male,2016,32.95140530920817
19785,Sucre,Male,2016,13.525431186424639
19807,Timbío,Male,2016,36.20117315568377
19809,Timbiquí,Male,2016,28.671152223296694
19821,Toribío,Male,2016,34.167281206531385
19824,Totoró,Male,2016,26.08885082660219
19845,Villa Rica,Male,2016,16.645747543609644
20001,Valledupar,Male,2016,452.1215201596911
20011,Aguachica,Male,2016,100.89576139379623
20013,Agustín Codazzi,Male,2016,61.233793818099876
20032,Astrea,Male,2016,20.97962511963063
20045,Becerril,Male,2016,20.23183611975861
20060,Bosconia,Male,2016,38.261248682630516
20175,Chimichagua,Male,2016,33.252884542470106
20178,Chiriguaná,Male,2016,28.334039954996125
20228,Curumaní,Male,2016,35.5320944131841
20238,El Copey,Male,2016,29.982375450626577
20250,El Paso,Male,2016,32.576154795396285
20295,Gamarra,Male,2016,16.012524492530904
20310,González,Male,2016,5.856703724893791
20383,La Gloria,Male,2016,17.440723844989765
20400,La Jagua De Ibirico,Male,2016,37.92343948661255
20443,Manaure Balcón Del Cesar,Male,2016,10.092948437202683
20517,Pailitas,Male,2016,18.32655927761668
20550,Pelaya,Male,2016,21.07113201192419
20570,Pueblo Bello,Male,2016,27.69763495590049
20614,Río De Oro,Male,2016,19.123065014775886
20621,La Paz,Male,2016,26.066990437823264
20710,San Alberto,Male,2016,24.70925652366885
20750,San Diego,Male,2016,18.152494583641136
20770,San Martín,Male,2016,26.940739651127885
20787,Tamalameque,Male,2016,14.53879077483773
23001,Montería,Male,2016,438.72551980405365
23068,Ayapel,Male,2016,56.08050745898295
23079,Buenavista,Male,2016,24.62738285579256
23090,Canalete,Male,2016,20.322149418229603
23162,Cereté,Male,2016,104.76935399023604
23168,Chimá,Male,2016,22.985190623455775
23182,Chinú,Male,2016,55.86458675429129
23189,Ciénaga De Oro,Male,2016,70.61588519383685
23300,Cotorra,Male,2016,20.60654690969536
23350,La Apartada,Male,2016,17.097562196275074
23417,Lorica,Male,2016,121.15949041006388
23419,Los Córdobas,Male,2016,22.44972230363247
23464,Momil,Male,2016,20.945076976946083
23466,Montelíbano,Male,2016,77.35650160081194
23500,Moñitos,Male,2016,36.125936666488926
23555,Planeta Rica,Male,2016,66.51176178157687
23570,Pueblo Nuevo,Male,2016,40.644485977293705
23574,Puerto Escondido,Male,2016,31.054221131625717
23580,Puerto Libertador,Male,2016,47.51654160796087
23586,Purísima De La Concepción,Male,2016,19.779789126409216
23660,Sahagún,Male,2016,112.09294387561752
23670,San Andrés De Sotavento,Male,2016,66.23728966451759
23672,San Antero,Male,2016,34.92075862754466
23675,San Bernardo Del Viento,Male,2016,42.985288891165084
23678,San Carlos,Male,2016,33.61490972375831
23682,San José De Uré,Male,2016,6.564459206029526
23686,San Pelayo,Male,2016,59.53259205866357
23807,Tierralta,Male,2016,106.35479329398954
23815,Tuchín,Male,2016,30.840370379671068
23855,Valencia,Male,2016,39.835482424098
25001,Agua De Dios,Male,2016,11.14482385373437
25019,Albán,Male,2016,5.696368499899949
25035,Anapoima,Male,2016,12.624671461339497
25040,Anolaima,Male,2016,14.054833526855154
25053,Arbeláez,Male,2016,9.853774011957897
25086,Beltrán,Male,2016,1.9810281947907573
25095,Bituima,Male,2016,2.5016749677945316
25099,Bojacá,Male,2016,8.709307196538449
25120,Cabrera,Male,2016,5.196139447230024
25123,Cachipay,Male,2016,9.969111945430765
25126,Cajicá,Male,2016,59.11505273905122
25148,Caparrapí,Male,2016,15.098637556222403
25151,Cáqueza,Male,2016,18.149875342562236
25154,Carmen De Carupa,Male,2016,8.580094373830313
25168,Chaguaní,Male,2016,5.972070695473212
25175,Chía,Male,2016,110.81853018165245
25178,Chipaque,Male,2016,8.976645954311575
25181,Choachí,Male,2016,10.056781038659802
25183,Chocontá,Male,2016,26.82334235248675
25200,Cogua,Male,2016,18.555838251709858
25214,Cota,Male,2016,23.617870283647107
25224,Cucunubá,Male,2016,7.768853026548287
25245,El Colegio,Male,2016,21.982309099725107
25258,El Peñón,Male,2016,5.409914947963269
25260,El Rosal,Male,2016,17.011136149271078
25269,Facatativá,Male,2016,132.108778938871
25279,Fómeque,Male,2016,11.644607771757695
25281,Fosca,Male,2016,6.800535342092459
25286,Funza,Male,2016,71.25241298887038
25288,Fúquene,Male,2016,4.24078892107838
25290,Fusagasugá,Male,2016,129.84217325884103
25293,Gachalá,Male,2016,5.860422628065708
25295,Gachancipá,Male,2016,13.916010842288342
25297,Gachetá,Male,2016,11.41164807575114
25299,Gama,Male,2016,3.5164932650625955
25307,Girardot,Male,2016,151.38723318786953
25312,Granada,Male,2016,7.134399878472371
25317,Guachetá,Male,2016,12.886058409209705
25320,Guaduas,Male,2016,38.317765164884015
25322,Guasca,Male,2016,12.45056697602113
25324,Guataquí,Male,2016,2.7589071922112383
25326,Guatavita,Male,2016,9.100275242624496
25328,Guayabal De Síquima,Male,2016,4.313516253061262
25335,Guayabetal,Male,2016,5.838292142856094
25339,Gutiérrez,Male,2016,3.8675927227390043
25368,Jerusalén,Male,2016,2.731772646010075
25372,Junín,Male,2016,7.131659575272523
25377,La Calera,Male,2016,25.688835118781633
25386,La Mesa,Male,2016,35.07287483922868
25394,La Palma,Male,2016,10.720267880317962
25398,La Peña,Male,2016,7.948881593532702
25402,La Vega,Male,2016,15.858601567756894
25407,Lenguazaque,Male,2016,10.43769221695266
25426,Machetá,Male,2016,7.184817635719074
25430,Madrid,Male,2016,84.41438945243772
25436,Manta,Male,2016,3.9710498123697544
25438,Medina,Male,2016,8.785432236704027
25473,Mosquera,Male,2016,94.38204663240255
25483,Nariño,Male,2016,2.68097052128582
25486,Nemocón,Male,2016,12.66619607392415
25488,Nilo,Male,2016,9.27900181054354
25489,Nimaima,Male,2016,3.9526542312051713
25491,Nocaima,Male,2016,5.869815051040498
25506,Venecia,Male,2016,4.6538347875579955
25513,Pacho,Male,2016,27.642647026111817
25518,Paime,Male,2016,5.4665943571229425
25524,Pandi,Male,2016,4.999941595875749
25530,Paratebueno,Male,2016,13.115047625363871
25535,Pasca,Male,2016,9.331334519381148
25572,Puerto Salgar,Male,2016,15.857500937008306
25580,Pulí,Male,2016,3.8152372758926574
25592,Quebradanegra,Male,2016,5.086142874484132
25594,Quetame,Male,2016,6.779238396253305
25596,Quipile,Male,2016,7.788503602337923
25599,Apulo,Male,2016,7.691320291934321
25612,Ricaurte,Male,2016,10.441056310867422
25645,San Antonio Del Tequendama,Male,2016,10.255172443467718
25649,San Bernardo,Male,2016,9.165743867459945
25653,San Cayetano,Male,2016,5.464313047084012
25658,San Francisco,Male,2016,8.535179111966126
25662,San Juan De Rioseco,Male,2016,9.971403067449284
25718,Sasaima,Male,2016,11.0736735422859
25736,Sesquilé,Male,2016,10.752669387316129
25740,Sibaté,Male,2016,29.57881846973961
25743,Silvania,Male,2016,20.715128272453732
25745,Simijaca,Male,2016,11.355414830292133
25754,Soacha,Male,2016,479.0721518309341
25758,Sopó,Male,2016,23.159278996388295
25769,Subachoque,Male,2016,12.833891315784022
25772,Suesca,Male,2016,15.124748183626142
25777,Supatá,Male,2016,4.867717495734079
25779,Susa,Male,2016,6.353786335453176
25781,Sutatausa,Male,2016,6.165273832153055
25785,Tabio,Male,2016,18.09310579049127
25793,Tausa,Male,2016,7.328025427711399
25797,Tena,Male,2016,8.218740569765831
25799,Tenjo,Male,2016,20.792200190135716
25805,Tibacuy,Male,2016,4.149196199295731
25807,Tibirita,Male,2016,3.9446682157260953
25815,Tocaima,Male,2016,15.380971718775832
25817,Tocancipá,Male,2016,31.97479163787867
25823,Topaipí,Male,2016,5.338890253675082
25839,Ubalá,Male,2016,8.87682901640551
25841,Ubaque,Male,2016,7.144129438749947
25843,Villa De San Diego De Ubaté,Male,2016,47.27250601839913
25845,Une,Male,2016,7.201417623439936
25851,Útica,Male,2016,4.8296959849897005
25862,Vergara,Male,2016,8.8003836823521
25867,Vianí,Male,2016,4.379022585983062
25871,Villagómez,Male,2016,1.871779280754372
25873,Villapinzón,Male,2016,17.18947552937057
25875,Villeta,Male,2016,28.920972818542573
25878,Viotá,Male,2016,14.47468856454217
25885,Yacopí,Male,2016,16.593754831466804
25898,Zipacón,Male,2016,3.8329739967626284
25899,Zipaquirá,Male,2016,115.41055393698804
27001,Quibdó,Male,2016,148.84420545361485
27006,Acandí,Male,2016,14.075756462378273
27025,Alto Baudó,Male,2016,31.235155175216924
27050,Atrato,Male,2016,6.2628739069990775
27073,Bagadó,Male,2016,11.71391084098331
27075,Bahía Solano,Male,2016,9.361836621580975
27077,Bajo Baudó,Male,2016,32.31266942082963
27099,Bojayá,Male,2016,12.131274489835233
27135,El Cantón Del San Pablo,Male,2016,6.03433359908005
27150,Carmen Del Darién,Male,2016,18.555626170947352
27160,Cértegui,Male,2016,5.70707336298018
27205,Condoto,Male,2016,12.099120874384678
27245,El Carmen De Atrato,Male,2016,8.629703510879837
27250,El Litoral Del San Juan,Male,2016,23.473276363220837
27361,Istmina,Male,2016,31.298915098162947
27372,Juradó,Male,2016,7.334669768659059
27413,Lloró,Male,2016,10.441334592756967
27425,Medio Atrato,Male,2016,12.887276426281938
27430,Medio Baudó,Male,2016,16.99249610276562
27450,Medio San Juan,Male,2016,10.173259845629875
27491,Nóvita,Male,2016,9.89197403423284
27495,Nuquí,Male,2016,16.83897356282107
27580,Río Iró,Male,2016,5.696718261566584
27600,Río Quito,Male,2016,8.669025595820452
27615,Riosucio,Male,2016,76.05780959452653
27660,San José Del Palmar,Male,2016,6.192308037838553
27745,Sipí,Male,2016,3.711236899934755
27787,Tadó,Male,2016,22.51747133763865
27800,Unguía,Male,2016,14.405126116704624
27810,Unión Panamericana,Male,2016,7.658225435521478
41001,Neiva,Male,2016,374.1995898149394
41006,Acevedo,Male,2016,44.20479065615606
41013,Agrado,Male,2016,9.816505247406251
41016,Aipe,Male,2016,17.70318526272686
41020,Algeciras,Male,2016,26.326202827935834
41026,Altamira,Male,2016,3.8673186276917177
41078,Baraya,Male,2016,10.42707163326325
41132,Campoalegre,Male,2016,39.214979321188686
41206,Colombia,Male,2016,10.014729147540956
41244,Elías,Male,2016,4.081119701545714
41298,Garzón,Male,2016,77.3298721323507
41306,Gigante,Male,2016,27.779699977621224
41319,Guadalupe,Male,2016,20.09993102442779
41349,Hobo,Male,2016,9.734860182778418
41357,Íquira,Male,2016,10.525005362113138
41359,Isnos,Male,2016,33.584366824843826
41378,La Argentina,Male,2016,15.3096657641596
41396,La Plata,Male,2016,68.82930392392035
41483,Nátaga,Male,2016,7.380236422839934
41503,Oporapa,Male,2016,14.846730078138437
41518,Paicol,Male,2016,6.289877995810216
41524,Palermo,Male,2016,25.564446429741558
41530,Palestina,Male,2016,13.064832204127999
41548,Pital,Male,2016,15.073437440585419
41551,Pitalito,Male,2016,163.96287723831668
41615,Rivera,Male,2016,24.43324897387067
41660,Saladoblanco,Male,2016,13.854157336424928
41668,San Agustín,Male,2016,33.823631134389935
41676,Santa María,Male,2016,12.487948961321162
41770,Suaza,Male,2016,21.721854656713163
41791,Tarqui,Male,2016,20.206162867577756
41797,Tesalia,Male,2016,11.773352091383044
41799,Tello,Male,2016,12.783407503882083
41801,Teruel,Male,2016,8.608863113520052
41807,Timaná,Male,2016,23.2762723329509
41872,Villavieja,Male,2016,8.61375578676422
41885,Yaguará,Male,2016,8.11104702317903
44001,Riohacha,Male,2016,199.05945661884255
44035,Albania,Male,2016,23.41161255680711
44078,Barrancas,Male,2016,31.743478342106926
44090,Dibulla,Male,2016,38.875538206525285
44098,Distracción,Male,2016,11.650680562154633
44110,El Molino,Male,2016,7.070637625064297
44279,Fonseca,Male,2016,35.15547727617078
44378,Hatonuevo,Male,2016,17.02416937238643
44420,La Jagua Del Pilar,Male,2016,3.4348525163236023
44430,Maicao,Male,2016,169.2763472405081
44560,Manaure,Male,2016,85.67027428189773
44650,San Juan Del Cesar,Male,2016,42.36676506138348
44847,Uribia,Male,2016,193.8184460641257
44855,Urumita,Male,2016,9.794735513980823
44874,Villanueva,Male,2016,23.29350426117943
47001,Santa Marta,Male,2016,488.9074119419984
47030,Algarrobo,Male,2016,16.6054811192727
47053,Aracataca,Male,2016,37.6134173123301
47058,Ariguaní,Male,2016,34.80769783989542
47161,Cerro De San Antonio,Male,2016,12.469852979314703
47170,Chivolo,Male,2016,24.720077826487145
47189,Ciénaga,Male,2016,120.40063455787623
47205,Concordia,Male,2016,14.420493837526434
47245,El Banco,Male,2016,69.61244461944266
47258,El Piñón,Male,2016,25.12412988021511
47268,El Retén,Male,2016,21.95310397090799
47288,Fundación,Male,2016,68.35467732192049
47318,Guamal,Male,2016,30.556634945912624
47460,Nueva Granada,Male,2016,21.690441756057105
47541,Pedraza,Male,2016,10.715413260456225
47545,Pijiño Del Carmen,Male,2016,13.714380182880683
47551,Pivijay,Male,2016,43.41232045406827
47555,Plato,Male,2016,66.76101076254662
47570,Puebloviejo,Male,2016,33.4613794163153
47605,Remolino,Male,2016,13.683240168251826
47660,Sabanas De San Ángel,Male,2016,19.801291074052674
47675,Salamina,Male,2016,11.736399200612748
47692,San Sebastián De Buenavista,Male,2016,23.097520442278643
47703,San Zenón,Male,2016,12.029688228797088
47707,Santa Ana,Male,2016,28.456737301374226
47720,Santa Bárbara De Pinto,Male,2016,11.931888083179622
47745,Sitionuevo,Male,2016,35.2887691838674
47798,Tenerife,Male,2016,15.823382124705248
47960,Zapayán,Male,2016,12.251386373494796
47980,Zona Bananera,Male,2016,545.3489360060744
50001,Villavicencio,Male,2016,538.0049545992626
50006,Acacías,Male,2016,82.26977443930473
50110,Barranca De Upía,Male,2016,5.853013412766028
50124,Cabuyaro,Male,2016,6.470551275150438
50150,Castilla La Nueva,Male,2016,12.79295204393226
50223,Cubarral,Male,2016,6.27185029836413
50226,Cumaral,Male,2016,20.59415754892461
50245,El Calvario,Male,2016,1.7821535608578698
50251,El Castillo,Male,2016,8.758756324844422
50270,El Dorado,Male,2016,3.950229498725638
50287,Fuente De Oro,Male,2016,13.579595558702318
50313,Granada,Male,2016,82.585069625827785
50318,Guamal,Male,2016,13.11346221121055
50325,Mapiripán,Male,2016,8.657980269959728
50330,Mesetas,Male,2016,12.85930291210644
50350,La Macarena,Male,2016,35.737109570072434
50370,Uribe,Male,2016,14.082239423694341
50400,Lejanías,Male,2016,12.416755439527162
50450,Puerto Concordia,Male,2016,9.722987919657426
50568,Puerto Gaitán,Male,2016,45.44415052645037
50573,Puerto López,Male,2016,44.19827704926933
50577,Puerto Lleras,Male,2016,11.7647516040684
50590,Puerto Rico,Male,2016,17.00671466560557
50606,Restrepo,Male,2016,15.104640854336555
50680,San Carlos De Guaroa,Male,2016,12.511632533025551
50683,San Juan De Arama,Male,2016,9.911877859888072
50686,San Juanito,Male,2016,2.0679851534452105
50689,San Martín,Male,2016,24.002060083849337
50711,Vistahermosa,Male,2016,23.569788205155398
52001,Pasto,Male,2016,328.3457216014146
52019,Albán,Male,2016,11.99918103858473
52022,Aldana,Male,2016,6.985545427211431
52036,Ancuya,Male,2016,8.95317528730982
52051,Arboleda,Male,2016,10.859588759975022
52079,Barbacoas,Male,2016,64.77698479068943
52083,Belén,Male,2016,6.796412427387509
52110,Buesaco,Male,2016,26.303242407991757
52203,Colón,Male,2016,9.974339054587919
52207,Consacá,Male,2016,14.629297326946318
52210,Contadero,Male,2016,7.815165125916083
52215,Córdoba,Male,2016,15.71936965857357
52224,Cuaspud Carlosama,Male,2016,10.809401465009088
52227,Cumbal,Male,2016,34.406018492500955
52233,Cumbitara,Male,2016,6.505996495397773
52240,Chachagüí,Male,2016,15.420776999773942
52250,El Charco,Male,2016,26.782848955165456
52254,El Peñol,Male,2016,9.548422216765447
52256,El Rosario,Male,2016,15.945061983778137
52258,El Tablón De Gómez,Male,2016,18.15462495590047
52260,El Tambo,Male,2016,15.36993200177998
52287,Funes,Male,2016,8.274924172884676
52317,Guachucal,Male,2016,19.836857282785697
52320,Guaitarilla,Male,2016,12.76443629471489
52323,Gualmatán,Male,2016,7.2050530096402765
52352,Iles,Male,2016,8.554623369404476
52354,Imués,Male,2016,8.58763418896843
52356,Ipiales,Male,2016,104.8146641278255
52378,La Cruz,Male,2016,19.79668299469593
52381,La Florida,Male,2016,13.950797025052028
52385,La Llanada,Male,2016,6.923011578790732
52390,La Tola,Male,2016,8.457499123999773
52399,La Unión,Male,2016,39.58853339072136
52405,Leiva,Male,2016,12.761118037232354
52411,Linares,Male,2016,11.573215688177735
52418,Los Andes,Male,2016,11.258039872656937
52427,Magüí,Male,2016,28.46712086647916
52435,Mallama,Male,2016,10.69019631017883
52473,Mosquera,Male,2016,15.119302300806499
52480,Nariño,Male,2016,5.59038037413316
52490,Olaya Herrera,Male,2016,30.367499981678776
52506,Ospina,Male,2016,7.120344907221506
52520,Francisco Pizarro,Male,2016,17.723834012555102
52540,Policarpa,Male,2016,13.371931783163216
52560,Potosí,Male,2016,10.254904250314324
52565,Providencia,Male,2016,7.514974048998812
52573,Puerres,Male,2016,8.6034956866513
52585,Pupiales,Male,2016,18.19022039307991
52612,Ricaurte,Male,2016,23.22177022561874
52621,Roberto Payán,Male,2016,15.799106259695565
52678,Samaniego,Male,2016,38.09143283581574
52683,Sandoná,Male,2016,21.930178429437053
52685,San Bernardo,Male,2016,13.450745045488983
52687,San Lorenzo,Male,2016,24.44638689490895
52693,San Pablo,Male,2016,17.73872586451168
52694,San Pedro De Cartago,Male,2016,8.708613558354196
52696,Santa Bárbara,Male,2016,16.521880124144253
52699,Santacruz,Male,2016,14.853468325962007
52720,Sapuyes,Male,2016,8.484290846172707
52786,Taminango,Male,2016,20.723436035712915
52788,Tangua,Male,2016,16.42384894189866
52835,San Andrés De Tumaco,Male,2016,266.41213031986865
52838,Túquerres,Male,2016,45.53421711249869
52885,Yacuanquer,Male,2016,12.807875596587532
54001,San José De Cúcuta,Male,2016,717.8477737731165
54003,Ábrego,Male,2016,36.45414677093407
54051,Arboledas,Male,2016,12.031500342474086
54099,Bochalema,Male,2016,8.177127069686222
54109,Bucarasica,Male,2016,7.640923301898151
54125,Cácota,Male,2016,4.620869899169055
54128,Cáchira,Male,2016,13.456785731759046
54172,Chinácota,Male,2016,15.370143854460709
54174,Chitagá,Male,2016,13.85019677237549
54206,Convención,Male,2016,21.616057471616088
54223,Cucutilla,Male,2016,11.719552752404319
54239,Durania,Male,2016,5.184218892735197
54245,El Carmen,Male,2016,16.952538734711595
54250,El Tarra,Male,2016,24.145063238790613
54261,El Zulia,Male,2016,26.90557111286493
54313,Gramalote,Male,2016,9.76667526425911
54344,Hacarí,Male,2016,12.425266011599284
54347,Herrán,Male,2016,8.23505719690671
54377,Labateca,Male,2016,7.118692629864494
54385,La Esperanza,Male,2016,12.250004933144291
54398,La Playa,Male,2016,10.337474268516512
54405,Los Patios,Male,2016,72.20115338867532
54418,Lourdes,Male,2016,4.291533772421164
54480,Mutiscua,Male,2016,4.650246930233546
54498,Ocaña,Male,2016,112.56201935459227
54518,Pamplona,Male,2016,40.45108230738333
54520,Pamplonita,Male,2016,5.787616699975684
54553,Puerto Santander,Male,2016,11.479948882876714
54599,Ragonvalia,Male,2016,6.8226145574911445
54660,Salazar,Male,2016,11.703688290373536
54670,San Calixto,Male,2016,15.463735002279247
54673,San Cayetano,Male,2016,6.834619893232797
54680,Santiago,Male,2016,4.008946765372474
54720,Sardinata,Male,2016,28.370441485099484
54743,Silos,Male,2016,7.24159129907794
54800,Teorama,Male,2016,19.039482640734025
54810,Tibú,Male,2016,67.54746098412
54820,Toledo,Male,2016,17.867341156330756
54871,Villa Caro,Male,2016,5.928818002510565
54874,Villa Del Rosario,Male,2016,88.09326608375301
63001,Armenia,Male,2016,300.8769253996765
63111,Buenavista,Male,2016,3.2448689474056462
63130,Calarcá,Male,2016,75.59008782579868
63190,Circasia,Male,2016,24.57837217292572
63212,Córdoba,Male,2016,6.273776562621558
63272,Filandia,Male,2016,10.747456894338036
63302,Génova,Male,2016,9.608104555098224
63401,La Tebaida,Male,2016,39.55733749658463
63470,Montenegro,Male,2016,51.72096687419993
63548,Pijao,Male,2016,6.925488683800538
63594,Quimbaya,Male,2016,28.97944287030832
63690,Salento,Male,2016,8.745781931093527
66001,Pereira,Male,2016,437.5767827558397
66045,Apía,Male,2016,14.110902333119837
66075,Balboa,Male,2016,7.1593036955575595
66088,Belén De Umbría,Male,2016,27.498038466062617
66170,Dosquebradas,Male,2016,177.80064149185694
66318,Guática,Male,2016,13.81734512971942
66383,La Celia,Male,2016,10.369132278555265
66400,La Virginia,Male,2016,43.8728855959141
66440,Marsella,Male,2016,17.65767510992093
66456,Mistrató,Male,2016,18.317041720255887
66572,Pueblo Rico,Male,2016,18.203397476458218
66594,Quinchía,Male,2016,30.70828463883294
66682,Santa Rosa De Cabal,Male,2016,74.3149919694028
66687,Santuario,Male,2016,14.5779055455672
68001,Bucaramanga,Male,2016,507.0117783552419
68013,Aguada,Male,2016,2.9854123488745277
68020,Albania,Male,2016,5.448227289548385
68051,Aratoca,Male,2016,9.332614015774336
68077,Barbosa,Male,2016,25.936421989437566
68079,Barichara,Male,2016,9.545559413181179
68081,Barrancabermeja,Male,2016,217.13149210596893
68092,Betulia,Male,2016,6.848268413046062
68101,Bolívar,Male,2016,14.014161155376746
68121,Cabrera,Male,2016,2.0858220168946
68132,California,Male,2016,1.9506272347289435
68147,Capitanejo,Male,2016,5.8085815504139475
68152,Carcasí,Male,2016,6.149156711074496
68160,Cepitá,Male,2016,2.1633532676652156
68162,Cerrito,Male,2016,8.04111385821122
68167,Charalá,Male,2016,11.66638927993791
68169,Charta,Male,2016,3.3313204324679946
68176,Chima,Male,2016,3.901998987914926
68179,Chipatá,Male,2016,6.741411107099549
68190,Cimitarra,Male,2016,34.650604008255534
68207,Concepción,Male,2016,6.147602207963662
68209,Confines,Male,2016,3.4159032220434287
68211,Contratación,Male,2016,3.743178779078556
68217,Coromoro,Male,2016,10.648985568859723
68229,Curití,Male,2016,13.060090185440593
68235,El Carmen De Chucuri,Male,2016,28.01438987988338
68245,El Guacamayo,Male,2016,2.441853807490225
68250,El Peñón,Male,2016,6.850365148880547
68255,El Playón,Male,2016,15.640545965962971
68264,Encino,Male,2016,2.6192579082004483
68266,Enciso,Male,2016,3.993991491556774
68271,Florián,Male,2016,7.501879369294152
68276,Floridablanca,Male,2016,226.12039936500656
68296,Galán,Male,2016,3.294301352898114
68298,Gámbita,Male,2016,5.241823767697094
68307,Girón,Male,2016,132.03257522228017
68318,Guaca,Male,2016,8.794528379639289
68320,Guadalupe,Male,2016,5.276494524370828
68322,Guapotá,Male,2016,2.8484980971873277
68324,Guavatá,Male,2016,5.112876696497228
68327,Güepsa,Male,2016,5.023181779949508
68344,Hato,Male,2016,3.0416481347560302
68368,Jesús María,Male,2016,3.9746880606990964
68370,Jordán,Male,2016,1.7252504223697154
68377,La Belleza,Male,2016,6.9944165993412355
68385,Landázuri,Male,2016,13.371736512949006
68397,La Paz,Male,2016,5.9066030097786175
68406,Lebrija,Male,2016,40.38469109276301
68418,Los Santos,Male,2016,16.186403501407636
68425,Macaravita,Male,2016,2.784878942149213
68432,Málaga,Male,2016,17.3377682184214
68444,Matanza,Male,2016,5.850964697841265
68464,Mogotes,Male,2016,12.66723570807136
68468,Molagavita,Male,2016,5.553315628091301
68498,Ocamonte,Male,2016,6.654711219269467
68500,Oiba,Male,2016,11.160879935641686
68502,Onzaga,Male,2016,5.6289516435563485
68522,Palmar,Male,2016,1.623133568803941
68524,Palmas Del Socorro,Male,2016,2.4635631519699235
68533,Páramo,Male,2016,4.860935879507537
68547,Piedecuesta,Male,2016,136.01049219280694
68549,Pinchote,Male,2016,4.990179327998717
68572,Puente Nacional,Male,2016,13.813660116817166
68573,Puerto Parra,Male,2016,7.814495780190372
68575,Puerto Wilches,Male,2016,32.77061174837486
68615,Rionegro,Male,2016,29.542433665784092
68655,Sabana De Torres,Male,2016,32.20055555254588
68669,San Andrés,Male,2016,10.742665340597995
68673,San Benito,Male,2016,4.359744194151511
68679,San Gil,Male,2016,45.306317211453376
68682,San Joaquín,Male,2016,2.638232564251924
68684,San José De Miranda,Male,2016,5.363438620367902
68686,San Miguel,Male,2016,2.84125649707357
68689,San Vicente De Chucurí,Male,2016,35.544397806312055
68705,Santa Bárbara,Male,2016,3.2520615736719276
68720,Santa Helena Del Opón,Male,2016,4.404021977882625
68745,Simacota,Male,2016,12.414370642201288
68755,Socorro,Male,2016,29.280379801964582
68770,Suaita,Male,2016,10.95809820579672
68773,Sucre,Male,2016,8.659163599120728
68780,Suratá,Male,2016,4.798951590854591
68820,Tona,Male,2016,8.838264230646459
68855,Valle De San José,Male,2016,6.713521073859236
68861,Vélez,Male,2016,24.568005087486366
68867,Vetas,Male,2016,2.1656770148212425
68872,Villanueva,Male,2016,7.299847593831312
68895,Zapatoca,Male,2016,8.388015232005557
70001,Sincelejo,Male,2016,280.0014854309286
70110,Buenavista,Male,2016,11.436001989504707
70124,Caimito,Male,2016,18.477248875512796
70204,Colosó,Male,2016,11.146808033247096
70215,Corozal,Male,2016,65.24837491208226
70221,Coveñas,Male,2016,15.887930644848336
70230,Chalán,Male,2016,6.732410292802458
70233,El Roble,Male,2016,13.882675974227912
70235,Galeras,Male,2016,22.833807587181703
70265,Guaranda,Male,2016,21.571205072577513
70400,La Unión,Male,2016,14.503173522288833
70418,Los Palmitos,Male,2016,23.90530428603499
70429,Majagual,Male,2016,46.83536109612661
70473,Morroa,Male,2016,15.572528744705618
70508,Ovejas,Male,2016,27.693655340372402
70523,Palmito,Male,2016,16.758787537942265
70670,Sampués,Male,2016,53.781250915295296
70678,San Benito Abad,Male,2016,37.52039429795835
70702,San Juan De Betulia,Male,2016,15.050237611732696
70708,San Marcos,Male,2016,66.1697986429427
70713,San Onofre,Male,2016,59.894342850763515
70717,San Pedro,Male,2016,20.82044623081169
70742,San Luis De Sincé,Male,2016,36.21237301171608
70771,Sucre,Male,2016,39.219701860883376
70820,Santiago De Tolú,Male,2016,31.735206387770553
70823,San José De Toluviejo,Male,2016,22.950830210142946
73001,Ibagué,Male,2016,460.06974515318706
73024,Alpujarra,Male,2016,4.937562552417546
73026,Alvarado,Male,2016,9.681813275696893
73030,Ambalema,Male,2016,6.715156985300022
73043,Anzoátegui,Male,2016,13.549480555395391
73055,Armero,Male,2016,12.1413295738425
73067,Ataco,Male,2016,24.727201686308856
73124,Cajamarca,Male,2016,20.93898043111926
73148,Carmen De Apicalá,Male,2016,8.8446104077994665
73152,Casabianca,Male,2016,7.656681937332015
73168,Chaparral,Male,2016,58.319756237521965
73200,Coello,Male,2016,8.530580891899273
73217,Coyaima,Male,2016,28.13216124261481
73226,Cunday,Male,2016,9.99994597375227
73236,Dolores,Male,2016,8.590040625324402
73268,Espinal,Male,2016,69.11594496608603
73270,Falan,Male,2016,9.152147197584576
73275,Flandes,Male,2016,25.442058935530223
73283,Fresno,Male,2016,35.22604409632997
73319,Guamo,Male,2016,35.48208255192211
73347,Herveo,Male,2016,9.880495242528452
73349,Honda,Male,2016,30.43724147448199
73352,Icononzo,Male,2016,11.782364709988435
73408,Lérida,Male,2016,20.61357788057639
73411,Líbano,Male,2016,42.15659795042933
73443,San Sebastián De Mariquita,Male,2016,35.389536281089995
73449,Melgar,Male,2016,35.3427561332976
73461,Murillo,Male,2016,5.887195333106302
73483,Natagaima,Male,2016,19.873647881577057
73504,Ortega,Male,2016,39.52484478971131
73520,Palocabildo,Male,2016,11.518255812232697
73547,Piedras,Male,2016,6.4607621045342905
73555,Planadas,Male,2016,28.640548884063623
73563,Prado,Male,2016,9.641076935207213
73585,Purificación,Male,2016,23.724359454604315
73616,Rioblanco,Male,2016,26.741835740879356
73622,Roncesvalles,Male,2016,6.108259526020287
73624,Rovira,Male,2016,32.11843155952546
73671,Saldaña,Male,2016,14.913239393603211
73675,San Antonio,Male,2016,15.43781574465196
73678,San Luis,Male,2016,14.73458580058524
73686,Santa Isabel,Male,2016,7.210442609608767
73770,Suárez,Male,2016,4.755788410773372
73854,Valle De San Juan,Male,2016,5.905015020308638
73861,Venadillo,Male,2016,13.511584270563521
73870,Villahermosa,Male,2016,12.013328593825017
73873,Villarrica,Male,2016,6.012395301023222
76001,Cali,Male,2016,2026.468661450229
76020,Alcalá,Male,2016,19.028842462007454
76036,Andalucía,Male,2016,19.782641378246378
76041,Ansermanuevo,Male,2016,18.940100018496253
76054,Argelia,Male,2016,5.7251767150677155
76100,Bolívar,Male,2016,14.800858661791331
76109,Buenaventura,Male,2016,260.893466171633
76111,Guadalajara De Buga,Male,2016,115.37177123646171
76113,Bugalagrande,Male,2016,25.21875641152511
76122,Caicedonia,Male,2016,44.8299956269376
76126,Calima,Male,2016,18.294905988974016
76130,Candelaria,Male,2016,77.37490189131385
76147,Cartago,Male,2016,123.6160284100632
76233,Dagua,Male,2016,44.50200993662172
76243,El Águila,Male,2016,10.987932439801156
76246,El Cairo,Male,2016,7.521113431738982
76248,El Cerrito,Male,2016,46.86258546288322
76250,El Dovio,Male,2016,12.0146529763743
76275,Florida,Male,2016,50.0144656175646
76306,Ginebra,Male,2016,18.612517492503457
76318,Guacarí,Male,2016,31.613265260369964
76364,Jamundí,Male,2016,127.81106749433293
76377,La Cumbre,Male,2016,15.197716429026087
76400,La Unión,Male,2016,30.898045769416175
76403,La Victoria,Male,2016,12.67296725280122
76497,Obando,Male,2016,14.163183152235428
76520,Palmira,Male,2016,293.75974098371637
76563,Pradera,Male,2016,43.93390354920058
76606,Restrepo,Male,2016,19.94083758617215
76616,Riofrío,Male,2016,13.672146855921634
76622,Roldanillo,Male,2016,33.57381346007931
76670,San Pedro,Male,2016,14.157250692292102
76736,Sevilla,Male,2016,41.34075133601384
76823,Toro,Male,2016,16.77797580744772
76828,Trujillo,Male,2016,18.67875098408671
76834,Tuluá,Male,2016,171.3313061016917
76845,Ulloa,Male,2016,5.010767298446848
76863,Versalles,Male,2016,7.746751253990713
76869,Vijes,Male,2016,11.212427064335959
76890,Yotoco,Male,2016,14.251886346969782
76892,Yumbo,Male,2016,94.87942225119457
76895,Zarzal,Male,2016,34.10485343030629
81001,Arauca,Male,2016,83.43997184272034
81065,Arauquita,Male,2016,50.117479420844944
81220,Cravo Norte,Male,2016,5.0060726401086875
81300,Fortul,Male,2016,23.081477562595847
81591,Puerto Rondón,Male,2016,5.044459720604498
81736,Saravena,Male,2016,61.205330853388425
81794,Tame,Male,2016,67.61400791307241
85001,Yopal,Male,2016,153.327128396762
85010,Aguazul,Male,2016,33.39678633923068
85015,Chámeza,Male,2016,2.7300360485724218
85125,Hato Corozal,Male,2016,14.919447435710723
85136,La Salina,Male,2016,1.5354600278550763
85139,Maní,Male,2016,17.559449700478446
85162,Monterrey,Male,2016,16.04051665417048
85225,Nunchía,Male,2016,11.591750816410748
85230,Orocué,Male,2016,12.369310482741202
85250,Paz De Ariporo,Male,2016,38.08372432867705
85263,Pore,Male,2016,12.441756734168338
85279,Recetor,Male,2016,2.0962803802744134
85300,Sabanalarga,Male,2016,3.7795887610877292
85315,Sácama,Male,2016,2.0682181453178963
85325,San Luis De Palenque,Male,2016,8.557207014600136
85400,Támara,Male,2016,7.999516283766585
85410,Tauramena,Male,2016,20.830467753248964
85430,Trinidad,Male,2016,13.00499880261729
85440,Villanueva,Male,2016,31.23018969342167
86001,Mocoa,Male,2016,48.05291976628432
86219,Colón,Male,2016,4.99842107918237
86320,Orito,Male,2016,36.606264536151
86568,Puerto Asís,Male,2016,68.25456601931629
86569,Puerto Caicedo,Male,2016,16.437084151244328
86571,Puerto Guzmán,Male,2016,41.24890675993194
86573,Puerto Leguízamo,Male,2016,29.57726441242378
86749,Sibundoy,Male,2016,12.714530362153242
86755,San Francisco,Male,2016,4.935183838148493
86757,San Miguel,Male,2016,19.98729189623971
86760,Santiago,Male,2016,6.691705994290736
86865,Valle Del Guamuez,Male,2016,35.520434802154725
86885,Villagarzón,Male,2016,21.412675313133267
88001,San Andrés,Male,2016,47.959842373307296
88564,Providencia,Male,2016,4.963354531887861
91001,Leticia,Male,2016,53.7180040457039
91263,El Encanto,Male,2016,2.6430666849973807
91405,La Chorrera,Male,2016,3.4721648396948095
91407,La Pedrera,Male,2016,4.8561773138035695
91430,La Victoria,Male,2016,0.9556083156833661
91460,Mirití - Paraná,Male,2016,2.3080525465547783
91530,Puerto Alegría,Male,2016,0.9721959919744076
91536,Puerto Arica,Male,2016,1.4289156827535474
91540,Puerto Nariño,Male,2016,10.78158080742544
91669,Puerto Santander,Male,2016,2.259489055444844
91798,Tarapacá,Male,2016,4.981747722203676
94001,Inírida,Male,2016,35.71024779710492
94343,Barrancominas,Male,2016,5.8158031946318465
94883,San Felipe,Male,2016,1.5846032796054665
94884,Puerto Colombia,Male,2016,1.9206514938378252
94885,La Guadalupe,Male,2016,0.23326468061636574
94886,Cacahual,Male,2016,0.735351222386856
94887,Pana Pana,Male,2016,2.0364592974118745
94888,Morichal,Male,2016,0.9651670244680299
95001,San José Del Guaviare,Male,2016,55.10618895323653
95015,Calamar,Male,2016,12.537534522395402
95025,El Retorno,Male,2016,15.49170523111475
95200,Miraflores,Male,2016,11.953239946663016
97001,Mitú,Male,2016,34.42280561188294
97161,Carurú,Male,2016,3.9359726502177486
97511,Pacoa,Male,2016,3.8264378965238546
97666,Taraira,Male,2016,2.4183141963507895
97777,Papunahua,Male,2016,0.8759352037904178
97889,Yavaraté,Male,2016,1.215223030581685
99001,Puerto Carreño,Male,2016,25.78612540790088
99524,La Primavera,Male,2016,14.651781425177859
99624,Santa Rosalía,Male,2016,4.743935869518459
99773,Cumaribo,Male,2016,91.24779673611059
5001,Medellín,Female,2017,799.5169801010833
5002,Abejorral,Female,2017,7.557777222401073
5004,Abriaquí,Female,2017,0.8657913073625153
5021,Alejandría,Female,2017,1.5147857898768624
5030,Amagá,Female,2017,11.73353632952919
5031,Amalfi,Female,2017,9.823301983372742
5034,Andes,Female,2017,18.563756536944002
5036,Angelópolis,Female,2017,3.1343951209798906
5038,Angostura,Female,2017,4.718038510293284
5040,Anorí,Female,2017,6.790439490736968
5042,Santa Fé De Antioquia,Female,2017,9.087897142668337
5044,Anzá,Female,2017,2.844571828026833
5045,Apartadó,Female,2017,65.02723269392274
5051,Arboletes,Female,2017,12.651398384918025
5055,Argelia,Female,2017,3.2454404193027786
5059,Armenia,Female,2017,1.8624995281691354
5079,Barbosa,Female,2017,17.23665065391602
5086,Belmira,Female,2017,2.8013162570388546
5088,Bello,Female,2017,165.98337718801423
5091,Betania,Female,2017,4.119824599851114
5093,Betulia,Female,2017,7.161490441196545
5101,Ciudad Bolívar,Female,2017,14.515544717765078
5107,Briceño,Female,2017,6.462537411505126
5113,Buriticá,Female,2017,3.3984222772935064
5120,Cáceres,Female,2017,12.129243283486424
5125,Caicedo,Female,2017,3.63385029163953
5129,Caldas,Female,2017,26.340057721866874
5134,Campamento,Female,2017,3.9423940784279408
5138,Cañasgordas,Female,2017,5.698835148910759
5142,Caracolí,Female,2017,1.8842013150052352
5145,Caramanta,Female,2017,1.8031796910729623
5147,Carepa,Female,2017,20.349621538266103
5148,El Carmen De Viboral,Female,2017,18.600101659816392
5150,Carolina,Female,2017,1.2758036287172307
5154,Caucasia,Female,2017,50.295771494377284
5172,Chigorodó,Female,2017,30.205789949025576
5190,Cisneros,Female,2017,3.7373406928078676
5197,Cocorná,Female,2017,5.917502409583565
5206,Concepción,Female,2017,1.6173403515856075
5209,Concordia,Female,2017,8.891606842837891
5212,Copacabana,Female,2017,24.398165742140474
5234,Dabeiba,Female,2017,9.508060406085992
5237,Donmatías,Female,2017,7.509894795181544
5240,Ebéjico,Female,2017,4.507626447983551
5250,El Bagre,Female,2017,22.10990543188913
5264,Entrerríos,Female,2017,3.5305174006812106
5266,Envigado,Female,2017,76.01497064681587
5282,Fredonia,Female,2017,8.633525457957358
5284,Frontino,Female,2017,7.721492089241664
5306,Giraldo,Female,2017,1.842998515472665
5308,Girardota,Female,2017,16.22028944810493
5310,Gómez Plata,Female,2017,3.542494776877037
5313,Granada,Female,2017,3.5156484806807122
5315,Guadalupe,Female,2017,2.470494434558914
5318,Guarne,Female,2017,17.29383142694982
5321,Guatapé,Female,2017,2.4879487161322222
5347,Heliconia,Female,2017,1.9509260493714904
5353,Hispania,Female,2017,1.9643218105379896
5360,Itagüí,Female,2017,89.01995592056299
5361,Ituango,Female,2017,8.825827251198131
5364,Jardín,Female,2017,5.374188252159167
5368,Jericó,Female,2017,4.617227792431276
5376,La Ceja,Female,2017,20.083653455436732
5380,La Estrella,Female,2017,22.90226043293478
5390,La Pintada,Female,2017,4.2137775811349165
5400,La Unión,Female,2017,7.24086044205024
5411,Liborina,Female,2017,4.541922379755701
5425,Maceo,Female,2017,3.11796374509333
5440,Marinilla,Female,2017,19.45928702640377
5467,Montebello,Female,2017,2.530484265891291
5475,Murindó,Female,2017,2.0635424455682636
5480,Mutatá,Female,2017,10.539632103211787
5483,Nariño,Female,2017,3.915886821166127
5490,Necoclí,Female,2017,19.306160736096352
5495,Nechí,Female,2017,10.124519403914524
5501,Olaya,Female,2017,1.273474967742752
5541,Peñol,Female,2017,6.5528050806107085
5543,Peque,Female,2017,2.9714902379124712
5576,Pueblorrico,Female,2017,3.3563332106949804
5579,Puerto Berrío,Female,2017,25.978744371905684
5585,Puerto Nare,Female,2017,5.175572424579897
5591,Puerto Triunfo,Female,2017,6.925806894570955
5604,Remedios,Female,2017,10.634840119945713
5607,Retiro,Female,2017,7.307414814823258
5615,Rionegro,Female,2017,41.391895535745434
5628,Sabanalarga,Female,2017,4.222055221128653
5631,Sabaneta,Female,2017,28.37269660752067
5642,Salgar,Female,2017,8.04950806326431
5647,San Andrés De Cuerquía,Female,2017,2.6727256686004073
5649,San Carlos,Female,2017,5.402185336504685
5652,San Francisco,Female,2017,2.0314700541506916
5656,San Jerónimo,Female,2017,5.437791290467189
5658,San José De La Montaña,Female,2017,2.307464689782042
5659,San Juan De Urabá,Female,2017,8.655996593208485
5660,San Luis,Female,2017,4.604113087218451
5664,San Pedro De Los Milagros,Female,2017,9.454786283714485
5665,San Pedro De Urabá,Female,2017,13.325976852963084
5667,San Rafael,Female,2017,5.77146899388397
5670,San Roque,Female,2017,7.813014024658563
5674,San Vicente Ferrer,Female,2017,7.0923692067844595
5679,Santa Bárbara,Female,2017,9.178511319797437
5686,Santa Rosa De Osos,Female,2017,12.906028823475884
5690,Santo Domingo,Female,2017,4.483923530522897
5697,El Santuario,Female,2017,11.424807760494582
5736,Segovia,Female,2017,20.082199124202855
5756,Sonsón,Female,2017,13.37965942432717
5761,Sopetrán,Female,2017,4.9787032478692925
5789,Támesis,Female,2017,6.104614352300748
5790,Tarazá,Female,2017,19.994946063347967
5792,Tarso,Female,2017,2.5930265966298376
5809,Titiribí,Female,2017,3.811651061697523
5819,Toledo,Female,2017,2.4735979923135987
5837,Turbo,Female,2017,82.9423572201357
5842,Uramita,Female,2017,2.625451313151647
5847,Urrao,Female,2017,11.34303321031123
5854,Valdivia,Female,2017,10.23074227781411
5856,Valparaíso,Female,2017,2.116191097835622
5858,Vegachí,Female,2017,7.995748008789379
5861,Venecia,Female,2017,4.316911534316901
5873,Vigía Del Fuerte,Female,2017,3.674398114742308
5885,Yalí,Female,2017,2.8937489765570845
5887,Yarumal,Female,2017,19.77331462469734
5890,Yolombó,Female,2017,8.521138260164092
5893,Yondó,Female,2017,6.880773807800904
5895,Zaragoza,Female,2017,11.101548394622396
8001,Barranquilla,Female,2017,497.5207183674919
8078,Baranoa,Female,2017,21.428894686564824
8137,Campo De La Cruz,Female,2017,10.026360726107212
8141,Candelaria,Female,2017,6.099252836861802
8296,Galapa,Female,2017,18.643966376792793
8372,Juan De Acosta,Female,2017,7.371083732613986
8421,Luruaco,Female,2017,11.293880837711527
8433,Malambo,Female,2017,41.64803415262266
8436,Manatí,Female,2017,7.042510640390864
8520,Palmar De Varela,Female,2017,9.945260832929868
8549,Piojó,Female,2017,2.4712917250976467
8558,Polonuevo,Female,2017,6.021067510966583
8560,Ponedera,Female,2017,8.896728547968682
8573,Puerto Colombia,Female,2017,14.845318172472862
8606,Repelón,Female,2017,10.552269802274981
8634,Sabanagrande,Female,2017,11.014575590660208
8638,Sabanalarga,Female,2017,32.59652541612656
8675,Santa Lucía,Female,2017,5.807186319060635
8685,Santo Tomás,Female,2017,9.474456567285419
8758,Soledad,Female,2017,185.91748031523355
8770,Suan,Female,2017,4.438089961287241
8832,Tubará,Female,2017,5.681808255035021
8849,Usiacurí,Female,2017,4.14322051099387
11001,"Bogotá, D.C.",Female,2017,2372.351254314496
13001,Cartagena De Indias,Female,2017,376.5140120022575
13006,Achí,Female,2017,9.783112828886145
13030,Altos Del Rosario,Female,2017,4.3818912912086425
13042,Arenal,Female,2017,3.463012224548637
13052,Arjona,Female,2017,28.276484632483243
13062,Arroyohondo,Female,2017,3.922743468986127
13074,Barranco De Loba,Female,2017,6.077718219165691
13140,Calamar,Female,2017,9.759646788232043
13160,Cantagallo,Female,2017,3.270165090290188
13188,Cicuco,Female,2017,5.6243891543495454
13212,Córdoba,Female,2017,6.483833512771931
13222,Clemencia,Female,2017,6.242257399494218
13244,El Carmen De Bolívar,Female,2017,29.39745590312278
13248,El Guamo,Female,2017,3.6349164401958105
13268,El Peñón,Female,2017,3.1237235515615946
13300,Hatillo De Loba,Female,2017,5.117076280831544
13430,Magangué,Female,2017,53.36238616244049
13433,Mahates,Female,2017,11.037419878569096
13440,Margarita,Female,2017,4.124052035401638
13442,María La Baja,Female,2017,19.78026820266524
13458,Montecristo,Female,2017,6.454921832527191
13468,Mompós,Female,2017,17.11163874781493
13473,Morales,Female,2017,8.468008763512728
13490,Norosí,Female,2017,1.5931955139368867
13549,Pinillos,Female,2017,9.385104638939005
13580,Regidor,Female,2017,2.4786245042352553
13600,Río Viejo,Female,2017,4.166373843836933
13620,San Cristóbal,Female,2017,3.255973436375074
13647,San Estanislao,Female,2017,7.363966136975275
13650,San Fernando,Female,2017,4.909628249627573
13654,San Jacinto,Female,2017,10.373102073680181
13655,San Jacinto Del Cauca,Female,2017,4.020032445709387
13657,San Juan Nepomuceno,Female,2017,15.396920778723238
13667,San Martín De Loba,Female,2017,6.0837491758966635
13670,San Pablo,Female,2017,11.969744786994184
13673,Santa Catalina,Female,2017,6.084416863406758
13683,Santa Rosa,Female,2017,9.486068236710567
13688,Santa Rosa Del Sur,Female,2017,12.738864719269325
13744,Simití,Female,2017,7.374419852734184
13760,Soplaviento,Female,2017,4.03598951614944
13780,Talaigua Nuevo,Female,2017,4.787624292033943
13810,Tiquisio,Female,2017,7.320210740419754
13836,Turbaco,Female,2017,35.56594025565676
13838,Turbaná,Female,2017,6.252635023765083
13873,Villanueva,Female,2017,9.68941281390604
13894,Zambrano,Female,2017,4.93698081776204
15001,Tunja,Female,2017,60.92575639989362
15022,Almeida,Female,2017,0.7108575268605444
15047,Aquitania,Female,2017,5.892286956466338
15051,Arcabuco,Female,2017,1.8622595380321982
15087,Belén,Female,2017,2.4832337708620376
15090,Berbeo,Female,2017,0.524209594780552
15092,Betéitiva,Female,2017,0.6451116376952224
15097,Boavita,Female,2017,2.2668425720930037
15104,Boyacá,Female,2017,1.7393199498107068
15106,Briceño,Female,2017,0.8067532067459149
15109,Buenavista,Female,2017,1.9307589757600856
15114,Busbanzá,Female,2017,0.4621463731483416
15131,Caldas,Female,2017,1.1719881080602028
15135,Campohermoso,Female,2017,1.1228819882168641
15162,Cerinza,Female,2017,1.2097742744251307
15172,Chinavita,Female,2017,1.2022496121204223
15176,Chiquinquirá,Female,2017,22.92584017864421
15180,Chiscas,Female,2017,1.7509504441286803
15183,Chita,Female,2017,3.3694597613313855
15185,Chitaraque,Female,2017,2.99534341463897
15187,Chivatá,Female,2017,1.0074984471269173
15189,Ciénega,Female,2017,1.7889414379774655
15204,Cómbita,Female,2017,3.4925991539164345
15212,Coper,Female,2017,1.2785543190427802
15215,Corrales,Female,2017,0.8110888867268058
15218,Covarachía,Female,2017,1.1377703641616066
15223,Cubará,Female,2017,3.8855884995621794
15224,Cucaita,Female,2017,1.6027043023423289
15226,Cuítiva,Female,2017,0.6010027850256063
15232,Chíquiza,Female,2017,1.8176991191100895
15236,Chivor,Female,2017,0.806798335802157
15238,Duitama,Female,2017,42.55187539711227
15244,El Cocuy,Female,2017,1.7946999625139042
15248,El Espino,Female,2017,0.9909547041738314
15272,Firavitoba,Female,2017,2.0010776823495795
15276,Floresta,Female,2017,1.4331559455764122
15293,Gachantivá,Female,2017,0.9918675605105342
15296,Gámeza,Female,2017,1.7040798092109184
15299,Garagoa,Female,2017,5.806824580952418
15317,Guacamayas,Female,2017,0.5841398816726601
15322,Guateque,Female,2017,3.686522342710984
15325,Guayatá,Female,2017,1.0666597692900646
15332,Güicán De La Sierra,Female,2017,2.315879618621617
15362,Iza,Female,2017,0.6622411336051205
15367,Jenesano,Female,2017,2.522472374135349
15368,Jericó,Female,2017,1.6766539817430108
15377,Labranzagrande,Female,2017,1.423787592262348
15380,La Capilla,Female,2017,0.8438013219573446
15401,La Victoria,Female,2017,0.43382488009716835
15403,La Uvita,Female,2017,1.0398489227386523
15407,Villa De Leyva,Female,2017,5.137388583870076
15425,Macanal,Female,2017,1.4732283771855517
15442,Maripí,Female,2017,2.3867674483529
15455,Miraflores,Female,2017,2.9568381588293926
15464,Mongua,Female,2017,1.858716716395994
15466,Monguí,Female,2017,1.6421638209448703
15469,Moniquirá,Female,2017,8.215528257291789
15476,Motavita,Female,2017,2.575456707413429
15480,Muzo,Female,2017,3.129708168185705
15491,Nobsa,Female,2017,4.898903796802237
15494,Nuevo Colón,Female,2017,2.0164839782935537
15500,Oicatá,Female,2017,0.8963009143494091
15507,Otanche,Female,2017,3.0340252856743115
15511,Pachavita,Female,2017,0.7426593485547993
15514,Páez,Female,2017,1.0571097926772122
15516,Paipa,Female,2017,11.2050756125555
15518,Pajarito,Female,2017,0.7767459409719802
15522,Panqueba,Female,2017,0.6134752514031329
15531,Pauna,Female,2017,2.750418045032485
15533,Paya,Female,2017,1.0787654719001163
15537,Paz De Río,Female,2017,1.640724544356644
15542,Pesca,Female,2017,2.3593036799944955
15550,Pisba,Female,2017,0.6800246708131563
15572,Puerto Boyacá,Female,2017,20.910546611384092
15580,Quípama,Female,2017,2.2066947160917554
15599,Ramiriquí,Female,2017,3.449870551397143
15600,Ráquira,Female,2017,2.525849832668676
15621,Rondón,Female,2017,0.8317081287664616
15632,Saboyá,Female,2017,4.727462228734551
15638,Sáchica,Female,2017,1.7053004628197945
15646,Samacá,Female,2017,7.064454106889861
15660,San Eduardo,Female,2017,0.575245741988848
15664,San José De Pare,Female,2017,2.00192714152301
15667,San Luis De Gaceno,Female,2017,2.0199193819536547
15673,San Mateo,Female,2017,1.1923012218007691
15676,San Miguel De Sema,Female,2017,1.666994242221305
15681,San Pablo De Borbur,Female,2017,2.580469683151498
15686,Santana,Female,2017,2.9404195500577526
15690,Santa María,Female,2017,1.1513026728292244
15693,Santa Rosa De Viterbo,Female,2017,3.8162247546977413
15696,Santa Sofía,Female,2017,0.9654217297366445
15720,Sativanorte,Female,2017,0.8287228373594077
15723,Sativasur,Female,2017,0.3618292961531178
15740,Siachoque,Female,2017,2.642277529044665
15753,Soatá,Female,2017,2.816461733097099
15755,Socotá,Female,2017,2.5991712675788956
15757,Socha,Female,2017,2.4521829675288664
15759,Sogamoso,Female,2017,44.043921008331765
15761,Somondoco,Female,2017,0.9922452824668757
15762,Sora,Female,2017,1.2271760703544914
15763,Sotaquirá,Female,2017,3.1740154526064708
15764,Soracá,Female,2017,2.3335504180413684
15774,Susacón,Female,2017,0.8650844000861047
15776,Sutamarchán,Female,2017,2.082404738211189
15778,Sutatenza,Female,2017,1.6213899410678119
15790,Tasco,Female,2017,1.8191051254165975
15798,Tenza,Female,2017,1.446875674823803
15804,Tibaná,Female,2017,3.3393587646498335
15806,Tibasosa,Female,2017,3.711815916876374
15808,Tinjacá,Female,2017,1.0542798074473299
15810,Tipacoque,Female,2017,1.276701748999108
15814,Toca,Female,2017,3.089718520340205
15816,Togüí,Female,2017,1.6654732082622234
15820,Tópaga,Female,2017,2.0723779427581897
15822,Tota,Female,2017,2.060924562860695
15832,Tununguá,Female,2017,0.5050585765681564
15835,Turmequé,Female,2017,2.457702188777591
15837,Tuta,Female,2017,2.7260355683207913
15839,Tutazá,Female,2017,0.7325860344152627
15842,Úmbita,Female,2017,2.7212532390616575
15861,Ventaquemada,Female,2017,5.4060836040094244
15879,Viracachá,Female,2017,1.0398717981561714
15897,Zetaquira,Female,2017,1.897548556870531
17001,Manizales,Female,2017,138.63545122182265
17013,Aguadas,Female,2017,8.0573167602284
17042,Anserma,Female,2017,13.416466111736344
17050,Aranzazu,Female,2017,4.096718539016663
17088,Belalcázar,Female,2017,3.921538874335336
17174,Chinchiná,Female,2017,21.218090181807327
17272,Filadelfia,Female,2017,4.152147523881699
17380,La Dorada,Female,2017,27.664474417017843
17388,La Merced,Female,2017,2.2147904566914187
17433,Manzanares,Female,2017,6.70317385572228
17442,Marmato,Female,2017,3.3894884866214854
17444,Marquetalia,Female,2017,4.885850504243556
17446,Marulanda,Female,2017,0.9210990211679725
17486,Neira,Female,2017,8.004306770406039
17495,Norcasia,Female,2017,2.3586856520680635
17513,Pácora,Female,2017,5.540737834831483
17524,Palestina,Female,2017,5.45154309743294
17541,Pensilvania,Female,2017,7.105056483091906
17614,Riosucio,Female,2017,17.37785256679881
17616,Risaralda,Female,2017,4.1329406949937395
17653,Salamina,Female,2017,6.773260831324083
17662,Samaná,Female,2017,7.518431617648073
17665,San José,Female,2017,1.861242163964772
17777,Supía,Female,2017,10.55568507374406
17867,Victoria,Female,2017,3.5864814064504498
17873,Villamaría,Female,2017,21.646975845924878
17877,Viterbo,Female,2017,5.228477582856034
18001,Florencia,Female,2017,69.96521553144579
18029,Albania,Female,2017,1.723424819605378
18094,Belén De Los Andaquíes,Female,2017,4.400088192291789
18150,Cartagena Del Chairá,Female,2017,14.31197315489226
18205,Curillo,Female,2017,3.814659867947279
18247,El Doncello,Female,2017,8.415742613466838
18256,El Paujíl,Female,2017,6.452189395964026
18410,La Montañita,Female,2017,5.645700023711277
18460,Milán,Female,2017,3.5201880628615068
18479,Morelia,Female,2017,1.3175103900920773
18592,Puerto Rico,Female,2017,10.187446241609583
18610,San José Del Fragua,Female,2017,5.388590307568319
18753,San Vicente Del Caguán,Female,2017,21.03668941998671
18756,Solano,Female,2017,4.265328038845507
18785,Solita,Female,2017,2.5619388329919817
18860,Valparaíso,Female,2017,2.7034884521165887
19001,Popayán,Female,2017,105.30758935672608
19022,Almaguer,Female,2017,8.793443340117268
19050,Argelia,Female,2017,11.002658665321782
19075,Balboa,Female,2017,8.555280363143918
19100,Bolívar,Female,2017,16.36481579632781
19110,Buenos Aires,Female,2017,11.361093398760003
19130,Cajibío,Female,2017,17.3466696927889
19137,Caldono,Female,2017,14.798936610128697
19142,Caloto,Female,2017,10.61300936158437
19212,Corinto,Female,2017,14.337221252464628
19256,El Tambo,Female,2017,20.672493183842104
19290,Florencia,Female,2017,1.8894085572223385
19300,Guachené,Female,2017,3.542615338614186
19318,Guapi,Female,2017,11.34389575005344
19355,Inzá,Female,2017,11.231410774714623
19364,Jambaló,Female,2017,6.399677688089866
19392,La Sierra,Female,2017,4.527976428129072
19397,La Vega,Female,2017,10.641223457738318
19418,López De Micay,Female,2017,8.169250495754872
19450,Mercaderes,Female,2017,9.095029614955648
19455,Miranda,Female,2017,10.35797675075584
19473,Morales,Female,2017,14.41981848514727
19513,Padilla,Female,2017,3.4724536331755536
19517,Páez,Female,2017,17.66247092163117
19532,Patía,Female,2017,15.500377942493955
19533,Piamonte,Female,2017,2.8962130640671573
19548,Piendamó - Tunía,Female,2017,14.104034924948643
19573,Puerto Tejada,Female,2017,25.373137759135844
19585,Puracé,Female,2017,6.17719088133167
19622,Rosas,Female,2017,4.408670600891463
19693,San Sebastián,Female,2017,4.447188344283013
19698,Santander De Quilichao,Female,2017,37.363487119062114
19701,Santa Rosa,Female,2017,2.3584402240943065
19743,Silvia,Female,2017,13.738170021810005
19760,Sotará - Paispamba,Female,2017,4.818416484211744
19780,Suárez,Female,2017,11.406510782861128
19785,Sucre,Female,2017,5.19284497078137
19807,Timbío,Female,2017,13.05476220512962
19809,Timbiquí,Female,2017,10.559846080885125
19821,Toribío,Female,2017,12.541677738793535
19824,Totoró,Female,2017,9.618573926239394
19845,Villa Rica,Female,2017,7.4266480501795336
20001,Valledupar,Female,2017,182.5959932988527
20011,Aguachica,Female,2017,42.75159936717431
20013,Agustín Codazzi,Female,2017,22.399194624602963
20032,Astrea,Female,2017,7.449307310849852
20045,Becerril,Female,2017,7.497737098947715
20060,Bosconia,Female,2017,14.740982194582168
20175,Chimichagua,Female,2017,12.15208239274347
20178,Chiriguaná,Female,2017,12.195119241381654
20228,Curumaní,Female,2017,13.97170610100073
20238,El Copey,Female,2017,11.20493021104072
20250,El Paso,Female,2017,12.852277420275959
20295,Gamarra,Female,2017,5.691977284793987
20310,González,Female,2017,1.8906511285118832
20383,La Gloria,Female,2017,6.049419365358724
20400,La Jagua De Ibirico,Female,2017,15.269676550740243
20443,Manaure Balcón Del Cesar,Female,2017,3.721040454225137
20517,Pailitas,Female,2017,7.943606622067292
20550,Pelaya,Female,2017,8.239622520452285
20570,Pueblo Bello,Female,2017,10.42457655517533
20614,Río De Oro,Female,2017,6.606768130123923
20621,La Paz,Female,2017,9.606620717051282
20710,San Alberto,Female,2017,9.386660723881228
20750,San Diego,Female,2017,6.5383372941501205
20770,San Martín,Female,2017,9.840574563162095
20787,Tamalameque,Female,2017,5.612660370649714
23001,Montería,Female,2017,172.2440869317897
23068,Ayapel,Female,2017,19.739196469053294
23079,Buenavista,Female,2017,8.637329651385356
23090,Canalete,Female,2017,6.814707888231852
23162,Cereté,Female,2017,39.044997818944395
23168,Chimá,Female,2017,7.592580576639811
23182,Chinú,Female,2017,18.48369219475161
23189,Ciénaga De Oro,Female,2017,24.328660594995437
23300,Cotorra,Female,2017,7.445707016868963
23350,La Apartada,Female,2017,6.254497137374328
23417,Lorica,Female,2017,44.57262695639212
23419,Los Córdobas,Female,2017,7.932651162822049
23464,Momil,Female,2017,7.2640149152026865
23466,Montelíbano,Female,2017,30.353390859544575
23500,Moñitos,Female,2017,13.198579714954755
23555,Planeta Rica,Female,2017,24.7168322856594
23570,Pueblo Nuevo,Female,2017,14.044630841052172
23574,Puerto Escondido,Female,2017,10.575753432423573
23580,Puerto Libertador,Female,2017,16.50592539965684
23586,Purísima De La Concepción,Female,2017,7.043086406912114
23660,Sahagún,Female,2017,40.5413666595898
23670,San Andrés De Sotavento,Female,2017,20.41213844853191
23672,San Antero,Female,2017,13.318756173061713
23675,San Bernardo Del Viento,Female,2017,15.465787386087442
23678,San Carlos,Female,2017,11.269055047784832
23682,San José De Uré,Female,2017,2.22278522795249
23686,San Pelayo,Female,2017,20.514672442570284
23807,Tierralta,Female,2017,37.87962433545046
23815,Tuchín,Female,2017,10.19150288415723
23855,Valencia,Female,2017,14.755833889723935
25001,Agua De Dios,Female,2017,4.122155533841544
25019,Albán,Female,2017,1.8840324201360348
25035,Anapoima,Female,2017,4.496531787378842
25040,Anolaima,Female,2017,4.460935890522836
25053,Arbeláez,Female,2017,3.1733868594132977
25086,Beltrán,Female,2017,0.633489089383694
25095,Bituima,Female,2017,0.692394035702539
25099,Bojacá,Female,2017,3.2679515233556087
25120,Cabrera,Female,2017,1.524013222806639
25123,Cachipay,Female,2017,3.358826458032924
25126,Cajicá,Female,2017,24.759749204873167
25148,Caparrapí,Female,2017,4.281974516604117
25151,Cáqueza,Female,2017,6.261534982422076
25154,Carmen De Carupa,Female,2017,2.7390689284091345
25168,Chaguaní,Female,2017,1.484186826584962
25175,Chía,Female,2017,46.10075699235146
25178,Chipaque,Female,2017,3.049502567497046
25181,Choachí,Female,2017,3.5551712482652222
25183,Chocontá,Female,2017,9.633169239015086
25200,Cogua,Female,2017,6.945595358413208
25214,Cota,Female,2017,9.774222515290884
25224,Cucunubá,Female,2017,2.5185478974323856
25245,El Colegio,Female,2017,7.710654323340129
25258,El Peñón,Female,2017,1.591463870091167
25260,El Rosal,Female,2017,6.5121187508275336
25269,Facatativá,Female,2017,53.711802030763494
25279,Fómeque,Female,2017,3.897802395089883
25281,Fosca,Female,2017,2.2415289856107647
25286,Funza,Female,2017,29.384420209688578
25288,Fúquene,Female,2017,1.4591696205814066
25290,Fusagasugá,Female,2017,48.926875112004865
25293,Gachalá,Female,2017,1.643302543516604
25295,Gachancipá,Female,2017,5.467848910748364
25297,Gachetá,Female,2017,3.692445962500724
25299,Gama,Female,2017,1.1752271949892068
25307,Girardot,Female,2017,53.73655838977213
25312,Granada,Female,2017,2.2960396556007514
25317,Guachetá,Female,2017,4.445514677862443
25320,Guaduas,Female,2017,10.015850721020902
25322,Guasca,Female,2017,4.42116211436865
25324,Guataquí,Female,2017,0.8978529263184737
25326,Guatavita,Female,2017,2.4527818747077688
25328,Guayabal De Síquima,Female,2017,1.3186499404181913
25335,Guayabetal,Female,2017,1.9408078592720173
25339,Gutiérrez,Female,2017,1.1409217808665588
25368,Jerusalén,Female,2017,0.7060579358963539
25372,Junín,Female,2017,2.4488650257312816
25377,La Calera,Female,2017,10.113387157755701
25386,La Mesa,Female,2017,11.83670978062279
25394,La Palma,Female,2017,3.2470340732248406
25398,La Peña,Female,2017,1.9646363793162809
25402,La Vega,Female,2017,5.712683273285352
25407,Lenguazaque,Female,2017,3.4499510707583534
25426,Machetá,Female,2017,2.1811418010359955
25430,Madrid,Female,2017,34.39590827473969
25436,Manta,Female,2017,1.2087513144814919
25438,Medina,Female,2017,2.8633434887932103
25473,Mosquera,Female,2017,38.90961657619389
25483,Nariño,Female,2017,0.8576663173036267
25486,Nemocón,Female,2017,4.918113423083291
25488,Nilo,Female,2017,2.1520434445922088
25489,Nimaima,Female,2017,1.07847486507674
25491,Nocaima,Female,2017,1.7053045392589177
25506,Venecia,Female,2017,1.484747203889846
25513,Pacho,Female,2017,11.6811057331231
25518,Paime,Female,2017,1.5521131102146264
25524,Pandi,Female,2017,1.5923010755350642
25530,Paratebueno,Female,2017,3.8000077730962696
25535,Pasca,Female,2017,2.9950124664589266
25572,Puerto Salgar,Female,2017,5.73225438925053
25580,Pulí,Female,2017,1.0497201672698553
25592,Quebradanegra,Female,2017,1.4410041722755014
25594,Quetame,Female,2017,1.7461477284002591
25596,Quipile,Female,2017,2.013444136625011
25599,Apulo,Female,2017,2.496564372530351
25612,Ricaurte,Female,2017,3.705815756966439
25645,San Antonio Del Tequendama,Female,2017,3.4244095701988693
25649,San Bernardo,Female,2017,2.810140435887342
25653,San Cayetano,Female,2017,1.5762987804875803
25658,San Francisco,Female,2017,3.0974658824858277
25662,San Juan De Rioseco,Female,2017,3.1915205060742697
25718,Sasaima,Female,2017,3.634048696049472
25736,Sesquilé,Female,2017,4.105206161428102
25740,Sibaté,Female,2017,13.431568400883915
25743,Silvania,Female,2017,7.4991941017890635
25745,Simijaca,Female,2017,4.530499584783352
25754,Soacha,Female,2017,202.4451817884411
25758,Sopó,Female,2017,9.654687819294923
25769,Subachoque,Female,2017,4.479275334968984
25772,Suesca,Female,2017,5.9305462171035295
25777,Supatá,Female,2017,1.5058337054546198
25779,Susa,Female,2017,2.0805186509245477
25781,Sutatausa,Female,2017,2.1100302180365302
25785,Tabio,Female,2017,7.112488978821655
25793,Tausa,Female,2017,2.365887772522672
25797,Tena,Female,2017,2.7659793791953105
25799,Tenjo,Female,2017,7.884118935372522
25805,Tibacuy,Female,2017,1.3132750998700238
25807,Tibirita,Female,2017,1.1832251885583294
25815,Tocaima,Female,2017,5.294221758774078
25817,Tocancipá,Female,2017,12.90595476658806
25823,Topaipí,Female,2017,1.4176303008507258
25839,Ubalá,Female,2017,2.7573198293989867
25841,Ubaque,Female,2017,2.5967772871323764
25843,Villa De San Diego De Ubaté,Female,2017,19.570939342618132
25845,Une,Female,2017,2.244713635929615
25851,Útica,Female,2017,1.2487554081966004
25862,Vergara,Female,2017,2.4676980102534776
25867,Vianí,Female,2017,1.356749311207261
25871,Villagómez,Female,2017,0.5778498591155188
25873,Villapinzón,Female,2017,6.17045822905439
25875,Villeta,Female,2017,10.922699616603458
25878,Viotá,Female,2017,4.51302979303995
25885,Yacopí,Female,2017,4.934379354350606
25898,Zipacón,Female,2017,1.4082941129460587
25899,Zipaquirá,Female,2017,47.099341694499905
27001,Quibdó,Female,2017,59.88244964381493
27006,Acandí,Female,2017,5.746723828136884
27025,Alto Baudó,Female,2017,12.94328599989602
27050,Atrato,Female,2017,2.589477913924279
27073,Bagadó,Female,2017,4.500067898116286
27075,Bahía Solano,Female,2017,3.68825405999394
27077,Bajo Baudó,Female,2017,12.759673245387662
27099,Bojayá,Female,2017,4.567801939387195
27135,El Cantón Del San Pablo,Female,2017,2.5182843206277816
27150,Carmen Del Darién,Female,2017,7.025139082440101
27160,Cértegui,Female,2017,2.5282789192007993
27205,Condoto,Female,2017,5.594966863120763
27245,El Carmen De Atrato,Female,2017,3.381052386165141
27250,El Litoral Del San Juan,Female,2017,8.72967944514529
27361,Istmina,Female,2017,13.23866059700308
27372,Juradó,Female,2017,2.6504193597478727
27413,Lloró,Female,2017,3.4671495048723697
27425,Medio Atrato,Female,2017,4.862064378332185
27430,Medio Baudó,Female,2017,6.743787349251491
27450,Medio San Juan,Female,2017,4.147967604738744
27491,Nóvita,Female,2017,3.8670053634937047
27495,Nuquí,Female,2017,6.497001029298512
27580,Río Iró,Female,2017,2.198950182228917
27600,Río Quito,Female,2017,3.93606000505708
27615,Riosucio,Female,2017,24.60255132078099
27660,San José Del Palmar,Female,2017,2.313190984395992
27745,Sipí,Female,2017,1.3098394580622534
27787,Tadó,Female,2017,9.397975663230497
27800,Unguía,Female,2017,5.2890748462992985
27810,Unión Panamericana,Female,2017,3.076083507852084
41001,Neiva,Female,2017,143.83108602660707
41006,Acevedo,Female,2017,15.47947311005399
41013,Agrado,Female,2017,3.6928966772646987
41016,Aipe,Female,2017,6.217048205365103
41020,Algeciras,Female,2017,9.145292621537426
41026,Altamira,Female,2017,1.367932960906193
41078,Baraya,Female,2017,3.174070182449487
41132,Campoalegre,Female,2017,13.914911853971418
41206,Colombia,Female,2017,2.9547241368582933
41244,Elías,Female,2017,1.2886755316898693
41298,Garzón,Female,2017,27.927592657119384
41306,Gigante,Female,2017,9.150141806195435
41319,Guadalupe,Female,2017,7.306171213867328
41349,Hobo,Female,2017,2.630439339995765
41357,Íquira,Female,2017,3.8337466408149745
41359,Isnos,Female,2017,9.264887347434184
41378,La Argentina,Female,2017,5.644094047070334
41396,La Plata,Female,2017,24.42224699266456
41483,Nátaga,Female,2017,2.5791043715128192
41503,Oporapa,Female,2017,5.048662462906987
41518,Paicol,Female,2017,2.275013672038922
41524,Palermo,Female,2017,8.677763718984778
41530,Palestina,Female,2017,4.699471022929093
41548,Pital,Female,2017,5.078279367452145
41551,Pitalito,Female,2017,59.05955276592488
41615,Rivera,Female,2017,7.513207968855585
41660,Saladoblanco,Female,2017,4.722591608300759
41668,San Agustín,Female,2017,11.59796230740308
41676,Santa María,Female,2017,3.83926813831816
41770,Suaza,Female,2017,7.408687464093292
41791,Tarqui,Female,2017,7.135647101820189
41797,Tesalia,Female,2017,3.865337171999795
41799,Tello,Female,2017,4.19200864206795
41801,Teruel,Female,2017,2.900437387727486
41807,Timaná,Female,2017,7.949077011610033
41872,Villavieja,Female,2017,2.638231332610321
41885,Yaguará,Female,2017,2.406594492586618
44001,Riohacha,Female,2017,80.82119837273811
44035,Albania,Female,2017,9.790890295296409
44078,Barrancas,Female,2017,12.711026171731937
44090,Dibulla,Female,2017,14.339314385301067
44098,Distracción,Female,2017,4.351660501907704
44110,El Molino,Female,2017,2.441362264267025
44279,Fonseca,Female,2017,14.105597771805
44378,Hatonuevo,Female,2017,6.888677275121088
44420,La Jagua Del Pilar,Female,2017,1.0782807495729256
44430,Maicao,Female,2017,73.60115247396958
44560,Manaure,Female,2017,36.1079459237569
44650,San Juan Del Cesar,Female,2017,16.192719230826235
44847,Uribia,Female,2017,82.39944175445467
44855,Urumita,Female,2017,3.4796380998257517
44874,Villanueva,Female,2017,8.848056350548053
47001,Santa Marta,Female,2017,194.03359060440292
47030,Algarrobo,Female,2017,5.7194883014115225
47053,Aracataca,Female,2017,13.843964248977649
47058,Ariguaní,Female,2017,12.27305848750489
47161,Cerro De San Antonio,Female,2017,4.092766402925326
47170,Chivolo,Female,2017,8.03627778585578
47189,Ciénaga,Female,2017,45.793913929843505
47205,Concordia,Female,2017,4.428869073094741
47245,El Banco,Female,2017,25.533282635610476
47258,El Piñón,Female,2017,8.0955471126934
47268,El Retén,Female,2017,8.148203929698443
47288,Fundación,Female,2017,26.20170535054319
47318,Guamal,Female,2017,10.209980806276073
47460,Nueva Granada,Female,2017,8.136380836046197
47541,Pedraza,Female,2017,3.516298465024148
47545,Pijiño Del Carmen,Female,2017,4.619778363578913
47551,Pivijay,Female,2017,15.10427767459501
47555,Plato,Female,2017,23.115159627607884
47570,Puebloviejo,Female,2017,11.496856094104903
47605,Remolino,Female,2017,4.354258046094814
47660,Sabanas De San Ángel,Female,2017,6.191411565461974
47675,Salamina,Female,2017,4.110368146560871
47692,San Sebastián De Buenavista,Female,2017,8.160294328006076
47703,San Zenón,Female,2017,4.1656181084424215
47707,Santa Ana,Female,2017,9.256614866169611
47720,Santa Bárbara De Pinto,Female,2017,4.371702761274298
47745,Sitionuevo,Female,2017,11.917891503976328
47798,Tenerife,Female,2017,5.01175764205057
47960,Zapayán,Female,2017,4.308502802734901
47980,Zona Bananera,Female,2017,25.333186917772977
50001,Villavicencio,Female,2017,186.03957742165687
50006,Acacías,Female,2017,26.005769321739265
50110,Barranca De Upía,Female,2017,2.1018235110852106
50124,Cabuyaro,Female,2017,1.8176779317237353
50150,Castilla La Nueva,Female,2017,4.2855963598185935
50223,Cubarral,Female,2017,2.476143233930491
50226,Cumaral,Female,2017,7.255849193915301
50245,El Calvario,Female,2017,0.5055571429694414
50251,El Castillo,Female,2017,2.7740468680126544
50270,El Dorado,Female,2017,1.449521939088097
50287,Fuente De Oro,Female,2017,4.759664397390492
50313,Granada,Female,2017,29.494282381989503
50318,Guamal,Female,2017,4.499623687928415
50325,Mapiripán,Female,2017,2.4220902430783076
50330,Mesetas,Female,2017,4.385032663781905
50350,La Macarena,Female,2017,11.002550028277764
50370,Uribe,Female,2017,3.570019094904266
50400,Lejanías,Female,2017,4.353901767030406
50450,Puerto Concordia,Female,2017,3.0520240114258628
50568,Puerto Gaitán,Female,2017,14.100151039955422
50573,Puerto López,Female,2017,12.858783611177438
50577,Puerto Lleras,Female,2017,3.6239807794261183
50590,Puerto Rico,Female,2017,4.620779657672421
50606,Restrepo,Female,2017,5.416630507987152
50680,San Carlos De Guaroa,Female,2017,3.777573520274324
50683,San Juan De Arama,Female,2017,3.100922962180917
50686,San Juanito,Female,2017,0.6799310231253783
50689,San Martín,Female,2017,8.482181866632892
50711,Vistahermosa,Female,2017,6.746786008848677
52001,Pasto,Female,2017,130.88614323023816
52019,Albán,Female,2017,4.1910294204439404
52022,Aldana,Female,2017,2.8896204011824067
52036,Ancuya,Female,2017,2.8890355587983274
52051,Arboleda,Female,2017,3.6883659187509226
52079,Barbacoas,Female,2017,23.502766047048013
52083,Belén,Female,2017,2.48729203165143
52110,Buesaco,Female,2017,9.22566336328072
52203,Colón,Female,2017,3.3545907516678364
52207,Consacá,Female,2017,5.443154276988531
52210,Contadero,Female,2017,2.9567355624931033
52215,Córdoba,Female,2017,6.238209202599826
52224,Cuaspud Carlosama,Female,2017,4.104224216942571
52227,Cumbal,Female,2017,13.149596050731027
52233,Cumbitara,Female,2017,2.3101699124700237
52240,Chachagüí,Female,2017,5.712147750365248
52250,El Charco,Female,2017,9.8636944191113
52254,El Peñol,Female,2017,3.1478272638377764
52256,El Rosario,Female,2017,5.444809693527365
52258,El Tablón De Gómez,Female,2017,6.243579398479202
52260,El Tambo,Female,2017,5.307957018684846
52287,Funes,Female,2017,2.843209906822576
52317,Guachucal,Female,2017,7.704345734023031
52320,Guaitarilla,Female,2017,4.307659112244716
52323,Gualmatán,Female,2017,2.7529320746834536
52352,Iles,Female,2017,3.216706582287233
52354,Imués,Female,2017,3.094901923995269
52356,Ipiales,Female,2017,41.5442676480578
52378,La Cruz,Female,2017,6.951332967275454
52381,La Florida,Female,2017,5.0915144024455525
52385,La Llanada,Female,2017,2.3201095988543314
52390,La Tola,Female,2017,3.2009769133518224
52399,La Unión,Female,2017,14.330060466357219
52405,Leiva,Female,2017,4.164336490580553
52411,Linares,Female,2017,3.86087054993465
52418,Los Andes,Female,2017,4.003917315030862
52427,Magüí,Female,2017,10.36995437038642
52435,Mallama,Female,2017,3.4740452783740343
52473,Mosquera,Female,2017,5.625318505361515
52480,Nariño,Female,2017,2.0330062844799177
52490,Olaya Herrera,Female,2017,11.415693466417213
52506,Ospina,Female,2017,2.6666212083545124
52520,Francisco Pizarro,Female,2017,6.318831951598659
52540,Policarpa,Female,2017,5.582384519977281
52560,Potosí,Female,2017,3.5862274371978495
52565,Providencia,Female,2017,2.7016400180007913
52573,Puerres,Female,2017,3.167198654483573
52585,Pupiales,Female,2017,6.832618671245817
52612,Ricaurte,Female,2017,8.605126894679724
52621,Roberto Payán,Female,2017,5.880798448598737
52678,Samaniego,Female,2017,13.14068406272768
52683,Sandoná,Female,2017,7.920259750850777
52685,San Bernardo,Female,2017,4.491690641527773
52687,San Lorenzo,Female,2017,8.216987073063459
52693,San Pablo,Female,2017,6.328154380655259
52694,San Pedro De Cartago,Female,2017,3.1124175627035533
52696,Santa Bárbara,Female,2017,5.789176489040305
52699,Santacruz,Female,2017,5.162895569537622
52720,Sapuyes,Female,2017,3.164349981166058
52786,Taminango,Female,2017,7.125651770794045
52788,Tangua,Female,2017,5.83344517564032
52835,San Andrés De Tumaco,Female,2017,106.33365422236228
52838,Túquerres,Female,2017,17.039196453697688
52885,Yacuanquer,Female,2017,4.726530179406141
54001,San José De Cúcuta,Female,2017,281.98822555752986
54003,Ábrego,Female,2017,12.778989197784108
54051,Arboledas,Female,2017,3.47902662831361
54099,Bochalema,Female,2017,2.6577905492029066
54109,Bucarasica,Female,2017,2.452834969760719
54125,Cácota,Female,2017,1.091107132530712
54128,Cáchira,Female,2017,4.012246130857322
54172,Chinácota,Female,2017,5.655012649876907
54174,Chitagá,Female,2017,4.373368567807602
54206,Convención,Female,2017,7.410105895649912
54223,Cucutilla,Female,2017,3.4387805991711966
54239,Durania,Female,2017,1.6399935088253743
54245,El Carmen,Female,2017,5.2551592553884205
54250,El Tarra,Female,2017,7.763839707701121
54261,El Zulia,Female,2017,12.195832999860052
54313,Gramalote,Female,2017,2.31346667420607
54344,Hacarí,Female,2017,4.015154761558279
54347,Herrán,Female,2017,2.7406936605266936
54377,Labateca,Female,2017,2.188525734891278
54385,La Esperanza,Female,2017,4.201733016539195
54398,La Playa,Female,2017,3.153293667444927
54405,Los Patios,Female,2017,29.89811040242678
54418,Lourdes,Female,2017,1.316826706998885
54480,Mutiscua,Female,2017,1.4454186855424533
54498,Ocaña,Female,2017,42.85390511232396
54518,Pamplona,Female,2017,15.798142056845409
54520,Pamplonita,Female,2017,1.8762040494446366
54553,Puerto Santander,Female,2017,6.928582210026488
54599,Ragonvalia,Female,2017,2.1592598453814213
54660,Salazar,Female,2017,3.502987861267273
54670,San Calixto,Female,2017,4.720267520390687
54673,San Cayetano,Female,2017,2.4438414189001287
54680,Santiago,Female,2017,1.2639123496550924
54720,Sardinata,Female,2017,8.953227490896166
54743,Silos,Female,2017,2.2924056014531553
54800,Teorama,Female,2017,6.5312727891171445
54810,Tibú,Female,2017,29.58867779663955
54820,Toledo,Female,2017,5.656302450215422
54871,Villa Caro,Female,2017,2.047721866642793
54874,Villa Del Rosario,Female,2017,34.593202802690804
63001,Armenia,Female,2017,105.37986608748189
63111,Buenavista,Female,2017,0.9915011346593243
63130,Calarcá,Female,2017,24.70943838327519
63190,Circasia,Female,2017,11.10552432872765
63212,Córdoba,Female,2017,1.9185291248579706
63272,Filandia,Female,2017,3.868741650674241
63302,Génova,Female,2017,3.836284630374827
63401,La Tebaida,Female,2017,13.08869443290288
63470,Montenegro,Female,2017,12.916525388930792
63548,Pijao,Female,2017,2.1532281033238982
63594,Quimbaya,Female,2017,11.524349693581758
63690,Salento,Female,2017,2.94672236441853
66001,Pereira,Female,2017,165.63507705350125
66045,Apía,Female,2017,4.4950925638258195
66075,Balboa,Female,2017,2.3568169035077373
66088,Belén De Umbría,Female,2017,9.281901872687866
66170,Dosquebradas,Female,2017,70.37851781868669
66318,Guática,Female,2017,4.491118326903716
66383,La Celia,Female,2017,2.7897233072671863
66400,La Virginia,Female,2017,16.225106223003564
66440,Marsella,Female,2017,6.076872174746312
66456,Mistrató,Female,2017,6.447650697363062
66572,Pueblo Rico,Female,2017,8.132592772514212
66594,Quinchía,Female,2017,10.323296157642543
66682,Santa Rosa De Cabal,Female,2017,25.371076534289
66687,Santuario,Female,2017,4.88537960386019
68001,Bucaramanga,Female,2017,194.80507708793277
68013,Aguada,Female,2017,1.205274181682341
68020,Albania,Female,2017,1.5150139260851578
68051,Aratoca,Female,2017,3.0274731876349508
68077,Barbosa,Female,2017,10.58109201860925
68079,Barichara,Female,2017,3.383324987014865
68081,Barrancabermeja,Female,2017,80.24831746647897
68092,Betulia,Female,2017,2.0923145961417315
68101,Bolívar,Female,2017,4.293725478067362
68121,Cabrera,Female,2017,0.9788498633056624
68132,California,Female,2017,0.6440534768454903
68147,Capitanejo,Female,2017,1.8941345942736612
68152,Carcasí,Female,2017,1.7685029024894774
68160,Cepitá,Female,2017,0.6897104608251149
68162,Cerrito,Female,2017,2.44109812797193
68167,Charalá,Female,2017,4.28628880463144
68169,Charta,Female,2017,0.9286244149272008
68176,Chima,Female,2017,1.0354440180100697
68179,Chipatá,Female,2017,1.7687141264384612
68190,Cimitarra,Female,2017,12.62782260367647
68207,Concepción,Female,2017,1.933480534000013
68209,Confines,Female,2017,0.9786815243916087
68211,Contratación,Female,2017,1.2281063916217265
68217,Coromoro,Female,2017,1.8958211615995715
68229,Curití,Female,2017,4.4268215076008595
68235,El Carmen De Chucuri,Female,2017,9.15149071512605
68245,El Guacamayo,Female,2017,0.7451950735517896
68250,El Peñón,Female,2017,2.1150985502733892
68255,El Playón,Female,2017,4.991930151609689
68264,Encino,Female,2017,0.8110961323998397
68266,Enciso,Female,2017,1.251702172753018
68271,Florián,Female,2017,2.304362865839699
68276,Floridablanca,Female,2017,92.72616228461524
68296,Galán,Female,2017,1.0408993941936582
68298,Gámbita,Female,2017,1.4772183797946536
68307,Girón,Female,2017,49.47187393800888
68318,Guaca,Female,2017,2.568549092061025
68320,Guadalupe,Female,2017,1.6023007934071172
68322,Guapotá,Female,2017,1.0602886883016676
68324,Guavatá,Female,2017,1.578056780631206
68327,Güepsa,Female,2017,1.677976961362254
68344,Hato,Female,2017,0.8868709107819122
68368,Jesús María,Female,2017,1.2625732495035966
68370,Jordán,Female,2017,0.5695272546073338
68377,La Belleza,Female,2017,2.2333990307142595
68385,Landázuri,Female,2017,4.173723772623591
68397,La Paz,Female,2017,1.6309470174530316
68406,Lebrija,Female,2017,13.665479697709523
68418,Los Santos,Female,2017,5.467601962066805
68425,Macaravita,Female,2017,0.7201990149752924
68432,Málaga,Female,2017,6.816459925734039
68444,Matanza,Female,2017,1.7362222704305368
68464,Mogotes,Female,2017,4.787003964842735
68468,Molagavita,Female,2017,1.6718298634204578
68498,Ocamonte,Female,2017,1.9173817288523307
68500,Oiba,Female,2017,3.828752364984677
68502,Onzaga,Female,2017,1.9919388328174126
68522,Palmar,Female,2017,0.46477760638644006
68524,Palmas Del Socorro,Female,2017,0.803595141489023
68533,Páramo,Female,2017,1.5437158346976543
68547,Piedecuesta,Female,2017,53.87812422402298
68549,Pinchote,Female,2017,1.659864994379832
68572,Puente Nacional,Female,2017,4.589862291445961
68573,Puerto Parra,Female,2017,2.584655237498002
68575,Puerto Wilches,Female,2017,11.451966673347274
68615,Rionegro,Female,2017,9.236610488669797
68655,Sabana De Torres,Female,2017,11.412855459919198
68669,San Andrés,Female,2017,3.2178735653527095
68673,San Benito,Female,2017,1.1445037740664525
68679,San Gil,Female,2017,17.484495979967456
68682,San Joaquín,Female,2017,0.9586514819509843
68684,San José De Miranda,Female,2017,1.6249840678251222
68686,San Miguel,Female,2017,0.7435969929453218
68689,San Vicente De Chucurí,Female,2017,11.305367042840608
68705,Santa Bárbara,Female,2017,1.011804563861951
68720,Santa Helena Del Opón,Female,2017,1.2491117876318625
68745,Simacota,Female,2017,3.5535181778935216
68755,Socorro,Female,2017,10.198131446493546
68770,Suaita,Female,2017,3.4637641051945893
68773,Sucre,Female,2017,2.7924323513067217
68780,Suratá,Female,2017,1.4703893150094256
68820,Tona,Female,2017,2.6661331646133317
68855,Valle De San José,Female,2017,2.0792767834862884
68861,Vélez,Female,2017,8.084769606016163
68867,Vetas,Female,2017,0.7031473046287189
68872,Villanueva,Female,2017,2.5646226142835595
68895,Zapatoca,Female,2017,3.5725230555917067
70001,Sincelejo,Female,2017,112.45523378343438
70110,Buenavista,Female,2017,3.91888272763447
70124,Caimito,Female,2017,5.961750823839847
70204,Colosó,Female,2017,3.6940286634677673
70215,Corozal,Female,2017,23.993493782726926
70221,Coveñas,Female,2017,5.470084141788487
70230,Chalán,Female,2017,1.913268879112442
70233,El Roble,Female,2017,4.190655663410412
70235,Galeras,Female,2017,7.662110052118913
70265,Guaranda,Female,2017,7.206920598745549
70400,La Unión,Female,2017,4.823650927387341
70418,Los Palmitos,Female,2017,8.1365700402912
70429,Majagual,Female,2017,15.249273067786902
70473,Morroa,Female,2017,5.677296503507715
70508,Ovejas,Female,2017,8.9519743220349
70523,Palmito,Female,2017,5.714578259413179
70670,Sampués,Female,2017,18.635028168916268
70678,San Benito Abad,Female,2017,11.556472042494143
70702,San Juan De Betulia,Female,2017,5.193133278680737
70708,San Marcos,Female,2017,23.721764052538667
70713,San Onofre,Female,2017,20.81368608754685
70717,San Pedro,Female,2017,7.226837849958346
70742,San Luis De Sincé,Female,2017,12.043060586619983
70771,Sucre,Female,2017,11.600365117539624
70820,Santiago De Tolú,Female,2017,11.988394041212938
70823,San José De Toluviejo,Female,2017,8.10869344355206
73001,Ibagué,Female,2017,170.21561610059834
73024,Alpujarra,Female,2017,1.350291490365799
73026,Alvarado,Female,2017,3.2004883795637813
73030,Ambalema,Female,2017,2.1643123741455597
73043,Anzoátegui,Female,2017,4.014768423714596
73055,Armero,Female,2017,4.033555056057008
73067,Ataco,Female,2017,7.457243373405257
73124,Cajamarca,Female,2017,7.173377598319211
73148,Carmen De Apicalá,Female,2017,3.0845173747927217
73152,Casabianca,Female,2017,2.2999909859314354
73168,Chaparral,Female,2017,19.96685039446014
73200,Coello,Female,2017,2.7568087695988472
73217,Coyaima,Female,2017,8.787130200160414
73226,Cunday,Female,2017,2.906611667881195
73236,Dolores,Female,2017,2.6009052582385968
73268,Espinal,Female,2017,26.046775295120952
73270,Falan,Female,2017,2.607289840728158
73275,Flandes,Female,2017,8.50075472690648
73283,Fresno,Female,2017,12.739415487520176
73319,Guamo,Female,2017,11.156544503568732
73347,Herveo,Female,2017,3.1041002956840757
73349,Honda,Female,2017,9.372785732231517
73352,Icononzo,Female,2017,3.801633830306829
73408,Lérida,Female,2017,6.513759535217069
73411,Líbano,Female,2017,14.030233848381751
73443,San Sebastián De Mariquita,Female,2017,12.850289644245438
73449,Melgar,Female,2017,14.355388085667471
73461,Murillo,Female,2017,1.737252424404153
73483,Natagaima,Female,2017,6.329576429287858
73504,Ortega,Female,2017,12.665314944035796
73520,Palocabildo,Female,2017,3.480694896794602
73547,Piedras,Female,2017,2.005250405616182
73555,Planadas,Female,2017,13.298262345850823
73563,Prado,Female,2017,2.8139947684978353
73585,Purificación,Female,2017,8.263413620052697
73616,Rioblanco,Female,2017,8.506209057918142
73622,Roncesvalles,Female,2017,2.034985595500203
73624,Rovira,Female,2017,9.44100603396482
73671,Saldaña,Female,2017,5.392779790049542
73675,San Antonio,Female,2017,4.91411993402519
73678,San Luis,Female,2017,4.610368856627131
73686,Santa Isabel,Female,2017,2.3184793948401596
73770,Suárez,Female,2017,1.258248279065106
73854,Valle De San Juan,Female,2017,1.7952926172237067
73861,Venadillo,Female,2017,4.459660298254378
73870,Villahermosa,Female,2017,3.763887441612936
73873,Villarrica,Female,2017,1.6315376840434108
76001,Cali,Female,2017,770.5544551959217
76020,Alcalá,Female,2017,5.682052292560568
76036,Andalucía,Female,2017,8.587891954974674
76041,Ansermanuevo,Female,2017,8.445943261705953
76054,Argelia,Female,2017,1.8919129908162873
76100,Bolívar,Female,2017,4.91706439027429
76109,Buenaventura,Female,2017,116.28494617849731
76111,Guadalajara De Buga,Female,2017,40.13466110401956
76113,Bugalagrande,Female,2017,8.429639061460042
76122,Caicedonia,Female,2017,12.486769719467908
76126,Calima,Female,2017,5.924024825027024
76130,Candelaria,Female,2017,28.13089824661647
76147,Cartago,Female,2017,48.038116160211715
76233,Dagua,Female,2017,15.251294380747737
76243,El Águila,Female,2017,3.3791461509689635
76246,El Cairo,Female,2017,2.2222104332246246
76248,El Cerrito,Female,2017,19.15365045450479
76250,El Dovio,Female,2017,3.533235081846734
76275,Florida,Female,2017,18.40125087815421
76306,Ginebra,Female,2017,6.647294980858536
76318,Guacarí,Female,2017,11.464077770284668
76364,Jamundí,Female,2017,49.58072125587164
76377,La Cumbre,Female,2017,5.017349784693216
76400,La Unión,Female,2017,12.235423298143647
76403,La Victoria,Female,2017,3.9477273045561563
76497,Obando,Female,2017,4.009009459280397
76520,Palmira,Female,2017,108.75231267407197
76563,Pradera,Female,2017,18.70091350454056
76606,Restrepo,Female,2017,4.873665425682447
76616,Riofrío,Female,2017,4.810227736525774
76622,Roldanillo,Female,2017,11.797116385638777
76670,San Pedro,Female,2017,6.480058203425555
76736,Sevilla,Female,2017,13.896065474608351
76823,Toro,Female,2017,5.150866835684026
76828,Trujillo,Female,2017,6.335648750113401
76834,Tuluá,Female,2017,69.64587822788512
76845,Ulloa,Female,2017,1.672007929377095
76863,Versalles,Female,2017,2.4046634784920027
76869,Vijes,Female,2017,3.646538125057597
76890,Yotoco,Female,2017,5.452544225504279
76892,Yumbo,Female,2017,33.0107017464996
76895,Zarzal,Female,2017,12.934349164683741
81001,Arauca,Female,2017,31.327748482333092
81065,Arauquita,Female,2017,17.53273741133659
81220,Cravo Norte,Female,2017,1.4871645984097661
81300,Fortul,Female,2017,8.35044838604008
81591,Puerto Rondón,Female,2017,1.6065231919911018
81736,Saravena,Female,2017,20.251901265068177
81794,Tame,Female,2017,26.78236851549982
85001,Yopal,Female,2017,57.20293631452781
85010,Aguazul,Female,2017,13.073157266962532
85015,Chámeza,Female,2017,0.8422128221286388
85125,Hato Corozal,Female,2017,4.418106584616915
85136,La Salina,Female,2017,0.45567815856603666
85139,Maní,Female,2017,5.6394566442223715
85162,Monterrey,Female,2017,6.015252386420345
85225,Nunchía,Female,2017,3.414065235642365
85230,Orocué,Female,2017,4.057211369278956
85250,Paz De Ariporo,Female,2017,12.507257003311242
85263,Pore,Female,2017,4.386018083345782
85279,Recetor,Female,2017,0.5408813584220297
85300,Sabanalarga,Female,2017,1.3769571586241378
85315,Sácama,Female,2017,0.6809228278770452
85325,San Luis De Palenque,Female,2017,3.0100334524980434
85400,Támara,Female,2017,2.446962762455825
85410,Tauramena,Female,2017,7.4392992694309195
85430,Trinidad,Female,2017,4.704567671477984
85440,Villanueva,Female,2017,11.572382535087682
86001,Mocoa,Female,2017,37.99524596537098
86219,Colón,Female,2017,2.0321113223999685
86320,Orito,Female,2017,14.39178500782911
86568,Puerto Asís,Female,2017,25.90508875727726
86569,Puerto Caicedo,Female,2017,5.589709028743586
86571,Puerto Guzmán,Female,2017,13.583382604594368
86573,Puerto Leguízamo,Female,2017,9.419535388593768
86749,Sibundoy,Female,2017,5.250980032229767
86755,San Francisco,Female,2017,1.8385213684745505
86757,San Miguel,Female,2017,7.174978748093249
86760,Santiago,Female,2017,2.870181056108273
86865,Valle Del Guamuez,Female,2017,13.758270408925618
86885,Villagarzón,Female,2017,8.36925362072788
88001,San Andrés,Female,2017,18.8309573682264
88564,Providencia,Female,2017,1.934166137924294
91001,Leticia,Female,2017,19.39032213214579
91263,El Encanto,Female,2017,0.7193927852556422
91405,La Chorrera,Female,2017,1.057943766746389
91407,La Pedrera,Female,2017,1.6229919371200936
91430,La Victoria,Female,2017,0.3319095168802638
91460,Mirití - Paraná,Female,2017,0.6971290161069769
91530,Puerto Alegría,Female,2017,0.26961460782413355
91536,Puerto Arica,Female,2017,0.45239673970986993
91540,Puerto Nariño,Female,2017,3.5382453447341624
91669,Puerto Santander,Female,2017,0.6317408646290146
91798,Tarapacá,Female,2017,1.4129538529420769
94001,Inírida,Female,2017,12.187304430736146
94343,Barrancominas,Female,2017,1.9364036930128754
94883,San Felipe,Female,2017,0.5288593736545297
94884,Puerto Colombia,Female,2017,0.603686840182236
94885,La Guadalupe,Female,2017,0.07734221798438973
94886,Cacahual,Female,2017,0.2721090181652171
94887,Pana Pana,Female,2017,0.6720387911557006
94888,Morichal,Female,2017,0.27184847500856946
95001,San José Del Guaviare,Female,2017,21.357825838904148
95015,Calamar,Female,2017,3.2492729795393465
95025,El Retorno,Female,2017,4.5639569109318074
95200,Miraflores,Female,2017,2.1382640124468826
97001,Mitú,Female,2017,10.182514659792236
97161,Carurú,Female,2017,0.9405984933079287
97511,Pacoa,Female,2017,1.26124959277593
97666,Taraira,Female,2017,1.020725252481286
97777,Papunahua,Female,2017,0.2596636367077755
97889,Yavaraté,Female,2017,0.33568050597262106
99001,Puerto Carreño,Female,2017,9.860164362865564
99524,La Primavera,Female,2017,4.347310360238599
99624,Santa Rosalía,Female,2017,1.500173257641829
99773,Cumaribo,Female,2017,27.919079695515784
5001,Medellín,Male,2017,1920.27039590793
5002,Abejorral,Male,2017,23.054999466326244
5004,Abriaquí,Male,2017,2.7394415979826054
5021,Alejandría,Male,2017,4.211084056248214
5030,Amagá,Male,2017,30.844410234341154
5031,Amalfi,Male,2017,26.033841287209118
5034,Andes,Male,2017,54.355286506521935
5036,Angelópolis,Male,2017,8.617827570486178
5038,Angostura,Male,2017,13.07540412619946
5040,Anorí,Male,2017,20.486607022840083
5042,Santa Fé De Antioquia,Male,2017,24.431091392328028
5044,Anzá,Male,2017,7.966489804975262
5045,Apartadó,Male,2017,152.60394838381126
5051,Arboletes,Male,2017,31.409924817823388
5055,Argelia,Male,2017,8.777889546368487
5059,Armenia,Male,2017,5.546119303472677
5079,Barbosa,Male,2017,47.323111699124446
5086,Belmira,Male,2017,8.024084810176888
5088,Bello,Male,2017,413.9048892335077
5091,Betania,Male,2017,12.977287861439457
5093,Betulia,Male,2017,20.183821029870725
5101,Ciudad Bolívar,Male,2017,38.43344645345303
5107,Briceño,Male,2017,18.667716761503115
5113,Buriticá,Male,2017,10.5990541828935
5120,Cáceres,Male,2017,32.86914262251154
5125,Caicedo,Male,2017,10.095284264291529
5129,Caldas,Male,2017,66.98110760591636
5134,Campamento,Male,2017,10.949224007935376
5138,Cañasgordas,Male,2017,16.490897972834105
5142,Caracolí,Male,2017,5.7837693687436955
5145,Caramanta,Male,2017,5.185103594484301
5147,Carepa,Male,2017,48.779953251617954
5148,El Carmen De Viboral,Male,2017,48.408698543245904
5150,Carolina,Male,2017,3.6070285835035545
5154,Caucasia,Male,2017,119.94124249994502
5172,Chigorodó,Male,2017,68.04668831286577
5190,Cisneros,Male,2017,9.530370943788489
5197,Cocorná,Male,2017,15.431348763537382
5206,Concepción,Male,2017,4.837464040152999
5209,Concordia,Male,2017,24.409483815278772
5212,Copacabana,Male,2017,63.13126150705744
5234,Dabeiba,Male,2017,25.570035531308427
5237,Donmatías,Male,2017,16.994087591256278
5240,Ebéjico,Male,2017,13.390727824407522
5250,El Bagre,Male,2017,55.31396027522511
5264,Entrerríos,Male,2017,9.94704495306692
5266,Envigado,Male,2017,180.64590053156584
5282,Fredonia,Male,2017,25.13799118658367
5284,Frontino,Male,2017,20.67905555739415
5306,Giraldo,Male,2017,5.439005076868333
5308,Girardota,Male,2017,42.33434397079611
5310,Gómez Plata,Male,2017,9.999100864003292
5313,Granada,Male,2017,9.370885050613776
5315,Guadalupe,Male,2017,7.0145911660799145
5318,Guarne,Male,2017,46.109489197726965
5321,Guatapé,Male,2017,6.510041653135339
5347,Heliconia,Male,2017,6.322815968561125
5353,Hispania,Male,2017,5.527642188181535
5360,Itagüí,Male,2017,221.1429303706378
5361,Ituango,Male,2017,47.7213349934184
5364,Jardín,Male,2017,14.96626234835663
5368,Jericó,Male,2017,13.050215596199886
5376,La Ceja,Male,2017,51.08522732523059
5380,La Estrella,Male,2017,57.24907119811607
5390,La Pintada,Male,2017,11.15938271487329
5400,La Unión,Male,2017,19.061086494382288
5411,Liborina,Male,2017,13.580732239495896
5425,Maceo,Male,2017,8.554912934541592
5440,Marinilla,Male,2017,50.502920573478114
5467,Montebello,Male,2017,7.592641949813492
5475,Murindó,Male,2017,5.165144991077195
5480,Mutatá,Male,2017,28.664187900149365
5483,Nariño,Male,2017,11.387334693806443
5490,Necoclí,Male,2017,46.3310272373056
5495,Nechí,Male,2017,28.58430012354851
5501,Olaya,Male,2017,3.582481324877415
5541,Peñol,Male,2017,17.74428798779039
5543,Peque,Male,2017,8.878950259203938
5576,Pueblorrico,Male,2017,9.267900000371398
5579,Puerto Berrío,Male,2017,69.23042742747376
5585,Puerto Nare,Male,2017,14.565316919567037
5591,Puerto Triunfo,Male,2017,23.80224992330388
5604,Remedios,Male,2017,27.851542242446044
5607,Retiro,Male,2017,19.234547448397446
5615,Rionegro,Male,2017,108.68649387586609
5628,Sabanalarga,Male,2017,13.045850381995109
5631,Sabaneta,Male,2017,66.34591463857866
5642,Salgar,Male,2017,23.04609825219588
5647,San Andrés De Cuerquía,Male,2017,7.7535962108840835
5649,San Carlos,Male,2017,15.235684358101215
5652,San Francisco,Male,2017,5.583786064912356
5656,San Jerónimo,Male,2017,14.63086077580436
5658,San José De La Montaña,Male,2017,6.553269271273644
5659,San Juan De Urabá,Male,2017,20.78772295422471
5660,San Luis,Male,2017,11.626397331879947
5664,San Pedro De Los Milagros,Male,2017,23.174818480888494
5665,San Pedro De Urabá,Male,2017,34.44220559762363
5667,San Rafael,Male,2017,15.600062041444351
5670,San Roque,Male,2017,22.452982629436107
5674,San Vicente Ferrer,Male,2017,21.39410426767116
5679,Santa Bárbara,Male,2017,24.731657833019725
5686,Santa Rosa De Osos,Male,2017,33.9829791250301
5690,Santo Domingo,Male,2017,13.879267582013282
5697,El Santuario,Male,2017,26.920827021314125
5736,Segovia,Male,2017,51.46068605287761
5756,Sonsón,Male,2017,36.853945616992306
5761,Sopetrán,Male,2017,14.48612734207758
5789,Támesis,Male,2017,17.62944848167299
5790,Tarazá,Male,2017,48.49582554720654
5792,Tarso,Male,2017,7.397725360009384
5809,Titiribí,Male,2017,10.732569619948764
5819,Toledo,Male,2017,7.269044692924321
5837,Turbo,Male,2017,181.7251555635277
5842,Uramita,Male,2017,7.5955180642143665
5847,Urrao,Male,2017,30.236602735559504
5854,Valdivia,Male,2017,26.50385327373354
5856,Valparaíso,Male,2017,6.2274566703909695
5858,Vegachí,Male,2017,19.964516236945204
5861,Venecia,Male,2017,11.317719506209528
5873,Vigía Del Fuerte,Male,2017,8.52197920737035
5885,Yalí,Male,2017,8.688961544707528
5887,Yarumal,Male,2017,48.337932290644574
5890,Yolombó,Male,2017,24.375223311713604
5893,Yondó,Male,2017,19.445481948294034
5895,Zaragoza,Male,2017,28.481745400193404
8001,Barranquilla,Male,2017,1241.8044048526035
8078,Baranoa,Male,2017,58.23525081497016
8137,Campo De La Cruz,Male,2017,27.11226406993581
8141,Candelaria,Male,2017,16.867216479447844
8296,Galapa,Male,2017,47.86580430473148
8372,Juan De Acosta,Male,2017,20.729407035477678
8421,Luruaco,Male,2017,30.632484780577773
8433,Malambo,Male,2017,109.26586864170224
8436,Manatí,Male,2017,18.96626570928657
8520,Palmar De Varela,Male,2017,27.72218551527456
8549,Piojó,Male,2017,7.339356989700874
8558,Polonuevo,Male,2017,16.729143771131678
8560,Ponedera,Male,2017,24.215613913314463
8573,Puerto Colombia,Male,2017,37.75927762159194
8606,Repelón,Male,2017,27.80260686484866
8634,Sabanagrande,Male,2017,29.611215990213346
8638,Sabanalarga,Male,2017,85.74466971113996
8675,Santa Lucía,Male,2017,15.430292458623871
8685,Santo Tomás,Male,2017,26.158264904269377
8758,Soledad,Male,2017,460.72499136662606
8770,Suan,Male,2017,11.375676095222124
8832,Tubará,Male,2017,17.172496992981372
8849,Usiacurí,Male,2017,11.932004768294371
11001,"Bogotá, D.C.",Male,2017,5817.333232725131
13001,Cartagena De Indias,Male,2017,941.9272485448679
13006,Achí,Male,2017,28.93031015909408
13030,Altos Del Rosario,Male,2017,12.907268242356471
13042,Arenal,Male,2017,9.833847269018575
13052,Arjona,Male,2017,72.07985961090098
13062,Arroyohondo,Male,2017,10.203757645725455
13074,Barranco De Loba,Male,2017,17.30199787025893
13140,Calamar,Male,2017,26.435325591750015
13160,Cantagallo,Male,2017,9.530707523865068
13188,Cicuco,Male,2017,14.887924945440275
13212,Córdoba,Male,2017,20.27768759060104
13222,Clemencia,Male,2017,17.181233645254636
13244,El Carmen De Bolívar,Male,2017,84.06825113486259
13248,El Guamo,Male,2017,11.311410825892523
13268,El Peñón,Male,2017,9.41122751234729
13300,Hatillo De Loba,Male,2017,15.269850407603577
13430,Magangué,Male,2017,139.97809297475808
13433,Mahates,Male,2017,30.26362960869672
13440,Margarita,Male,2017,12.8549075534502
13442,María La Baja,Male,2017,50.9068817199795
13458,Montecristo,Male,2017,22.161217876902008
13468,Mompós,Male,2017,45.15568546232082
13473,Morales,Male,2017,26.42668028538139
13490,Norosí,Male,2017,5.667020045747605
13549,Pinillos,Male,2017,29.180488479994793
13580,Regidor,Male,2017,6.512117442016051
13600,Río Viejo,Male,2017,13.249073546309855
13620,San Cristóbal,Male,2017,8.250948842494262
13647,San Estanislao,Male,2017,19.677071538918216
13650,San Fernando,Male,2017,14.113220709605637
13654,San Jacinto,Male,2017,29.1049739962958
13655,San Jacinto Del Cauca,Male,2017,12.632738316886044
13657,San Juan Nepomuceno,Male,2017,44.570515073935
13667,San Martín De Loba,Male,2017,17.129977451157412
13670,San Pablo,Male,2017,32.520526133739466
13673,Santa Catalina,Male,2017,15.50324675496346
13683,Santa Rosa,Male,2017,24.30535696581967
13688,Santa Rosa Del Sur,Male,2017,34.55540347530816
13744,Simití,Male,2017,21.629863226999035
13760,Soplaviento,Male,2017,10.761814080495174
13780,Talaigua Nuevo,Male,2017,13.468350238495134
13810,Tiquisio,Male,2017,21.623168354607362
13836,Turbaco,Male,2017,93.41224079976514
13838,Turbaná,Male,2017,17.65568201453244
13873,Villanueva,Male,2017,26.570801423283218
13894,Zambrano,Male,2017,14.609127445948264
15001,Tunja,Male,2017,138.23091164610045
15022,Almeida,Male,2017,2.607286536020458
15047,Aquitania,Male,2017,16.929565754366426
15051,Arcabuco,Male,2017,5.031841414533309
15087,Belén,Male,2017,6.205429913640761
15090,Berbeo,Male,2017,1.7009873096866055
15092,Betéitiva,Male,2017,2.020546367820338
15097,Boavita,Male,2017,6.528186104832304
15104,Boyacá,Male,2017,5.359547658265436
15106,Briceño,Male,2017,2.6772234814360143
15109,Buenavista,Male,2017,6.167540454251375
15114,Busbanzá,Male,2017,1.4009157359884834
15131,Caldas,Male,2017,3.354682278229336
15135,Campohermoso,Male,2017,3.5259739870048272
15162,Cerinza,Male,2017,3.2539673094718404
15172,Chinavita,Male,2017,3.4155232518572287
15176,Chiquinquirá,Male,2017,52.863857512172764
15180,Chiscas,Male,2017,4.961827293633926
15183,Chita,Male,2017,9.756248867203379
15185,Chitaraque,Male,2017,9.304210625824883
15187,Chivatá,Male,2017,2.7469099341656014
15189,Ciénega,Male,2017,5.001072700694023
15204,Cómbita,Male,2017,21.139858831040307
15212,Coper,Male,2017,3.7102165757186314
15215,Corrales,Male,2017,2.3611277726789854
15218,Covarachía,Male,2017,3.522085778307209
15223,Cubará,Male,2017,10.42330226549918
15224,Cucaita,Male,2017,4.233974724488054
15226,Cuítiva,Male,2017,1.7148802360555422
15232,Chíquiza,Male,2017,5.449683705806577
15236,Chivor,Male,2017,2.9802118542721923
15238,Duitama,Male,2017,100.09707858198868
15244,El Cocuy,Male,2017,4.657468497401158
15248,El Espino,Male,2017,2.9447593482049244
15272,Firavitoba,Male,2017,5.262280778242943
15276,Floresta,Male,2017,3.796753162041607
15293,Gachantivá,Male,2017,3.5249869278950166
15296,Gámeza,Male,2017,5.188996146754929
15299,Garagoa,Male,2017,14.877686546392635
15317,Guacamayas,Male,2017,1.5354644776909625
15322,Guateque,Male,2017,9.869747386878169
15325,Guayatá,Male,2017,3.6623480068967145
15332,Güicán De La Sierra,Male,2017,6.150878911428536
15362,Iza,Male,2017,1.6938036873871165
15367,Jenesano,Male,2017,7.197737420515659
15368,Jericó,Male,2017,5.133446519166887
15377,Labranzagrande,Male,2017,5.1342655564640065
15380,La Capilla,Male,2017,2.4961210066068418
15401,La Victoria,Male,2017,1.263530604067201
15403,La Uvita,Male,2017,3.569907346942015
15407,Villa De Leyva,Male,2017,12.927007572112014
15425,Macanal,Male,2017,4.7004610903026105
15442,Maripí,Male,2017,8.878510123850706
15455,Miraflores,Male,2017,7.8361549360893115
15464,Mongua,Male,2017,4.837401149009282
15466,Monguí,Male,2017,4.204694797811575
15469,Moniquirá,Male,2017,22.018354129312776
15476,Motavita,Male,2017,6.735083229198848
15480,Muzo,Male,2017,11.292751828334291
15491,Nobsa,Male,2017,11.97049008676592
15494,Nuevo Colón,Male,2017,6.007962369481362
15500,Oicatá,Male,2017,2.3571544737367502
15507,Otanche,Male,2017,9.461458933736996
15511,Pachavita,Male,2017,2.6157013882568143
15514,Páez,Male,2017,3.4481471886804
15516,Paipa,Male,2017,27.55580862438793
15518,Pajarito,Male,2017,2.1292186661878043
15522,Panqueba,Male,2017,1.8492717130572498
15531,Pauna,Male,2017,8.756883947208511
15533,Paya,Male,2017,3.510362798955078
15537,Paz De Río,Male,2017,4.378088187089123
15542,Pesca,Male,2017,6.676088538300239
15550,Pisba,Male,2017,2.177158603052494
15572,Puerto Boyacá,Male,2017,55.277673080601545
15580,Quípama,Male,2017,7.398212392101033
15599,Ramiriquí,Male,2017,9.552994837033749
15600,Ráquira,Male,2017,8.139525311902778
15621,Rondón,Male,2017,2.3724752864901464
15632,Saboyá,Male,2017,13.29924636588565
15638,Sáchica,Male,2017,4.745033159715836
15646,Samacá,Male,2017,18.7983705687778
15660,San Eduardo,Male,2017,1.819037940354744
15664,San José De Pare,Male,2017,6.2799040310754295
15667,San Luis De Gaceno,Male,2017,5.747925384706729
15673,San Mateo,Male,2017,3.5004940165660092
15676,San Miguel De Sema,Male,2017,4.457466575003436
15681,San Pablo De Borbur,Male,2017,8.855963777262332
15686,Santana,Male,2017,9.004445943310657
15690,Santa María,Male,2017,3.6441553411172958
15693,Santa Rosa De Viterbo,Male,2017,11.172244098769193
15696,Santa Sofía,Male,2017,2.8801590139688047
15720,Sativanorte,Male,2017,2.6532505786845593
15723,Sativasur,Male,2017,1.0514228024114025
15740,Siachoque,Male,2017,7.707679153930177
15753,Soatá,Male,2017,7.171500108760409
15755,Socotá,Male,2017,8.988738489664842
15757,Socha,Male,2017,7.110190173149298
15759,Sogamoso,Male,2017,104.84160370017
15761,Somondoco,Male,2017,3.203649093542694
15762,Sora,Male,2017,3.615755512730274
15763,Sotaquirá,Male,2017,9.65232324962053
15764,Soracá,Male,2017,6.388586795597828
15774,Susacón,Male,2017,2.8037380566509156
15776,Sutamarchán,Male,2017,5.920043370812885
15778,Sutatenza,Male,2017,4.559185873693167
15790,Tasco,Male,2017,5.728491142220669
15798,Tenza,Male,2017,4.082071968175332
15804,Tibaná,Male,2017,9.325373096829313
15806,Tibasosa,Male,2017,9.754441281069466
15808,Tinjacá,Male,2017,3.105164106990068
15810,Tipacoque,Male,2017,3.401516295091033
15814,Toca,Male,2017,8.409370265093495
15816,Togüí,Male,2017,5.217265211899929
15820,Tópaga,Male,2017,5.434156620752748
15822,Tota,Male,2017,5.743834166291265
15832,Tununguá,Male,2017,1.6916985320636269
15835,Turmequé,Male,2017,6.898152720533851
15837,Tuta,Male,2017,7.285972037646603
15839,Tutazá,Male,2017,1.8161679754274722
15842,Úmbita,Male,2017,9.039825420604606
15861,Ventaquemada,Male,2017,14.038661850675128
15879,Viracachá,Male,2017,3.209573953746882
15897,Zetaquira,Male,2017,5.536903456739551
17001,Manizales,Male,2017,345.2350234027984
17013,Aguadas,Male,2017,23.079870044015607
17042,Anserma,Male,2017,37.73678680894136
17050,Aranzazu,Male,2017,9.954730604961167
17088,Belalcázar,Male,2017,11.097391411922414
17174,Chinchiná,Male,2017,54.170882338329875
17272,Filadelfia,Male,2017,11.9715208346995
17380,La Dorada,Male,2017,72.88045544327477
17388,La Merced,Male,2017,6.57356259032111
17433,Manzanares,Male,2017,19.37238019619433
17442,Marmato,Male,2017,9.415947092284062
17444,Marquetalia,Male,2017,14.29528781302837
17446,Marulanda,Male,2017,2.9054672689963206
17486,Neira,Male,2017,22.15134092435498
17495,Norcasia,Male,2017,6.37853404925098
17513,Pácora,Male,2017,16.4333507778479
17524,Palestina,Male,2017,15.629330140208243
17541,Pensilvania,Male,2017,21.111261178247688
17614,Riosucio,Male,2017,47.681324643425775
17616,Risaralda,Male,2017,12.814725893842125
17653,Salamina,Male,2017,19.618163450056937
17662,Samaná,Male,2017,22.541985671861053
17665,San José,Male,2017,5.8013022417432305
17777,Supía,Male,2017,26.86352851110976
17867,Victoria,Male,2017,10.107680225614587
17873,Villamaría,Male,2017,54.326417188260486
17877,Viterbo,Male,2017,13.006883762566996
18001,Florencia,Male,2017,180.12158599645454
18029,Albania,Male,2017,4.595638368320594
18094,Belén De Los Andaquíes,Male,2017,10.819546894287857
18150,Cartagena Del Chairá,Male,2017,39.95091683104278
18205,Curillo,Male,2017,9.998670800945067
18247,El Doncello,Male,2017,21.146923135238076
18256,El Paujíl,Male,2017,17.735709820913808
18410,La Montañita,Male,2017,16.984072028657426
18460,Milán,Male,2017,10.528608316208834
18479,Morelia,Male,2017,3.9155663264673892
18592,Puerto Rico,Male,2017,28.51021551783232
18610,San José Del Fragua,Male,2017,14.52367946203715
18753,San Vicente Del Caguán,Male,2017,62.10234561324418
18756,Solano,Male,2017,13.872769817006994
18785,Solita,Male,2017,7.145590823972363
18860,Valparaíso,Male,2017,7.66470134019312
19001,Popayán,Male,2017,260.89311110100545
19022,Almaguer,Male,2017,24.12989888411355
19050,Argelia,Male,2017,32.33634612759584
19075,Balboa,Male,2017,23.468573674518176
19100,Bolívar,Male,2017,47.70473911963402
19110,Buenos Aires,Male,2017,29.806465184871723
19130,Cajibío,Male,2017,49.17816586990408
19137,Caldono,Male,2017,41.15617719918908
19142,Caloto,Male,2017,28.153442906452334
19212,Corinto,Male,2017,36.910513711442334
19256,El Tambo,Male,2017,60.51355654586449
19290,Florencia,Male,2017,5.193422528800465
19300,Guachené,Male,2017,8.858118503070699
19318,Guapi,Male,2017,28.239962973508444
19355,Inzá,Male,2017,31.774077078450066
19364,Jambaló,Male,2017,16.781512585245572
19392,La Sierra,Male,2017,13.429021984174966
19397,La Vega,Male,2017,30.453116387678012
19418,López De Micay,Male,2017,21.75641762489112
19450,Mercaderes,Male,2017,25.47646717811239
19455,Miranda,Male,2017,26.122814669877005
19473,Morales,Male,2017,40.322480741810324
19513,Padilla,Male,2017,7.690744831832774
19517,Páez,Male,2017,50.157087204646764
19532,Patía,Male,2017,39.56505243615161
19533,Piamonte,Male,2017,8.8017062375426
19548,Piendamó - Tunía,Male,2017,37.50223036652402
19573,Puerto Tejada,Male,2017,54.697308086349985
19585,Puracé,Male,2017,16.610658700766432
19622,Rosas,Male,2017,12.941439574437263
19693,San Sebastián,Male,2017,12.709950043564659
19698,Santander De Quilichao,Male,2017,91.75512574120377
19701,Santa Rosa,Male,2017,7.468410399484963
19743,Silvia,Male,2017,35.78921849415202
19760,Sotará - Paispamba,Male,2017,13.405794613383833
19780,Suárez,Male,2017,32.321541880086286
19785,Sucre,Male,2017,14.123426061093774
19807,Timbío,Male,2017,35.12390332102756
19809,Timbiquí,Male,2017,28.197539637977393
19821,Toribío,Male,2017,34.037694391017816
19824,Totoró,Male,2017,25.611565078303872
19845,Villa Rica,Male,2017,16.24903074558654
20001,Valledupar,Male,2017,447.1827386724771
20011,Aguachica,Male,2017,102.97147829087135
20013,Agustín Codazzi,Male,2017,60.659632057330136
20032,Astrea,Male,2017,20.876093551219967
20045,Becerril,Male,2017,20.22160924772105
20060,Bosconia,Male,2017,37.75287823329446
20175,Chimichagua,Male,2017,32.90640243834069
20178,Chiriguaná,Male,2017,31.021650282905437
20228,Curumaní,Male,2017,35.106480118264535
20238,El Copey,Male,2017,29.489690011155897
20250,El Paso,Male,2017,32.75456477901912
20295,Gamarra,Male,2017,15.832795966610492
20310,González,Male,2017,5.686991826770805
20383,La Gloria,Male,2017,16.96899864216143
20400,La Jagua De Ibirico,Male,2017,37.40738732070993
20443,Manaure Balcón Del Cesar,Male,2017,10.077105322803089
20517,Pailitas,Male,2017,20.103405205724815
20550,Pelaya,Male,2017,21.14269377389892
20570,Pueblo Bello,Male,2017,27.70157435449314
20614,Río De Oro,Male,2017,18.9204872597168
20621,La Paz,Male,2017,25.883447723461472
20710,San Alberto,Male,2017,24.555167023763047
20750,San Diego,Male,2017,17.769274415851356
20770,San Martín,Male,2017,27.07927766215305
20787,Tamalameque,Male,2017,14.690534343197811
23001,Montería,Male,2017,428.10371060130626
23068,Ayapel,Male,2017,54.50218568500588
23079,Buenavista,Male,2017,24.055985818799897
23090,Canalete,Male,2017,19.853400317400517
23162,Cereté,Male,2017,101.56036175816902
23168,Chimá,Male,2017,22.61412920901577
23182,Chinú,Male,2017,54.08456698275134
23189,Ciénaga De Oro,Male,2017,68.14621742636274
23300,Cotorra,Male,2017,19.89966957465421
23350,La Apartada,Male,2017,16.22516347894971
23417,Lorica,Male,2017,115.8383817036433
23419,Los Córdobas,Male,2017,22.075117705236043
23464,Momil,Male,2017,20.029778784093594
23466,Montelíbano,Male,2017,75.72453223239998
23500,Moñitos,Male,2017,35.650649854620035
23555,Planeta Rica,Male,2017,64.03364416431991
23570,Pueblo Nuevo,Male,2017,39.40890724907952
23574,Puerto Escondido,Male,2017,30.0451955949707
23580,Puerto Libertador,Male,2017,46.017903487004716
23586,Purísima De La Concepción,Male,2017,19.310046215806704
23660,Sahagún,Male,2017,109.9581433900848
23670,San Andrés De Sotavento,Male,2017,65.1845892919277
23672,San Antero,Male,2017,34.2226665112458
23675,San Bernardo Del Viento,Male,2017,41.77234921713486
23678,San Carlos,Male,2017,32.561043342123924
23682,San José De Uré,Male,2017,7.294008544982872
23686,San Pelayo,Male,2017,57.70509147593196
23807,Tierralta,Male,2017,102.83359585732042
23815,Tuchín,Male,2017,33.954817613727705
23855,Valencia,Male,2017,38.27647103649761
25001,Agua De Dios,Male,2017,11.031973631616154
25019,Albán,Male,2017,5.703552776518407
25035,Anapoima,Male,2017,12.735896789814957
25040,Anolaima,Male,2017,13.79536030972401
25053,Arbeláez,Male,2017,9.451707585471146
25086,Beltrán,Male,2017,1.990083072751486
25095,Bituima,Male,2017,2.434848835202409
25099,Bojacá,Male,2017,8.941978135532956
25120,Cabrera,Male,2017,5.425339770974179
25123,Cachipay,Male,2017,10.068087405632353
25126,Cajicá,Male,2017,60.3267108814068
25148,Caparrapí,Male,2017,14.674604314749923
25151,Cáqueza,Male,2017,17.945869990880855
25154,Carmen De Carupa,Male,2017,8.308493899020423
25168,Chaguaní,Male,2017,5.63449137290743
25175,Chía,Male,2017,112.85355677205298
25178,Chipaque,Male,2017,8.893655666471659
25181,Choachí,Male,2017,10.056381032445298
25183,Chocontá,Male,2017,27.089918321634645
25200,Cogua,Male,2017,18.330598866201655
25214,Cota,Male,2017,23.884296024251476
25224,Cucunubá,Male,2017,6.899355129893956
25245,El Colegio,Male,2017,21.380715474949994
25258,El Peñón,Male,2017,5.090690155195173
25260,El Rosal,Male,2017,17.08947235530893
25269,Facatativá,Male,2017,133.6693335418305
25279,Fómeque,Male,2017,11.775466703268336
25281,Fosca,Male,2017,6.657899010212916
25286,Funza,Male,2017,72.98634548575353
25288,Fúquene,Male,2017,4.205316612008225
25290,Fusagasugá,Male,2017,124.72712804206849
25293,Gachalá,Male,2017,5.605887591788249
25295,Gachancipá,Male,2017,14.400999856456007
25297,Gachetá,Male,2017,10.937989948317925
25299,Gama,Male,2017,3.2449266797881617
25307,Girardot,Male,2017,141.52374475158499
25312,Granada,Male,2017,6.101990859844631
25317,Guachetá,Male,2017,12.911347944890457
25320,Guaduas,Male,2017,37.714212144359124
25322,Guasca,Male,2017,12.420357127816345
25324,Guataquí,Male,2017,2.711656023022897
25326,Guatavita,Male,2017,7.139862925599119
25328,Guayabal De Síquima,Male,2017,4.169985107963393
25335,Guayabetal,Male,2017,5.8442757596283155
25339,Gutiérrez,Male,2017,3.512657271281397
25368,Jerusalén,Male,2017,2.5791862107687975
25372,Junín,Male,2017,6.93779130457238
25377,La Calera,Male,2017,25.85879676509125
25386,La Mesa,Male,2017,34.72256340112436
25394,La Palma,Male,2017,10.499542340057175
25398,La Peña,Male,2017,7.546645753802099
25402,La Vega,Male,2017,15.670871429396206
25407,Lenguazaque,Male,2017,10.45212337404635
25426,Machetá,Male,2017,6.935346399397182
25430,Madrid,Male,2017,86.7646961615149
25436,Manta,Male,2017,3.850359877832068
25438,Medina,Male,2017,8.7899034966481
25473,Mosquera,Male,2017,96.93817286841785
25483,Nariño,Male,2017,2.8115530335675976
25486,Nemocón,Male,2017,12.621785506462551
25488,Nilo,Male,2017,9.69262975212109
25489,Nimaima,Male,2017,3.73570527463132
25491,Nocaima,Male,2017,5.798254203205838
25506,Venecia,Male,2017,4.455490217651541
25513,Pacho,Male,2017,31.37975521295546
25518,Paime,Male,2017,5.213689614673925
25524,Pandi,Male,2017,5.007984214075507
25530,Paratebueno,Male,2017,11.161865772141985
25535,Pasca,Male,2017,9.049972316176838
25572,Puerto Salgar,Male,2017,15.766298097383881
25580,Pulí,Male,2017,3.769261169981653
25592,Quebradanegra,Male,2017,4.900351812280494
25594,Quetame,Male,2017,5.296385241247951
25596,Quipile,Male,2017,7.403487849523443
25599,Apulo,Male,2017,7.646006473643062
25612,Ricaurte,Male,2017,10.483565699093052
25645,San Antonio Del Tequendama,Male,2017,10.182658341476882
25649,San Bernardo,Male,2017,8.791011632547788
25653,San Cayetano,Male,2017,5.132490010230024
25658,San Francisco,Male,2017,8.602245331198953
25662,San Juan De Rioseco,Male,2017,9.440659962598481
25718,Sasaima,Male,2017,11.194189173885947
25736,Sesquilé,Male,2017,10.958869142576212
25740,Sibaté,Male,2017,35.48849224287835
25743,Silvania,Male,2017,20.81352249699017
25745,Simijaca,Male,2017,11.420119215599122
25754,Soacha,Male,2017,490.75616707647623
25758,Sopó,Male,2017,23.343147936772937
25769,Subachoque,Male,2017,12.456609937106823
25772,Suesca,Male,2017,15.133708650406598
25777,Supatá,Male,2017,4.936105631584318
25779,Susa,Male,2017,6.053182829047635
25781,Sutatausa,Male,2017,5.819688999397572
25785,Tabio,Male,2017,18.203011652438843
25793,Tausa,Male,2017,7.444472753846366
25797,Tena,Male,2017,8.143639369443987
25799,Tenjo,Male,2017,20.428971394076278
25805,Tibacuy,Male,2017,4.108148497131293
25807,Tibirita,Male,2017,3.8760902797921006
25815,Tocaima,Male,2017,14.990886728398191
25817,Tocancipá,Male,2017,32.33641611279081
25823,Topaipí,Male,2017,5.25951836173415
25839,Ubalá,Male,2017,8.543316297219429
25841,Ubaque,Male,2017,8.157773906905941
25843,Villa De San Diego De Ubaté,Male,2017,48.24736560434044
25845,Une,Male,2017,7.041507516433828
25851,Útica,Male,2017,4.686653722553051
25862,Vergara,Male,2017,8.448227068634386
25867,Vianí,Male,2017,4.3872183209144895
25871,Villagómez,Male,2017,1.771988114193139
25873,Villapinzón,Male,2017,17.060618504050893
25875,Villeta,Male,2017,29.773451915269966
25878,Viotá,Male,2017,14.122971118179704
25885,Yacopí,Male,2017,15.79141442972017
25898,Zipacón,Male,2017,3.8487895679945794
25899,Zipaquirá,Male,2017,116.0652467323896
27001,Quibdó,Male,2017,130.28803015169177
27006,Acandí,Male,2017,13.674173454824215
27025,Alto Baudó,Male,2017,30.952135129507788
27050,Atrato,Male,2017,6.0989216479449055
27073,Bagadó,Male,2017,11.704669499125478
27075,Bahía Solano,Male,2017,9.158418855880585
27077,Bajo Baudó,Male,2017,32.012783452738404
27099,Bojayá,Male,2017,12.134089844596023
27135,El Cantón Del San Pablo,Male,2017,6.108505297021027
27150,Carmen Del Darién,Male,2017,20.435939726493107
27160,Cértegui,Male,2017,5.7195751278087394
27205,Condoto,Male,2017,12.031755353287933
27245,El Carmen De Atrato,Male,2017,8.519950724689801
27250,El Litoral Del San Juan,Male,2017,23.76232511782712
27361,Istmina,Male,2017,29.402292873380674
27372,Juradó,Male,2017,7.166004930316387
27413,Lloró,Male,2017,10.28774423186839
27425,Medio Atrato,Male,2017,12.879094934252144
27430,Medio Baudó,Male,2017,16.647000293015886
27450,Medio San Juan,Male,2017,10.53882649425664
27491,Nóvita,Male,2017,9.522652305435079
27495,Nuquí,Male,2017,17.19481771372931
27580,Río Iró,Male,2017,5.670243147815294
27600,Río Quito,Male,2017,8.531564120154405
27615,Riosucio,Male,2017,75.31118140959666
27660,San José Del Palmar,Male,2017,6.655458875847632
27745,Sipí,Male,2017,3.6325444711639503
27787,Tadó,Male,2017,19.712169807012092
27800,Unguía,Male,2017,14.158306694496991
27810,Unión Panamericana,Male,2017,7.469210141971318
41001,Neiva,Male,2017,355.0273298639735
41006,Acevedo,Male,2017,43.756472749517904
41013,Agrado,Male,2017,9.934467614302308
41016,Aipe,Male,2017,16.90938048122686
41020,Algeciras,Male,2017,25.436536557957776
41026,Altamira,Male,2017,4.038503972067512
41078,Baraya,Male,2017,9.889976851608104
41132,Campoalegre,Male,2017,36.44713126765394
41206,Colombia,Male,2017,9.622933132842242
41244,Elías,Male,2017,4.051456372879229
41298,Garzón,Male,2017,75.10504495865294
41306,Gigante,Male,2017,25.451016778151025
41319,Guadalupe,Male,2017,20.60192113459687
41349,Hobo,Male,2017,7.379105047981152
41357,Íquira,Male,2017,10.924641184929822
41359,Isnos,Male,2017,26.092292165046366
41378,La Argentina,Male,2017,15.280202612356522
41396,La Plata,Male,2017,66.60259043054761
41483,Nátaga,Male,2017,7.382570439530832
41503,Oporapa,Male,2017,14.48786080888066
41518,Paicol,Male,2017,6.114575609887208
41524,Palermo,Male,2017,24.839160634278837
41530,Palestina,Male,2017,13.47120357483243
41548,Pital,Male,2017,14.539853427098892
41551,Pitalito,Male,2017,151.32631000006552
41615,Rivera,Male,2017,23.711947599170777
41660,Saladoblanco,Male,2017,13.372786305125194
41668,San Agustín,Male,2017,32.139087179420066
41676,Santa María,Male,2017,12.10514905336125
41770,Suaza,Male,2017,21.480783553473568
41791,Tarqui,Male,2017,19.695061997826603
41797,Tesalia,Male,2017,10.443721143625199
41799,Tello,Male,2017,12.478291871090711
41801,Teruel,Male,2017,8.472381354104167
41807,Timaná,Male,2017,22.60416042062077
41872,Villavieja,Male,2017,7.717110559573685
41885,Yaguará,Male,2017,6.925982319769621
44001,Riohacha,Male,2017,201.58310271685303
44035,Albania,Male,2017,25.09927912081652
44078,Barrancas,Male,2017,31.47555281718892
44090,Dibulla,Male,2017,38.62674963418464
44098,Distracción,Male,2017,11.484323931523251
44110,El Molino,Male,2017,6.836883246421821
44279,Fonseca,Male,2017,34.89296398832418
44378,Hatonuevo,Male,2017,16.88795241777314
44420,La Jagua Del Pilar,Male,2017,3.4308180682424694
44430,Maicao,Male,2017,171.0669904384607
44560,Manaure,Male,2017,85.46114998054661
44650,San Juan Del Cesar,Male,2017,42.15685686047646
44847,Uribia,Male,2017,191.6485852253672
44855,Urumita,Male,2017,9.469230444780408
44874,Villanueva,Male,2017,23.184353445790663
47001,Santa Marta,Male,2017,482.6056673006684
47030,Algarrobo,Male,2017,16.07338087733453
47053,Aracataca,Male,2017,36.88307388172542
47058,Ariguaní,Male,2017,34.053223251947465
47161,Cerro De San Antonio,Male,2017,12.075891623340002
47170,Chivolo,Male,2017,24.54047606290394
47189,Ciénaga,Male,2017,117.7172661927011
47205,Concordia,Male,2017,13.957682644858306
47245,El Banco,Male,2017,68.35517636803124
47258,El Piñón,Male,2017,24.93401182457473
47268,El Retén,Male,2017,21.55454599266417
47288,Fundación,Male,2017,64.98372637282915
47318,Guamal,Male,2017,29.641541587715565
47460,Nueva Granada,Male,2017,23.128481952386544
47541,Pedraza,Male,2017,10.43039874815487
47545,Pijiño Del Carmen,Male,2017,13.17046687309672
47551,Pivijay,Male,2017,42.289726980773466
47555,Plato,Male,2017,65.68181354093704
47570,Puebloviejo,Male,2017,32.656869320338245
47605,Remolino,Male,2017,13.02142167938565
47660,Sabanas De San Ángel,Male,2017,19.81525566556276
47675,Salamina,Male,2017,11.292627789546563
47692,San Sebastián De Buenavista,Male,2017,22.912657659222244
47703,San Zenón,Male,2017,12.151207913840562
47707,Santa Ana,Male,2017,26.573754421239567
47720,Santa Bárbara De Pinto,Male,2017,12.348371069783898
47745,Sitionuevo,Male,2017,34.8792408569684
47798,Tenerife,Male,2017,15.41322632359254
47960,Zapayán,Male,2017,13.066315141489552
47980,Zona Bananera,Male,2017,69.22275079788801
50001,Villavicencio,Male,2017,477.00233083878686
50006,Acacías,Male,2017,80.3048600898775
50110,Barranca De Upía,Male,2017,5.815844404392478
50124,Cabuyaro,Male,2017,6.378960042490738
50150,Castilla La Nueva,Male,2017,12.46206827103675
50223,Cubarral,Male,2017,6.72689448081021
50226,Cumaral,Male,2017,19.28733043979568
50245,El Calvario,Male,2017,1.7125059524848216
50251,El Castillo,Male,2017,8.498903471587418
50270,El Dorado,Male,2017,3.878160870568207
50287,Fuente De Oro,Male,2017,13.305974151028455
50313,Granada,Male,2017,73.50524532346145
50318,Guamal,Male,2017,12.06540519371885
50325,Mapiripán,Male,2017,8.59656652507142
50330,Mesetas,Male,2017,13.5826374150571
50350,La Macarena,Male,2017,35.33026028549907
50370,Uribe,Male,2017,12.495323469168973
50400,Lejanías,Male,2017,12.361701857615051
50450,Puerto Concordia,Male,2017,9.809182358206034
50568,Puerto Gaitán,Male,2017,45.889848698721146
50573,Puerto López,Male,2017,35.05304382554709
50577,Puerto Lleras,Male,2017,11.644942774444214
50590,Puerto Rico,Male,2017,16.351750222119637
50606,Restrepo,Male,2017,14.646313624750722
50680,San Carlos De Guaroa,Male,2017,12.066971884047973
50683,San Juan De Arama,Male,2017,9.759496526068034
50686,San Juanito,Male,2017,2.01135361887426
50689,San Martín,Male,2017,23.213033939202532
50711,Vistahermosa,Male,2017,21.59227181385316
52001,Pasto,Male,2017,317.2053110862917
52019,Albán,Male,2017,11.428955247097576
52022,Aldana,Male,2017,6.764142943437374
52036,Ancuya,Male,2017,8.46499190929322
52051,Arboleda,Male,2017,10.380858321936062
52079,Barbacoas,Male,2017,63.69161263526383
52083,Belén,Male,2017,6.720138499198361
52110,Buesaco,Male,2017,25.23655473650427
52203,Colón,Male,2017,9.627252915697134
52207,Consacá,Male,2017,14.075365576096866
52210,Contadero,Male,2017,7.748902725880826
52215,Córdoba,Male,2017,15.268939539784254
52224,Cuaspud Carlosama,Male,2017,10.614524566133282
52227,Cumbal,Male,2017,33.520534023107246
52233,Cumbitara,Male,2017,6.3591488491334225
52240,Chachagüí,Male,2017,14.922547493302558
52250,El Charco,Male,2017,26.052734845664585
52254,El Peñol,Male,2017,8.935803564911957
52256,El Rosario,Male,2017,15.811978900655848
52258,El Tablón De Gómez,Male,2017,17.917279223768247
52260,El Tambo,Male,2017,14.49383571901786
52287,Funes,Male,2017,8.129731909418519
52317,Guachucal,Male,2017,19.45488911314196
52320,Guaitarilla,Male,2017,12.272375222396397
52323,Gualmatán,Male,2017,6.877061431799875
52352,Iles,Male,2017,8.165494781351438
52354,Imués,Male,2017,8.201643605795093
52356,Ipiales,Male,2017,102.10982250745982
52378,La Cruz,Male,2017,18.629885382806048
52381,La Florida,Male,2017,13.32379076157579
52385,La Llanada,Male,2017,6.365405955694304
52390,La Tola,Male,2017,8.024491327721856
52399,La Unión,Male,2017,38.68821268997925
52405,Leiva,Male,2017,12.28361387339613
52411,Linares,Male,2017,10.971649931815305
52418,Los Andes,Male,2017,10.842702885253626
52427,Magüí,Male,2017,28.32202359112137
52435,Mallama,Male,2017,9.407523005127734
52473,Mosquera,Male,2017,14.922055254266988
52480,Nariño,Male,2017,5.239790109048627
52490,Olaya Herrera,Male,2017,29.306948531252534
52506,Ospina,Male,2017,6.884017053441922
52520,Francisco Pizarro,Male,2017,17.31869609495109
52540,Policarpa,Male,2017,14.93153154038848
52560,Potosí,Male,2017,9.66174793297635
52565,Providencia,Male,2017,6.9572755191002225
52573,Puerres,Male,2017,8.240904686868626
52585,Pupiales,Male,2017,17.400836933153915
52612,Ricaurte,Male,2017,22.60328677712874
52621,Roberto Payán,Male,2017,15.349807833662652
52678,Samaniego,Male,2017,36.247395786576085
52683,Sandoná,Male,2017,20.506162834901474
52685,San Bernardo,Male,2017,12.884400813944062
52687,San Lorenzo,Male,2017,23.734728454038862
52693,San Pablo,Male,2017,16.837763748541565
52694,San Pedro De Cartago,Male,2017,8.677086275578038
52696,Santa Bárbara,Male,2017,16.12543873970167
52699,Santacruz,Male,2017,14.130408097575634
52720,Sapuyes,Male,2017,8.141097428570891
52786,Taminango,Male,2017,19.59908552695043
52788,Tangua,Male,2017,15.665207461204698
52835,San Andrés De Tumaco,Male,2017,264.70698925402314
52838,Túquerres,Male,2017,44.273072985180875
52885,Yacuanquer,Male,2017,12.274575517552742
54001,San José De Cúcuta,Male,2017,698.6680046033641
54003,Ábrego,Male,2017,35.38407938381149
54051,Arboledas,Male,2017,11.84149731082324
54099,Bochalema,Male,2017,8.010436354103446
54109,Bucarasica,Male,2017,7.641515938606016
54125,Cácota,Male,2017,3.538295157993921
54128,Cáchira,Male,2017,12.827788234761048
54172,Chinácota,Male,2017,15.198151632355039
54174,Chitagá,Male,2017,13.556006321750433
54206,Convención,Male,2017,20.89846520237474
54223,Cucutilla,Male,2017,11.528121259395679
54239,Durania,Male,2017,5.182425879467942
54245,El Carmen,Male,2017,16.842179509456574
54250,El Tarra,Male,2017,23.303117857294957
54261,El Zulia,Male,2017,32.98812411314142
54313,Gramalote,Male,2017,9.280123841259469
54344,Hacarí,Male,2017,12.092370782678474
54347,Herrán,Male,2017,7.9666822528519194
54377,Labateca,Male,2017,7.063296242162086
54385,La Esperanza,Male,2017,12.237689312637212
54398,La Playa,Male,2017,10.020744201754148
54405,Los Patios,Male,2017,71.74153954937226
54418,Lourdes,Male,2017,4.1787829866257
54480,Mutiscua,Male,2017,4.435354750256246
54498,Ocaña,Male,2017,107.80635631457267
54518,Pamplona,Male,2017,39.31685091070378
54520,Pamplonita,Male,2017,5.5398864613268115
54553,Puerto Santander,Male,2017,16.555086721928042
54599,Ragonvalia,Male,2017,6.5209470956521836
54660,Salazar,Male,2017,11.396031521300184
54670,San Calixto,Male,2017,15.36130549949533
54673,San Cayetano,Male,2017,6.715990032612547
54680,Santiago,Male,2017,3.944795895345868
54720,Sardinata,Male,2017,27.297352899119492
54743,Silos,Male,2017,6.919423605275624
54800,Teorama,Male,2017,18.675681682838835
54810,Tibú,Male,2017,86.490675333073
54820,Toledo,Male,2017,17.219817860812324
54871,Villa Caro,Male,2017,5.766111352645306
54874,Villa Del Rosario,Male,2017,86.0269241638936
63001,Armenia,Male,2017,262.5401356379028
63111,Buenavista,Male,2017,3.0797911975784538
63130,Calarcá,Male,2017,66.41206246288567
63190,Circasia,Male,2017,28.39200465934227
63212,Córdoba,Male,2017,6.130571750280361
63272,Filandia,Male,2017,10.375262898301274
63302,Génova,Male,2017,11.78985215975511
63401,La Tebaida,Male,2017,32.785718860289
63470,Montenegro,Male,2017,34.79861315443016
63548,Pijao,Male,2017,6.198195384588084
63594,Quimbaya,Male,2017,29.524293553649585
63690,Salento,Male,2017,8.657097531609216
66001,Pereira,Male,2017,408.61061942736626
66045,Apía,Male,2017,12.908147730297278
66075,Balboa,Male,2017,6.899959403214842
66088,Belén De Umbría,Male,2017,25.914798610977105
66170,Dosquebradas,Male,2017,171.12085919291903
66318,Guática,Male,2017,13.504026202234014
66383,La Celia,Male,2017,8.448624955346892
66400,La Virginia,Male,2017,38.3621478143847
66440,Marsella,Male,2017,16.92022422486434
66456,Mistrató,Male,2017,18.280702815300526
66572,Pueblo Rico,Male,2017,21.039680375436024
66594,Quinchía,Male,2017,28.644955289857165
66682,Santa Rosa De Cabal,Male,2017,68.62702748892903
66687,Santuario,Male,2017,14.23954637251701
68001,Bucaramanga,Male,2017,480.85313439337557
68013,Aguada,Male,2017,4.06474660601328
68020,Albania,Male,2017,5.109083509554972
68051,Aratoca,Male,2017,9.012380714244708
68077,Barbosa,Male,2017,25.459363781163887
68079,Barichara,Male,2017,9.49461684826385
68081,Barrancabermeja,Male,2017,203.64006040938804
68092,Betulia,Male,2017,6.523781182266281
68101,Bolívar,Male,2017,13.273968439319617
68121,Cabrera,Male,2017,2.9213427291868874
68132,California,Male,2017,1.87871039968912
68147,Capitanejo,Male,2017,5.477422702555188
68152,Carcasí,Male,2017,5.7851797314891344
68160,Cepitá,Male,2017,2.09730853601269
68162,Cerrito,Male,2017,7.731273906059702
68167,Charalá,Male,2017,12.22008932872596
68169,Charta,Male,2017,3.1915952843067954
68176,Chima,Male,2017,3.5094766464330163
68179,Chipatá,Male,2017,6.510106900657892
68190,Cimitarra,Male,2017,35.07956031983059
68207,Concepción,Male,2017,5.931937787820887
68209,Confines,Male,2017,3.26811576935249
68211,Contratación,Male,2017,3.6097875267794253
68217,Coromoro,Male,2017,6.673704512133803
68229,Curití,Male,2017,12.739023778161648
68235,El Carmen De Chucuri,Male,2017,27.088183098391916
68245,El Guacamayo,Male,2017,2.3096449481396446
68250,El Peñón,Male,2017,6.569824622117717
68255,El Playón,Male,2017,14.679419195177601
68264,Encino,Male,2017,2.5486512845648712
68266,Enciso,Male,2017,3.5784945096039893
68271,Florián,Male,2017,7.11863904958495
68276,Floridablanca,Male,2017,221.66423986144818
68296,Galán,Male,2017,3.17381931012715
68298,Gámbita,Male,2017,4.7939711652580685
68307,Girón,Male,2017,129.6550296526618
68318,Guaca,Male,2017,8.392260620914724
68320,Guadalupe,Male,2017,4.978452057726385
68322,Guapotá,Male,2017,4.175934791299835
68324,Guavatá,Male,2017,4.914698240629801
68327,Güepsa,Male,2017,4.925179447961127
68344,Hato,Male,2017,2.875028282056382
68368,Jesús María,Male,2017,3.7526496863273717
68370,Jordán,Male,2017,1.646525797558
68377,La Belleza,Male,2017,6.713049945540128
68385,Landázuri,Male,2017,12.348847522132397
68397,La Paz,Male,2017,5.524080643335848
68406,Lebrija,Male,2017,39.11349447614312
68418,Los Santos,Male,2017,15.995722139098573
68425,Macaravita,Male,2017,2.567762861823209
68432,Málaga,Male,2017,16.770588850609123
68444,Matanza,Male,2017,5.6091170268071195
68464,Mogotes,Male,2017,14.690215277769864
68468,Molagavita,Male,2017,5.294812677226197
68498,Ocamonte,Male,2017,6.570879494664604
68500,Oiba,Male,2017,11.159818872253066
68502,Onzaga,Male,2017,6.583286164506
68522,Palmar,Male,2017,1.5330043091727947
68524,Palmas Del Socorro,Male,2017,2.4285076489403643
68533,Páramo,Male,2017,4.6269078678614015
68547,Piedecuesta,Male,2017,134.4679646436887
68549,Pinchote,Male,2017,4.874098687950214
68572,Puente Nacional,Male,2017,13.453966801545842
68573,Puerto Parra,Male,2017,7.572726447112272
68575,Puerto Wilches,Male,2017,32.157667312425374
68615,Rionegro,Male,2017,28.37693331117393
68655,Sabana De Torres,Male,2017,31.567714730231387
68669,San Andrés,Male,2017,10.03626760964689
68673,San Benito,Male,2017,4.146913069779956
68679,San Gil,Male,2017,44.343934279983145
68682,San Joaquín,Male,2017,3.11574130583699
68684,San José De Miranda,Male,2017,5.273395997659603
68686,San Miguel,Male,2017,2.6683978973999802
68689,San Vicente De Chucurí,Male,2017,34.76366736507233
68705,Santa Bárbara,Male,2017,3.2100152965482005
68720,Santa Helena Del Opón,Male,2017,4.117213095347632
68745,Simacota,Male,2017,12.035115596310915
68755,Socorro,Male,2017,26.22619502792032
68770,Suaita,Male,2017,10.597444171345172
68773,Sucre,Male,2017,8.41074101727539
68780,Suratá,Male,2017,4.574880216621266
68820,Tona,Male,2017,8.704869702276984
68855,Valle De San José,Male,2017,6.348083774611302
68861,Vélez,Male,2017,23.972591111845006
68867,Vetas,Male,2017,2.0678905962504865
68872,Villanueva,Male,2017,7.081346933551581
68895,Zapatoca,Male,2017,9.522501001820656
70001,Sincelejo,Male,2017,276.8767535022974
70110,Buenavista,Male,2017,11.301213121695579
70124,Caimito,Male,2017,18.161117975130487
70204,Colosó,Male,2017,10.864998848668588
70215,Corozal,Male,2017,64.07482529414027
70221,Coveñas,Male,2017,16.62782043705985
70230,Chalán,Male,2017,6.461412962380013
70233,El Roble,Male,2017,13.115192509139323
70235,Galeras,Male,2017,22.181220396648406
70265,Guaranda,Male,2017,21.244057294009735
70400,La Unión,Male,2017,14.305659991096903
70418,Los Palmitos,Male,2017,23.4961450637469
70429,Majagual,Male,2017,45.855313912899796
70473,Morroa,Male,2017,15.28851655448041
70508,Ovejas,Male,2017,26.4652016001005
70523,Palmito,Male,2017,16.729364723861075
70670,Sampués,Male,2017,53.41580934570396
70678,San Benito Abad,Male,2017,36.45273910648825
70702,San Juan De Betulia,Male,2017,14.8706169751623
70708,San Marcos,Male,2017,65.17284284228327
70713,San Onofre,Male,2017,58.059776441411785
70717,San Pedro,Male,2017,20.32957160800634
70742,San Luis De Sincé,Male,2017,34.486475259883804
70771,Sucre,Male,2017,38.60865396944248
70820,Santiago De Tolú,Male,2017,31.04481039116621
70823,San José De Toluviejo,Male,2017,22.975307390296113
73001,Ibagué,Male,2017,423.9825035852548
73024,Alpujarra,Male,2017,4.251686546302033
73026,Alvarado,Male,2017,9.122392337812368
73030,Ambalema,Male,2017,6.395590526778866
73043,Anzoátegui,Male,2017,13.084072695378424
73055,Armero,Male,2017,11.419657177103906
73067,Ataco,Male,2017,23.99735477713825
73124,Cajamarca,Male,2017,20.540755276477842
73148,Carmen De Apicalá,Male,2017,8.6081084107171435
73152,Casabianca,Male,2017,7.598273531302963
73168,Chaparral,Male,2017,56.604112704365775
73200,Coello,Male,2017,8.333179249037176
73217,Coyaima,Male,2017,26.676415820354215
73226,Cunday,Male,2017,9.6559840479777
73236,Dolores,Male,2017,8.190979128205148
73268,Espinal,Male,2017,68.67751499979002
73270,Falan,Male,2017,8.39727916976901
73275,Flandes,Male,2017,22.910391712569414
73283,Fresno,Male,2017,36.85686669521407
73319,Guamo,Male,2017,31.586209081202515
73347,Herveo,Male,2017,9.217339551765646
73349,Honda,Male,2017,25.667346299079195
73352,Icononzo,Male,2017,11.38099559445793
73408,Lérida,Male,2017,17.23309015748789
73411,Líbano,Male,2017,38.20762050647204
73443,San Sebastián De Mariquita,Male,2017,34.235821620089496
73449,Melgar,Male,2017,39.51082562670268
73461,Murillo,Male,2017,5.610103537605675
73483,Natagaima,Male,2017,18.37802207637855
73504,Ortega,Male,2017,37.626194680158996
73520,Palocabildo,Male,2017,10.97088494518152
73547,Piedras,Male,2017,6.2587223390370035
73555,Planadas,Male,2017,38.307267399760946
73563,Prado,Male,2017,8.699082828522648
73585,Purificación,Male,2017,22.79634803912674
73616,Rioblanco,Male,2017,26.073752874867548
73622,Roncesvalles,Male,2017,5.9437944463685035
73624,Rovira,Male,2017,27.686846042531297
73671,Saldaña,Male,2017,14.08015174069452
73675,San Antonio,Male,2017,15.129073358451956
73678,San Luis,Male,2017,13.986899758321984
73686,Santa Isabel,Male,2017,7.358871481154302
73770,Suárez,Male,2017,3.989788622000834
73854,Valle De San Juan,Male,2017,5.905113485798415
73861,Venadillo,Male,2017,12.909642530667439
73870,Villahermosa,Male,2017,11.763278554392011
73873,Villarrica,Male,2017,5.549279319062644
76001,Cali,Male,2017,1861.7666355881704
76020,Alcalá,Male,2017,15.90665014067217
76036,Andalucía,Male,2017,22.12938719831733
76041,Ansermanuevo,Male,2017,23.33009919208523
76054,Argelia,Male,2017,5.927247198614828
76100,Bolívar,Male,2017,14.012767007863301
76109,Buenaventura,Male,2017,258.6682295386062
76111,Guadalajara De Buga,Male,2017,103.07333710202758
76113,Bugalagrande,Male,2017,23.16381052739272
76122,Caicedonia,Male,2017,35.12426056917858
76126,Calima,Male,2017,15.92627515793587
76130,Candelaria,Male,2017,68.37562712027236
76147,Cartago,Male,2017,116.66080269554372
76233,Dagua,Male,2017,42.856848081616825
76243,El Águila,Male,2017,10.83429321314717
76246,El Cairo,Male,2017,7.166204039950054
76248,El Cerrito,Male,2017,48.39245468577448
76250,El Dovio,Male,2017,8.88363802259451
76275,Florida,Male,2017,45.54534164657092
76306,Ginebra,Male,2017,17.722348180842395
76318,Guacarí,Male,2017,28.45710549903336
76364,Jamundí,Male,2017,125.17282918713565
76377,La Cumbre,Male,2017,14.647389241812737
76400,La Unión,Male,2017,29.978385988092445
76403,La Victoria,Male,2017,10.083243859819184
76497,Obando,Male,2017,11.30682316617274
76520,Palmira,Male,2017,275.8829352647341
76563,Pradera,Male,2017,45.547553659421794
76606,Restrepo,Male,2017,12.923547605964743
76616,Riofrío,Male,2017,13.095368499967964
76622,Roldanillo,Male,2017,28.999807358283647
76670,San Pedro,Male,2017,16.99546092431795
76736,Sevilla,Male,2017,38.67509901503768
76823,Toro,Male,2017,13.100797659402257
76828,Trujillo,Male,2017,17.746852257406193
76834,Tuluá,Male,2017,168.89917361073387
76845,Ulloa,Male,2017,4.791736371487929
76863,Versalles,Male,2017,6.804879803234218
76869,Vijes,Male,2017,10.700233672640001
76890,Yotoco,Male,2017,15.66846427084767
76892,Yumbo,Male,2017,85.09744591411321
76895,Zarzal,Male,2017,31.876858934005373
81001,Arauca,Male,2017,82.26509889223172
81065,Arauquita,Male,2017,50.41439731035639
81220,Cravo Norte,Male,2017,4.605268961470009
81300,Fortul,Male,2017,22.544512207602104
81591,Puerto Rondón,Male,2017,4.526174526016136
81736,Saravena,Male,2017,52.59142133059878
81794,Tame,Male,2017,71.26632968636872
85001,Yopal,Male,2017,148.28284146192348
85010,Aguazul,Male,2017,33.225729075554625
85015,Chámeza,Male,2017,2.5292748812903114
85125,Hato Corozal,Male,2017,13.639516134674334
85136,La Salina,Male,2017,1.4869894114947033
85139,Maní,Male,2017,16.777729399024953
85162,Monterrey,Male,2017,15.685546890063298
85225,Nunchía,Male,2017,11.19324435071959
85230,Orocué,Male,2017,12.287187954100373
85250,Paz De Ariporo,Male,2017,34.76607335609258
85263,Pore,Male,2017,12.39137576486388
85279,Recetor,Male,2017,2.0164806381677747
85300,Sabanalarga,Male,2017,3.6111323523162735
85315,Sácama,Male,2017,2.0015649858028555
85325,San Luis De Palenque,Male,2017,9.268184394104157
85400,Támara,Male,2017,7.733327681897988
85410,Tauramena,Male,2017,20.203193212502438
85430,Trinidad,Male,2017,12.895609182368
85440,Villanueva,Male,2017,30.54077261553227
86001,Mocoa,Male,2017,94.51554362657171
86219,Colón,Male,2017,4.783115250573564
86320,Orito,Male,2017,36.34486734509808
86568,Puerto Asís,Male,2017,66.44170348188797
86569,Puerto Caicedo,Male,2017,16.13107094353125
86571,Puerto Guzmán,Male,2017,41.19723935117733
86573,Puerto Leguízamo,Male,2017,28.866455660110503
86749,Sibundoy,Male,2017,12.306101087831518
86755,San Francisco,Male,2017,4.796713892381686
86757,San Miguel,Male,2017,19.97939948659033
86760,Santiago,Male,2017,7.41413060965437
86865,Valle Del Guamuez,Male,2017,34.81612243252535
86885,Villagarzón,Male,2017,21.609279301848904
88001,San Andrés,Male,2017,47.20173945193429
88564,Providencia,Male,2017,4.995953058740467
91001,Leticia,Male,2017,52.51582277461051
91263,El Encanto,Male,2017,2.380096433899083
91405,La Chorrera,Male,2017,3.906544798990121
91407,La Pedrera,Male,2017,4.843124593322997
91430,La Victoria,Male,2017,0.9677056533101153
91460,Mirití - Paraná,Male,2017,2.329994703904756
91530,Puerto Alegría,Male,2017,0.8551977016793635
91536,Puerto Arica,Male,2017,1.364692223465124
91540,Puerto Nariño,Male,2017,10.401499183247617
91669,Puerto Santander,Male,2017,2.270226974194573
91798,Tarapacá,Male,2017,4.331123077269467
94001,Inírida,Male,2017,34.04482741737124
94343,Barrancominas,Male,2017,5.845470543059176
94883,San Felipe,Male,2017,1.6595155710799863
94884,Puerto Colombia,Male,2017,1.8752889033659494
94885,La Guadalupe,Male,2017,0.2224257271797292
94886,Cacahual,Male,2017,0.7398370338424862
94887,Pana Pana,Male,2017,1.9906139761842903
94888,Morichal,Male,2017,0.9252748707256738
95001,San José Del Guaviare,Male,2017,59.82407629253294
95015,Calamar,Male,2017,12.457226551779335
95025,El Retorno,Male,2017,14.884469195574129
95200,Miraflores,Male,2017,10.37971695919164
97001,Mitú,Male,2017,31.655674939065015
97161,Carurú,Male,2017,3.5279367452399404
97511,Pacoa,Male,2017,3.689942180832257
97666,Taraira,Male,2017,2.778426361243002
97777,Papunahua,Male,2017,0.866930691392384
97889,Yavaraté,Male,2017,1.1118250251760577
99001,Puerto Carreño,Male,2017,28.44334794336209
99524,La Primavera,Male,2017,12.650194420562896
99624,Santa Rosalía,Male,2017,4.702349484722153
99773,Cumaribo,Male,2017,90.45371645707797
5001,Medellín,Female,2018,801.8759501898611
5002,Abejorral,Female,2018,7.746488217453294
5004,Abriaquí,Female,2018,0.8658519431013261
5021,Alejandría,Female,2018,1.5844091117640275
5030,Amagá,Female,2018,10.155243205922284
5031,Amalfi,Female,2018,10.312338325991107
5034,Andes,Female,2018,17.63394781140548
5036,Angelópolis,Female,2018,2.0885497990602326
5038,Angostura,Female,2018,5.121752543387522
5040,Anorí,Female,2018,8.190590576829049
5042,Santa Fé De Antioquia,Female,2018,9.264569168797541
5044,Anzá,Female,2018,2.9404614454402855
5045,Apartadó,Female,2018,58.18006040007642
5051,Arboletes,Female,2018,13.414886173430851
5055,Argelia,Female,2018,3.1598738988545514
5059,Armenia,Female,2018,1.8646635375389304
5079,Barbosa,Female,2018,17.17186149208812
5086,Belmira,Female,2018,2.4653089148692864
5088,Bello,Female,2018,163.3518143834535
5091,Betania,Female,2018,4.641107901013901
5093,Betulia,Female,2018,7.490685806212984
5101,Ciudad Bolívar,Female,2018,12.747964843250449
5107,Briceño,Female,2018,3.5678878397984857
5113,Buriticá,Female,2018,3.621105920494437
5120,Cáceres,Female,2018,17.700862455349196
5125,Caicedo,Female,2018,3.7814839813786776
5129,Caldas,Female,2018,25.61817507829884
5134,Campamento,Female,2018,4.170031659150418
5138,Cañasgordas,Female,2018,5.820952237957198
5142,Caracolí,Female,2018,1.5948612914783498
5145,Caramanta,Female,2018,1.7312977276523818
5147,Carepa,Female,2018,21.603136250927093
5148,El Carmen De Viboral,Female,2018,18.457330248292948
5150,Carolina,Female,2018,1.2611317470064671
5154,Caucasia,Female,2018,63.94149913450335
5172,Chigorodó,Female,2018,42.27936422375491
5190,Cisneros,Female,2018,3.9971161015109966
5197,Cocorná,Female,2018,5.923724394120223
5206,Concepción,Female,2018,1.6849768032211334
5209,Concordia,Female,2018,9.326213394838529
5212,Copacabana,Female,2018,24.044510627692812
5234,Dabeiba,Female,2018,10.297452144904845
5237,Donmatías,Female,2018,7.078337006037419
5240,Ebéjico,Female,2018,4.597330944276766
5250,El Bagre,Female,2018,29.384075931961412
5264,Entrerríos,Female,2018,3.6107651669511798
5266,Envigado,Female,2018,73.57504852628057
5282,Fredonia,Female,2018,8.594607739759853
5284,Frontino,Female,2018,8.153945115472258
5306,Giraldo,Female,2018,2.1140848257131086
5308,Girardota,Female,2018,16.02981211414533
5310,Gómez Plata,Female,2018,3.659107825220714
5313,Granada,Female,2018,3.405404909867981
5315,Guadalupe,Female,2018,2.6055236134458535
5318,Guarne,Female,2018,17.23267428129676
5321,Guatapé,Female,2018,2.426024034158549
5347,Heliconia,Female,2018,1.984216883763563
5353,Hispania,Female,2018,2.632758139707121
5360,Itagüí,Female,2018,87.14747473122196
5361,Ituango,Female,2018,9.711807724877637
5364,Jardín,Female,2018,6.124156684495901
5368,Jericó,Female,2018,4.440657514533087
5376,La Ceja,Female,2018,19.513656852619132
5380,La Estrella,Female,2018,22.328444961487623
5390,La Pintada,Female,2018,4.313139024293997
5400,La Unión,Female,2018,7.4740591968004875
5411,Liborina,Female,2018,3.905821268420175
5425,Maceo,Female,2018,2.9355917579017126
5440,Marinilla,Female,2018,19.243654098104475
5467,Montebello,Female,2018,2.53322714704725
5475,Murindó,Female,2018,2.2172305282559854
5480,Mutatá,Female,2018,17.236036457258518
5483,Nariño,Female,2018,4.2949844506435175
5490,Necoclí,Female,2018,21.170188604048654
5495,Nechí,Female,2018,11.279798063767
5501,Olaya,Female,2018,1.0328980443492817
5541,Peñol,Female,2018,6.366537026256044
5543,Peque,Female,2018,3.291788178787821
5576,Pueblorrico,Female,2018,3.5470247558311234
5579,Puerto Berrío,Female,2018,24.71740611085074
5585,Puerto Nare,Female,2018,5.262160224641805
5591,Puerto Triunfo,Female,2018,7.337403513522538
5604,Remedios,Female,2018,11.516966686514372
5607,Retiro,Female,2018,7.101742143319338
5615,Rionegro,Female,2018,40.8087165455091
5628,Sabanalarga,Female,2018,3.6120310840091134
5631,Sabaneta,Female,2018,27.598994343541385
5642,Salgar,Female,2018,7.7843674218017
5647,San Andrés De Cuerquía,Female,2018,3.422904742576205
5649,San Carlos,Female,2018,5.263685314433511
5652,San Francisco,Female,2018,2.1670467769145256
5656,San Jerónimo,Female,2018,5.578901757014376
5658,San José De La Montaña,Female,2018,1.4044162740534984
5659,San Juan De Urabá,Female,2018,9.574716224603321
5660,San Luis,Female,2018,4.975497162524926
5664,San Pedro De Los Milagros,Female,2018,9.652534518530732
5665,San Pedro De Urabá,Female,2018,14.638721875721568
5667,San Rafael,Female,2018,5.866684137668695
5670,San Roque,Female,2018,8.16958143090721
5674,San Vicente Ferrer,Female,2018,7.231564944251662
5679,Santa Bárbara,Female,2018,9.230181554197257
5686,Santa Rosa De Osos,Female,2018,12.916847190380562
5690,Santo Domingo,Female,2018,4.678244244757607
5697,El Santuario,Female,2018,11.176193566501722
5736,Segovia,Female,2018,21.93684275224331
5756,Sonsón,Female,2018,13.875775954978964
5761,Sopetrán,Female,2018,4.986892082705352
5789,Támesis,Female,2018,6.07771715512499
5790,Tarazá,Female,2018,43.13013307361381
5792,Tarso,Female,2018,2.495914950687201
5809,Titiribí,Female,2018,3.7679738963015357
5819,Toledo,Female,2018,2.1408304515123247
5837,Turbo,Female,2018,80.97481809970482
5842,Uramita,Female,2018,2.801644066224436
5847,Urrao,Female,2018,11.896775515978574
5854,Valdivia,Female,2018,10.969427778007555
5856,Valparaíso,Female,2018,2.135788441281171
5858,Vegachí,Female,2018,6.934984587542193
5861,Venecia,Female,2018,5.343714510704613
5873,Vigía Del Fuerte,Female,2018,4.351301010675481
5885,Yalí,Female,2018,3.0228233636603594
5887,Yarumal,Female,2018,20.27199765901809
5890,Yolombó,Female,2018,8.859546573486414
5893,Yondó,Female,2018,7.334543724107454
5895,Zaragoza,Female,2018,12.708680077664471
8001,Barranquilla,Female,2018,499.170621665521
8078,Baranoa,Female,2018,22.301530985105966
8137,Campo De La Cruz,Female,2018,11.27008975526467
8141,Candelaria,Female,2018,6.611281348932813
8296,Galapa,Female,2018,18.81240068546594
8372,Juan De Acosta,Female,2018,7.706045778351648
8421,Luruaco,Female,2018,12.357333699152031
8433,Malambo,Female,2018,43.151609096103996
8436,Manatí,Female,2018,7.908046316826581
8520,Palmar De Varela,Female,2018,10.495556689545287
8549,Piojó,Female,2018,2.650403717108815
8558,Polonuevo,Female,2018,6.235141719429107
8560,Ponedera,Female,2018,9.708684084398383
8573,Puerto Colombia,Female,2018,14.876044630980953
8606,Repelón,Female,2018,11.25894905118758
8634,Sabanagrande,Female,2018,11.157936098650454
8638,Sabanalarga,Female,2018,33.85676763867667
8675,Santa Lucía,Female,2018,6.314820388293756
8685,Santo Tomás,Female,2018,9.681280919317814
8758,Soledad,Female,2018,186.9721043663378
8770,Suan,Female,2018,4.737222384550543
8832,Tubará,Female,2018,5.867665630681577
8849,Usiacurí,Female,2018,4.166951999988031
11001,"Bogotá, D.C.",Female,2018,2284.229350924201
13001,Cartagena De Indias,Female,2018,390.767005704185
13006,Achí,Female,2018,10.616623041265205
13030,Altos Del Rosario,Female,2018,4.716705169815043
13042,Arenal,Female,2018,3.5392718002561425
13052,Arjona,Female,2018,28.812028141772668
13062,Arroyohondo,Female,2018,4.0736900815360775
13074,Barranco De Loba,Female,2018,6.772207092963479
13140,Calamar,Female,2018,10.447627596058467
13160,Cantagallo,Female,2018,3.284545145145699
13188,Cicuco,Female,2018,5.815092865024319
13212,Córdoba,Female,2018,6.781900368744376
13222,Clemencia,Female,2018,6.56275322180752
13244,El Carmen De Bolívar,Female,2018,30.755179432408703
13248,El Guamo,Female,2018,3.7012494065583414
13268,El Peñón,Female,2018,3.4032480400380116
13300,Hatillo De Loba,Female,2018,5.4300045895249465
13430,Magangué,Female,2018,55.61315669760026
13433,Mahates,Female,2018,11.706600985907233
13440,Margarita,Female,2018,4.6198295894209975
13442,María La Baja,Female,2018,21.068670272714886
13458,Montecristo,Female,2018,7.237861575067547
13468,Mompós,Female,2018,17.549762417996945
13473,Morales,Female,2018,9.340207241512928
13490,Norosí,Female,2018,2.2585914322824325
13549,Pinillos,Female,2018,10.639185666589277
13580,Regidor,Female,2018,2.5483270041545625
13600,Río Viejo,Female,2018,4.477408337535722
13620,San Cristóbal,Female,2018,3.3308886084434186
13647,San Estanislao,Female,2018,7.610259927527902
13650,San Fernando,Female,2018,5.289271100140988
13654,San Jacinto,Female,2018,10.517414983606306
13655,San Jacinto Del Cauca,Female,2018,4.48649667976075
13657,San Juan Nepomuceno,Female,2018,16.181949131670507
13667,San Martín De Loba,Female,2018,6.098379781284345
13670,San Pablo,Female,2018,11.413922302091532
13673,Santa Catalina,Female,2018,6.445939891555719
13683,Santa Rosa,Female,2018,9.391656740456465
13688,Santa Rosa Del Sur,Female,2018,13.447930723926694
13744,Simití,Female,2018,7.805059272649621
13760,Soplaviento,Female,2018,4.05709860913534
13780,Talaigua Nuevo,Female,2018,5.025955670830487
13810,Tiquisio,Female,2018,7.982709115153892
13836,Turbaco,Female,2018,37.66894538757715
13838,Turbaná,Female,2018,6.459369980447585
13873,Villanueva,Female,2018,9.97295660009609
13894,Zambrano,Female,2018,5.063763009122034
15001,Tunja,Female,2018,58.26080889422897
15022,Almeida,Female,2018,0.607323632966786
15047,Aquitania,Female,2018,5.415754905387747
15051,Arcabuco,Female,2018,1.80764090382349
15087,Belén,Female,2018,2.4026748879127386
15090,Berbeo,Female,2018,0.573756416965098
15092,Betéitiva,Female,2018,0.6986792778088062
15097,Boavita,Female,2018,1.9403162115530355
15104,Boyacá,Female,2018,2.1600613370875745
15106,Briceño,Female,2018,0.8388001679448938
15109,Buenavista,Female,2018,1.6328917108583876
15114,Busbanzá,Female,2018,0.36329760417954293
15131,Caldas,Female,2018,1.203285204798686
15135,Campohermoso,Female,2018,1.237325934690225
15162,Cerinza,Female,2018,1.2449853779997981
15172,Chinavita,Female,2018,1.2520731501125233
15176,Chiquinquirá,Female,2018,23.357305356277337
15180,Chiscas,Female,2018,1.8306650368067348
15183,Chita,Female,2018,3.6277249696864393
15185,Chitaraque,Female,2018,2.399403032481751
15187,Chivatá,Female,2018,1.0879968075350526
15189,Ciénega,Female,2018,1.7350847023945744
15204,Cómbita,Female,2018,3.6290743772829956
15212,Coper,Female,2018,1.3140484080039991
15215,Corrales,Female,2018,0.8165934165242855
15218,Covarachía,Female,2018,1.3063696902816435
15223,Cubará,Female,2018,4.5599649569536505
15224,Cucaita,Female,2018,1.5314659826326977
15226,Cuítiva,Female,2018,0.6545914654526537
15232,Chíquiza,Female,2018,1.9725613604564876
15236,Chivor,Female,2018,0.9042180582225189
15238,Duitama,Female,2018,40.43518186518852
15244,El Cocuy,Female,2018,1.8084045538377524
15248,El Espino,Female,2018,0.9564054021627885
15272,Firavitoba,Female,2018,1.9754126080673367
15276,Floresta,Female,2018,1.3211689318338602
15293,Gachantivá,Female,2018,1.058417688856022
15296,Gámeza,Female,2018,1.9041299174033373
15299,Garagoa,Female,2018,5.651825962943483
15317,Guacamayas,Female,2018,0.5787090641675505
15322,Guateque,Female,2018,3.6633325666156984
15325,Guayatá,Female,2018,1.1084756812165972
15332,Güicán De La Sierra,Female,2018,1.625777770766575
15362,Iza,Female,2018,0.6853012592294485
15367,Jenesano,Female,2018,2.6407891683873292
15368,Jericó,Female,2018,1.8287978422785778
15377,Labranzagrande,Female,2018,1.4587849575318774
15380,La Capilla,Female,2018,0.8497727231498371
15401,La Victoria,Female,2018,0.45867133230264945
15403,La Uvita,Female,2018,1.0150842106681062
15407,Villa De Leyva,Female,2018,4.934185073083148
15425,Macanal,Female,2018,1.4453859982069694
15442,Maripí,Female,2018,2.672576717816284
15455,Miraflores,Female,2018,2.8268344838686645
15464,Mongua,Female,2018,2.256432064132287
15466,Monguí,Female,2018,1.4033478704915012
15469,Moniquirá,Female,2018,8.019376062627114
15476,Motavita,Female,2018,2.28027848897437
15480,Muzo,Female,2018,3.0466217043348833
15491,Nobsa,Female,2018,4.647399391924941
15494,Nuevo Colón,Female,2018,2.1122716535740134
15500,Oicatá,Female,2018,0.8924806171384834
15507,Otanche,Female,2018,3.1648070577911165
15511,Pachavita,Female,2018,0.7568263779388449
15514,Páez,Female,2018,1.1102773101943435
15516,Paipa,Female,2018,10.849278911307445
15518,Pajarito,Female,2018,0.7314308002526924
15522,Panqueba,Female,2018,0.666792127053322
15531,Pauna,Female,2018,2.8973532071462564
15533,Paya,Female,2018,1.2227348520062735
15537,Paz De Río,Female,2018,1.3384798149633093
15542,Pesca,Female,2018,2.3355021577793704
15550,Pisba,Female,2018,0.7308458942731457
15572,Puerto Boyacá,Female,2018,21.133200078140188
15580,Quípama,Female,2018,2.3287888599819393
15599,Ramiriquí,Female,2018,3.455099571877322
15600,Ráquira,Female,2018,2.586856228105097
15621,Rondón,Female,2018,0.8525594116012749
15632,Saboyá,Female,2018,5.1338064428840475
15638,Sáchica,Female,2018,1.7244228991529094
15646,Samacá,Female,2018,7.439232151585246
15660,San Eduardo,Female,2018,0.578708173299078
15664,San José De Pare,Female,2018,2.248873561133615
15667,San Luis De Gaceno,Female,2018,2.2618320273731394
15673,San Mateo,Female,2018,1.156553707673809
15676,San Miguel De Sema,Female,2018,1.0732721667110845
15681,San Pablo De Borbur,Female,2018,2.6457151080519834
15686,Santana,Female,2018,3.07476629573185
15690,Santa María,Female,2018,1.1288436356244897
15693,Santa Rosa De Viterbo,Female,2018,3.72100608936497
15696,Santa Sofía,Female,2018,0.9471091155071141
15720,Sativanorte,Female,2018,0.9569355772560292
15723,Sativasur,Female,2018,0.6335826533327078
15740,Siachoque,Female,2018,2.6468960284670877
15753,Soatá,Female,2018,2.683272403710066
15755,Socotá,Female,2018,2.706414721095858
15757,Socha,Female,2018,2.4647067999133694
15759,Sogamoso,Female,2018,42.26112471900288
15761,Somondoco,Female,2018,1.0338980959291861
15762,Sora,Female,2018,1.381825020061513
15763,Sotaquirá,Female,2018,2.7057034059862914
15764,Soracá,Female,2018,2.2383080842465812
15774,Susacón,Female,2018,1.0878188221209038
15776,Sutamarchán,Female,2018,2.1600446859941065
15778,Sutatenza,Female,2018,1.6675134285804551
15790,Tasco,Female,2018,1.916218169435818
15798,Tenza,Female,2018,1.4321471300141644
15804,Tibaná,Female,2018,3.5347053362181087
15806,Tibasosa,Female,2018,3.7215889121709917
15808,Tinjacá,Female,2018,1.0910507166393146
15810,Tipacoque,Female,2018,1.577463501708451
15814,Toca,Female,2018,3.129056100980253
15816,Togüí,Female,2018,1.708660634302176
15820,Tópaga,Female,2018,1.1595245725887011
15822,Tota,Female,2018,2.0736264293010995
15832,Tununguá,Female,2018,0.49183575893840864
15835,Turmequé,Female,2018,2.564291758342065
15837,Tuta,Female,2018,2.7197394196553764
15839,Tutazá,Female,2018,0.8288153169058206
15842,Úmbita,Female,2018,2.8599624691377095
15861,Ventaquemada,Female,2018,5.394149208497111
15879,Viracachá,Female,2018,1.0847431562913266
15897,Zetaquira,Female,2018,1.8956001815120738
17001,Manizales,Female,2018,135.75035567326344
17013,Aguadas,Female,2018,7.898684258441524
17042,Anserma,Female,2018,13.108618031613787
17050,Aranzazu,Female,2018,4.063271932610068
17088,Belalcázar,Female,2018,4.019471486744821
17174,Chinchiná,Female,2018,22.147332351029796
17272,Filadelfia,Female,2018,4.192364583128143
17380,La Dorada,Female,2018,28.184571656310247
17388,La Merced,Female,2018,2.1375799978613412
17433,Manzanares,Female,2018,6.58181088441931
17442,Marmato,Female,2018,3.4149985969688963
17444,Marquetalia,Female,2018,5.338313160500174
17446,Marulanda,Female,2018,0.9176300350570206
17486,Neira,Female,2018,7.786901092072721
17495,Norcasia,Female,2018,2.33926274126052
17513,Pácora,Female,2018,5.461028072296251
17524,Palestina,Female,2018,6.379996461670436
17541,Pensilvania,Female,2018,7.0441757287139275
17614,Riosucio,Female,2018,17.85145884822548
17616,Risaralda,Female,2018,4.09848167865838
17653,Salamina,Female,2018,6.631303837820118
17662,Samaná,Female,2018,7.747091836138981
17665,San José,Female,2018,1.7886298101078086
17777,Supía,Female,2018,12.11332851419362
17867,Victoria,Female,2018,3.568374514278436
17873,Villamaría,Female,2018,21.162538785447413
17877,Viterbo,Female,2018,4.603149258096063
18001,Florencia,Female,2018,68.79838622280393
18029,Albania,Female,2018,1.593203537017032
18094,Belén De Los Andaquíes,Female,2018,4.489773190039691
18150,Cartagena Del Chairá,Female,2018,14.480238936749707
18205,Curillo,Female,2018,5.298137317783694
18247,El Doncello,Female,2018,7.654460446454615
18256,El Paujíl,Female,2018,6.732823370965575
18410,La Montañita,Female,2018,5.990666284616201
18460,Milán,Female,2018,3.946309028634287
18479,Morelia,Female,2018,1.365917161528562
18592,Puerto Rico,Female,2018,10.740264495848082
18610,San José Del Fragua,Female,2018,5.280007364240512
18753,San Vicente Del Caguán,Female,2018,22.831170425951708
18756,Solano,Female,2018,4.581391725044099
18785,Solita,Female,2018,3.1083236940744414
18860,Valparaíso,Female,2018,2.6987107398089223
19001,Popayán,Female,2018,104.59982507667104
19022,Almaguer,Female,2018,9.3095859222902
19050,Argelia,Female,2018,11.719561561689543
19075,Balboa,Female,2018,8.960289957694382
19100,Bolívar,Female,2018,17.09340088964745
19110,Buenos Aires,Female,2018,12.108490169368057
19130,Cajibío,Female,2018,18.55765922243023
19137,Caldono,Female,2018,16.122243771014183
19142,Caloto,Female,2018,11.132979672999149
19212,Corinto,Female,2018,14.72622483318164
19256,El Tambo,Female,2018,21.7883786401586
19290,Florencia,Female,2018,1.9285651565254356
19300,Guachené,Female,2018,4.101185555747419
19318,Guapi,Female,2018,12.872698714045278
19355,Inzá,Female,2018,12.71126800605587
19364,Jambaló,Female,2018,6.780169158903917
19392,La Sierra,Female,2018,4.720702296185769
19397,La Vega,Female,2018,11.266948641204298
19418,López De Micay,Female,2018,9.088444421081826
19450,Mercaderes,Female,2018,9.732174117751537
19455,Miranda,Female,2018,10.286700425894988
19473,Morales,Female,2018,15.38965952155531
19513,Padilla,Female,2018,4.4476343256485675
19517,Páez,Female,2018,19.179544185587346
19532,Patía,Female,2018,17.151548341713276
19533,Piamonte,Female,2018,3.106592877393678
19548,Piendamó - Tunía,Female,2018,14.330309472854664
19573,Puerto Tejada,Female,2018,27.86118185800254
19585,Puracé,Female,2018,6.371016621545419
19622,Rosas,Female,2018,4.502243759735608
19693,San Sebastián,Female,2018,4.659042455150744
19698,Santander De Quilichao,Female,2018,38.75890978936567
19701,Santa Rosa,Female,2018,2.5225169617356027
19743,Silvia,Female,2018,14.76637710055839
19760,Sotará - Paispamba,Female,2018,5.000087044890394
19780,Suárez,Female,2018,12.221990268037407
19785,Sucre,Female,2018,5.7527879160958575
19807,Timbío,Female,2018,13.459785525449103
19809,Timbiquí,Female,2018,11.98829950270962
19821,Toribío,Female,2018,13.654292662684938
19824,Totoró,Female,2018,10.455442405129542
19845,Villa Rica,Female,2018,7.418628761368208
20001,Valledupar,Female,2018,206.28976483855962
20011,Aguachica,Female,2018,46.464588478273555
20013,Agustín Codazzi,Female,2018,23.821372322260373
20032,Astrea,Female,2018,8.050977887080458
20045,Becerril,Female,2018,8.240355529561919
20060,Bosconia,Female,2018,16.370620383642105
20175,Chimichagua,Female,2018,13.322451010150573
20178,Chiriguaná,Female,2018,11.677353321526242
20228,Curumaní,Female,2018,15.045068058567555
20238,El Copey,Female,2018,11.913942934387347
20250,El Paso,Female,2018,14.18855262825337
20295,Gamarra,Female,2018,6.162001985601292
20310,González,Female,2018,2.023719166407663
20383,La Gloria,Female,2018,6.65646432247718
20400,La Jagua De Ibirico,Female,2018,15.632293536860434
20443,Manaure Balcón Del Cesar,Female,2018,3.830094023491845
20517,Pailitas,Female,2018,8.25465618789786
20550,Pelaya,Female,2018,8.929734694682814
20570,Pueblo Bello,Female,2018,11.957403029717383
20614,Río De Oro,Female,2018,7.144933562189421
20621,La Paz,Female,2018,10.390553030748974
20710,San Alberto,Female,2018,9.793623910703644
20750,San Diego,Female,2018,7.0738488096176635
20770,San Martín,Female,2018,10.142996602241706
20787,Tamalameque,Female,2018,5.9919607650138245
23001,Montería,Female,2018,176.0199728427971
23068,Ayapel,Female,2018,21.00264052375027
23079,Buenavista,Female,2018,9.144236234319585
23090,Canalete,Female,2018,7.575896665053853
23162,Cereté,Female,2018,39.644141672668994
23168,Chimá,Female,2018,8.061351283509433
23182,Chinú,Female,2018,19.277501347652347
23189,Ciénaga De Oro,Female,2018,25.67649197778261
23300,Cotorra,Female,2018,7.548761575361505
23350,La Apartada,Female,2018,6.506963708644797
23417,Lorica,Female,2018,45.41286004807008
23419,Los Córdobas,Female,2018,8.5728095645846345
23464,Momil,Female,2018,7.506101099039229
23466,Montelíbano,Female,2018,32.287897875363385
23500,Moñitos,Female,2018,14.566708394356048
23555,Planeta Rica,Female,2018,25.38476659016823
23570,Pueblo Nuevo,Female,2018,15.361932954814115
23574,Puerto Escondido,Female,2018,11.673325415624845
23580,Puerto Libertador,Female,2018,18.192599519738316
23586,Purísima De La Concepción,Female,2018,7.532666160533058
23660,Sahagún,Female,2018,42.151875110548296
23670,San Andrés De Sotavento,Female,2018,24.601206554893317
23672,San Antero,Female,2018,14.10366023190258
23675,San Bernardo Del Viento,Female,2018,16.55808753280926
23678,San Carlos,Female,2018,12.188760784746085
23682,San José De Uré,Female,2018,2.9176007376189212
23686,San Pelayo,Female,2018,21.402799272233274
23807,Tierralta,Female,2018,41.78360995193935
23815,Tuchín,Female,2018,14.293216871630872
23855,Valencia,Female,2018,15.911415901640432
25001,Agua De Dios,Female,2018,3.9788251555090874
25019,Albán,Female,2018,2.4544151611753717
25035,Anapoima,Female,2018,4.715521163740261
25040,Anolaima,Female,2018,4.454145606458845
25053,Arbeláez,Female,2018,3.0115998141273654
25086,Beltrán,Female,2018,0.6766701700563391
25095,Bituima,Female,2018,0.647326655375194
25099,Bojacá,Female,2018,3.2630203579005146
25120,Cabrera,Female,2018,1.627415814792316
25123,Cachipay,Female,2018,3.2518923413747034
25126,Cajicá,Female,2018,25.428862987624203
25148,Caparrapí,Female,2018,4.580447825031127
25151,Cáqueza,Female,2018,6.6772668622898435
25154,Carmen De Carupa,Female,2018,2.814180939990964
25168,Chaguaní,Female,2018,1.6572957583918373
25175,Chía,Female,2018,46.21260135685402
25178,Chipaque,Female,2018,3.2075523980230023
25181,Choachí,Female,2018,3.5540313311834963
25183,Chocontá,Female,2018,9.74468125345606
25200,Cogua,Female,2018,6.953032814704316
25214,Cota,Female,2018,10.038341479972615
25224,Cucunubá,Female,2018,2.637692001808703
25245,El Colegio,Female,2018,7.662166752230675
25258,El Peñón,Female,2018,1.7871119485326545
25260,El Rosal,Female,2018,6.65007679168577
25269,Facatativá,Female,2018,53.75954683146373
25279,Fómeque,Female,2018,3.959312965195762
25281,Fosca,Female,2018,2.438695360531587
25286,Funza,Female,2018,29.809783949163474
25288,Fúquene,Female,2018,1.4987932292446469
25290,Fusagasugá,Female,2018,49.16418058331956
25293,Gachalá,Female,2018,1.7629823311612163
25295,Gachancipá,Female,2018,5.54404621004917
25297,Gachetá,Female,2018,3.643132782207802
25299,Gama,Female,2018,1.1966224471967415
25307,Girardot,Female,2018,52.15335981672536
25312,Granada,Female,2018,2.4894531075082336
25317,Guachetá,Female,2018,5.610824713735614
25320,Guaduas,Female,2018,9.97659041173598
25322,Guasca,Female,2018,4.585994177760625
25324,Guataquí,Female,2018,0.9546663873439156
25326,Guatavita,Female,2018,2.2478258758461087
25328,Guayabal De Síquima,Female,2018,1.3878274969161168
25335,Guayabetal,Female,2018,2.020562404030909
25339,Gutiérrez,Female,2018,1.1756175722522026
25368,Jerusalén,Female,2018,0.7159588503817131
25372,Junín,Female,2018,2.66786350629597
25377,La Calera,Female,2018,10.037918474848722
25386,La Mesa,Female,2018,12.105101712947038
25394,La Palma,Female,2018,3.3018909124051645
25398,La Peña,Female,2018,2.1436917460074074
25402,La Vega,Female,2018,5.611664848723794
25407,Lenguazaque,Female,2018,4.910966946435169
25426,Machetá,Female,2018,2.2476903358198292
25430,Madrid,Female,2018,34.51941887828105
25436,Manta,Female,2018,1.2125609101142452
25438,Medina,Female,2018,3.2464935279665776
25473,Mosquera,Female,2018,39.78541727102541
25483,Nariño,Female,2018,0.8913807520021231
25486,Nemocón,Female,2018,4.794286642691722
25488,Nilo,Female,2018,2.4097611586720262
25489,Nimaima,Female,2018,1.0854036555492619
25491,Nocaima,Female,2018,1.707664195214804
25506,Venecia,Female,2018,1.5554968280291148
25513,Pacho,Female,2018,10.158966130299895
25518,Paime,Female,2018,1.6539832723890924
25524,Pandi,Female,2018,1.6836931669457855
25530,Paratebueno,Female,2018,3.0533903425073188
25535,Pasca,Female,2018,3.157139588653913
25572,Puerto Salgar,Female,2018,6.399633095239798
25580,Pulí,Female,2018,1.0926349377962912
25592,Quebradanegra,Female,2018,1.4794287391835406
25594,Quetame,Female,2018,1.8275388096311755
25596,Quipile,Female,2018,2.0704597523811787
25599,Apulo,Female,2018,2.504553190978011
25612,Ricaurte,Female,2018,3.747790195057374
25645,San Antonio Del Tequendama,Female,2018,3.4415650469044428
25649,San Bernardo,Female,2018,2.9732031792299862
25653,San Cayetano,Female,2018,1.5565900886895747
25658,San Francisco,Female,2018,3.186101445215721
25662,San Juan De Rioseco,Female,2018,3.2875076262951026
25718,Sasaima,Female,2018,3.6443507731090365
25736,Sesquilé,Female,2018,3.924561229315743
25740,Sibaté,Female,2018,17.550210574312832
25743,Silvania,Female,2018,7.656828458700855
25745,Simijaca,Female,2018,4.692525103106375
25754,Soacha,Female,2018,208.7127269712193
25758,Sopó,Female,2018,9.496297112127781
25769,Subachoque,Female,2018,4.507329988596681
25772,Suesca,Female,2018,5.915728531323154
25777,Supatá,Female,2018,1.5773863115648399
25779,Susa,Female,2018,2.181673995787177
25781,Sutatausa,Female,2018,1.758635232403233
25785,Tabio,Female,2018,7.184201372288536
25793,Tausa,Female,2018,2.5590035642530986
25797,Tena,Female,2018,2.908538765319337
25799,Tenjo,Female,2018,7.8853527421070435
25805,Tibacuy,Female,2018,1.313084420109595
25807,Tibirita,Female,2018,1.3097428963407147
25815,Tocaima,Female,2018,5.230574088617332
25817,Tocancipá,Female,2018,13.1022353086483
25823,Topaipí,Female,2018,1.4549097951133139
25839,Ubalá,Female,2018,2.851760940119573
25841,Ubaque,Female,2018,2.6906265085540935
25843,Villa De San Diego De Ubaté,Female,2018,19.190911031717384
25845,Une,Female,2018,2.2847600774246923
25851,Útica,Female,2018,1.3323714152729091
25862,Vergara,Female,2018,2.6089711104789037
25867,Vianí,Female,2018,1.3170667810994472
25871,Villagómez,Female,2018,0.623584532485029
25873,Villapinzón,Female,2018,6.451581061962487
25875,Villeta,Female,2018,10.099363912087421
25878,Viotá,Female,2018,4.674964140166931
25885,Yacopí,Female,2018,5.2747749411249805
25898,Zipacón,Female,2018,1.4180098716006573
25899,Zipaquirá,Female,2018,46.126880192931964
27001,Quibdó,Female,2018,62.77194940077103
27006,Acandí,Female,2018,6.104629758684764
27025,Alto Baudó,Female,2018,15.05841875789883
27050,Atrato,Female,2018,2.8391415823090616
27073,Bagadó,Female,2018,5.172489767432122
27075,Bahía Solano,Female,2018,3.8185090196463554
27077,Bajo Baudó,Female,2018,14.679509803680014
27099,Bojayá,Female,2018,5.430563217237441
27135,El Cantón Del San Pablo,Female,2018,2.770395642888376
27150,Carmen Del Darién,Female,2018,8.928980106600767
27160,Cértegui,Female,2018,2.6446724492765274
27205,Condoto,Female,2018,5.723351223821249
27245,El Carmen De Atrato,Female,2018,3.5529301477358635
27250,El Litoral Del San Juan,Female,2018,10.271079958507002
27361,Istmina,Female,2018,15.799151860665605
27372,Juradó,Female,2018,2.9214926191365134
27413,Lloró,Female,2018,3.7034035855490552
27425,Medio Atrato,Female,2018,5.717916529334414
27430,Medio Baudó,Female,2018,7.89416066246702
27450,Medio San Juan,Female,2018,5.202970195119926
27491,Nóvita,Female,2018,4.284144205006662
27495,Nuquí,Female,2018,7.627268041776423
27580,Río Iró,Female,2018,2.627711674025651
27600,Río Quito,Female,2018,4.416251962589507
27615,Riosucio,Female,2018,27.98860852970372
27660,San José Del Palmar,Female,2018,2.236421137900056
27745,Sipí,Female,2018,1.4419416912110368
27787,Tadó,Female,2018,8.65040518054247
27800,Unguía,Female,2018,5.8719641377974305
27810,Unión Panamericana,Female,2018,3.335157457841662
41001,Neiva,Female,2018,146.47031936159365
41006,Acevedo,Female,2018,15.118012017406794
41013,Agrado,Female,2018,3.804361216124275
41016,Aipe,Female,2018,6.183805962380852
41020,Algeciras,Female,2018,9.339451439549423
41026,Altamira,Female,2018,1.346723679917594
41078,Baraya,Female,2018,3.2781776406958087
41132,Campoalegre,Female,2018,15.376613723926035
41206,Colombia,Female,2018,3.196378180180834
41244,Elías,Female,2018,1.2459977357455299
41298,Garzón,Female,2018,29.073163466346998
41306,Gigante,Female,2018,9.432451957156074
41319,Guadalupe,Female,2018,7.304351867218509
41349,Hobo,Female,2018,2.672900728933924
41357,Íquira,Female,2018,3.7817566492050707
41359,Isnos,Female,2018,9.754273923249736
41378,La Argentina,Female,2018,5.835903724359859
41396,La Plata,Female,2018,25.04138737117863
41483,Nátaga,Female,2018,2.4306895464574554
41503,Oporapa,Female,2018,5.57371349370099
41518,Paicol,Female,2018,2.3136105420889983
41524,Palermo,Female,2018,8.756267782496206
41530,Palestina,Female,2018,4.676443339304262
41548,Pital,Female,2018,5.47768518242435
41551,Pitalito,Female,2018,56.01845774330225
41615,Rivera,Female,2018,7.35551966134765
41660,Saladoblanco,Female,2018,5.143210438069223
41668,San Agustín,Female,2018,11.96830511539339
41676,Santa María,Female,2018,4.206872350364439
41770,Suaza,Female,2018,7.7880073383784225
41791,Tarqui,Female,2018,7.361618468398654
41797,Tesalia,Female,2018,4.0165208145407885
41799,Tello,Female,2018,4.113280389166253
41801,Teruel,Female,2018,3.082302559207065
41807,Timaná,Female,2018,8.26258818005694
41872,Villavieja,Female,2018,2.6748772319561476
41885,Yaguará,Female,2018,2.5246881957810805
44001,Riohacha,Female,2018,102.5833703366917
44035,Albania,Female,2018,11.09121793180787
44078,Barrancas,Female,2018,14.006353198312018
44090,Dibulla,Female,2018,17.061326518324883
44098,Distracción,Female,2018,4.731076968374142
44110,El Molino,Female,2018,2.6343485660350923
44279,Fonseca,Female,2018,15.076384517573391
44378,Hatonuevo,Female,2018,7.450659123612459
44420,La Jagua Del Pilar,Female,2018,1.2135069518396426
44430,Maicao,Female,2018,93.5103482197439
44560,Manaure,Female,2018,43.117241063607565
44650,San Juan Del Cesar,Female,2018,16.99950519846459
44847,Uribia,Female,2018,101.95809324918929
44855,Urumita,Female,2018,3.5873913913518924
44874,Villanueva,Female,2018,9.386207687284356
47001,Santa Marta,Female,2018,226.32054151603012
47030,Algarrobo,Female,2018,6.320022225151071
47053,Aracataca,Female,2018,15.68182229458753
47058,Ariguaní,Female,2018,12.923596323700863
47161,Cerro De San Antonio,Female,2018,4.471266275823611
47170,Chivolo,Female,2018,8.742508326524645
47189,Ciénaga,Female,2018,47.56928004368622
47205,Concordia,Female,2018,4.9626048894423285
47245,El Banco,Female,2018,27.245411212873414
47258,El Piñón,Female,2018,8.799557614712349
47268,El Retén,Female,2018,8.888150111627931
47288,Fundación,Female,2018,27.873934430048703
47318,Guamal,Female,2018,11.138238046761739
47460,Nueva Granada,Female,2018,9.219419599225688
47541,Pedraza,Female,2018,3.7716836562972222
47545,Pijiño Del Carmen,Female,2018,4.954914652963053
47551,Pivijay,Female,2018,16.01934536802758
47555,Plato,Female,2018,24.6216554747716
47570,Puebloviejo,Female,2018,12.821745719354496
47605,Remolino,Female,2018,4.768736583414542
47660,Sabanas De San Ángel,Female,2018,6.9733316399778
47675,Salamina,Female,2018,4.132697029579366
47692,San Sebastián De Buenavista,Female,2018,8.883648576292023
47703,San Zenón,Female,2018,4.581181801445505
47707,Santa Ana,Female,2018,9.41285642145167
47720,Santa Bárbara De Pinto,Female,2018,4.523871246106577
47745,Sitionuevo,Female,2018,13.376122886144897
47798,Tenerife,Female,2018,5.425898173505178
47960,Zapayán,Female,2018,4.848667337900323
47980,Zona Bananera,Female,2018,27.997435275114128
50001,Villavicencio,Female,2018,192.56557568645562
50006,Acacías,Female,2018,25.38393587875919
50110,Barranca De Upía,Female,2018,2.2224298012070958
50124,Cabuyaro,Female,2018,1.8279127766614023
50150,Castilla La Nueva,Female,2018,4.304608308307323
50223,Cubarral,Female,2018,2.1084564574635296
50226,Cumaral,Female,2018,7.054150197718131
50245,El Calvario,Female,2018,0.5549322050229298
50251,El Castillo,Female,2018,2.9091469680401643
50270,El Dorado,Female,2018,1.4406142525956471
50287,Fuente De Oro,Female,2018,4.756035406205015
50313,Granada,Female,2018,29.876965809102586
50318,Guamal,Female,2018,5.242860189316698
50325,Mapiripán,Female,2018,2.5609969638458505
50330,Mesetas,Female,2018,4.418023157112883
50350,La Macarena,Female,2018,12.243149005353905
50370,Uribe,Female,2018,4.654860763531028
50400,Lejanías,Female,2018,4.380207639529095
50450,Puerto Concordia,Female,2018,4.240513490763024
50568,Puerto Gaitán,Female,2018,14.999970400727172
50573,Puerto López,Female,2018,11.362044290083873
50577,Puerto Lleras,Female,2018,3.712787865257545
50590,Puerto Rico,Female,2018,4.806892224977844
50606,Restrepo,Female,2018,5.228529035928299
50680,San Carlos De Guaroa,Female,2018,3.834033797085399
50683,San Juan De Arama,Female,2018,3.117153629648033
50686,San Juanito,Female,2018,0.5361065658914016
50689,San Martín,Female,2018,8.22122093584615
50711,Vistahermosa,Female,2018,6.975577056252152
52001,Pasto,Female,2018,130.16022221101824
52019,Albán,Female,2018,4.1478138888413
52022,Aldana,Female,2018,2.740350004797011
52036,Ancuya,Female,2018,2.7966510245634604
52051,Arboleda,Female,2018,3.839332449669916
52079,Barbacoas,Female,2018,26.59970955202972
52083,Belén,Female,2018,2.5285703949190377
52110,Buesaco,Female,2018,9.422423036013566
52203,Colón,Female,2018,3.331897016787277
52207,Consacá,Female,2018,5.5582072282663395
52210,Contadero,Female,2018,3.0792092216130698
52215,Córdoba,Female,2018,6.473873622855113
52224,Cuaspud Carlosama,Female,2018,4.410506849565938
52227,Cumbal,Female,2018,13.335071097545265
52233,Cumbitara,Female,2018,2.5976499871078182
52240,Chachagüí,Female,2018,5.772952487973735
52250,El Charco,Female,2018,10.999641436469952
52254,El Peñol,Female,2018,3.2282248222707866
52256,El Rosario,Female,2018,5.713463977471032
52258,El Tablón De Gómez,Female,2018,6.769123313323572
52260,El Tambo,Female,2018,5.192432602203702
52287,Funes,Female,2018,2.9151323802784637
52317,Guachucal,Female,2018,7.757155418256415
52320,Guaitarilla,Female,2018,4.377302305780232
52323,Gualmatán,Female,2018,2.817248585849476
52352,Iles,Female,2018,3.2306358896090677
52354,Imués,Female,2018,3.2432309382115387
52356,Ipiales,Female,2018,40.53076002652621
52378,La Cruz,Female,2018,6.808565306680109
52381,La Florida,Female,2018,5.37863835249701
52385,La Llanada,Female,2018,2.3569143277038576
52390,La Tola,Female,2018,3.526921431411558
52399,La Unión,Female,2018,14.76946394094062
52405,Leiva,Female,2018,4.420906972458481
52411,Linares,Female,2018,3.8562379391206036
52418,Los Andes,Female,2018,4.069863884372767
52427,Magüí,Female,2018,12.217138562051147
52435,Mallama,Female,2018,3.467916605110875
52473,Mosquera,Female,2018,6.3161648740798055
52480,Nariño,Female,2018,2.419559545026072
52490,Olaya Herrera,Female,2018,12.681798205820643
52506,Ospina,Female,2018,2.6135165873866817
52520,Francisco Pizarro,Female,2018,6.850758158975532
52540,Policarpa,Female,2018,5.96490080742978
52560,Potosí,Female,2018,3.6843223296149876
52565,Providencia,Female,2018,2.9030828085522438
52573,Puerres,Female,2018,3.2361737781331916
52585,Pupiales,Female,2018,6.640273337960289
52612,Ricaurte,Female,2018,9.778155886441132
52621,Roberto Payán,Female,2018,6.664030340538822
52678,Samaniego,Female,2018,15.081049707907562
52683,Sandoná,Female,2018,7.797821395517277
52685,San Bernardo,Female,2018,4.805261375508338
52687,San Lorenzo,Female,2018,8.632070937476708
52693,San Pablo,Female,2018,6.419644302144773
52694,San Pedro De Cartago,Female,2018,3.345767000600836
52696,Santa Bárbara,Female,2018,6.420031533477252
52699,Santacruz,Female,2018,5.630638676873202
52720,Sapuyes,Female,2018,3.3631046394008495
52786,Taminango,Female,2018,7.1976927380510265
52788,Tangua,Female,2018,6.161839026434215
52835,San Andrés De Tumaco,Female,2018,115.86487665548593
52838,Túquerres,Female,2018,17.26102600838203
52885,Yacuanquer,Female,2018,4.833132583361226
54001,San José De Cúcuta,Female,2018,302.1197538320422
54003,Ábrego,Female,2018,14.08668996355126
54051,Arboledas,Female,2018,3.745314545089124
54099,Bochalema,Female,2018,2.941628955187885
54109,Bucarasica,Female,2018,2.7494850777401205
54125,Cácota,Female,2018,1.0643202376652525
54128,Cáchira,Female,2018,4.292887622639978
54172,Chinácota,Female,2018,5.89464936368669
54174,Chitagá,Female,2018,4.87245747748672
54206,Convención,Female,2018,8.13907986949684
54223,Cucutilla,Female,2018,3.9426049322585284
54239,Durania,Female,2018,1.7060234726565642
54245,El Carmen,Female,2018,6.084307790269484
54250,El Tarra,Female,2018,9.328289414482965
54261,El Zulia,Female,2018,10.435149554948707
54313,Gramalote,Female,2018,2.55520314893225
54344,Hacarí,Female,2018,4.658364468285675
54347,Herrán,Female,2018,3.0976211746544835
54377,Labateca,Female,2018,2.164417919529941
54385,La Esperanza,Female,2018,4.647090763394815
54398,La Playa,Female,2018,3.567747472813066
54405,Los Patios,Female,2018,30.175643183743254
54418,Lourdes,Female,2018,1.4664232084705904
54480,Mutiscua,Female,2018,1.6128757106208818
54498,Ocaña,Female,2018,45.76419150237761
54518,Pamplona,Female,2018,15.705756562928483
54520,Pamplonita,Female,2018,2.0183016652488095
54553,Puerto Santander,Female,2018,11.364802286806645
54599,Ragonvalia,Female,2018,2.164086469377127
54660,Salazar,Female,2018,3.8178353223925745
54670,San Calixto,Female,2018,5.56339693588937
54673,San Cayetano,Female,2018,2.5987989180947126
54680,Santiago,Female,2018,1.4033422897372474
54720,Sardinata,Female,2018,9.880132530165218
54743,Silos,Female,2018,2.464421551141265
54800,Teorama,Female,2018,7.385926055134339
54810,Tibú,Female,2018,30.107675149147283
54820,Toledo,Female,2018,6.074824598469556
54871,Villa Caro,Female,2018,2.3016601349291252
54874,Villa Del Rosario,Female,2018,35.35608035692462
63001,Armenia,Female,2018,105.70354031136739
63111,Buenavista,Female,2018,1.0188431198613315
63130,Calarcá,Female,2018,27.888068560584543
63190,Circasia,Female,2018,9.148717760829808
63212,Córdoba,Female,2018,1.9504152692302479
63272,Filandia,Female,2018,3.778169071637154
63302,Génova,Female,2018,2.644876933336451
63401,La Tebaida,Female,2018,13.4214877333869
63470,Montenegro,Female,2018,14.3469258720819
63548,Pijao,Female,2018,1.7801406394672015
63594,Quimbaya,Female,2018,10.984563778074225
63690,Salento,Female,2018,2.833396935238656
66001,Pereira,Female,2018,165.26183148956449
66045,Apía,Female,2018,4.386361703106539
66075,Balboa,Female,2018,2.8286505534480213
66088,Belén De Umbría,Female,2018,9.221214539398133
66170,Dosquebradas,Female,2018,69.12636082253228
66318,Guática,Female,2018,4.415311987888603
66383,La Celia,Female,2018,2.736347712151585
66400,La Virginia,Female,2018,15.954184328490289
66440,Marsella,Female,2018,6.04707358044468
66456,Mistrató,Female,2018,7.202871732895533
66572,Pueblo Rico,Female,2018,7.462604334761532
66594,Quinchía,Female,2018,10.4010049509111
66682,Santa Rosa De Cabal,Female,2018,24.966491181778064
66687,Santuario,Female,2018,4.784636573003637
68001,Bucaramanga,Female,2018,193.18388034255372
68013,Aguada,Female,2018,1.1553699607638768
68020,Albania,Female,2018,1.777691068098493
68051,Aratoca,Female,2018,3.1475475339714096
68077,Barbosa,Female,2018,10.253651757276973
68079,Barichara,Female,2018,3.3861040577331654
68081,Barrancabermeja,Female,2018,96.30789711934983
68092,Betulia,Female,2018,2.1689723145461155
68101,Bolívar,Female,2018,4.366814145432204
68121,Cabrera,Female,2018,0.6910107443637078
68132,California,Female,2018,0.6330331448410619
68147,Capitanejo,Female,2018,1.9622216132546673
68152,Carcasí,Female,2018,1.9491637021693484
68160,Cepitá,Female,2018,0.6979549116775099
68162,Cerrito,Female,2018,2.49239499581258
68167,Charalá,Female,2018,3.9508822243274206
68169,Charta,Female,2018,0.9134994439990028
68176,Chima,Female,2018,1.1527369622616361
68179,Chipatá,Female,2018,1.9009719205494333
68190,Cimitarra,Female,2018,13.989884369918878
68207,Concepción,Female,2018,2.0327984079028205
68209,Confines,Female,2018,1.2911290345500763
68211,Contratación,Female,2018,1.263236991889485
68217,Coromoro,Female,2018,2.117307967884532
68229,Curití,Female,2018,4.558873925815985
68235,El Carmen De Chucuri,Female,2018,10.065128201367925
68245,El Guacamayo,Female,2018,0.7571926340854013
68250,El Peñón,Female,2018,2.2345796862712284
68255,El Playón,Female,2018,5.25965223157839
68264,Encino,Female,2018,0.7923725671802204
68266,Enciso,Female,2018,1.28633488448406
68271,Florián,Female,2018,2.494734755733341
68276,Floridablanca,Female,2018,90.33208419250681
68296,Galán,Female,2018,1.0849522388950485
68298,Gámbita,Female,2018,1.569233070864474
68307,Girón,Female,2018,48.93012989388495
68318,Guaca,Female,2018,2.7093517490703114
68320,Guadalupe,Female,2018,1.6484553172522904
68322,Guapotá,Female,2018,0.7160566063549234
68324,Guavatá,Female,2018,1.527848190832672
68327,Güepsa,Female,2018,1.6521061269527126
68344,Hato,Female,2018,0.9034612360100602
68368,Jesús María,Female,2018,1.2894431330519485
68370,Jordán,Female,2018,0.6013441514877209
68377,La Belleza,Female,2018,2.278280608679098
68385,Landázuri,Female,2018,4.455181865938707
68397,La Paz,Female,2018,1.8589519028828654
68406,Lebrija,Female,2018,14.028109932340895
68418,Los Santos,Female,2018,5.647866256938066
68425,Macaravita,Female,2018,0.8098055196359227
68432,Málaga,Female,2018,6.773519630128197
68444,Matanza,Female,2018,1.8256705195899121
68464,Mogotes,Female,2018,4.380507411667878
68468,Molagavita,Female,2018,1.687597740197473
68498,Ocamonte,Female,2018,2.0007754990878084
68500,Oiba,Female,2018,3.7756267235871452
68502,Onzaga,Female,2018,1.8172364444530584
68522,Palmar,Female,2018,0.5199987134942676
68524,Palmas Del Socorro,Female,2018,1.1747333388830392
68533,Páramo,Female,2018,1.55594689165956
68547,Piedecuesta,Female,2018,53.646335838959345
68549,Pinchote,Female,2018,1.5976248293066249
68572,Puente Nacional,Female,2018,4.482495756664196
68573,Puerto Parra,Female,2018,2.5617260826035237
68575,Puerto Wilches,Female,2018,12.033179261023765
68615,Rionegro,Female,2018,9.286840082991677
68655,Sabana De Torres,Female,2018,12.06797170855141
68669,San Andrés,Female,2018,3.37078486506023
68673,San Benito,Female,2018,1.2034913467682773
68679,San Gil,Female,2018,17.36796315272986
68682,San Joaquín,Female,2018,0.8183842574808942
68684,San José De Miranda,Female,2018,1.6229143510964037
68686,San Miguel,Female,2018,0.7730469677025517
68689,San Vicente De Chucurí,Female,2018,11.65845368115344
68705,Santa Bárbara,Female,2018,0.9623954990734891
68720,Santa Helena Del Opón,Female,2018,1.3572016500582906
68745,Simacota,Female,2018,3.7112987365820014
68755,Socorro,Female,2018,9.69212595509413
68770,Suaita,Female,2018,3.6311535551457146
68773,Sucre,Female,2018,2.78577136197104
68780,Suratá,Female,2018,1.5125722030383886
68820,Tona,Female,2018,2.8129913462127623
68855,Valle De San José,Female,2018,2.1361703391143463
68861,Vélez,Female,2018,8.247956626210515
68867,Vetas,Female,2018,0.7351351295574343
68872,Villanueva,Female,2018,2.7856877446842754
68895,Zapatoca,Female,2018,2.9888063063230734
70001,Sincelejo,Female,2018,114.92030769335997
70110,Buenavista,Female,2018,4.2898507559738714
70124,Caimito,Female,2018,6.500215492613931
70204,Colosó,Female,2018,3.8850272569886024
70215,Corozal,Female,2018,24.907929833764946
70221,Coveñas,Female,2018,6.146897397424343
70230,Chalán,Female,2018,2.255200316222986
70233,El Roble,Female,2018,4.515149164693449
70235,Galeras,Female,2018,8.290450340535
70265,Guaranda,Female,2018,8.197261119889857
70400,La Unión,Female,2018,5.341688601359998
70418,Los Palmitos,Female,2018,8.647277252987857
70429,Majagual,Female,2018,16.834762965690974
70473,Morroa,Female,2018,6.016128828680063
70508,Ovejas,Female,2018,9.619559079769571
70523,Palmito,Female,2018,6.33923034659669
70670,Sampués,Female,2018,20.666028756923687
70678,San Benito Abad,Female,2018,12.736278077146782
70702,San Juan De Betulia,Female,2018,5.3352193451359815
70708,San Marcos,Female,2018,26.579619749201864
70713,San Onofre,Female,2018,23.367065261821928
70717,San Pedro,Female,2018,7.588561518168782
70742,San Luis De Sincé,Female,2018,12.724321993548362
70771,Sucre,Female,2018,12.94957124957137
70820,Santiago De Tolú,Female,2018,12.499107278910385
70823,San José De Toluviejo,Female,2018,8.62707207932883
73001,Ibagué,Female,2018,166.6971190704168
73024,Alpujarra,Female,2018,2.101006949352545
73026,Alvarado,Female,2018,3.223073408008317
73030,Ambalema,Female,2018,3.9463545284759274
73043,Anzoátegui,Female,2018,4.286092754352991
73055,Armero,Female,2018,4.028911310823988
73067,Ataco,Female,2018,8.198127586044787
73124,Cajamarca,Female,2018,6.619707438299582
73148,Carmen De Apicalá,Female,2018,3.0808441579737806
73152,Casabianca,Female,2018,2.3529482188223687
73168,Chaparral,Female,2018,21.87454187788925
73200,Coello,Female,2018,2.8278185660129496
73217,Coyaima,Female,2018,9.760581033718891
73226,Cunday,Female,2018,2.8192348298623213
73236,Dolores,Female,2018,2.6832121977525403
73268,Espinal,Female,2018,25.216067276895565
73270,Falan,Female,2018,2.592406701804539
73275,Flandes,Female,2018,8.520581224821889
73283,Fresno,Female,2018,11.455602084317718
73319,Guamo,Female,2018,11.23678012053222
73347,Herveo,Female,2018,3.3161879680965143
73349,Honda,Female,2018,7.902008841399361
73352,Icononzo,Female,2018,4.005894393890728
73408,Lérida,Female,2018,6.561455978389884
73411,Líbano,Female,2018,14.036625029585425
73443,San Sebastián De Mariquita,Female,2018,12.87830935867469
73449,Melgar,Female,2018,12.028294579503296
73461,Murillo,Female,2018,1.838374072532857
73483,Natagaima,Female,2018,6.34872597835803
73504,Ortega,Female,2018,13.446019319253496
73520,Palocabildo,Female,2018,3.586922989956847
73547,Piedras,Female,2018,2.0134914624029636
73555,Planadas,Female,2018,10.716241118802767
73563,Prado,Female,2018,2.865043247600567
73585,Purificación,Female,2018,8.035676859771158
73616,Rioblanco,Female,2018,9.237781011036633
73622,Roncesvalles,Female,2018,2.0357074338145487
73624,Rovira,Female,2018,8.572855324860184
73671,Saldaña,Female,2018,5.516278567970014
73675,San Antonio,Female,2018,5.155389378586918
73678,San Luis,Female,2018,4.854321040006888
73686,Santa Isabel,Female,2018,2.34521338856406
73770,Suárez,Female,2018,1.3315029520601747
73854,Valle De San Juan,Female,2018,2.000170718108701
73861,Venadillo,Female,2018,4.601595910421007
73870,Villahermosa,Female,2018,3.987815306865551
73873,Villarrica,Female,2018,1.6320129563971337
76001,Cali,Female,2018,781.2263993704257
76020,Alcalá,Female,2018,5.991032295671564
76036,Andalucía,Female,2018,9.360806242094995
76041,Ansermanuevo,Female,2018,7.7645253738641316
76054,Argelia,Female,2018,2.1348257595851816
76100,Bolívar,Female,2018,4.790966934734867
76109,Buenaventura,Female,2018,135.81547656291053
76111,Guadalajara De Buga,Female,2018,40.14548785287075
76113,Bugalagrande,Female,2018,8.620025797543928
76122,Caicedonia,Female,2018,10.829399056645498
76126,Calima,Female,2018,5.851236928191873
76130,Candelaria,Female,2018,30.822274996363866
76147,Cartago,Female,2018,46.52597889041686
76233,Dagua,Female,2018,15.353726903117058
76243,El Águila,Female,2018,3.2268779600534456
76246,El Cairo,Female,2018,2.1570024815817472
76248,El Cerrito,Female,2018,18.19492523310711
76250,El Dovio,Female,2018,4.220021082319795
76275,Florida,Female,2018,19.34927733209505
76306,Ginebra,Female,2018,6.377780072020819
76318,Guacarí,Female,2018,12.022214140567229
76364,Jamundí,Female,2018,50.52392473295687
76377,La Cumbre,Female,2018,4.962055114511473
76400,La Unión,Female,2018,13.869842571035976
76403,La Victoria,Female,2018,3.7097537601951687
76497,Obando,Female,2018,4.032134335342374
76520,Palmira,Female,2018,110.19557621757627
76563,Pradera,Female,2018,20.19229802928425
76606,Restrepo,Female,2018,5.247447078862961
76616,Riofrío,Female,2018,4.680665559809216
76622,Roldanillo,Female,2018,11.06028205262065
76670,San Pedro,Female,2018,5.609449585703686
76736,Sevilla,Female,2018,13.589444429529408
76823,Toro,Female,2018,7.792051258538483
76828,Trujillo,Female,2018,6.346799265375139
76834,Tuluá,Female,2018,67.27280078796215
76845,Ulloa,Female,2018,1.6175658230444976
76863,Versalles,Female,2018,2.47763001569778
76869,Vijes,Female,2018,3.634593022449233
76890,Yotoco,Female,2018,4.626733862299829
76892,Yumbo,Female,2018,33.23218649400938
76895,Zarzal,Female,2018,14.5035727023145
81001,Arauca,Female,2018,35.65415811862293
81065,Arauquita,Female,2018,19.56276089269366
81220,Cravo Norte,Female,2018,1.5601035574707307
81300,Fortul,Female,2018,10.174113276695262
81591,Puerto Rondón,Female,2018,1.7563818419308825
81736,Saravena,Female,2018,22.078424885341327
81794,Tame,Female,2018,24.476229304876874
85001,Yopal,Female,2018,59.43062285015432
85010,Aguazul,Female,2018,13.746420689920843
85015,Chámeza,Female,2018,0.8909508433808451
85125,Hato Corozal,Female,2018,4.699934808561754
85136,La Salina,Female,2018,0.4920902888354999
85139,Maní,Female,2018,5.682560373677665
85162,Monterrey,Female,2018,5.87920147035147
85225,Nunchía,Female,2018,3.6821875170063434
85230,Orocué,Female,2018,4.375691735473668
85250,Paz De Ariporo,Female,2018,13.306303351681263
85263,Pore,Female,2018,4.666515880632886
85279,Recetor,Female,2018,0.5765226753144618
85300,Sabanalarga,Female,2018,1.3533376171245899
85315,Sácama,Female,2018,0.6431572161436456
85325,San Luis De Palenque,Female,2018,2.8211624849222035
85400,Támara,Female,2018,2.642233895662091
85410,Tauramena,Female,2018,7.81164125523747
85430,Trinidad,Female,2018,4.804459508352391
85440,Villanueva,Female,2018,11.538654613862711
86001,Mocoa,Female,2018,19.33741631015738
86219,Colón,Female,2018,2.047895640831801
86320,Orito,Female,2018,15.313799709583705
86568,Puerto Asís,Female,2018,30.937993296236296
86569,Puerto Caicedo,Female,2018,5.993565888083879
86571,Puerto Guzmán,Female,2018,15.116522935561974
86573,Puerto Leguízamo,Female,2018,10.583736910180255
86749,Sibundoy,Female,2018,5.238516308671909
86755,San Francisco,Female,2018,1.8295806211968981
86757,San Miguel,Female,2018,7.696164110018315
86760,Santiago,Female,2018,2.9298174721661034
86865,Valle Del Guamuez,Female,2018,14.826788615477263
86885,Villagarzón,Female,2018,8.682865399371547
88001,San Andrés,Female,2018,17.610906569102863
88564,Providencia,Female,2018,2.28338727622868
91001,Leticia,Female,2018,21.082304530979414
91263,El Encanto,Female,2018,0.8389173080343227
91405,La Chorrera,Female,2018,1.0337812331613847
91407,La Pedrera,Female,2018,1.8838486781326342
91430,La Victoria,Female,2018,0.3756295301040346
91460,Mirití - Paraná,Female,2018,0.8515121931909617
91530,Puerto Alegría,Female,2018,0.3643924817974703
91536,Puerto Arica,Female,2018,0.5748240739966185
91540,Puerto Nariño,Female,2018,3.8400382362662144
91669,Puerto Santander,Female,2018,0.6985556181988739
91798,Tarapacá,Female,2018,1.5566998586715588
94001,Inírida,Female,2018,15.09521806527213
94343,Barrancominas,Female,2018,2.265341828398283
94883,San Felipe,Female,2018,0.64898463672803
94884,Puerto Colombia,Female,2018,0.9666435209794801
94885,La Guadalupe,Female,2018,0.07547923577915025
94886,Cacahual,Female,2018,0.6209483779652173
94887,Pana Pana,Female,2018,0.8563308914334933
94888,Morichal,Female,2018,0.38205776500929545
95001,San José Del Guaviare,Female,2018,23.231469655926322
95015,Calamar,Female,2018,3.6601683696134133
95025,El Retorno,Female,2018,4.83202609292673
95200,Miraflores,Female,2018,2.141091998031351
97001,Mitú,Female,2018,11.64129599628738
97161,Carurú,Female,2018,1.1812045670814084
97511,Pacoa,Female,2018,1.4110264350329764
97666,Taraira,Female,2018,0.8569356631756972
97777,Papunahua,Female,2018,0.31267783929619153
97889,Yavaraté,Female,2018,0.3879788896685198
99001,Puerto Carreño,Female,2018,11.293429149295811
99524,La Primavera,Female,2018,4.366576031491455
99624,Santa Rosalía,Female,2018,1.660655072661064
99773,Cumaribo,Female,2018,34.00567999294302
5001,Medellín,Male,2018,1975.3393962361351
5002,Abejorral,Male,2018,23.976117536223736
5004,Abriaquí,Male,2018,2.835373201681794
5021,Alejandría,Male,2018,4.363849622550783
5030,Amagá,Male,2018,27.773824074407734
5031,Amalfi,Male,2018,28.268121410904627
5034,Andes,Male,2018,52.712339173099224
5036,Angelópolis,Male,2018,5.8926636147276765
5038,Angostura,Male,2018,14.405431542496888
5040,Anorí,Male,2018,25.178334989465256
5042,Santa Fé De Antioquia,Male,2018,25.68791464207792
5044,Anzá,Male,2018,8.5956736692931
5045,Apartadó,Male,2018,139.93057213678165
5051,Arboletes,Male,2018,35.251902597961816
5055,Argelia,Male,2018,8.934464682144764
5059,Armenia,Male,2018,5.783517874511648
5079,Barbosa,Male,2018,48.08754932422599
5086,Belmira,Male,2018,7.117834582437404
5088,Bello,Male,2018,418.6054168846816
5091,Betania,Male,2018,14.282220877869765
5093,Betulia,Male,2018,21.697580189430134
5101,Ciudad Bolívar,Male,2018,35.50959804188814
5107,Briceño,Male,2018,10.739398736047164
5113,Buriticá,Male,2018,11.768851934554208
5120,Cáceres,Male,2018,49.36305549912808
5125,Caicedo,Male,2018,10.859927716101192
5129,Caldas,Male,2018,67.56710629844574
5134,Campamento,Male,2018,11.838327594412
5138,Cañasgordas,Male,2018,17.633575952129352
5142,Caracolí,Male,2018,4.845651988745806
5145,Caramanta,Male,2018,4.989885270897741
5147,Carepa,Male,2018,52.912517982498464
5148,El Carmen De Viboral,Male,2018,49.43373029091196
5150,Carolina,Male,2018,3.6380437019491616
5154,Caucasia,Male,2018,155.50991474221846
5172,Chigorodó,Male,2018,98.87308668141193
5190,Cisneros,Male,2018,10.410834148224456
5197,Cocorná,Male,2018,16.355561891142365
5206,Concepción,Male,2018,4.9766940298697895
5209,Concordia,Male,2018,26.12954264106119
5212,Copacabana,Male,2018,63.55011095604195
5234,Dabeiba,Male,2018,29.0003955524378
5237,Donmatías,Male,2018,16.34793903930761
5240,Ebéjico,Male,2018,14.026091108103723
5250,El Bagre,Male,2018,75.77759285953697
5264,Entrerríos,Male,2018,10.242447535757938
5266,Envigado,Male,2018,180.08597675321738
5282,Fredonia,Male,2018,25.75030961554063
5284,Frontino,Male,2018,22.546769633564324
5306,Giraldo,Male,2018,6.675661889108245
5308,Girardota,Male,2018,42.753518784031655
5310,Gómez Plata,Male,2018,10.217940908454919
5313,Granada,Male,2018,9.030053652134393
5315,Guadalupe,Male,2018,7.374429229603723
5318,Guarne,Male,2018,46.979449622602125
5321,Guatapé,Male,2018,6.541847223711159
5347,Heliconia,Male,2018,6.543133278462267
5353,Hispania,Male,2018,7.326371662307166
5360,Itagüí,Male,2018,221.412396917613
5361,Ituango,Male,2018,53.279079428182506
5364,Jardín,Male,2018,17.325134017863277
5368,Jericó,Male,2018,13.17102848780523
5376,La Ceja,Male,2018,51.310197293392164
5380,La Estrella,Male,2018,57.90201338538746
5390,La Pintada,Male,2018,11.62907300119562
5400,La Unión,Male,2018,20.13592654062502
5411,Liborina,Male,2018,11.841097995545047
5425,Maceo,Male,2018,8.357970038812526
5440,Marinilla,Male,2018,50.98617120659658
5467,Montebello,Male,2018,7.741101679328409
5475,Murindó,Male,2018,5.801959289770086
5480,Mutatá,Male,2018,47.85090104916128
5483,Nariño,Male,2018,12.34771537659101
5490,Necoclí,Male,2018,52.87977640143867
5495,Nechí,Male,2018,32.71376004177022
5501,Olaya,Male,2018,3.0926953301606837
5541,Peñol,Male,2018,17.502801150729532
5543,Peque,Male,2018,9.631381042727854
5576,Pueblorrico,Male,2018,9.836941717834751
5579,Puerto Berrío,Male,2018,67.22980503719938
5585,Puerto Nare,Male,2018,15.331195814611938
5591,Puerto Triunfo,Male,2018,25.785629147619847
5604,Remedios,Male,2018,30.567765989385144
5607,Retiro,Male,2018,19.317700191237087
5615,Rionegro,Male,2018,108.78267813267037
5628,Sabanalarga,Male,2018,11.28110088519594
5631,Sabaneta,Male,2018,66.50390183456011
5642,Salgar,Male,2018,22.969712960204838
5647,San Andrés De Cuerquía,Male,2018,10.12277464166073
5649,San Carlos,Male,2018,15.28019354151495
5652,San Francisco,Male,2018,5.9757543828194155
5656,San Jerónimo,Male,2018,15.750455052135829
5658,San José De La Montaña,Male,2018,4.130379019014665
5659,San Juan De Urabá,Male,2018,24.084390279471187
5660,San Luis,Male,2018,12.931878384913057
5664,San Pedro De Los Milagros,Male,2018,24.271084587994483
5665,San Pedro De Urabá,Male,2018,39.40939612939452
5667,San Rafael,Male,2018,16.055116369524594
5670,San Roque,Male,2018,23.87264703470544
5674,San Vicente Ferrer,Male,2018,21.955105385828872
5679,Santa Bárbara,Male,2018,25.496172639011686
5686,Santa Rosa De Osos,Male,2018,35.491347803317126
5690,Santo Domingo,Male,2018,14.621322399831623
5697,El Santuario,Male,2018,27.12739276772571
5736,Segovia,Male,2018,58.67950293526585
5756,Sonsón,Male,2018,39.16335367635405
5761,Sopetrán,Male,2018,15.050660044469042
5789,Támesis,Male,2018,18.146625582564123
5790,Tarazá,Male,2018,106.08238209019632
5792,Tarso,Male,2018,7.263812285689622
5809,Titiribí,Male,2018,10.770424958823998
5819,Toledo,Male,2018,6.735255755648432
5837,Turbo,Male,2018,183.41344135320432
5842,Uramita,Male,2018,8.528299159035084
5847,Urrao,Male,2018,32.923553347953295
5854,Valdivia,Male,2018,28.62340889524686
5856,Valparaíso,Male,2018,6.138691315147518
5858,Vegachí,Male,2018,17.801369269998286
5861,Venecia,Male,2018,14.43133939683391
5873,Vigía Del Fuerte,Male,2018,10.262324151655534
5885,Yalí,Male,2018,9.139403776666644
5887,Yarumal,Male,2018,51.17539901606979
5890,Yolombó,Male,2018,26.132352804435456
5893,Yondó,Male,2018,21.4655833948094
5895,Zaragoza,Male,2018,33.14422258400438
8001,Barranquilla,Male,2018,1275.6122233482306
8078,Baranoa,Male,2018,61.58891612765398
8137,Campo De La Cruz,Male,2018,31.23046519450974
8141,Candelaria,Male,2018,19.230550358220516
8296,Galapa,Male,2018,50.93372999768441
8372,Juan De Acosta,Male,2018,22.616320112912955
8421,Luruaco,Male,2018,34.60702911246483
8433,Malambo,Male,2018,116.33813121536384
8436,Manatí,Male,2018,21.42679343093652
8520,Palmar De Varela,Male,2018,29.849537261102043
8549,Piojó,Male,2018,8.120016729526775
8558,Polonuevo,Male,2018,17.75667169171658
8560,Ponedera,Male,2018,26.94437891486946
8573,Puerto Colombia,Male,2018,38.333732264563295
8606,Repelón,Male,2018,31.440536948538607
8634,Sabanagrande,Male,2018,31.130736586144423
8638,Sabanalarga,Male,2018,92.4126149579902
8675,Santa Lucía,Male,2018,16.942090007265286
8685,Santo Tomás,Male,2018,26.91552278520011
8758,Soledad,Male,2018,474.4873035250918
8770,Suan,Male,2018,12.45510674558084
8832,Tubará,Male,2018,18.470433906588884
8849,Usiacurí,Male,2018,12.744376789420146
11001,"Bogotá, D.C.",Male,2018,5762.88851168618
13001,Cartagena De Indias,Male,2018,983.0447591277779
13006,Achí,Male,2018,33.599253340865445
13030,Altos Del Rosario,Male,2018,14.97593429475818
13042,Arenal,Male,2018,10.508803362632385
13052,Arjona,Male,2018,77.70307482155198
13062,Arroyohondo,Male,2018,11.21291381370765
13074,Barranco De Loba,Male,2018,19.837622443278484
13140,Calamar,Male,2018,29.528037466598725
13160,Cantagallo,Male,2018,10.413296373945546
13188,Cicuco,Male,2018,16.621126760726444
13212,Córdoba,Male,2018,22.94366440188852
13222,Clemencia,Male,2018,18.647141363363225
13244,El Carmen De Bolívar,Male,2018,92.58875741740422
13248,El Guamo,Male,2018,12.347244629281418
13268,El Peñón,Male,2018,10.23298947759617
13300,Hatillo De Loba,Male,2018,17.506214475816723
13430,Magangué,Male,2018,152.57391682775108
13433,Mahates,Male,2018,33.93917467037803
13440,Margarita,Male,2018,14.626172465685674
13442,María La Baja,Male,2018,57.477791109663784
13458,Montecristo,Male,2018,25.708327223834587
13468,Mompós,Male,2018,48.49465013606566
13473,Morales,Male,2018,29.32299274506932
13490,Norosí,Male,2018,7.971850892113141
13549,Pinillos,Male,2018,33.10751534655388
13580,Regidor,Male,2018,7.229439311935981
13600,Río Viejo,Male,2018,14.208661257859863
13620,San Cristóbal,Male,2018,9.106093975070598
13647,San Estanislao,Male,2018,21.482548477912136
13650,San Fernando,Male,2018,15.9562558246185
13654,San Jacinto,Male,2018,31.793076342413766
13655,San Jacinto Del Cauca,Male,2018,14.670492504159354
13657,San Juan Nepomuceno,Male,2018,48.47058822160434
13667,San Martín De Loba,Male,2018,18.175438456989227
13670,San Pablo,Male,2018,32.17900231061576
13673,Santa Catalina,Male,2018,17.226992990130917
13683,Santa Rosa,Male,2018,25.56588350155851
13688,Santa Rosa Del Sur,Male,2018,39.23989902134485
13744,Simití,Male,2018,24.08094757911441
13760,Soplaviento,Male,2018,11.22575246636478
13780,Talaigua Nuevo,Male,2018,14.254372987564096
13810,Tiquisio,Male,2018,25.17393456757177
13836,Turbaco,Male,2018,98.98359166371884
13838,Turbaná,Male,2018,18.7253993097276
13873,Villanueva,Male,2018,29.02116736676442
13894,Zambrano,Male,2018,16.14524934571596
15001,Tunja,Male,2018,135.8890183630649
15022,Almeida,Male,2018,2.195821190887532
15047,Aquitania,Male,2018,16.42542788821166
15051,Arcabuco,Male,2018,5.235919093788884
15087,Belén,Male,2018,6.390570636546431
15090,Berbeo,Male,2018,1.8018122850504343
15092,Betéitiva,Male,2018,2.0819254822394826
15097,Boavita,Male,2018,5.770252076249832
15104,Boyacá,Male,2018,6.932381570542698
15106,Briceño,Male,2018,2.887070551965682
15109,Buenavista,Male,2018,5.510459544292468
15114,Busbanzá,Male,2018,1.0372623630626707
15131,Caldas,Male,2018,3.6143568811921156
15135,Campohermoso,Male,2018,3.8359587754125433
15162,Cerinza,Male,2018,3.3806082952990066
15172,Chinavita,Male,2018,3.63623856415576
15176,Chiquinquirá,Male,2018,55.20648874540389
15180,Chiscas,Male,2018,5.236725514622032
15183,Chita,Male,2018,11.097779419713168
15185,Chitaraque,Male,2018,7.62374511278263
15187,Chivatá,Male,2018,3.175277040545435
15189,Ciénega,Male,2018,4.942766721342405
15204,Cómbita,Male,2018,22.460972256489743
15212,Coper,Male,2018,3.9104780303649678
15215,Corrales,Male,2018,2.383829016943897
15218,Covarachía,Male,2018,4.040980423702043
15223,Cubará,Male,2018,11.887181363708317
15224,Cucaita,Male,2018,4.1840048092692514
15226,Cuítiva,Male,2018,1.785039074580978
15232,Chíquiza,Male,2018,5.947339248312878
15236,Chivor,Male,2018,3.219730914039822
15238,Duitama,Male,2018,97.69205900302842
15244,El Cocuy,Male,2018,4.947997048094798
15248,El Espino,Male,2018,2.9267442571237963
15272,Firavitoba,Male,2018,5.263595814607807
15276,Floresta,Male,2018,3.632499886617094
15293,Gachantivá,Male,2018,3.71077975172268
15296,Gámeza,Male,2018,5.476193950386388
15299,Garagoa,Male,2018,14.869105055820555
15317,Guacamayas,Male,2018,1.5565208656661422
15322,Guateque,Male,2018,9.521124598733422
15325,Guayatá,Male,2018,3.637592836033265
15332,Güicán De La Sierra,Male,2018,4.395285992645488
15362,Iza,Male,2018,1.717741134080002
15367,Jenesano,Male,2018,7.724129685043856
15368,Jericó,Male,2018,5.7722639893934655
15377,Labranzagrande,Male,2018,5.537093232993293
15380,La Capilla,Male,2018,2.525987366619789
15401,La Victoria,Male,2018,1.2763183337226152
15403,La Uvita,Male,2018,3.392947137542072
15407,Villa De Leyva,Male,2018,12.93464026672848
15425,Macanal,Male,2018,4.669700018348549
15442,Maripí,Male,2018,9.740946107987721
15455,Miraflores,Male,2018,7.788915182227551
15464,Mongua,Male,2018,5.983878363602727
15466,Monguí,Male,2018,3.6152083717820247
15469,Moniquirá,Male,2018,22.53622276489208
15476,Motavita,Male,2018,6.460607266351622
15480,Muzo,Male,2018,11.653657587427178
15491,Nobsa,Male,2018,11.969848118064338
15494,Nuevo Colón,Male,2018,6.506661837568354
15500,Oicatá,Male,2018,2.370485073541208
15507,Otanche,Male,2018,10.122152215366336
15511,Pachavita,Male,2018,2.7201546901436893
15514,Páez,Male,2018,3.5226374766115036
15516,Paipa,Male,2018,27.222598170635997
15518,Pajarito,Male,2018,2.296681372803668
15522,Panqueba,Male,2018,1.9457099732335035
15531,Pauna,Male,2018,9.314675796094116
15533,Paya,Male,2018,4.027213025130774
15537,Paz De Río,Male,2018,3.5678022152057935
15542,Pesca,Male,2018,6.790794381763996
15550,Pisba,Male,2018,2.3345378956729697
15572,Puerto Boyacá,Male,2018,56.00961246793894
15580,Quípama,Male,2018,8.249199922445023
15599,Ramiriquí,Male,2018,9.961789311369508
15600,Ráquira,Male,2018,8.283936929508377
15621,Rondón,Male,2018,2.563097280156265
15632,Saboyá,Male,2018,14.151619290899667
15638,Sáchica,Male,2018,4.8654854828757115
15646,Samacá,Male,2018,20.6910099437262
15660,San Eduardo,Male,2018,1.8710672454637785
15664,San José De Pare,Male,2018,7.401687856197757
15667,San Luis De Gaceno,Male,2018,6.670916634499738
15673,San Mateo,Male,2018,3.499518021797076
15676,San Miguel De Sema,Male,2018,3.0103409622005977
15681,San Pablo De Borbur,Male,2018,9.648649130385706
15686,Santana,Male,2018,9.388470902823244
15690,Santa María,Male,2018,3.6392498494906045
15693,Santa Rosa De Viterbo,Male,2018,11.311060927156687
15696,Santa Sofía,Male,2018,2.9582754332624925
15720,Sativanorte,Male,2018,3.0397414037388297
15723,Sativasur,Male,2018,1.893924792887066
15740,Siachoque,Male,2018,8.18805514424578
15753,Soatá,Male,2018,6.841768878659293
15755,Socotá,Male,2018,9.662781300516695
15757,Socha,Male,2018,7.165113596043692
15759,Sogamoso,Male,2018,102.49471606584939
15761,Somondoco,Male,2018,3.3403804921123026
15762,Sora,Male,2018,3.8968498336421007
15763,Sotaquirá,Male,2018,8.305639526134579
15764,Soracá,Male,2018,6.348456586841242
15774,Susacón,Male,2018,3.5021565445025695
15776,Sutamarchán,Male,2018,5.9971134686094425
15778,Sutatenza,Male,2018,4.895904304406427
15790,Tasco,Male,2018,5.745733654561535
15798,Tenza,Male,2018,4.236848182447682
15804,Tibaná,Male,2018,10.228478135528386
15806,Tibasosa,Male,2018,9.779656867841073
15808,Tinjacá,Male,2018,3.2821506228979938
15810,Tipacoque,Male,2018,4.559982771703632
15814,Toca,Male,2018,8.815101837263805
15816,Togüí,Male,2018,5.701051468294928
15820,Tópaga,Male,2018,3.1804876688062453
15822,Tota,Male,2018,6.067804769637302
15832,Tununguá,Male,2018,1.788655752472433
15835,Turmequé,Male,2018,7.41821246992509
15837,Tuta,Male,2018,7.666881218240074
15839,Tutazá,Male,2018,2.234064242301822
15842,Úmbita,Male,2018,9.528389204413669
15861,Ventaquemada,Male,2018,14.411582127629845
15879,Viracachá,Male,2018,3.2815293661712523
15897,Zetaquira,Male,2018,5.520528173839677
17001,Manizales,Male,2018,346.2110166100712
17013,Aguadas,Male,2018,23.045727791616226
17042,Anserma,Male,2018,37.59895556619557
17050,Aranzazu,Male,2018,10.169196209284793
17088,Belalcázar,Male,2018,11.742369131661249
17174,Chinchiná,Male,2018,57.556967119680074
17272,Filadelfia,Male,2018,12.370830072814401
17380,La Dorada,Male,2018,76.54487479607987
17388,La Merced,Male,2018,6.417361502435742
17433,Manzanares,Male,2018,19.469309211899553
17442,Marmato,Male,2018,9.646714125218876
17444,Marquetalia,Male,2018,15.684812678564061
17446,Marulanda,Male,2018,2.920051097918624
17486,Neira,Male,2018,21.899205309382054
17495,Norcasia,Male,2018,6.475179914607467
17513,Pácora,Male,2018,16.79013218049057
17524,Palestina,Male,2018,18.640159647440683
17541,Pensilvania,Male,2018,21.495975737811403
17614,Riosucio,Male,2018,49.67706047598981
17616,Risaralda,Male,2018,13.159381082235338
17653,Salamina,Male,2018,19.426739206028433
17662,Samaná,Male,2018,22.904491800824225
17665,San José,Male,2018,5.738470752494518
17777,Supía,Male,2018,31.842420296680384
17867,Victoria,Male,2018,10.37542677279523
17873,Villamaría,Male,2018,53.86604398257079
17877,Viterbo,Male,2018,11.812209484317078
18001,Florencia,Male,2018,182.37892364281947
18029,Albania,Male,2018,4.534230843110553
18094,Belén De Los Andaquíes,Male,2018,11.5074733257493
18150,Cartagena Del Chairá,Male,2018,42.229223021000905
18205,Curillo,Male,2018,14.063287694100199
18247,El Doncello,Male,2018,19.72241122748966
18256,El Paujíl,Male,2018,18.72873029901773
18410,La Montañita,Male,2018,18.24590351331234
18460,Milán,Male,2018,11.87726875160737
18479,Morelia,Male,2018,4.174527665190939
18592,Puerto Rico,Male,2018,30.10873024877483
18610,San José Del Fragua,Male,2018,14.840808492479066
18753,San Vicente Del Caguán,Male,2018,67.96823062332096
18756,Solano,Male,2018,15.662765475308676
18785,Solita,Male,2018,8.657648892289986
18860,Valparaíso,Male,2018,7.702885418313221
19001,Popayán,Male,2018,267.0905802673649
19022,Almaguer,Male,2018,27.179994147510968
19050,Argelia,Male,2018,35.21114425820272
19075,Balboa,Male,2018,25.358625049281464
19100,Bolívar,Male,2018,50.54631338940839
19110,Buenos Aires,Male,2018,32.484642200454715
19130,Cajibío,Male,2018,54.2982512985822
19137,Caldono,Male,2018,46.59802296461019
19142,Caloto,Male,2018,30.085892576585668
19212,Corinto,Male,2018,39.567744475904895
19256,El Tambo,Male,2018,65.70445448356034
19290,Florencia,Male,2018,5.360880055369906
19300,Guachené,Male,2018,10.031703475048891
19318,Guapi,Male,2018,32.73258977083033
19355,Inzá,Male,2018,35.765324427160714
19364,Jambaló,Male,2018,18.606194931245803
19392,La Sierra,Male,2018,14.857435847753054
19397,La Vega,Male,2018,33.70469536159789
19418,López De Micay,Male,2018,25.55145893687544
19450,Mercaderes,Male,2018,27.40306421038344
19455,Miranda,Male,2018,26.815682109171657
19473,Morales,Male,2018,44.45651951834144
19513,Padilla,Male,2018,9.97605301439619
19517,Páez,Male,2018,55.52919017750143
19532,Patía,Male,2018,44.90245840940667
19533,Piamonte,Male,2018,9.770531871503366
19548,Piendamó - Tunía,Male,2018,38.58595125707538
19573,Puerto Tejada,Male,2018,61.51485550204427
19585,Puracé,Male,2018,17.671037718785026
19622,Rosas,Male,2018,13.765664296901313
19693,San Sebastián,Male,2018,13.728375600065274
19698,Santander De Quilichao,Male,2018,97.7797384743134
19701,Santa Rosa,Male,2018,8.221254268078066
19743,Silvia,Male,2018,38.99203054237344
19760,Sotará - Paispamba,Male,2018,14.071119224960114
19780,Suárez,Male,2018,35.26441966941402
19785,Sucre,Male,2018,16.447543836977772
19807,Timbío,Male,2018,36.68236314385579
19809,Timbiquí,Male,2018,32.792049410751346
19821,Toribío,Male,2018,37.649884861309054
19824,Totoró,Male,2018,29.12292080813409
19845,Villa Rica,Male,2018,16.79183940235951
20001,Valledupar,Male,2018,511.40848072314054
20011,Aguachica,Male,2018,116.01703708265146
20013,Agustín Codazzi,Male,2018,65.83500499836718
20032,Astrea,Male,2018,23.11602018266216
20045,Becerril,Male,2018,22.520417415769025
20060,Bosconia,Male,2018,43.997553379244415
20175,Chimichagua,Male,2018,37.097428639059984
20178,Chiriguaná,Male,2018,30.828491462089904
20228,Curumaní,Male,2018,38.59112593556646
20238,El Copey,Male,2018,32.30584970797077
20250,El Paso,Male,2018,36.69393146912279
20295,Gamarra,Male,2018,17.488113085374486
20310,González,Male,2018,6.053956415763632
20383,La Gloria,Male,2018,19.068438080956906
20400,La Jagua De Ibirico,Male,2018,40.435411446805304
20443,Manaure Balcón Del Cesar,Male,2018,10.898040876943249
20517,Pailitas,Male,2018,21.26050584432481
20550,Pelaya,Male,2018,23.13422577227609
20570,Pueblo Bello,Male,2018,33.01934532700369
20614,Río De Oro,Male,2018,21.035594966939513
20621,La Paz,Male,2018,28.373073667031207
20710,San Alberto,Male,2018,26.408246852945673
20750,San Diego,Male,2018,19.46815752636909
20770,San Martín,Male,2018,29.951166812763887
20787,Tamalameque,Male,2018,16.0845884363924
23001,Montería,Male,2018,450.59558070390506
23068,Ayapel,Male,2018,59.47471748611454
23079,Buenavista,Male,2018,26.35609450984101
23090,Canalete,Male,2018,22.38390825962123
23162,Cereté,Male,2018,106.81927535765055
23168,Chimá,Male,2018,24.596352929993838
23182,Chinú,Male,2018,58.153938388384496
23189,Ciénaga De Oro,Male,2018,74.88447603028075
23300,Cotorra,Male,2018,20.520896510908912
23350,La Apartada,Male,2018,17.414887960713457
23417,Lorica,Male,2018,121.01820629833226
23419,Los Córdobas,Male,2018,24.83947066379621
23464,Momil,Male,2018,21.42163648660479
23466,Montelíbano,Male,2018,81.39515623409547
23500,Moñitos,Male,2018,40.47868383190454
23555,Planeta Rica,Male,2018,67.48584085224695
23570,Pueblo Nuevo,Male,2018,43.515902683023135
23574,Puerto Escondido,Male,2018,33.85470980581521
23580,Puerto Libertador,Male,2018,52.02568123226459
23586,Purísima De La Concepción,Male,2018,21.255499364925278
23660,Sahagún,Male,2018,116.52562080755412
23670,San Andrés De Sotavento,Male,2018,76.84560757511454
23672,San Antero,Male,2018,37.41197761284963
23675,San Bernardo Del Viento,Male,2018,46.725294674550604
23678,San Carlos,Male,2018,36.21737496396792
23682,San José De Uré,Male,2018,9.409130107348458
23686,San Pelayo,Male,2018,61.6498398302758
23807,Tierralta,Male,2018,117.85354449021652
23815,Tuchín,Male,2018,45.64788342018703
23855,Valencia,Male,2018,42.658200860334084
25001,Agua De Dios,Male,2018,10.884246352932374
25019,Albán,Male,2018,7.6198682133134525
25035,Anapoima,Male,2018,13.289419500805383
25040,Anolaima,Male,2018,13.880324695030112
25053,Arbeláez,Male,2018,9.288885353977983
25086,Beltrán,Male,2018,2.2919335798450264
25095,Bituima,Male,2018,2.5388639875329706
25099,Bojacá,Male,2018,9.002618064940364
25120,Cabrera,Male,2018,5.88073943307229
25123,Cachipay,Male,2018,9.83096770925053
25126,Cajicá,Male,2018,62.56662795015249
25148,Caparrapí,Male,2018,15.617220224773884
25151,Cáqueza,Male,2018,19.365769376329222
25154,Carmen De Carupa,Male,2018,8.69563938303174
25168,Chaguaní,Male,2018,6.369265618834508
25175,Chía,Male,2018,115.91274262672685
25178,Chipaque,Male,2018,9.663882771087177
25181,Choachí,Male,2018,10.486170966232176
25183,Chocontá,Male,2018,28.03133880621545
25200,Cogua,Male,2018,18.772134469065552
25214,Cota,Male,2018,24.738527561506988
25224,Cucunubá,Male,2018,7.3754259097909
25245,El Colegio,Male,2018,21.92099336986379
25258,El Peñón,Male,2018,5.704679548053035
25260,El Rosal,Male,2018,18.115805080002833
25269,Facatativá,Male,2018,136.10581747404692
25279,Fómeque,Male,2018,11.971337417066362
25281,Fosca,Male,2018,7.353705751621832
25286,Funza,Male,2018,75.68051205850047
25288,Fúquene,Male,2018,4.327535359082446
25290,Fusagasugá,Male,2018,126.73777310923163
25293,Gachalá,Male,2018,5.979951722807108
25295,Gachancipá,Male,2018,14.68649590337277
25297,Gachetá,Male,2018,11.269467188671118
25299,Gama,Male,2018,3.5072970894636826
25307,Girardot,Male,2018,139.7764823960786
25312,Granada,Male,2018,6.703047760317077
25317,Guachetá,Male,2018,16.495008497945808
25320,Guaduas,Male,2018,39.08635309554168
25322,Guasca,Male,2018,12.873651377134035
25324,Guataquí,Male,2018,2.969649976754105
25326,Guatavita,Male,2018,6.889853336539302
25328,Guayabal De Síquima,Male,2018,4.5229784379880345
25335,Guayabetal,Male,2018,6.318561943313368
25339,Gutiérrez,Male,2018,3.8968929295368717
25368,Jerusalén,Male,2018,2.5764792171278423
25372,Junín,Male,2018,7.546564075936642
25377,La Calera,Male,2018,26.5969523306589
25386,La Mesa,Male,2018,35.90028458665539
25394,La Palma,Male,2018,11.138237495478293
25398,La Peña,Male,2018,8.391226004249154
25402,La Vega,Male,2018,16.139316753898164
25407,Lenguazaque,Male,2018,15.280164561919753
25426,Machetá,Male,2018,7.299569272393095
25430,Madrid,Male,2018,89.81504866377644
25436,Manta,Male,2018,4.064395175563617
25438,Medina,Male,2018,10.246866089537919
25473,Mosquera,Male,2018,101.83934956886036
25483,Nariño,Male,2018,2.7125629878583783
25486,Nemocón,Male,2018,12.74944755751088
25488,Nilo,Male,2018,10.170648066868132
25489,Nimaima,Male,2018,3.8176929418449133
25491,Nocaima,Male,2018,6.049386105714592
25506,Venecia,Male,2018,4.81120313091803
25513,Pacho,Male,2018,27.98547506887636
25518,Paime,Male,2018,5.814772690274992
25524,Pandi,Male,2018,5.33167576618251
25530,Paratebueno,Male,2018,9.119237595417085
25535,Pasca,Male,2018,9.883395925626687
25572,Puerto Salgar,Male,2018,17.704223255924262
25580,Pulí,Male,2018,3.963607454225265
25592,Quebradanegra,Male,2018,5.146661137326468
25594,Quetame,Male,2018,5.678726213203776
25596,Quipile,Male,2018,7.917023304714115
25599,Apulo,Male,2018,8.212291979423961
25612,Ricaurte,Male,2018,10.953886185950415
25645,San Antonio Del Tequendama,Male,2018,10.381765233764082
25649,San Bernardo,Male,2018,9.307332436558799
25653,San Cayetano,Male,2018,5.586476503316083
25658,San Francisco,Male,2018,8.961204834525196
25662,San Juan De Rioseco,Male,2018,9.861753143521625
25718,Sasaima,Male,2018,11.38597334831723
25736,Sesquilé,Male,2018,10.64981767622879
25740,Sibaté,Male,2018,47.396359231859286
25743,Silvania,Male,2018,21.708904587421245
25745,Simijaca,Male,2018,12.061460236061025
25754,Soacha,Male,2018,519.2679415611121
25758,Sopó,Male,2018,23.46469387328616
25769,Subachoque,Male,2018,12.861408868873347
25772,Suesca,Male,2018,15.291150939603218
25777,Supatá,Male,2018,5.1722886588640575
25779,Susa,Male,2018,6.396487350773816
25781,Sutatausa,Male,2018,5.284085327573897
25785,Tabio,Male,2018,18.81038472388098
25793,Tausa,Male,2018,8.00620114399656
25797,Tena,Male,2018,8.448473466866565
25799,Tenjo,Male,2018,20.74051284734953
25805,Tibacuy,Male,2018,4.30102212200588
25807,Tibirita,Male,2018,4.246403922475636
25815,Tocaima,Male,2018,15.288919085005766
25817,Tocancipá,Male,2018,33.65839248258311
25823,Topaipí,Male,2018,5.489279706336049
25839,Ubalá,Male,2018,9.016560921534312
25841,Ubaque,Male,2018,8.43672601921071
25843,Villa De San Diego De Ubaté,Male,2018,48.52032922380516
25845,Une,Male,2018,7.5584101875641245
25851,Útica,Male,2018,4.908302755188315
25862,Vergara,Male,2018,9.186899090746891
25867,Vianí,Male,2018,4.449690134906296
25871,Villagómez,Male,2018,1.9106943003545447
25873,Villapinzón,Male,2018,17.99326932637554
25875,Villeta,Male,2018,28.553981507037
25878,Viotá,Male,2018,14.835674657163917
25885,Yacopí,Male,2018,17.295648131787193
25898,Zipacón,Male,2018,4.000512905195685
25899,Zipaquirá,Male,2018,117.49973008942582
27001,Quibdó,Male,2018,135.33822391480206
27006,Acandí,Male,2018,15.232494799841712
27025,Alto Baudó,Male,2018,37.661682209784615
27050,Atrato,Male,2018,6.8647389413636954
27073,Bagadó,Male,2018,14.05917645681617
27075,Bahía Solano,Male,2018,10.161515342482733
27077,Bajo Baudó,Male,2018,38.2422612438723
27099,Bojayá,Male,2018,13.994236162164189
27135,El Cantón Del San Pablo,Male,2018,6.867684939231099
27150,Carmen Del Darién,Male,2018,27.23316573209569
27160,Cértegui,Male,2018,6.121087660247617
27205,Condoto,Male,2018,12.90533789603235
27245,El Carmen De Atrato,Male,2018,9.415392829777298
27250,El Litoral Del San Juan,Male,2018,28.862087675826096
27361,Istmina,Male,2018,36.579806942151514
27372,Juradó,Male,2018,8.49508280784244
27413,Lloró,Male,2018,11.621331116893456
27425,Medio Atrato,Male,2018,15.710501637376213
27430,Medio Baudó,Male,2018,19.891394355822282
27450,Medio San Juan,Male,2018,13.089452468003097
27491,Nóvita,Male,2018,10.91847034381343
27495,Nuquí,Male,2018,20.093035739472217
27580,Río Iró,Male,2018,6.6842944528363395
27600,Río Quito,Male,2018,9.603767728895033
27615,Riosucio,Male,2018,89.96320614395677
27660,San José Del Palmar,Male,2018,6.531400853117187
27745,Sipí,Male,2018,4.191098696005293
27787,Tadó,Male,2018,19.103944470766706
27800,Unguía,Male,2018,15.97756450287202
27810,Unión Panamericana,Male,2018,8.358247747506574
41001,Neiva,Male,2018,369.2148036970312
41006,Acevedo,Male,2018,44.63960884896983
41013,Agrado,Male,2018,10.431277839331253
41016,Aipe,Male,2018,17.413269003506052
41020,Algeciras,Male,2018,27.132201496887514
41026,Altamira,Male,2018,3.818043383556007
41078,Baraya,Male,2018,10.687844244311053
41132,Campoalegre,Male,2018,42.55874370492751
41206,Colombia,Male,2018,10.709433069425458
41244,Elías,Male,2018,4.154063507065287
41298,Garzón,Male,2018,79.14037844110402
41306,Gigante,Male,2018,26.777229867270428
41319,Guadalupe,Male,2018,21.193337818143366
41349,Hobo,Male,2018,7.587327801851014
41357,Íquira,Male,2018,10.925823117772314
41359,Isnos,Male,2018,27.949289048191197
41378,La Argentina,Male,2018,16.123584228731264
41396,La Plata,Male,2018,70.75513319500442
41483,Nátaga,Male,2018,7.332938036372184
41503,Oporapa,Male,2018,15.753932736736301
41518,Paicol,Male,2018,6.675653510865015
41524,Palermo,Male,2018,25.838434154290145
41530,Palestina,Male,2018,14.259963763475781
41548,Pital,Male,2018,15.344858225411253
41551,Pitalito,Male,2018,147.44272886899867
41615,Rivera,Male,2018,24.58270683708235
41660,Saladoblanco,Male,2018,14.599163720234772
41668,San Agustín,Male,2018,34.119174795458385
41676,Santa María,Male,2018,13.17760994941872
41770,Suaza,Male,2018,23.01626000822925
41791,Tarqui,Male,2018,21.392591087782968
41797,Tesalia,Male,2018,11.109066772672401
41799,Tello,Male,2018,13.119952890066818
41801,Teruel,Male,2018,9.153431807988664
41807,Timaná,Male,2018,24.038464714349608
41872,Villavieja,Male,2018,8.193641724229485
41885,Yaguará,Male,2018,7.529963409617029
44001,Riohacha,Male,2018,258.78418050543354
44035,Albania,Male,2018,28.885479587787724
44078,Barrancas,Male,2018,36.39968597386715
44090,Dibulla,Male,2018,46.78226210144661
44098,Distracción,Male,2018,12.657329435084003
44110,El Molino,Male,2018,7.265529616786191
44279,Fonseca,Male,2018,38.291844402415634
44378,Hatonuevo,Male,2018,18.994075394919452
44420,La Jagua Del Pilar,Male,2018,3.7538460355794214
44430,Maicao,Male,2018,222.73599621907857
44560,Manaure,Male,2018,104.00784436436845
44650,San Juan Del Cesar,Male,2018,45.41401909075787
44847,Uribia,Male,2018,241.32593729001806
44855,Urumita,Male,2018,9.808090318456886
44874,Villanueva,Male,2018,24.699955743681887
47001,Santa Marta,Male,2018,563.5766384487983
47030,Algarrobo,Male,2018,18.2245898274431
47053,Aracataca,Male,2018,41.551830171685786
47058,Ariguaní,Male,2018,37.7064037929389
47161,Cerro De San Antonio,Male,2018,13.51991921229532
47170,Chivolo,Male,2018,27.60409772848202
47189,Ciénaga,Male,2018,127.04674868944963
47205,Concordia,Male,2018,15.845406279901363
47245,El Banco,Male,2018,75.88624072670177
47258,El Piñón,Male,2018,27.408230424201026
47268,El Retén,Male,2018,24.54596986649644
47288,Fundación,Male,2018,71.19996532417059
47318,Guamal,Male,2018,33.42357657340859
47460,Nueva Granada,Male,2018,26.733910656007925
47541,Pedraza,Male,2018,11.71094523891808
47545,Pijiño Del Carmen,Male,2018,14.729450041564522
47551,Pivijay,Male,2018,46.69079787756638
47555,Plato,Male,2018,72.41640817072691
47570,Puebloviejo,Male,2018,37.656683339426344
47605,Remolino,Male,2018,14.34020756410312
47660,Sabanas De San Ángel,Male,2018,22.86601486398383
47675,Salamina,Male,2018,12.21611817282765
47692,San Sebastián De Buenavista,Male,2018,25.78342947609394
47703,San Zenón,Male,2018,13.713641501173377
47707,Santa Ana,Male,2018,27.94182463576889
47720,Santa Bárbara De Pinto,Male,2018,13.719754808237774
47745,Sitionuevo,Male,2018,40.4309769750501
47798,Tenerife,Male,2018,17.130344833509625
47960,Zapayán,Male,2018,14.938358156350722
47980,Zona Bananera,Male,2018,78.0091571583501
50001,Villavicencio,Male,2018,506.8719254316378
50006,Acacías,Male,2018,80.43010839317442
50110,Barranca De Upía,Male,2018,6.188457692365321
50124,Cabuyaro,Male,2018,6.586761171584126
50150,Castilla La Nueva,Male,2018,12.955665113132538
50223,Cubarral,Male,2018,5.953210680759751
50226,Cumaral,Male,2018,19.387150613886057
50245,El Calvario,Male,2018,1.6726468702616117
50251,El Castillo,Male,2018,8.965265597733387
50270,El Dorado,Male,2018,3.9818043165386565
50287,Fuente De Oro,Male,2018,13.602988995179524
50313,Granada,Male,2018,76.96438720799637
50318,Guamal,Male,2018,14.489711898009487
50325,Mapiripán,Male,2018,9.69266025801445
50330,Mesetas,Male,2018,13.500743862923116
50350,La Macarena,Male,2018,41.220633022016315
50370,Uribe,Male,2018,16.953200518583117
50400,Lejanías,Male,2018,12.57014316152884
50450,Puerto Concordia,Male,2018,13.570120704034487
50568,Puerto Gaitán,Male,2018,50.88022048268155
50573,Puerto López,Male,2018,32.091061831333626
50577,Puerto Lleras,Male,2018,12.513194522463014
50590,Puerto Rico,Male,2018,17.870309119276865
50606,Restrepo,Male,2018,14.5859353427492
50680,San Carlos De Guaroa,Male,2018,12.582367582035708
50683,San Juan De Arama,Male,2018,10.110106622705166
50686,San Juanito,Male,2018,1.67773907697994
50689,San Martín,Male,2018,23.003763071064785
50711,Vistahermosa,Male,2018,22.972153347400738
52001,Pasto,Male,2018,319.98773090147307
52019,Albán,Male,2018,11.886623620154902
52022,Aldana,Male,2018,7.07916826696989
52036,Ancuya,Male,2018,8.662037815162488
52051,Arboleda,Male,2018,11.589106196838713
52079,Barbacoas,Male,2018,74.09529187429762
52083,Belén,Male,2018,6.869451242940755
52110,Buesaco,Male,2018,26.514213478044965
52203,Colón,Male,2018,10.090069483717784
52207,Consacá,Male,2018,14.70695067066814
52210,Contadero,Male,2018,8.151709045658981
52215,Córdoba,Male,2018,16.31603405122822
52224,Cuaspud Carlosama,Male,2018,11.594377524101338
52227,Cumbal,Male,2018,34.80954062780864
52233,Cumbitara,Male,2018,7.1368074712331895
52240,Chachagüí,Male,2018,15.337769613150028
52250,El Charco,Male,2018,29.619046611048944
52254,El Peñol,Male,2018,9.377448081832425
52256,El Rosario,Male,2018,17.190736874661038
52258,El Tablón De Gómez,Male,2018,19.287095677671584
52260,El Tambo,Male,2018,14.718157768365892
52287,Funes,Male,2018,8.423246121660608
52317,Guachucal,Male,2018,20.084053956019016
52320,Guaitarilla,Male,2018,12.63958342129849
52323,Gualmatán,Male,2018,7.170159306890205
52352,Iles,Male,2018,8.792755162964314
52354,Imués,Male,2018,8.711879361471679
52356,Ipiales,Male,2018,101.71766093714155
52378,La Cruz,Male,2018,18.79921632685762
52381,La Florida,Male,2018,14.525460526576323
52385,La Llanada,Male,2018,6.576120298356929
52390,La Tola,Male,2018,9.121207702482574
52399,La Unión,Male,2018,41.49071419332202
52405,Leiva,Male,2018,13.333853985724952
52411,Linares,Male,2018,11.179966474306745
52418,Los Andes,Male,2018,11.403989338243607
52427,Magüí,Male,2018,33.52822714513433
52435,Mallama,Male,2018,9.914141105609207
52473,Mosquera,Male,2018,16.97750620046631
52480,Nariño,Male,2018,6.45616233273162
52490,Olaya Herrera,Male,2018,32.783003097370226
52506,Ospina,Male,2018,6.8440502746684455
52520,Francisco Pizarro,Male,2018,19.5868014177769
52540,Policarpa,Male,2018,16.493113955786544
52560,Potosí,Male,2018,9.812840000255955
52565,Providencia,Male,2018,7.242598225640899
52573,Puerres,Male,2018,8.395639134275783
52585,Pupiales,Male,2018,17.73182197954121
52612,Ricaurte,Male,2018,26.315220594955868
52621,Roberto Payán,Male,2018,18.085949704633254
52678,Samaniego,Male,2018,41.94628464260121
52683,Sandoná,Male,2018,20.463683360783676
52685,San Bernardo,Male,2018,14.003007915361422
52687,San Lorenzo,Male,2018,26.46785747161924
52693,San Pablo,Male,2018,17.679097322474544
52694,San Pedro De Cartago,Male,2018,9.50479195054501
52696,Santa Bárbara,Male,2018,18.88520852648042
52699,Santacruz,Male,2018,16.218150785441953
52720,Sapuyes,Male,2018,8.599822710866253
52786,Taminango,Male,2018,20.421451207446488
52788,Tangua,Male,2018,16.832765347527847
52835,San Andrés De Tumaco,Male,2018,294.9791860805426
52838,Túquerres,Male,2018,45.587412302747566
52885,Yacuanquer,Male,2018,13.072347063839514
54001,San José De Cúcuta,Male,2018,766.6762811380709
54003,Ábrego,Male,2018,40.03272450181177
54051,Arboledas,Male,2018,13.182144306183927
54099,Bochalema,Male,2018,8.807544010203024
54109,Bucarasica,Male,2018,8.96126811198447
54125,Cácota,Male,2018,3.8182349244972373
54128,Cáchira,Male,2018,14.448398237792247
54172,Chinácota,Male,2018,15.897838028202806
54174,Chitagá,Male,2018,15.30501857264571
54206,Convención,Male,2018,24.41533719130098
54223,Cucutilla,Male,2018,12.995951815322485
54239,Durania,Male,2018,5.546679041836574
54245,El Carmen,Male,2018,19.28742586078582
54250,El Tarra,Male,2018,28.365899532191676
54261,El Zulia,Male,2018,29.02643655866196
54313,Gramalote,Male,2018,9.895094368021287
54344,Hacarí,Male,2018,14.203945967712578
54347,Herrán,Male,2018,9.011957105798091
54377,Labateca,Male,2018,7.254217091585651
54385,La Esperanza,Male,2018,14.228338097271843
54398,La Playa,Male,2018,11.41265172254163
54405,Los Patios,Male,2018,74.06264640229301
54418,Lourdes,Male,2018,4.610337353738851
54480,Mutiscua,Male,2018,4.875158806143325
54498,Ocaña,Male,2018,117.29654001584443
54518,Pamplona,Male,2018,39.98332768687601
54520,Pamplonita,Male,2018,6.233187135008466
54553,Puerto Santander,Male,2018,28.622494201837462
54599,Ragonvalia,Male,2018,7.058894981972481
54660,Salazar,Male,2018,12.338941678748371
54670,San Calixto,Male,2018,18.04949158947613
54673,San Cayetano,Male,2018,7.352447636113162
54680,Santiago,Male,2018,4.2777083505774804
54720,Sardinata,Male,2018,31.009751608547173
54743,Silos,Male,2018,7.69257182133019
54800,Teorama,Male,2018,22.0520257207816
54810,Tibú,Male,2018,90.43088947759053
54820,Toledo,Male,2018,19.248818360487903
54871,Villa Caro,Male,2018,6.571298283356629
54874,Villa Del Rosario,Male,2018,89.00828187326135
63001,Armenia,Male,2018,269.9195107962256
63111,Buenavista,Male,2018,3.1542630978439288
63130,Calarcá,Male,2018,76.45954162933296
63190,Circasia,Male,2018,24.112050724247144
63212,Córdoba,Male,2018,6.276068563378617
63272,Filandia,Male,2018,10.182504427080591
63302,Génova,Male,2018,8.429207010579816
63401,La Tebaida,Male,2018,35.08081301127538
63470,Montenegro,Male,2018,39.22610027040084
63548,Pijao,Male,2018,5.3798182674499335
63594,Quimbaya,Male,2018,29.060605400585185
63690,Salento,Male,2018,8.668920533129707
66001,Pereira,Male,2018,411.7585403272879
66045,Apía,Male,2018,13.164181437774305
66075,Balboa,Male,2018,8.955780587017136
66088,Belén De Umbría,Male,2018,26.758887271911945
66170,Dosquebradas,Male,2018,170.3380510373191
66318,Guática,Male,2018,13.796623352997159
66383,La Celia,Male,2018,8.761884581605688
66400,La Virginia,Male,2018,39.12321561625629
66440,Marsella,Male,2018,17.013085382786286
66456,Mistrató,Male,2018,20.3794279862637
66572,Pueblo Rico,Male,2018,19.83948546797503
66594,Quinchía,Male,2018,30.23476929052798
66682,Santa Rosa De Cabal,Male,2018,68.59437010891503
66687,Santuario,Male,2018,14.549229914195923
68001,Bucaramanga,Male,2018,489.5795342196497
68013,Aguada,Male,2018,3.8466141366971573
68020,Albania,Male,2018,6.087300192862602
68051,Aratoca,Male,2018,9.757402687205346
68077,Barbosa,Male,2018,25.711967078458176
68079,Barichara,Male,2018,9.684460626303967
68081,Barrancabermeja,Male,2018,249.7033563798705
68092,Betulia,Male,2018,7.188202683432437
68101,Bolívar,Male,2018,13.94180158925058
68121,Cabrera,Male,2018,2.1304418788542026
68132,California,Male,2018,1.9527885278635249
68147,Capitanejo,Male,2018,5.768144198890077
68152,Carcasí,Male,2018,6.519865208660654
68160,Cepitá,Male,2018,2.15247724803833
68162,Cerrito,Male,2018,8.361059801634726
68167,Charalá,Male,2018,11.439433752110931
68169,Charta,Male,2018,3.2155830366270117
68176,Chima,Male,2018,3.77824455904831
68179,Chipatá,Male,2018,6.664438960240095
68190,Cimitarra,Male,2018,39.95339503770111
68207,Concepción,Male,2018,6.1453889903668575
68209,Confines,Male,2018,4.488241193026769
68211,Contratación,Male,2018,3.7651962351760493
68217,Coromoro,Male,2018,7.3290537470066095
68229,Curití,Male,2018,13.473464789390475
68235,El Carmen De Chucuri,Male,2018,30.603512831862872
68245,El Guacamayo,Male,2018,2.442188096244172
68250,El Peñón,Male,2018,7.212132208628791
68255,El Playón,Male,2018,16.050492337121113
68264,Encino,Male,2018,2.5779231648047656
68266,Enciso,Male,2018,3.801915370181363
68271,Florián,Male,2018,7.901193940294994
68276,Floridablanca,Male,2018,221.4437384534263
68296,Galán,Male,2018,3.347258513887283
68298,Gámbita,Male,2018,5.434721591741509
68307,Girón,Male,2018,132.1634981093556
68318,Guaca,Male,2018,9.360686700066003
68320,Guadalupe,Male,2018,5.1344545444013034
68322,Guapotá,Male,2018,2.75822651275181
68324,Guavatá,Male,2018,5.0361881003916364
68327,Güepsa,Male,2018,5.101338909526355
68344,Hato,Male,2018,3.1414139985549765
68368,Jesús María,Male,2018,3.960488891702852
68370,Jordán,Male,2018,1.8205103814282895
68377,La Belleza,Male,2018,6.8589559654550225
68385,Landázuri,Male,2018,13.343974907645368
68397,La Paz,Male,2018,6.4612346081048075
68406,Lebrija,Male,2018,41.38224505459963
68418,Los Santos,Male,2018,17.582433162457246
68425,Macaravita,Male,2018,2.6535554099597474
68432,Málaga,Male,2018,16.901633491663183
68444,Matanza,Male,2018,5.915331003538998
68464,Mogotes,Male,2018,13.537010455421251
68468,Molagavita,Male,2018,5.579148843885345
68498,Ocamonte,Male,2018,6.779209771197207
68500,Oiba,Male,2018,11.020119293749872
68502,Onzaga,Male,2018,6.211894477666066
68522,Palmar,Male,2018,1.5203700686226724
68524,Palmas Del Socorro,Male,2018,3.673156894238811
68533,Páramo,Male,2018,4.88431967839247
68547,Piedecuesta,Male,2018,136.33877399180122
68549,Pinchote,Male,2018,4.916441141814127
68572,Puente Nacional,Male,2018,13.469731113608942
68573,Puerto Parra,Male,2018,7.979975644135138
68575,Puerto Wilches,Male,2018,34.92287033269755
68615,Rionegro,Male,2018,30.19287302118007
68655,Sabana De Torres,Male,2018,33.87735699011638
68669,San Andrés,Male,2018,10.560778974494475
68673,San Benito,Male,2018,4.464818596719591
68679,San Gil,Male,2018,44.846601324521814
68682,San Joaquín,Male,2018,2.700907649667133
68684,San José De Miranda,Male,2018,5.467630973920679
68686,San Miguel,Male,2018,2.6843055525702457
68689,San Vicente De Chucurí,Male,2018,36.0214837552443
68705,Santa Bárbara,Male,2018,3.5276492792493306
68720,Santa Helena Del Opón,Male,2018,4.675216432510181
68745,Simacota,Male,2018,12.84125698295486
68755,Socorro,Male,2018,25.629372681963115
68770,Suaita,Male,2018,11.22688404152334
68773,Sucre,Male,2018,8.855050924447141
68780,Suratá,Male,2018,4.942256017151599
68820,Tona,Male,2018,9.593535311824601
68855,Valle De San José,Male,2018,6.707149690730574
68861,Vélez,Male,2018,25.033542993161603
68867,Vetas,Male,2018,2.1264803489616346
68872,Villanueva,Male,2018,7.646092444167368
68895,Zapatoca,Male,2018,8.206349088147817
70001,Sincelejo,Male,2018,291.1879008197658
70110,Buenavista,Male,2018,12.356610180271213
70124,Caimito,Male,2018,20.62910828432607
70204,Colosó,Male,2018,11.688841879551024
70215,Corozal,Male,2018,67.06467251996813
70221,Coveñas,Male,2018,19.31871146256374
70230,Chalán,Male,2018,7.216392676591581
70233,El Roble,Male,2018,14.697010203844691
70235,Galeras,Male,2018,24.289812470716516
70265,Guaranda,Male,2018,24.53668909280499
70400,La Unión,Male,2018,16.021105503402264
70418,Los Palmitos,Male,2018,25.29894386058299
70429,Majagual,Male,2018,52.341791804015124
70473,Morroa,Male,2018,16.75755055804322
70508,Ovejas,Male,2018,29.367988319139254
70523,Palmito,Male,2018,19.03954601194746
70670,Sampués,Male,2018,60.19977084196179
70678,San Benito Abad,Male,2018,40.995561683121835
70702,San Juan De Betulia,Male,2018,16.15488340231762
70708,San Marcos,Male,2018,73.18791609451527
70713,San Onofre,Male,2018,66.61214468497565
70717,San Pedro,Male,2018,21.79907640634926
70742,San Luis De Sincé,Male,2018,37.91117985289749
70771,Sucre,Male,2018,43.365513916298625
70820,Santiago De Tolú,Male,2018,33.51543727432433
70823,San José De Toluviejo,Male,2018,24.826122640232914
73001,Ibagué,Male,2018,426.10327488096385
73024,Alpujarra,Male,2018,6.6278135234865125
73026,Alvarado,Male,2018,9.622730645614194
73030,Ambalema,Male,2018,11.696484456966854
73043,Anzoátegui,Male,2018,14.072320535981074
73055,Armero,Male,2018,11.786192749459955
73067,Ataco,Male,2018,27.049613020339706
73124,Cajamarca,Male,2018,19.61175239946276
73148,Carmen De Apicalá,Male,2018,8.65275408613315
73152,Casabianca,Male,2018,7.745380652652339
73168,Chaparral,Male,2018,63.22446851870818
73200,Coello,Male,2018,8.458067144567185
73217,Coyaima,Male,2018,30.28223688435974
73226,Cunday,Male,2018,9.551719097929494
73236,Dolores,Male,2018,8.53357885964806
73268,Espinal,Male,2018,68.59635421874422
73270,Falan,Male,2018,8.756862370927902
73275,Flandes,Male,2018,23.399916414843464
73283,Fresno,Male,2018,34.51812087053996
73319,Guamo,Male,2018,31.948447929621548
73347,Herveo,Male,2018,9.9798475803458
73349,Honda,Male,2018,22.233067013313647
73352,Icononzo,Male,2018,11.791582491245594
73408,Lérida,Male,2018,17.513981239900264
73411,Líbano,Male,2018,38.57946483737717
73443,San Sebastián De Mariquita,Male,2018,35.574897949175885
73449,Melgar,Male,2018,34.32923919106387
73461,Murillo,Male,2018,6.166348673192483
73483,Natagaima,Male,2018,19.060940842431997
73504,Ortega,Male,2018,41.6299111215709
73520,Palocabildo,Male,2018,11.524629385749403
73547,Piedras,Male,2018,6.342460448633364
73555,Planadas,Male,2018,31.086305641979305
73563,Prado,Male,2018,8.911602372132592
73585,Purificación,Male,2018,23.32183436016223
73616,Rioblanco,Male,2018,28.84244743429488
73622,Roncesvalles,Male,2018,6.239484761464608
73624,Rovira,Male,2018,25.918909832342656
73671,Saldaña,Male,2018,14.981304737364665
73675,San Antonio,Male,2018,16.08496279926374
73678,San Luis,Male,2018,14.38985105504695
73686,Santa Isabel,Male,2018,7.4134468711267285
73770,Suárez,Male,2018,4.043630499771219
73854,Valle De San Juan,Male,2018,6.653590071941669
73861,Venadillo,Male,2018,13.182162141513958
73870,Villahermosa,Male,2018,12.434201432452971
73873,Villarrica,Male,2018,5.66158471082273
76001,Cali,Male,2018,1908.4913006071029
76020,Alcalá,Male,2018,17.099884145797635
76036,Andalucía,Male,2018,24.655389010258897
76041,Ansermanuevo,Male,2018,21.659621281994514
76054,Argelia,Male,2018,6.899372458187429
76100,Bolívar,Male,2018,14.348581685678344
76109,Buenaventura,Male,2018,307.970520428845
76111,Guadalajara De Buga,Male,2018,104.4696667257779
76113,Bugalagrande,Male,2018,23.63375286477625
76122,Caicedonia,Male,2018,30.76711223868403
76126,Calima,Male,2018,16.339502404168176
76130,Candelaria,Male,2018,76.98846439477485
76147,Cartago,Male,2018,114.36581850238527
76233,Dagua,Male,2018,44.04107976085034
76243,El Águila,Male,2018,10.404124742651366
76246,El Cairo,Male,2018,7.019202912738368
76248,El Cerrito,Male,2018,46.61120677663305
76250,El Dovio,Male,2018,10.551324039808446
76275,Florida,Male,2018,48.337707748103064
76306,Ginebra,Male,2018,17.496227311590573
76318,Guacarí,Male,2018,30.350785542056403
76364,Jamundí,Male,2018,129.78657979931899
76377,La Cumbre,Male,2018,15.080601358781529
76400,La Unión,Male,2018,34.55258292726284
76403,La Victoria,Male,2018,9.867268366674905
76497,Obando,Male,2018,11.320189385120948
76520,Palmira,Male,2018,284.62863952736313
76563,Pradera,Male,2018,50.050572600303276
76606,Restrepo,Male,2018,14.230321525777251
76616,Riofrío,Male,2018,12.883897312646033
76622,Roldanillo,Male,2018,27.426841092301768
76670,San Pedro,Male,2018,14.950161696089447
76736,Sevilla,Male,2018,38.13824947725704
76823,Toro,Male,2018,20.031257052381477
76828,Trujillo,Male,2018,18.30159978319147
76834,Tuluá,Male,2018,166.26720988371005
76845,Ulloa,Male,2018,4.7403097142536055
76863,Versalles,Male,2018,7.087530196580469
76869,Vijes,Male,2018,10.550483054821086
76890,Yotoco,Male,2018,13.369734870359947
76892,Yumbo,Male,2018,85.84048674644592
76895,Zarzal,Male,2018,36.49610538255006
81001,Arauca,Male,2018,95.66805025889343
81065,Arauquita,Male,2018,58.17108972402427
81220,Cravo Norte,Male,2018,4.806681908093019
81300,Fortul,Male,2018,27.774726578913988
81591,Puerto Rondón,Male,2018,5.039009739702529
81736,Saravena,Male,2018,57.96309792769
81794,Tame,Male,2018,65.60787155544465
85001,Yopal,Male,2018,155.76260692645596
85010,Aguazul,Male,2018,36.12133627144519
85015,Chámeza,Male,2018,2.5118914321542567
85125,Hato Corozal,Male,2018,14.937088152854663
85136,La Salina,Male,2018,1.691501909831393
85139,Maní,Male,2018,17.476415241560833
85162,Monterrey,Male,2018,16.240815078887806
85225,Nunchía,Male,2018,12.412699569138239
85230,Orocué,Male,2018,13.46735627001493
85250,Paz De Ariporo,Male,2018,36.89139357370445
85263,Pore,Male,2018,13.134405489989192
85279,Recetor,Male,2018,2.0143488087268633
85300,Sabanalarga,Male,2018,3.8342140532626576
85315,Sácama,Male,2018,2.0437032678983207
85325,San Luis De Palenque,Male,2018,9.26335968440657
85400,Támara,Male,2018,8.594994755658233
85410,Tauramena,Male,2018,21.430439655850588
85430,Trinidad,Male,2018,13.6697493270856
85440,Villanueva,Male,2018,31.46931347851592
86001,Mocoa,Male,2018,49.977003918677475
86219,Colón,Male,2018,4.916746998946702
86320,Orito,Male,2018,40.00009824096746
86568,Puerto Asís,Male,2018,81.44365334719222
86569,Puerto Caicedo,Male,2018,17.427965570959262
86571,Puerto Guzmán,Male,2018,47.150470015722796
86573,Puerto Leguízamo,Male,2018,32.674056422009755
86749,Sibundoy,Male,2018,12.267440737403362
86755,San Francisco,Male,2018,4.878166806169144
86757,San Miguel,Male,2018,21.67023530105603
86760,Santiago,Male,2018,7.5464149234356075
86865,Valle Del Guamuez,Male,2018,37.62872309685318
86885,Villagarzón,Male,2018,22.889358892665257
88001,San Andrés,Male,2018,45.27024245248964
88564,Providencia,Male,2018,5.791795699934567
91001,Leticia,Male,2018,58.75865783703242
91263,El Encanto,Male,2018,2.9975943523125212
91405,La Chorrera,Male,2018,4.05750680378458
91407,La Pedrera,Male,2018,6.051649176921569
91430,La Victoria,Male,2018,1.0684683831868926
91460,Mirití - Paraná,Male,2018,2.6678624781622164
91530,Puerto Alegría,Male,2018,1.0568333751637429
91536,Puerto Arica,Male,2018,1.8256576179087534
91540,Puerto Nariño,Male,2018,11.739831864050487
91669,Puerto Santander,Male,2018,2.7747812866123525
91798,Tarapacá,Male,2018,5.02419964441633
94001,Inírida,Male,2018,42.7034184824746
94343,Barrancominas,Male,2018,7.239483437984494
94883,San Felipe,Male,2018,2.2333174095938566
94884,Puerto Colombia,Male,2018,2.9413629956357443
94885,La Guadalupe,Male,2018,0.3328475501597671
94886,Cacahual,Male,2018,1.7911259530059094
94887,Pana Pana,Male,2018,2.4828955662715617
94888,Morichal,Male,2018,1.2009440171386323
95001,San José Del Guaviare,Male,2018,65.12321082164186
95015,Calamar,Male,2018,13.861825307638995
95025,El Retorno,Male,2018,16.823165887586633
95200,Miraflores,Male,2018,12.185804705361623
97001,Mitú,Male,2018,35.93156008716201
97161,Carurú,Male,2018,5.118122860451568
97511,Pacoa,Male,2018,4.492821865528161
97666,Taraira,Male,2018,2.6659217472644956
97777,Papunahua,Male,2018,1.0091993594605948
97889,Yavaraté,Male,2018,1.435640831753301
99001,Puerto Carreño,Male,2018,33.07912034193943
99524,La Primavera,Male,2018,13.975567095405154
99624,Santa Rosalía,Male,2018,5.482384914717984
99773,Cumaribo,Male,2018,108.45668795788607
5001,Medellín,Female,2019,800.6401137209982
5002,Abejorral,Female,2019,7.409299644689294
5004,Abriaquí,Female,2019,0.8813365956205725
5021,Alejandría,Female,2019,1.5739372763245172
5030,Amagá,Female,2019,10.245533031862108
5031,Amalfi,Female,2019,10.144396914103163
5034,Andes,Female,2019,17.105866044341205
5036,Angelópolis,Female,2019,2.057355395865861
5038,Angostura,Female,2019,4.820639791429601
5040,Anorí,Female,2019,7.2267924344578605
5042,Santa Fé De Antioquia,Female,2019,9.171771717796316
5044,Anzá,Female,2019,2.9469866885125144
5045,Apartadó,Female,2019,57.074009124954706
5051,Arboletes,Female,2019,13.175230044264017
5055,Argelia,Female,2019,3.006039947867815
5059,Armenia,Female,2019,1.7908023567688165
5079,Barbosa,Female,2019,17.265333336940742
5086,Belmira,Female,2019,2.2490393704449376
5088,Bello,Female,2019,170.46219003318467
5091,Betania,Female,2019,4.77659369038175
5093,Betulia,Female,2019,8.226042288525548
5101,Ciudad Bolívar,Female,2019,12.622455690733059
5107,Briceño,Female,2019,3.62265953468152
5113,Buriticá,Female,2019,3.4972250514158616
5120,Cáceres,Female,2019,15.681799851660067
5125,Caicedo,Female,2019,3.621539931089134
5129,Caldas,Female,2019,26.699259087563206
5134,Campamento,Female,2019,3.9297412776300265
5138,Cañasgordas,Female,2019,5.702425000951664
5142,Caracolí,Female,2019,1.5500192021351444
5145,Caramanta,Female,2019,1.6809177510902806
5147,Carepa,Female,2019,21.23914510072171
5148,El Carmen De Viboral,Female,2019,18.92881948507854
5150,Carolina,Female,2019,1.274683709260802
5154,Caucasia,Female,2019,64.65393372948645
5172,Chigorodó,Female,2019,30.40335740933857
5190,Cisneros,Female,2019,5.113530004546338
5197,Cocorná,Female,2019,5.735800717875667
5206,Concepción,Female,2019,1.674298546530334
5209,Concordia,Female,2019,9.099565926020816
5212,Copacabana,Female,2019,24.869259717901947
5234,Dabeiba,Female,2019,9.067227351362764
5237,Donmatías,Female,2019,6.990717267597881
5240,Ebéjico,Female,2019,4.358006669199572
5250,El Bagre,Female,2019,24.351564458519807
5264,Entrerríos,Female,2019,3.684166428183056
5266,Envigado,Female,2019,76.15915626186339
5282,Fredonia,Female,2019,8.506721850562524
5284,Frontino,Female,2019,8.296782779658098
5306,Giraldo,Female,2019,1.9983624970597462
5308,Girardota,Female,2019,16.400318875339423
5310,Gómez Plata,Female,2019,3.6789315996034233
5313,Granada,Female,2019,3.2302851912329786
5315,Guadalupe,Female,2019,2.4854583061349245
5318,Guarne,Female,2019,17.705412900291808
5321,Guatapé,Female,2019,2.5015701065913767
5347,Heliconia,Female,2019,1.9065465680129994
5353,Hispania,Female,2019,2.022987613612921
5360,Itagüí,Female,2019,90.25477177290895
5361,Ituango,Female,2019,9.402103957047709
5364,Jardín,Female,2019,5.196111407650461
5368,Jericó,Female,2019,4.383664144262028
5376,La Ceja,Female,2019,20.21312600777101
5380,La Estrella,Female,2019,23.474859266073747
5390,La Pintada,Female,2019,4.535159059652116
5400,La Unión,Female,2019,7.405980742738285
5411,Liborina,Female,2019,3.7913677948797586
5425,Maceo,Female,2019,4.630919789646369
5440,Marinilla,Female,2019,20.041313035573445
5467,Montebello,Female,2019,2.4712670697699117
5475,Murindó,Female,2019,2.153188371871864
5480,Mutatá,Female,2019,17.594569755071813
5483,Nariño,Female,2019,4.107581099169223
5490,Necoclí,Female,2019,20.50304802264658
5495,Nechí,Female,2019,11.375907612734045
5501,Olaya,Female,2019,1.0419779267119051
5541,Peñol,Female,2019,6.434496193369695
5543,Peque,Female,2019,3.0852891914388216
5576,Pueblorrico,Female,2019,3.675604964127956
5579,Puerto Berrío,Female,2019,24.0178833848984
5585,Puerto Nare,Female,2019,5.156373189687134
5591,Puerto Triunfo,Female,2019,8.955343044125547
5604,Remedios,Female,2019,13.474246019717059
5607,Retiro,Female,2019,7.493157133390435
5615,Rionegro,Female,2019,42.19313460068495
5628,Sabanalarga,Female,2019,3.750568188462128
5631,Sabaneta,Female,2019,29.025723685769307
5642,Salgar,Female,2019,7.699029217829796
5647,San Andrés De Cuerquía,Female,2019,2.851892075836837
5649,San Carlos,Female,2019,5.127365485740486
5652,San Francisco,Female,2019,2.1392675302889077
5656,San Jerónimo,Female,2019,5.5236296799724744
5658,San José De La Montaña,Female,2019,1.4237752571205042
5659,San Juan De Urabá,Female,2019,9.680675976196103
5660,San Luis,Female,2019,4.454619349435766
5664,San Pedro De Los Milagros,Female,2019,9.80018790901233
5665,San Pedro De Urabá,Female,2019,14.282412795580177
5667,San Rafael,Female,2019,5.631960644090307
5670,San Roque,Female,2019,7.995244427197875
5674,San Vicente Ferrer,Female,2019,7.229636488391281
5679,Santa Bárbara,Female,2019,9.06912514035368
5686,Santa Rosa De Osos,Female,2019,16.782374540187007
5690,Santo Domingo,Female,2019,4.515848594329565
5697,El Santuario,Female,2019,12.142471298842127
5736,Segovia,Female,2019,26.31515584330668
5756,Sonsón,Female,2019,13.401229459343437
5761,Sopetrán,Female,2019,5.34251101285743
5789,Támesis,Female,2019,5.929996689243999
5790,Tarazá,Female,2019,24.239506448453874
5792,Tarso,Female,2019,2.441246144360733
5809,Titiribí,Female,2019,3.80528362739483
5819,Toledo,Female,2019,2.0973732373754164
5837,Turbo,Female,2019,75.7977045060956
5842,Uramita,Female,2019,2.7498337577126026
5847,Urrao,Female,2019,11.488136973005588
5854,Valdivia,Female,2019,8.703369440153704
5856,Valparaíso,Female,2019,2.047376397194493
5858,Vegachí,Female,2019,6.644726491512271
5861,Venecia,Female,2019,5.98296343383309
5873,Vigía Del Fuerte,Female,2019,4.1194995623859585
5885,Yalí,Female,2019,2.8282744645656495
5887,Yarumal,Female,2019,17.12546365987797
5890,Yolombó,Female,2019,8.69701402119143
5893,Yondó,Female,2019,7.438086474494467
5895,Zaragoza,Female,2019,16.421245254078848
8001,Barranquilla,Female,2019,506.3641735010249
8078,Baranoa,Female,2019,22.68680694676032
8137,Campo De La Cruz,Female,2019,11.366505045267756
8141,Candelaria,Female,2019,6.722661786060059
8296,Galapa,Female,2019,20.196129847360396
8372,Juan De Acosta,Female,2019,8.067950707012358
8421,Luruaco,Female,2019,12.319277645941046
8433,Malambo,Female,2019,44.995056675117524
8436,Manatí,Female,2019,7.723379962052164
8520,Palmar De Varela,Female,2019,10.685612997991607
8549,Piojó,Female,2019,2.652964742034975
8558,Polonuevo,Female,2019,6.470043930494324
8560,Ponedera,Female,2019,9.589446784917
8573,Puerto Colombia,Female,2019,15.716289783832636
8606,Repelón,Female,2019,11.541057866069675
8634,Sabanagrande,Female,2019,11.630324522791376
8638,Sabanalarga,Female,2019,34.9750527068515
8675,Santa Lucía,Female,2019,6.464775295726738
8685,Santo Tomás,Female,2019,10.047445481819874
8758,Soledad,Female,2019,199.10316001930983
8770,Suan,Female,2019,6.070831119104022
8832,Tubará,Female,2019,6.094153801386898
8849,Usiacurí,Female,2019,4.29908951813745
11001,"Bogotá, D.C.",Female,2019,2370.3819941897173
13001,Cartagena De Indias,Female,2019,392.11104620274523
13006,Achí,Female,2019,10.227961262784273
13030,Altos Del Rosario,Female,2019,4.746805789537647
13042,Arenal,Female,2019,3.7852825836484687
13052,Arjona,Female,2019,29.173632507845884
13062,Arroyohondo,Female,2019,4.098769715506818
13074,Barranco De Loba,Female,2019,6.400470216277471
13140,Calamar,Female,2019,10.150187053948857
13160,Cantagallo,Female,2019,3.4159928504181614
13188,Cicuco,Female,2019,5.822528415412266
13212,Córdoba,Female,2019,6.628661407999115
13222,Clemencia,Female,2019,6.4571321584363615
13244,El Carmen De Bolívar,Female,2019,29.720327615246372
13248,El Guamo,Female,2019,3.6270254742257757
13268,El Peñón,Female,2019,3.3684206378796753
13300,Hatillo De Loba,Female,2019,5.376247540248486
13430,Magangué,Female,2019,55.89712720687552
13433,Mahates,Female,2019,11.417131840423878
13440,Margarita,Female,2019,4.341708339522637
13442,María La Baja,Female,2019,21.14373331006304
13458,Montecristo,Female,2019,7.222918173928406
13468,Mompós,Female,2019,17.381143849385722
13473,Morales,Female,2019,8.975134973825563
13490,Norosí,Female,2019,2.4286104714360857
13549,Pinillos,Female,2019,10.20754365761734
13580,Regidor,Female,2019,2.594781815827694
13600,Río Viejo,Female,2019,4.274089499268801
13620,San Cristóbal,Female,2019,3.3196909030927504
13647,San Estanislao,Female,2019,7.528323807705762
13650,San Fernando,Female,2019,5.147125912998507
13654,San Jacinto,Female,2019,10.371956648746906
13655,San Jacinto Del Cauca,Female,2019,4.384362172441068
13657,San Juan Nepomuceno,Female,2019,15.773462826125638
13667,San Martín De Loba,Female,2019,5.782445234429898
13670,San Pablo,Female,2019,12.264926730651723
13673,Santa Catalina,Female,2019,6.229525883145503
13683,Santa Rosa,Female,2019,9.581615702042498
13688,Santa Rosa Del Sur,Female,2019,13.46328869146689
13744,Simití,Female,2019,7.993152515555731
13760,Soplaviento,Female,2019,3.9649506731156663
13780,Talaigua Nuevo,Female,2019,4.94517275943644
13810,Tiquisio,Female,2019,7.858297777031229
13836,Turbaco,Female,2019,39.10325809427055
13838,Turbaná,Female,2019,6.573174775993297
13873,Villanueva,Female,2019,9.86411719194969
13894,Zambrano,Female,2019,4.998000066330308
15001,Tunja,Female,2019,59.58940981080467
15022,Almeida,Female,2019,0.5591547944580623
15047,Aquitania,Female,2019,5.478415196239706
15051,Arcabuco,Female,2019,1.824517030702441
15087,Belén,Female,2019,2.4020509089640676
15090,Berbeo,Female,2019,0.5474277738266985
15092,Betéitiva,Female,2019,0.6327323712730653
15097,Boavita,Female,2019,1.7984892619909967
15104,Boyacá,Female,2019,2.1504827611421398
15106,Briceño,Female,2019,0.7728475624411011
15109,Buenavista,Female,2019,1.6604168303613402
15114,Busbanzá,Female,2019,0.34462748982346453
15131,Caldas,Female,2019,1.210144409756139
15135,Campohermoso,Female,2019,1.1091231964008648
15162,Cerinza,Female,2019,1.1951055586117674
15172,Chinavita,Female,2019,1.1340875460817488
15176,Chiquinquirá,Female,2019,21.97424937293004
15180,Chiscas,Female,2019,1.6971005121312424
15183,Chita,Female,2019,3.329198138917842
15185,Chitaraque,Female,2019,2.9177647692594584
15187,Chivatá,Female,2019,0.9259511884342555
15189,Ciénega,Female,2019,1.647056470990817
15204,Cómbita,Female,2019,3.561163918960931
15212,Coper,Female,2019,1.229964589892643
15215,Corrales,Female,2019,0.8383608568819675
15218,Covarachía,Female,2019,1.1119522249219231
15223,Cubará,Female,2019,4.29757282139262
15224,Cucaita,Female,2019,1.8937998356926609
15226,Cuítiva,Female,2019,0.6252339853294829
15232,Chíquiza,Female,2019,1.8140617766198952
15236,Chivor,Female,2019,0.8488651368470849
15238,Duitama,Female,2019,40.83265664732331
15244,El Cocuy,Female,2019,1.7004391824601337
15248,El Espino,Female,2019,0.9825041497767901
15272,Firavitoba,Female,2019,1.9624893086146
15276,Floresta,Female,2019,1.2115271338720417
15293,Gachantivá,Female,2019,0.995402923030135
15296,Gámeza,Female,2019,1.8195576508293212
15299,Garagoa,Female,2019,5.661350100835637
15317,Guacamayas,Female,2019,0.568291301711573
15322,Guateque,Female,2019,3.538423822512022
15325,Guayatá,Female,2019,1.0284771134194057
15332,Güicán De La Sierra,Female,2019,1.5887798078180366
15362,Iza,Female,2019,0.6874679804319345
15367,Jenesano,Female,2019,2.4463224588652177
15368,Jericó,Female,2019,1.6604268194288077
15377,Labranzagrande,Female,2019,1.3450589158103021
15380,La Capilla,Female,2019,0.7947564894409496
15401,La Victoria,Female,2019,0.3906700485800781
15403,La Uvita,Female,2019,0.9207435282127414
15407,Villa De Leyva,Female,2019,5.1465033246377185
15425,Macanal,Female,2019,1.4325540443469602
15442,Maripí,Female,2019,2.4505520858446386
15455,Miraflores,Female,2019,2.8101439116863283
15464,Mongua,Female,2019,1.8575355503213256
15466,Monguí,Female,2019,1.4190141362423918
15469,Moniquirá,Female,2019,7.811515086250115
15476,Motavita,Female,2019,2.26874620566313
15480,Muzo,Female,2019,2.996687243934946
15491,Nobsa,Female,2019,4.775508142355613
15494,Nuevo Colón,Female,2019,2.085929238833704
15500,Oicatá,Female,2019,0.8714766923702112
15507,Otanche,Female,2019,3.093550159109366
15511,Pachavita,Female,2019,0.7498142833565861
15514,Páez,Female,2019,1.0726883750882508
15516,Paipa,Female,2019,10.892252781087505
15518,Pajarito,Female,2019,0.7515091148274939
15522,Panqueba,Female,2019,0.6332627216797262
15531,Pauna,Female,2019,2.7942327880019038
15533,Paya,Female,2019,1.0857449261703278
15537,Paz De Río,Female,2019,1.2364855023396657
15542,Pesca,Female,2019,2.217950761271786
15550,Pisba,Female,2019,0.6919334815271705
15572,Puerto Boyacá,Female,2019,22.549996555175323
15580,Quípama,Female,2019,2.200763567394895
15599,Ramiriquí,Female,2019,3.465984966304056
15600,Ráquira,Female,2019,2.482799688880277
15621,Rondón,Female,2019,0.8585178504308334
15632,Saboyá,Female,2019,4.966264549343364
15638,Sáchica,Female,2019,1.7756738517585164
15646,Samacá,Female,2019,6.9312145882986425
15660,San Eduardo,Female,2019,0.5271555483105732
15664,San José De Pare,Female,2019,1.9630561051770505
15667,San Luis De Gaceno,Female,2019,1.8402021885299666
15673,San Mateo,Female,2019,1.0721879501061877
15676,San Miguel De Sema,Female,2019,1.1909137533970169
15681,San Pablo De Borbur,Female,2019,2.5855328462841465
15686,Santana,Female,2019,4.009917763415778
15690,Santa María,Female,2019,1.0832186366126728
15693,Santa Rosa De Viterbo,Female,2019,3.766730919697605
15696,Santa Sofía,Female,2019,0.9925320796786202
15720,Sativanorte,Female,2019,1.181476359013185
15723,Sativasur,Female,2019,0.376563659629372
15740,Siachoque,Female,2019,2.5967509148050696
15753,Soatá,Female,2019,2.6266992066700965
15755,Socotá,Female,2019,2.531654673798502
15757,Socha,Female,2019,2.860112035340496
15759,Sogamoso,Female,2019,42.337324248641664
15761,Somondoco,Female,2019,0.9712606099331662
15762,Sora,Female,2019,1.2048864919987137
15763,Sotaquirá,Female,2019,2.7674500143343725
15764,Soracá,Female,2019,2.1602164741293657
15774,Susacón,Female,2019,0.8066858653239293
15776,Sutamarchán,Female,2019,2.060781005677782
15778,Sutatenza,Female,2019,1.578869815995356
15790,Tasco,Female,2019,1.8256484614905704
15798,Tenza,Female,2019,1.337898228451592
15804,Tibaná,Female,2019,3.2379829331017076
15806,Tibasosa,Female,2019,3.7875129271937507
15808,Tinjacá,Female,2019,1.0933820775881542
15810,Tipacoque,Female,2019,1.226055698458987
15814,Toca,Female,2019,3.0387966235147474
15816,Togüí,Female,2019,1.6807380202718796
15820,Tópaga,Female,2019,1.1425162577947958
15822,Tota,Female,2019,2.067277369232017
15832,Tununguá,Female,2019,0.5029223860748393
15835,Turmequé,Female,2019,2.436240909621886
15837,Tuta,Female,2019,2.7064483093870786
15839,Tutazá,Female,2019,0.8368044051642148
15842,Úmbita,Female,2019,2.720660273681368
15861,Ventaquemada,Female,2019,5.41468500216893
15879,Viracachá,Female,2019,1.0241012367300477
15897,Zetaquira,Female,2019,1.8511860841458987
17001,Manizales,Female,2019,138.34165576469263
17013,Aguadas,Female,2019,7.721981756925388
17042,Anserma,Female,2019,12.883816140145667
17050,Aranzazu,Female,2019,4.84408901556354
17088,Belalcázar,Female,2019,3.862288582598908
17174,Chinchiná,Female,2019,20.55719616249612
17272,Filadelfia,Female,2019,4.143902997573544
17380,La Dorada,Female,2019,26.743573338432263
17388,La Merced,Female,2019,2.0615637552358694
17433,Manzanares,Female,2019,6.652054671897141
17442,Marmato,Female,2019,3.325983297842042
17444,Marquetalia,Female,2019,4.909074205264269
17446,Marulanda,Female,2019,0.8434496574160935
17486,Neira,Female,2019,7.996884290546943
17495,Norcasia,Female,2019,2.2764368675941684
17513,Pácora,Female,2019,5.304636530748297
17524,Palestina,Female,2019,5.359674807713764
17541,Pensilvania,Female,2019,6.618272180258253
17614,Riosucio,Female,2019,17.378020978355945
17616,Risaralda,Female,2019,3.9731900985571014
17653,Salamina,Female,2019,6.554611537074093
17662,Samaná,Female,2019,7.29134316258416
17665,San José,Female,2019,1.6677501702358524
17777,Supía,Female,2019,10.38800791905626
17867,Victoria,Female,2019,3.4759642595799485
17873,Villamaría,Female,2019,21.841265876394136
17877,Viterbo,Female,2019,4.387885265278672
18001,Florencia,Female,2019,78.42195062443379
18029,Albania,Female,2019,2.2978729654490007
18094,Belén De Los Andaquíes,Female,2019,4.392622216973156
18150,Cartagena Del Chairá,Female,2019,13.044725929040426
18205,Curillo,Female,2019,3.3224204856476387
18247,El Doncello,Female,2019,7.369283932372733
18256,El Paujíl,Female,2019,6.499514118893989
18410,La Montañita,Female,2019,5.667177868638313
18460,Milán,Female,2019,3.7714223657625614
18479,Morelia,Female,2019,1.3273010377432903
18592,Puerto Rico,Female,2019,10.401206104410488
18610,San José Del Fragua,Female,2019,5.888528228214506
18753,San Vicente Del Caguán,Female,2019,22.77483935554223
18756,Solano,Female,2019,4.653490681620985
18785,Solita,Female,2019,2.631484372925292
18860,Valparaíso,Female,2019,2.64810431368236
19001,Popayán,Female,2019,105.93418849243344
19022,Almaguer,Female,2019,9.044574768131504
19050,Argelia,Female,2019,11.987352036673096
19075,Balboa,Female,2019,8.828008412272766
19100,Bolívar,Female,2019,16.204405218015214
19110,Buenos Aires,Female,2019,11.998831537006103
19130,Cajibío,Female,2019,18.201627714516352
19137,Caldono,Female,2019,15.968117238793265
19142,Caloto,Female,2019,12.158876578110059
19212,Corinto,Female,2019,13.760185639943083
19256,El Tambo,Female,2019,20.93282302457279
19290,Florencia,Female,2019,2.177736484090252
19300,Guachené,Female,2019,4.957977027847821
19318,Guapi,Female,2019,12.109986972428153
19355,Inzá,Female,2019,12.09821337946231
19364,Jambaló,Female,2019,6.733722506505037
19392,La Sierra,Female,2019,4.598967996210931
19397,La Vega,Female,2019,11.137911239798186
19418,López De Micay,Female,2019,8.695440780662445
19450,Mercaderes,Female,2019,9.501833009808383
19455,Miranda,Female,2019,11.254561636553735
19473,Morales,Female,2019,15.51921207080903
19513,Padilla,Female,2019,4.094439145411268
19517,Páez,Female,2019,18.14762601141667
19532,Patía,Female,2019,15.524997618861672
19533,Piamonte,Female,2019,3.153316343930053
19548,Piendamó - Tunía,Female,2019,14.356996524544252
19573,Puerto Tejada,Female,2019,26.555669529210316
19585,Puracé,Female,2019,6.618333698006686
19622,Rosas,Female,2019,4.463430859149902
19693,San Sebastián,Female,2019,4.580951203391828
19698,Santander De Quilichao,Female,2019,45.10195816199053
19701,Santa Rosa,Female,2019,2.4985893036086995
19743,Silvia,Female,2019,14.421326437744328
19760,Sotará - Paispamba,Female,2019,4.979849781167765
19780,Suárez,Female,2019,12.156692439807262
19785,Sucre,Female,2019,5.323881606868287
19807,Timbío,Female,2019,13.308791881165154
19809,Timbiquí,Female,2019,11.44515056580916
19821,Toribío,Female,2019,13.900016398848509
19824,Totoró,Female,2019,10.377112612695111
19845,Villa Rica,Female,2019,8.529570266343141
20001,Valledupar,Female,2019,206.3191295217382
20011,Aguachica,Female,2019,44.22094381914672
20013,Agustín Codazzi,Female,2019,24.242698654154843
20032,Astrea,Female,2019,8.045732119748328
20045,Becerril,Female,2019,8.295231707267163
20060,Bosconia,Female,2019,17.438132673077707
20175,Chimichagua,Female,2019,13.203599485815964
20178,Chiriguaná,Female,2019,12.067317924424911
20228,Curumaní,Female,2019,14.90662311459096
20238,El Copey,Female,2019,12.017953196389927
20250,El Paso,Female,2019,14.732255214681313
20295,Gamarra,Female,2019,6.109893117882785
20310,González,Female,2019,1.8621778216033422
20383,La Gloria,Female,2019,6.740611469342083
20400,La Jagua De Ibirico,Female,2019,16.549383397695223
20443,Manaure Balcón Del Cesar,Female,2019,3.7486576677590207
20517,Pailitas,Female,2019,8.186427960350557
20550,Pelaya,Female,2019,9.342254358968408
20570,Pueblo Bello,Female,2019,11.83281556007649
20614,Río De Oro,Female,2019,7.140622018046779
20621,La Paz,Female,2019,10.55598524913897
20710,San Alberto,Female,2019,11.178642291983957
20750,San Diego,Female,2019,7.306782849492025
20770,San Martín,Female,2019,10.50144184368805
20787,Tamalameque,Female,2019,6.100500707550046
23001,Montería,Female,2019,177.57521603245064
23068,Ayapel,Female,2019,19.91642865538879
23079,Buenavista,Female,2019,9.022261641745205
23090,Canalete,Female,2019,7.154757055545425
23162,Cereté,Female,2019,39.438504064539615
23168,Chimá,Female,2019,7.679564194489335
23182,Chinú,Female,2019,19.045505192257956
23189,Ciénaga De Oro,Female,2019,25.265152676224346
23300,Cotorra,Female,2019,7.4014963741519475
23350,La Apartada,Female,2019,6.227602220492827
23417,Lorica,Female,2019,44.39911925783147
23419,Los Córdobas,Female,2019,8.379302272129049
23464,Momil,Female,2019,7.329761528964828
23466,Montelíbano,Female,2019,32.33726664057709
23500,Moñitos,Female,2019,14.083282039555497
23555,Planeta Rica,Female,2019,25.67581801126907
23570,Pueblo Nuevo,Female,2019,14.866988454958323
23574,Puerto Escondido,Female,2019,11.117969366197157
23580,Puerto Libertador,Female,2019,17.54267480470117
23586,Purísima De La Concepción,Female,2019,7.252547351166619
23660,Sahagún,Female,2019,41.49056622101862
23670,San Andrés De Sotavento,Female,2019,22.81231751593869
23672,San Antero,Female,2019,13.977115272224442
23675,San Bernardo Del Viento,Female,2019,15.945827256956061
23678,San Carlos,Female,2019,11.71740794073257
23682,San José De Uré,Female,2019,3.1437269592965804
23686,San Pelayo,Female,2019,20.659028601466776
23807,Tierralta,Female,2019,41.071979119910175
23815,Tuchín,Female,2019,14.976722722893099
23855,Valencia,Female,2019,15.53663015929384
25001,Agua De Dios,Female,2019,4.08795783544224
25019,Albán,Female,2019,1.9768997176551486
25035,Anapoima,Female,2019,4.919023076109939
25040,Anolaima,Female,2019,4.390470575024266
25053,Arbeláez,Female,2019,2.9768482434980665
25086,Beltrán,Female,2019,0.6402738766658145
25095,Bituima,Female,2019,0.6428681821028727
25099,Bojacá,Female,2019,3.4294917867406465
25120,Cabrera,Female,2019,1.6093018434475088
25123,Cachipay,Female,2019,3.227043616583707
25126,Cajicá,Female,2019,27.3142091541076
25148,Caparrapí,Female,2019,4.433293908512456
25151,Cáqueza,Female,2019,6.210624310146734
25154,Carmen De Carupa,Female,2019,2.717224174125118
25168,Chaguaní,Female,2019,1.5813125151647212
25175,Chía,Female,2019,50.38752037594986
25178,Chipaque,Female,2019,3.4088885775936624
25181,Choachí,Female,2019,3.724364229337021
25183,Chocontá,Female,2019,10.071312491237839
25200,Cogua,Female,2019,7.357872603368916
25214,Cota,Female,2019,10.75094751389661
25224,Cucunubá,Female,2019,2.781526196456361
25245,El Colegio,Female,2019,7.946872656707233
25258,El Peñón,Female,2019,1.654275890347014
25260,El Rosal,Female,2019,7.340802343972636
25269,Facatativá,Female,2019,57.29575918820818
25279,Fómeque,Female,2019,3.8813891723824616
25281,Fosca,Female,2019,2.378288216203539
25286,Funza,Female,2019,32.2473183779193
25288,Fúquene,Female,2019,1.4967401628340125
25290,Fusagasugá,Female,2019,51.00338265939103
25293,Gachalá,Female,2019,1.6393957447655725
25295,Gachancipá,Female,2019,5.859414531339478
25297,Gachetá,Female,2019,3.4281570975055504
25299,Gama,Female,2019,1.1845396911997352
25307,Girardot,Female,2019,54.68181360927652
25312,Granada,Female,2019,2.539371989512778
25317,Guachetá,Female,2019,4.629858971989904
25320,Guaduas,Female,2019,10.161576450418174
25322,Guasca,Female,2019,4.782871093015578
25324,Guataquí,Female,2019,0.8716818066408148
25326,Guatavita,Female,2019,2.288513593357962
25328,Guayabal De Síquima,Female,2019,1.3675698547931923
25335,Guayabetal,Female,2019,2.1335591837144814
25339,Gutiérrez,Female,2019,1.1551142155912946
25368,Jerusalén,Female,2019,0.7179033490145337
25372,Junín,Female,2019,2.5833400510569637
25377,La Calera,Female,2019,10.603411580911812
25386,La Mesa,Female,2019,12.4584560068877
25394,La Palma,Female,2019,3.2082299628282174
25398,La Peña,Female,2019,2.0576890646784243
25402,La Vega,Female,2019,5.729336920349097
25407,Lenguazaque,Female,2019,3.4917921467825006
25426,Machetá,Female,2019,2.2137203611027854
25430,Madrid,Female,2019,37.12875384024515
25436,Manta,Female,2019,1.1918663265162035
25438,Medina,Female,2019,3.165538534665614
25473,Mosquera,Female,2019,44.2937136483811
25483,Nariño,Female,2019,0.8484120562396165
25486,Nemocón,Female,2019,5.270758918710862
25488,Nilo,Female,2019,2.502045966644093
25489,Nimaima,Female,2019,1.045815371577261
25491,Nocaima,Female,2019,1.7955586847030016
25506,Venecia,Female,2019,1.551779988770368
25513,Pacho,Female,2019,10.228825375696706
25518,Paime,Female,2019,1.5946073077270784
25524,Pandi,Female,2019,1.6410843098054868
25530,Paratebueno,Female,2019,3.0385426685583776
25535,Pasca,Female,2019,3.143956590157103
25572,Puerto Salgar,Female,2019,6.146881418143069
25580,Pulí,Female,2019,1.1090403611334114
25592,Quebradanegra,Female,2019,1.4673592547929797
25594,Quetame,Female,2019,1.7679845243084997
25596,Quipile,Female,2019,1.9950037099721403
25599,Apulo,Female,2019,2.629762652436365
25612,Ricaurte,Female,2019,3.9654260327106723
25645,San Antonio Del Tequendama,Female,2019,3.4658359812346964
25649,San Bernardo,Female,2019,2.9566544307393032
25653,San Cayetano,Female,2019,1.602801086100818
25658,San Francisco,Female,2019,3.319243783477706
25662,San Juan De Rioseco,Female,2019,3.1362002615621125
25718,Sasaima,Female,2019,3.77508098998284
25736,Sesquilé,Female,2019,4.185433784369657
25740,Sibaté,Female,2019,17.119326235781916
25743,Silvania,Female,2019,7.698157743096644
25745,Simijaca,Female,2019,5.004915831702636
25754,Soacha,Female,2019,227.41259136676464
25758,Sopó,Female,2019,10.133498944466075
25769,Subachoque,Female,2019,4.690203755273426
25772,Suesca,Female,2019,6.030347085109288
25777,Supatá,Female,2019,1.6166162937212372
25779,Susa,Female,2019,2.2297813744200754
25781,Sutatausa,Female,2019,2.150035638496955
25785,Tabio,Female,2019,7.66624791962998
25793,Tausa,Female,2019,2.573156488177297
25797,Tena,Female,2019,2.83027743331881
25799,Tenjo,Female,2019,7.979705475600937
25805,Tibacuy,Female,2019,1.289669375688173
25807,Tibirita,Female,2019,1.2723581442329643
25815,Tocaima,Female,2019,5.173965439426113
25817,Tocancipá,Female,2019,14.339793098491711
25823,Topaipí,Female,2019,1.4327670519988414
25839,Ubalá,Female,2019,2.7201363582580225
25841,Ubaque,Female,2019,2.3866784884061167
25843,Villa De San Diego De Ubaté,Female,2019,20.125098297576532
25845,Une,Female,2019,2.2728315093675104
25851,Útica,Female,2019,1.3692494271702107
25862,Vergara,Female,2019,2.577861102197857
25867,Vianí,Female,2019,1.3762576039289305
25871,Villagómez,Female,2019,0.5839281243388963
25873,Villapinzón,Female,2019,6.589775102677087
25875,Villeta,Female,2019,10.595767427026928
25878,Viotá,Female,2019,4.559433511053828
25885,Yacopí,Female,2019,5.171247112265072
25898,Zipacón,Female,2019,1.6149409469911398
25899,Zipaquirá,Female,2019,49.225669843033145
27001,Quibdó,Female,2019,73.90534319583462
27006,Acandí,Female,2019,6.049646008559381
27025,Alto Baudó,Female,2019,14.476835677971637
27050,Atrato,Female,2019,2.8126172921772103
27073,Bagadó,Female,2019,4.950109982366268
27075,Bahía Solano,Female,2019,3.9187046542760298
27077,Bajo Baudó,Female,2019,13.95192385859919
27099,Bojayá,Female,2019,5.120893603407967
27135,El Cantón Del San Pablo,Female,2019,2.7601604133172284
27150,Carmen Del Darién,Female,2019,8.576429856722868
27160,Cértegui,Female,2019,2.5913682327046366
27205,Condoto,Female,2019,5.623822235431338
27245,El Carmen De Atrato,Female,2019,3.5221016812951444
27250,El Litoral Del San Juan,Female,2019,9.94286878947923
27361,Istmina,Female,2019,14.826516992168148
27372,Juradó,Female,2019,2.8361636200945157
27413,Lloró,Female,2019,3.5878892650978487
27425,Medio Atrato,Female,2019,5.444749697609823
27430,Medio Baudó,Female,2019,7.654608249188821
27450,Medio San Juan,Female,2019,4.974313113245089
27491,Nóvita,Female,2019,4.081201608074808
27495,Nuquí,Female,2019,7.3034463746593605
27580,Río Iró,Female,2019,2.4992704227904072
27600,Río Quito,Female,2019,4.043542753239343
27615,Riosucio,Female,2019,27.00058580738223
27660,San José Del Palmar,Female,2019,3.206330538965244
27745,Sipí,Female,2019,1.361363252764797
27787,Tadó,Female,2019,8.62414356922541
27800,Unguía,Female,2019,5.603282700204428
27810,Unión Panamericana,Female,2019,3.2704016128125604
41001,Neiva,Female,2019,149.19090062962192
41006,Acevedo,Female,2019,13.63140831281788
41013,Agrado,Female,2019,3.6713316114210857
41016,Aipe,Female,2019,6.273148272311396
41020,Algeciras,Female,2019,9.012221733939398
41026,Altamira,Female,2019,1.306589789231768
41078,Baraya,Female,2019,3.126981556820804
41132,Campoalegre,Female,2019,12.409222066519055
41206,Colombia,Female,2019,2.834119596295481
41244,Elías,Female,2019,1.3108280893395605
41298,Garzón,Female,2019,29.321325958567265
41306,Gigante,Female,2019,9.329044420541468
41319,Guadalupe,Female,2019,6.97631326787648
41349,Hobo,Female,2019,2.580231829805052
41357,Íquira,Female,2019,3.7617773530455585
41359,Isnos,Female,2019,9.41764408471077
41378,La Argentina,Female,2019,5.735001457115328
41396,La Plata,Female,2019,24.386199429126947
41483,Nátaga,Female,2019,2.305636535587736
41503,Oporapa,Female,2019,5.275335803385487
41518,Paicol,Female,2019,2.3260398506660938
41524,Palermo,Female,2019,8.697813370539286
41530,Palestina,Female,2019,4.725639571462085
41548,Pital,Female,2019,5.309287527333592
41551,Pitalito,Female,2019,56.049235241587034
41615,Rivera,Female,2019,7.459779132978127
41660,Saladoblanco,Female,2019,5.179597383743031
41668,San Agustín,Female,2019,11.729170283444615
41676,Santa María,Female,2019,4.0439170264943645
41770,Suaza,Female,2019,7.766536625035925
41791,Tarqui,Female,2019,7.276122725808561
41797,Tesalia,Female,2019,3.8287344921181283
41799,Tello,Female,2019,4.207408486942725
41801,Teruel,Female,2019,2.96874293700197
41807,Timaná,Female,2019,8.184969173121663
41872,Villavieja,Female,2019,2.6151877959607135
41885,Yaguará,Female,2019,2.3673478760988007
44001,Riohacha,Female,2019,104.81294439557993
44035,Albania,Female,2019,11.70554110136488
44078,Barrancas,Female,2019,14.460227613260495
44090,Dibulla,Female,2019,17.240366160826294
44098,Distracción,Female,2019,4.848718398926898
44110,El Molino,Female,2019,2.6959541192128076
44279,Fonseca,Female,2019,15.491610062480172
44378,Hatonuevo,Female,2019,7.78016570358824
44420,La Jagua Del Pilar,Female,2019,1.2191122203723737
44430,Maicao,Female,2019,100.81200119345074
44560,Manaure,Female,2019,43.0586094106983
44650,San Juan Del Cesar,Female,2019,17.757753116546702
44847,Uribia,Female,2019,103.99086304022451
44855,Urumita,Female,2019,3.6627776869037554
44874,Villanueva,Female,2019,9.582975705970858
47001,Santa Marta,Female,2019,216.75657216942326
47030,Algarrobo,Female,2019,6.244039436084332
47053,Aracataca,Female,2019,15.470920793616777
47058,Ariguaní,Female,2019,12.642883959707827
47161,Cerro De San Antonio,Female,2019,4.2195805011878464
47170,Chivolo,Female,2019,8.784841753659883
47189,Ciénaga,Female,2019,49.1549406266829
47205,Concordia,Female,2019,4.890778790936644
47245,El Banco,Female,2019,27.25938266095635
47258,El Piñón,Female,2019,8.735234831775402
47268,El Retén,Female,2019,8.90787514380659
47288,Fundación,Female,2019,28.53223680666551
47318,Guamal,Female,2019,10.84950307224153
47460,Nueva Granada,Female,2019,9.15034879407271
47541,Pedraza,Female,2019,3.699770406875463
47545,Pijiño Del Carmen,Female,2019,4.996590369583256
47551,Pivijay,Female,2019,15.990612917771356
47555,Plato,Female,2019,24.30163521462705
47570,Puebloviejo,Female,2019,12.722220791259907
47605,Remolino,Female,2019,4.6582552495304705
47660,Sabanas De San Ángel,Female,2019,6.967503597501519
47675,Salamina,Female,2019,4.195003760024507
47692,San Sebastián De Buenavista,Female,2019,8.673485059260678
47703,San Zenón,Female,2019,4.514791948355762
47707,Santa Ana,Female,2019,9.311181823326416
47720,Santa Bárbara De Pinto,Female,2019,4.620766992163979
47745,Sitionuevo,Female,2019,12.998579674541723
47798,Tenerife,Female,2019,5.206804116277155
47960,Zapayán,Female,2019,4.790278003995531
47980,Zona Bananera,Female,2019,28.17635629530678
50001,Villavicencio,Female,2019,189.94075423073292
50006,Acacías,Female,2019,26.268448682050348
50110,Barranca De Upía,Female,2019,2.580106287397446
50124,Cabuyaro,Female,2019,1.8075828294234202
50150,Castilla La Nueva,Female,2019,4.561101410874865
50223,Cubarral,Female,2019,2.0781852771514355
50226,Cumaral,Female,2019,7.0866151674251565
50245,El Calvario,Female,2019,0.5233676110769085
50251,El Castillo,Female,2019,2.640031620363168
50270,El Dorado,Female,2019,1.8227245306241877
50287,Fuente De Oro,Female,2019,4.719998304515406
50313,Granada,Female,2019,33.2255258703672
50318,Guamal,Female,2019,4.4713062010770885
50325,Mapiripán,Female,2019,2.5162650737888903
50330,Mesetas,Female,2019,4.04525655058716
50350,La Macarena,Female,2019,11.985442775537802
50370,Uribe,Female,2019,3.7111916798419857
50400,Lejanías,Female,2019,4.0411537838650275
50450,Puerto Concordia,Female,2019,3.546656549690478
50568,Puerto Gaitán,Female,2019,15.013172967762426
50573,Puerto López,Female,2019,12.055517053469307
50577,Puerto Lleras,Female,2019,3.6899962289889077
50590,Puerto Rico,Female,2019,4.878154944501689
50606,Restrepo,Female,2019,5.390989998690474
50680,San Carlos De Guaroa,Female,2019,3.86693034652591
50683,San Juan De Arama,Female,2019,3.069111723849523
50686,San Juanito,Female,2019,0.4840833733738257
50689,San Martín,Female,2019,8.305575176679044
50711,Vistahermosa,Female,2019,6.694213396224115
52001,Pasto,Female,2019,130.34715855887796
52019,Albán,Female,2019,4.004063276046864
52022,Aldana,Female,2019,2.7803475073078667
52036,Ancuya,Female,2019,2.7128004542565383
52051,Arboleda,Female,2019,3.601997909669563
52079,Barbacoas,Female,2019,25.418051127115266
52083,Belén,Female,2019,2.479177353850863
52110,Buesaco,Female,2019,9.283235288036774
52203,Colón,Female,2019,3.296564031545364
52207,Consacá,Female,2019,5.428920195728898
52210,Contadero,Female,2019,2.9372125374428455
52215,Córdoba,Female,2019,6.103359864329889
52224,Cuaspud Carlosama,Female,2019,4.106667452105466
52227,Cumbal,Female,2019,13.176680104525378
52233,Cumbitara,Female,2019,2.264278678169811
52240,Chachagüí,Female,2019,5.657348576888742
52250,El Charco,Female,2019,10.486271820758304
52254,El Peñol,Female,2019,3.020563508000401
52256,El Rosario,Female,2019,5.417850860839407
52258,El Tablón De Gómez,Female,2019,6.487514597176994
52260,El Tambo,Female,2019,5.04723064950265
52287,Funes,Female,2019,2.7417952418395393
52317,Guachucal,Female,2019,7.65275809081257
52320,Guaitarilla,Female,2019,4.1528240408531305
52323,Gualmatán,Female,2019,2.706736717930206
52352,Iles,Female,2019,3.1036944369550876
52354,Imués,Female,2019,3.0209951834369706
52356,Ipiales,Female,2019,40.67305519548892
52378,La Cruz,Female,2019,6.718621104700085
52381,La Florida,Female,2019,5.13537904558103
52385,La Llanada,Female,2019,2.3593019391595735
52390,La Tola,Female,2019,3.338564225309521
52399,La Unión,Female,2019,14.273835405166125
52405,Leiva,Female,2019,4.161172368201677
52411,Linares,Female,2019,3.6852169270705493
52418,Los Andes,Female,2019,3.865167491086094
52427,Magüí,Female,2019,11.732787923869603
52435,Mallama,Female,2019,3.496868845211529
52473,Mosquera,Female,2019,6.088331236803643
52480,Nariño,Female,2019,1.9283476230930452
52490,Olaya Herrera,Female,2019,12.021184976251018
52506,Ospina,Female,2019,2.49173256996264
52520,Francisco Pizarro,Female,2019,6.661534475865937
52540,Policarpa,Female,2019,4.364766940584784
52560,Potosí,Female,2019,3.4735753378216243
52565,Providencia,Female,2019,3.1359073332772778
52573,Puerres,Female,2019,3.084208055790751
52585,Pupiales,Female,2019,6.608934102991517
52612,Ricaurte,Female,2019,9.470835067657404
52621,Roberto Payán,Female,2019,6.216973406566595
52678,Samaniego,Female,2019,13.487541771523148
52683,Sandoná,Female,2019,7.440921801248913
52685,San Bernardo,Female,2019,4.495592165771358
52687,San Lorenzo,Female,2019,8.181678524446296
52693,San Pablo,Female,2019,6.0670241173804085
52694,San Pedro De Cartago,Female,2019,3.1090939933797976
52696,Santa Bárbara,Female,2019,6.26895068871404
52699,Santacruz,Female,2019,5.455983051096036
52720,Sapuyes,Female,2019,3.176710309416727
52786,Taminango,Female,2019,6.990383415283344
52788,Tangua,Female,2019,5.994122725497187
52835,San Andrés De Tumaco,Female,2019,111.6396910888423
52838,Túquerres,Female,2019,16.813929794776598
52885,Yacuanquer,Female,2019,4.756471102481854
54001,San José De Cúcuta,Female,2019,308.0116506678667
54003,Ábrego,Female,2019,14.244982998364911
54051,Arboledas,Female,2019,3.6614089474595968
54099,Bochalema,Female,2019,2.9175610139012456
54109,Bucarasica,Female,2019,2.657929995512535
54125,Cácota,Female,2019,1.2562421050159505
54128,Cáchira,Female,2019,4.277108121521405
54172,Chinácota,Female,2019,6.152068159341669
54174,Chitagá,Female,2019,5.136182037910511
54206,Convención,Female,2019,8.165767692088808
54223,Cucutilla,Female,2019,3.7431107138210136
54239,Durania,Female,2019,1.6786896462615473
54245,El Carmen,Female,2019,5.848109467173764
54250,El Tarra,Female,2019,9.255899331856316
54261,El Zulia,Female,2019,10.940979289442692
54313,Gramalote,Female,2019,2.563838326914198
54344,Hacarí,Female,2019,4.424159385486095
54347,Herrán,Female,2019,3.045579022219226
54377,Labateca,Female,2019,2.1206444010650225
54385,La Esperanza,Female,2019,4.839015812979849
54398,La Playa,Female,2019,4.187704184485198
54405,Los Patios,Female,2019,31.961936893332904
54418,Lourdes,Female,2019,1.4700407977306342
54480,Mutiscua,Female,2019,1.650776135958685
54498,Ocaña,Female,2019,51.50371990196034
54518,Pamplona,Female,2019,16.41791393316742
54520,Pamplonita,Female,2019,2.0102323716662904
54553,Puerto Santander,Female,2019,8.150634387962
54599,Ragonvalia,Female,2019,2.233658265002891
54660,Salazar,Female,2019,3.83260936439983
54670,San Calixto,Female,2019,5.2234185711473575
54673,San Cayetano,Female,2019,2.7739203262622176
54680,Santiago,Female,2019,1.4322761902787793
54720,Sardinata,Female,2019,9.889729441538778
54743,Silos,Female,2019,2.3936278435761764
54800,Teorama,Female,2019,7.481973870696002
54810,Tibú,Female,2019,34.94258184489193
54820,Toledo,Female,2019,6.078045607615882
54871,Villa Caro,Female,2019,2.259730271461705
54874,Villa Del Rosario,Female,2019,37.24331908640459
63001,Armenia,Female,2019,100.80281866780709
63111,Buenavista,Female,2019,1.002407806230615
63130,Calarcá,Female,2019,23.206072687364113
63190,Circasia,Female,2019,8.905500815224395
63212,Córdoba,Female,2019,1.8223954359753274
63272,Filandia,Female,2019,3.748160703693639
63302,Génova,Female,2019,2.516244090991308
63401,La Tebaida,Female,2019,15.030958577418534
63470,Montenegro,Female,2019,14.931790204758492
63548,Pijao,Female,2019,1.7611612995390995
63594,Quimbaya,Female,2019,12.121834224062157
63690,Salento,Female,2019,2.8817080076751624
66001,Pereira,Female,2019,165.55214895320455
66045,Apía,Female,2019,4.679287030788293
66075,Balboa,Female,2019,2.4173302718352425
66088,Belén De Umbría,Female,2019,8.804251378395389
66170,Dosquebradas,Female,2019,69.91904731759314
66318,Guática,Female,2019,4.300589528582489
66383,La Celia,Female,2019,2.5935830013982786
66400,La Virginia,Female,2019,13.168980860771986
66440,Marsella,Female,2019,5.842793168990303
66456,Mistrató,Female,2019,6.95033766836842
66572,Pueblo Rico,Female,2019,8.174859603120588
66594,Quinchía,Female,2019,9.961888132427724
66682,Santa Rosa De Cabal,Female,2019,25.19375643642427
66687,Santuario,Female,2019,4.617434595438208
68001,Bucaramanga,Female,2019,197.43924507567087
68013,Aguada,Female,2019,1.2692371187146545
68020,Albania,Female,2019,1.4946885165144972
68051,Aratoca,Female,2019,3.1358264156446616
68077,Barbosa,Female,2019,10.481980380211036
68079,Barichara,Female,2019,3.4533213844744197
68081,Barrancabermeja,Female,2019,93.54718188197802
68092,Betulia,Female,2019,2.139275837044939
68101,Bolívar,Female,2019,4.044112797837223
68121,Cabrera,Female,2019,0.8815278941522142
68132,California,Female,2019,0.6506318980552878
68147,Capitanejo,Female,2019,1.930929695248761
68152,Carcasí,Female,2019,1.8165692954745045
68160,Cepitá,Female,2019,0.6723689666955105
68162,Cerrito,Female,2019,2.5737279998040288
68167,Charalá,Female,2019,3.921791810730508
68169,Charta,Female,2019,0.946112663481327
68176,Chima,Female,2019,1.0516392430587223
68179,Chipatá,Female,2019,1.7869686118632306
68190,Cimitarra,Female,2019,12.886414360528649
68207,Concepción,Female,2019,1.9576868112733097
68209,Confines,Female,2019,1.334790685819603
68211,Contratación,Female,2019,1.2624082292651297
68217,Coromoro,Female,2019,1.8766139249163314
68229,Curití,Female,2019,4.599008842013696
68235,El Carmen De Chucuri,Female,2019,9.841844565946205
68245,El Guacamayo,Female,2019,0.7044816051514589
68250,El Peñón,Female,2019,2.187224068063119
68255,El Playón,Female,2019,5.27411087465678
68264,Encino,Female,2019,0.8175804448160424
68266,Enciso,Female,2019,1.212141078052935
68271,Florián,Female,2019,2.318540768632212
68276,Floridablanca,Female,2019,93.67630535093886
68296,Galán,Female,2019,1.2630396278221483
68298,Gámbita,Female,2019,1.4364302887659988
68307,Girón,Female,2019,51.29309741561555
68318,Guaca,Female,2019,2.5470763366982676
68320,Guadalupe,Female,2019,1.6845912968720738
68322,Guapotá,Female,2019,0.7076682665461723
68324,Guavatá,Female,2019,1.4573510903360614
68327,Güepsa,Female,2019,1.6817691278782156
68344,Hato,Female,2019,0.8993065323061034
68368,Jesús María,Female,2019,1.1778009907493314
68370,Jordán,Female,2019,0.5697632778912618
68377,La Belleza,Female,2019,2.138809717551186
68385,Landázuri,Female,2019,4.3874340457554855
68397,La Paz,Female,2019,1.5913760475181178
68406,Lebrija,Female,2019,14.223079476837857
68418,Los Santos,Female,2019,5.763903890929256
68425,Macaravita,Female,2019,0.7591959737645396
68432,Málaga,Female,2019,6.6190803028441065
68444,Matanza,Female,2019,1.824194322374997
68464,Mogotes,Female,2019,4.130901328630642
68468,Molagavita,Female,2019,1.5885161022927003
68498,Ocamonte,Female,2019,1.920847426236495
68500,Oiba,Female,2019,4.064770316210317
68502,Onzaga,Female,2019,1.6204184521697458
68522,Palmar,Female,2019,0.49981232839201073
68524,Palmas Del Socorro,Female,2019,0.8083972922171306
68533,Páramo,Female,2019,1.5229097949951065
68547,Piedecuesta,Female,2019,55.721895737328005
68549,Pinchote,Female,2019,1.6874441162352114
68572,Puente Nacional,Female,2019,4.4499439597354264
68573,Puerto Parra,Female,2019,2.5981860834226467
68575,Puerto Wilches,Female,2019,12.054243981575429
68615,Rionegro,Female,2019,9.280415884844908
68655,Sabana De Torres,Female,2019,12.035128965139586
68669,San Andrés,Female,2019,3.1266704624604054
68673,San Benito,Female,2019,1.0878539947749983
68679,San Gil,Female,2019,17.889651250066912
68682,San Joaquín,Female,2019,0.7791671304080534
68684,San José De Miranda,Female,2019,1.6133922123450581
68686,San Miguel,Female,2019,0.7341582569034518
68689,San Vicente De Chucurí,Female,2019,11.53857946903218
68705,Santa Bárbara,Female,2019,1.0042191281005524
68720,Santa Helena Del Opón,Female,2019,1.2693622569646585
68745,Simacota,Female,2019,3.6537108506193516
68755,Socorro,Female,2019,10.031853966024698
68770,Suaita,Female,2019,3.8581001358344444
68773,Sucre,Female,2019,2.756038907241373
68780,Suratá,Female,2019,1.5240957503051153
68820,Tona,Female,2019,2.825006843351531
68855,Valle De San José,Female,2019,2.0809934356739563
68861,Vélez,Female,2019,8.221795295728612
68867,Vetas,Female,2019,0.8670487584399205
68872,Villanueva,Female,2019,2.674395712555793
68895,Zapatoca,Female,2019,3.0134827491171916
70001,Sincelejo,Female,2019,117.30520527820542
70110,Buenavista,Female,2019,4.315618532251616
70124,Caimito,Female,2019,6.4383073573616
70204,Colosó,Female,2019,3.698857584639624
70215,Corozal,Female,2019,24.89863954579219
70221,Coveñas,Female,2019,6.867624166359308
70230,Chalán,Female,2019,2.1935347793776874
70233,El Roble,Female,2019,4.456233995885423
70235,Galeras,Female,2019,8.359254759356784
70265,Guaranda,Female,2019,8.31559101908153
70400,La Unión,Female,2019,5.240190658810787
70418,Los Palmitos,Female,2019,8.814313891185106
70429,Majagual,Female,2019,16.516219243972195
70473,Morroa,Female,2019,5.979318799418148
70508,Ovejas,Female,2019,9.350195047163082
70523,Palmito,Female,2019,6.429579363600428
70670,Sampués,Female,2019,20.71580476797145
70678,San Benito Abad,Female,2019,12.240334979499867
70702,San Juan De Betulia,Female,2019,5.44817571612564
70708,San Marcos,Female,2019,26.231732016679565
70713,San Onofre,Female,2019,23.601889116596947
70717,San Pedro,Female,2019,7.613545035519062
70742,San Luis De Sincé,Female,2019,12.625495298559366
70771,Sucre,Female,2019,12.614922321191969
70820,Santiago De Tolú,Female,2019,12.375652023757777
70823,San José De Toluviejo,Female,2019,8.606552527077104
73001,Ibagué,Female,2019,168.88245816661097
73024,Alpujarra,Female,2019,1.329967447535247
73026,Alvarado,Female,2019,3.1682133784638857
73030,Ambalema,Female,2019,2.086031086015714
73043,Anzoátegui,Female,2019,4.002041185342289
73055,Armero,Female,2019,3.8157323369389027
73067,Ataco,Female,2019,7.666678787962915
73124,Cajamarca,Female,2019,6.860661509046064
73148,Carmen De Apicalá,Female,2019,3.090641725182926
73152,Casabianca,Female,2019,2.2005508644897427
73168,Chaparral,Female,2019,20.30271313844609
73200,Coello,Female,2019,3.310919522264638
73217,Coyaima,Female,2019,9.444247379869804
73226,Cunday,Female,2019,2.7800900404892976
73236,Dolores,Female,2019,2.6128021498954253
73268,Espinal,Female,2019,26.379792830187338
73270,Falan,Female,2019,2.542809600728111
73275,Flandes,Female,2019,9.726736947129744
73283,Fresno,Female,2019,11.340520598839596
73319,Guamo,Female,2019,10.983193424410368
73347,Herveo,Female,2019,3.121297978037461
73349,Honda,Female,2019,8.547327327308178
73352,Icononzo,Female,2019,3.7950751231080986
73408,Lérida,Female,2019,6.488144492602009
73411,Líbano,Female,2019,13.088585186767697
73443,San Sebastián De Mariquita,Female,2019,12.772424357970351
73449,Melgar,Female,2019,12.545469734357816
73461,Murillo,Female,2019,1.741388752138646
73483,Natagaima,Female,2019,6.239021904682885
73504,Ortega,Female,2019,12.828614930459665
73520,Palocabildo,Female,2019,3.5162736418714458
73547,Piedras,Female,2019,2.0355147135595426
73555,Planadas,Female,2019,10.01046220281538
73563,Prado,Female,2019,2.7624733170764646
73585,Purificación,Female,2019,8.002308719736229
73616,Rioblanco,Female,2019,8.664316921186284
73622,Roncesvalles,Female,2019,1.9215610229105247
73624,Rovira,Female,2019,8.16743253800675
73671,Saldaña,Female,2019,5.496804408819099
73675,San Antonio,Female,2019,4.877376853260547
73678,San Luis,Female,2019,4.740072497111339
73686,Santa Isabel,Female,2019,2.2449676301629453
73770,Suárez,Female,2019,1.2679037299761018
73854,Valle De San Juan,Female,2019,1.7927802969428548
73861,Venadillo,Female,2019,4.462232198482122
73870,Villahermosa,Female,2019,3.706630798953003
73873,Villarrica,Female,2019,1.5202617176056374
76001,Cali,Female,2019,776.5823059904967
76020,Alcalá,Female,2019,6.8757362494351035
76036,Andalucía,Female,2019,6.50913189845234
76041,Ansermanuevo,Female,2019,7.0675278624722
76054,Argelia,Female,2019,2.1447079078851883
76100,Bolívar,Female,2019,5.328382547869652
76109,Buenaventura,Female,2019,147.33766889821294
76111,Guadalajara De Buga,Female,2019,41.24658535429812
76113,Bugalagrande,Female,2019,8.385119018594041
76122,Caicedonia,Female,2019,12.09650305484452
76126,Calima,Female,2019,5.891835930877527
76130,Candelaria,Female,2019,34.296722145887145
76147,Cartago,Female,2019,50.2227593174801
76233,Dagua,Female,2019,15.233271047724804
76243,El Águila,Female,2019,3.210113876708971
76246,El Cairo,Female,2019,2.1860798550471765
76248,El Cerrito,Female,2019,18.24478056720578
76250,El Dovio,Female,2019,3.069207388188489
76275,Florida,Female,2019,18.09944595023947
76306,Ginebra,Female,2019,6.4957986487435315
76318,Guacarí,Female,2019,11.525637280851246
76364,Jamundí,Female,2019,51.291319405477786
76377,La Cumbre,Female,2019,4.889166228812619
76400,La Unión,Female,2019,11.185657058988674
76403,La Victoria,Female,2019,4.591869406006788
76497,Obando,Female,2019,4.524196725296097
76520,Palmira,Female,2019,107.5197563467573
76563,Pradera,Female,2019,16.546122859026415
76606,Restrepo,Female,2019,4.665506685961311
76616,Riofrío,Female,2019,4.806788865648159
76622,Roldanillo,Female,2019,10.809162453781044
76670,San Pedro,Female,2019,5.148256949426483
76736,Sevilla,Female,2019,13.10229968021681
76823,Toro,Female,2019,6.5401387565926035
76828,Trujillo,Female,2019,6.237361224923581
76834,Tuluá,Female,2019,77.56594264297364
76845,Ulloa,Female,2019,1.6934427212307852
76863,Versalles,Female,2019,2.2998521648257766
76869,Vijes,Female,2019,3.5891651540386604
76890,Yotoco,Female,2019,5.603781507052206
76892,Yumbo,Female,2019,34.95266210947892
76895,Zarzal,Female,2019,13.636098164469328
81001,Arauca,Female,2019,38.28508470330437
81065,Arauquita,Female,2019,20.704058620420504
81220,Cravo Norte,Female,2019,1.5197058536250796
81300,Fortul,Female,2019,9.219646162532271
81591,Puerto Rondón,Female,2019,1.7838809052770634
81736,Saravena,Female,2019,29.803112853145763
81794,Tame,Female,2019,28.511039820594682
85001,Yopal,Female,2019,65.4903892226518
85010,Aguazul,Female,2019,13.671114560600335
85015,Chámeza,Female,2019,1.3535111349032989
85125,Hato Corozal,Female,2019,4.535945941021053
85136,La Salina,Female,2019,0.46356163241728626
85139,Maní,Female,2019,5.600668320665035
85162,Monterrey,Female,2019,6.0677960673761335
85225,Nunchía,Female,2019,3.5569587999813046
85230,Orocué,Female,2019,4.237814466434756
85250,Paz De Ariporo,Female,2019,13.017481166259115
85263,Pore,Female,2019,4.586191873755261
85279,Recetor,Female,2019,0.5616698660117629
85300,Sabanalarga,Female,2019,1.3082861751799573
85315,Sácama,Female,2019,0.6661839821872229
85325,San Luis De Palenque,Female,2019,2.762188203677831
85400,Támara,Female,2019,2.3844137402061127
85410,Tauramena,Female,2019,8.200325195201808
85430,Trinidad,Female,2019,4.801332400900163
85440,Villanueva,Female,2019,11.480304436403488
86001,Mocoa,Female,2019,20.09903578476971
86219,Colón,Female,2019,2.1866904499728728
86320,Orito,Female,2019,14.883917625258746
86568,Puerto Asís,Female,2019,27.207301558821616
86569,Puerto Caicedo,Female,2019,5.859214935604186
86571,Puerto Guzmán,Female,2019,14.821092715416663
86573,Puerto Leguízamo,Female,2019,10.432033614818547
86749,Sibundoy,Female,2019,5.289739077264754
86755,San Francisco,Female,2019,1.8024010320448411
86757,San Miguel,Female,2019,7.531994559832281
86760,Santiago,Female,2019,2.6481495776716666
86865,Valle Del Guamuez,Female,2019,14.304610273809715
86885,Villagarzón,Female,2019,8.727935165971491
88001,San Andrés,Female,2019,18.009391547792724
88564,Providencia,Female,2019,1.9919170157481771
91001,Leticia,Female,2019,22.90028107240451
91263,El Encanto,Female,2019,0.7613825477148106
91405,La Chorrera,Female,2019,0.9969770880767838
91407,La Pedrera,Female,2019,1.791266202662212
91430,La Victoria,Female,2019,0.3585991761169376
91460,Mirití - Paraná,Female,2019,0.7781942170735994
91530,Puerto Alegría,Female,2019,0.6265932478693441
91536,Puerto Arica,Female,2019,0.503296779949103
91540,Puerto Nariño,Female,2019,3.7647865304885193
91669,Puerto Santander,Female,2019,0.7085401018513886
91798,Tarapacá,Female,2019,1.441899636523265
94001,Inírida,Female,2019,13.88921080647186
94343,Barrancominas,Female,2019,2.238051966085997
94883,San Felipe,Female,2019,0.6973802520666521
94884,Puerto Colombia,Female,2019,0.7818078882622206
94885,La Guadalupe,Female,2019,0.09221161399882122
94886,Cacahual,Female,2019,0.3170202760498327
94887,Pana Pana,Female,2019,0.7924411415539021
94888,Morichal,Female,2019,0.35787010501521416
95001,San José Del Guaviare,Female,2019,26.377212007810204
95015,Calamar,Female,2019,3.6344205277911645
95025,El Retorno,Female,2019,4.726851526855823
95200,Miraflores,Female,2019,2.506380832228413
97001,Mitú,Female,2019,11.011487227683109
97161,Carurú,Female,2019,1.6030862170354523
97511,Pacoa,Female,2019,1.399800642606504
97666,Taraira,Female,2019,0.8901032223887042
97777,Papunahua,Female,2019,0.2769002060488484
97889,Yavaraté,Female,2019,0.6278141740289602
99001,Puerto Carreño,Female,2019,9.873776590630294
99524,La Primavera,Female,2019,4.166177268951845
99624,Santa Rosalía,Female,2019,1.6675010178066174
99773,Cumaribo,Female,2019,33.94508936742937
5001,Medellín,Male,2019,1941.2919007222479
5002,Abejorral,Male,2019,22.73903071021326
5004,Abriaquí,Male,2019,2.7426120640733083
5021,Alejandría,Male,2019,4.264351339312007
5030,Amagá,Male,2019,27.134901412047725
5031,Amalfi,Male,2019,27.545647222481122
5034,Andes,Male,2019,50.7275909435719
5036,Angelópolis,Male,2019,5.742375403589518
5038,Angostura,Male,2019,13.491347328972129
5040,Anorí,Male,2019,21.938115608078355
5042,Santa Fé De Antioquia,Male,2019,25.014986763147814
5044,Anzá,Male,2019,8.241697722027343
5045,Apartadó,Male,2019,134.1114299431826
5051,Arboletes,Male,2019,33.85906353897459
5055,Argelia,Male,2019,8.056028376126452
5059,Armenia,Male,2019,5.380086900707187
5079,Barbosa,Male,2019,48.195733045158846
5086,Belmira,Male,2019,6.525742375876931
5088,Bello,Male,2019,430.1154259114926
5091,Betania,Male,2019,14.277794730608115
5093,Betulia,Male,2019,23.376957430655963
5101,Ciudad Bolívar,Male,2019,34.12522321253357
5107,Briceño,Male,2019,10.805830561419294
5113,Buriticá,Male,2019,11.470511544845397
5120,Cáceres,Male,2019,42.34879293102133
5125,Caicedo,Male,2019,10.171971034492053
5129,Caldas,Male,2019,68.19605823267304
5134,Campamento,Male,2019,11.162168800930145
5138,Cañasgordas,Male,2019,16.785959735968266
5142,Caracolí,Male,2019,4.725559594565916
5145,Caramanta,Male,2019,4.746669291649663
5147,Carepa,Male,2019,51.0537522385317
5148,El Carmen De Viboral,Male,2019,49.86562720360857
5150,Carolina,Male,2019,3.5279225463766353
5154,Caucasia,Male,2019,154.20073984740284
5172,Chigorodó,Male,2019,68.88807676871917
5190,Cisneros,Male,2019,12.946605630396729
5197,Cocorná,Male,2019,15.027244613948184
5206,Concepción,Male,2019,4.730731160207771
5209,Concordia,Male,2019,25.024509354396443
5212,Copacabana,Male,2019,64.3345663869058
5234,Dabeiba,Male,2019,24.803079552501508
5237,Donmatías,Male,2019,15.70932401612512
5240,Ebéjico,Male,2019,13.200770279375295
5250,El Bagre,Male,2019,60.67137497336691
5264,Entrerríos,Male,2019,10.242506342457943
5266,Envigado,Male,2019,185.14190914732637
5282,Fredonia,Male,2019,25.138441183100245
5284,Frontino,Male,2019,21.933012415891973
5306,Giraldo,Male,2019,6.097986618520384
5308,Girardota,Male,2019,43.270702627235245
5310,Gómez Plata,Male,2019,10.035664824665718
5313,Granada,Male,2019,8.440308066781125
5315,Guadalupe,Male,2019,7.161585044202129
5318,Guarne,Male,2019,47.73511972674365
5321,Guatapé,Male,2019,6.517486581414145
5347,Heliconia,Male,2019,6.1390072385564824
5353,Hispania,Male,2019,5.745450229306339
5360,Itagüí,Male,2019,225.72122089475585
5361,Ituango,Male,2019,51.03621642444267
5364,Jardín,Male,2019,14.386029036249163
5368,Jericó,Male,2019,12.607809513409844
5376,La Ceja,Male,2019,52.13478157741982
5380,La Estrella,Male,2019,59.36743634556263
5390,La Pintada,Male,2019,12.20456509440934
5400,La Unión,Male,2019,19.525250416064143
5411,Liborina,Male,2019,11.259349172035899
5425,Maceo,Male,2019,12.455151781675706
5440,Marinilla,Male,2019,51.90335794564505
5467,Montebello,Male,2019,7.426248435400419
5475,Murindó,Male,2019,5.511273118493936
5480,Mutatá,Male,2019,48.38480470147734
5483,Nariño,Male,2019,11.450012625656337
5490,Necoclí,Male,2019,49.2450896461195
5495,Nechí,Male,2019,32.14960596701539
5501,Olaya,Male,2019,2.964608847605276
5541,Peñol,Male,2019,17.24259167341707
5543,Peque,Male,2019,9.136626399387655
5576,Pueblorrico,Male,2019,9.70305399554056
5579,Puerto Berrío,Male,2019,64.87684927140549
5585,Puerto Nare,Male,2019,14.43000890839057
5591,Puerto Triunfo,Male,2019,30.760527675194183
5604,Remedios,Male,2019,35.17522234662241
5607,Retiro,Male,2019,19.706116032982887
5615,Rionegro,Male,2019,111.24117014645168
5628,Sabanalarga,Male,2019,11.3648415392834
5631,Sabaneta,Male,2019,69.26096128989171
5642,Salgar,Male,2019,21.737716615763713
5647,San Andrés De Cuerquía,Male,2019,8.211389517993966
5649,San Carlos,Male,2019,14.568001548081963
5652,San Francisco,Male,2019,5.844978614097257
5656,San Jerónimo,Male,2019,15.244127827904492
5658,San José De La Montaña,Male,2019,4.017592096238618
5659,San Juan De Urabá,Male,2019,23.64466991746473
5660,San Luis,Male,2019,11.51115342628776
5664,San Pedro De Los Milagros,Male,2019,23.63602367474211
5665,San Pedro De Urabá,Male,2019,37.679017615828734
5667,San Rafael,Male,2019,15.40931637985776
5670,San Roque,Male,2019,22.96503637666412
5674,San Vicente Ferrer,Male,2019,21.351777057070247
5679,Santa Bárbara,Male,2019,24.902557192254697
5686,Santa Rosa De Osos,Male,2019,45.27884763609988
5690,Santo Domingo,Male,2019,13.685926115313949
5697,El Santuario,Male,2019,28.859192498945198
5736,Segovia,Male,2019,68.30925165446271
5756,Sonsón,Male,2019,37.48799693095302
5761,Sopetrán,Male,2019,15.706826855648323
5789,Támesis,Male,2019,17.368565390861715
5790,Tarazá,Male,2019,58.663452530339676
5792,Tarso,Male,2019,6.979859709852854
5809,Titiribí,Male,2019,10.84245536827418
5819,Toledo,Male,2019,6.2758221811973405
5837,Turbo,Male,2019,167.6560330590108
5842,Uramita,Male,2019,7.910247163212887
5847,Urrao,Male,2019,30.930548376480257
5854,Valdivia,Male,2019,22.58726927933594
5856,Valparaíso,Male,2019,6.020052322074213
5858,Vegachí,Male,2019,16.793624508586262
5861,Venecia,Male,2019,15.965835093819344
5873,Vigía Del Fuerte,Male,2019,9.6700201204289
5885,Yalí,Male,2019,8.534965953217077
5887,Yarumal,Male,2019,42.73233818346219
5890,Yolombó,Male,2019,25.645707881891667
5893,Yondó,Male,2019,20.976533180085863
5895,Zaragoza,Male,2019,41.9966477337035
8001,Barranquilla,Male,2019,1273.696721842509
8078,Baranoa,Male,2019,62.22720702931684
8137,Campo De La Cruz,Male,2019,31.143807198555805
8141,Candelaria,Male,2019,18.77067645380503
8296,Galapa,Male,2019,52.336905183834155
8372,Juan De Acosta,Male,2019,22.3827424425031
8421,Luruaco,Male,2019,33.62160833654703
8433,Malambo,Male,2019,118.50363387126336
8436,Manatí,Male,2019,20.785702769094318
8520,Palmar De Varela,Male,2019,29.940704949644953
8549,Piojó,Male,2019,7.978901163269929
8558,Polonuevo,Male,2019,17.53165741960822
8560,Ponedera,Male,2019,26.38621610075365
8573,Puerto Colombia,Male,2019,39.50476383352179
8606,Repelón,Male,2019,30.235018884593863
8634,Sabanagrande,Male,2019,31.611305591948607
8638,Sabanalarga,Male,2019,92.65780286556902
8675,Santa Lucía,Male,2019,16.740821035719666
8685,Santo Tomás,Male,2019,27.282915627556452
8758,Soledad,Male,2019,494.18173272439856
8770,Suan,Male,2019,15.577177856727907
8832,Tubará,Male,2019,18.33994857179349
8849,Usiacurí,Male,2019,12.79112769952745
11001,"Bogotá, D.C.",Male,2019,5868.565374054466
13001,Cartagena De Indias,Male,2019,967.447129300897
13006,Achí,Male,2019,31.291944047207593
13030,Altos Del Rosario,Male,2019,14.040580738963882
13042,Arenal,Male,2019,10.704775089535513
13052,Arjona,Male,2019,75.95012957403112
13062,Arroyohondo,Male,2019,11.080132771823559
13074,Barranco De Loba,Male,2019,18.368145889769455
13140,Calamar,Male,2019,27.934986757479727
13160,Cantagallo,Male,2019,10.095538709959213
13188,Cicuco,Male,2019,15.881856628633933
13212,Córdoba,Male,2019,21.627388998669915
13222,Clemencia,Male,2019,18.305216421255327
13244,El Carmen De Bolívar,Male,2019,87.76243890399853
13248,El Guamo,Male,2019,11.890056072529651
13268,El Peñón,Male,2019,9.775851931257094
13300,Hatillo De Loba,Male,2019,16.29533939466239
13430,Magangué,Male,2019,148.73763484186463
13433,Mahates,Male,2019,32.60114322538453
13440,Margarita,Male,2019,13.781411278021542
13442,María La Baja,Male,2019,55.11529184208089
13458,Montecristo,Male,2019,24.816048031375182
13468,Mompós,Male,2019,47.16238002055177
13473,Morales,Male,2019,27.99231913239503
13490,Norosí,Male,2019,8.43114573252737
13549,Pinillos,Male,2019,30.890663596531738
13580,Regidor,Male,2019,7.081949973054234
13600,Río Viejo,Male,2019,13.29686410857047
13620,San Cristóbal,Male,2019,8.804949761359001
13647,San Estanislao,Male,2019,20.746009915110324
13650,San Fernando,Male,2019,15.146520217193244
13654,San Jacinto,Male,2019,30.0489451483394
13655,San Jacinto Del Cauca,Male,2019,13.884489568247048
13657,San Juan Nepomuceno,Male,2019,46.983610119778795
13667,San Martín De Loba,Male,2019,16.99594350446345
13670,San Pablo,Male,2019,32.705370784708066
13673,Santa Catalina,Male,2019,16.468754069694356
13683,Santa Rosa,Male,2019,25.458885350386176
13688,Santa Rosa Del Sur,Male,2019,36.57064847803014
13744,Simití,Male,2019,23.876102178170356
13760,Soplaviento,Male,2019,10.871518612574853
13780,Talaigua Nuevo,Male,2019,13.598793900937348
13810,Tiquisio,Male,2019,24.009902360969768
13836,Turbaco,Male,2019,100.26174940262774
13838,Turbaná,Male,2019,18.306723017736488
13873,Villanueva,Male,2019,28.84288538148146
13894,Zambrano,Male,2019,15.50085961752578
15001,Tunja,Male,2019,137.37456527619915
15022,Almeida,Male,2019,2.015682795583479
15047,Aquitania,Male,2019,16.062760380156163
15051,Arcabuco,Male,2019,5.054445537423985
15087,Belén,Male,2019,6.298167943918566
15090,Berbeo,Male,2019,1.6335465589482165
15092,Betéitiva,Male,2019,1.9259392204751773
15097,Boavita,Male,2019,5.300653530640705
15104,Boyacá,Male,2019,6.514103046629617
15106,Briceño,Male,2019,2.6858506955281247
15109,Buenavista,Male,2019,5.296270673845927
15114,Busbanzá,Male,2019,1.0114973129892075
15131,Caldas,Male,2019,3.376546376569647
15135,Campohermoso,Male,2019,3.5171813980241837
15162,Cerinza,Male,2019,3.22865171610127
15172,Chinavita,Male,2019,3.4591303761236207
15176,Chiquinquirá,Male,2019,51.0238597514559
15180,Chiscas,Male,2019,4.816532783919913
15183,Chita,Male,2019,9.80377896816189
15185,Chitaraque,Male,2019,9.359673133844542
15187,Chivatá,Male,2019,2.7496086983231813
15189,Ciénega,Male,2019,4.730985667786369
15204,Cómbita,Male,2019,21.992406479916642
15212,Coper,Male,2019,3.624749598543119
15215,Corrales,Male,2019,2.3569751067482465
15218,Covarachía,Male,2019,3.3518304853489806
15223,Cubará,Male,2019,11.231081628461324
15224,Cucaita,Male,2019,5.155867247404074
15226,Cuítiva,Male,2019,1.6831119428268546
15232,Chíquiza,Male,2019,5.603715650065441
15236,Chivor,Male,2019,3.1938927497133123
15238,Duitama,Male,2019,96.8435986499417
15244,El Cocuy,Male,2019,4.594898249150332
15248,El Espino,Male,2019,2.7287605535966106
15272,Firavitoba,Male,2019,5.249029631717892
15276,Floresta,Male,2019,3.181782408995687
15293,Gachantivá,Male,2019,3.6515647980543955
15296,Gámeza,Male,2019,5.327576573573852
15299,Garagoa,Male,2019,14.450655888272339
15317,Guacamayas,Male,2019,1.4690155779968708
15322,Guateque,Male,2019,9.4293856950347
15325,Guayatá,Male,2019,3.421385844739577
15332,Güicán De La Sierra,Male,2019,4.418034477285415
15362,Iza,Male,2019,1.7314001154345895
15367,Jenesano,Male,2019,7.249132619985608
15368,Jericó,Male,2019,5.364586291219077
15377,Labranzagrande,Male,2019,5.1445683344184445
15380,La Capilla,Male,2019,2.4451912342919537
15401,La Victoria,Male,2019,1.2589640041243775
15403,La Uvita,Male,2019,3.000839145753885
15407,Villa De Leyva,Male,2019,13.108345568958832
15425,Macanal,Male,2019,4.547150486925058
15442,Maripí,Male,2019,8.90408067845517
15455,Miraflores,Male,2019,7.661746882815252
15464,Mongua,Male,2019,4.898406515207842
15466,Monguí,Male,2019,3.546036653497506
15469,Moniquirá,Male,2019,21.460566771716504
15476,Motavita,Male,2019,6.179976501629697
15480,Muzo,Male,2019,10.653482382834426
15491,Nobsa,Male,2019,11.785420370641337
15494,Nuevo Colón,Male,2019,5.948311632589757
15500,Oicatá,Male,2019,2.298758169762801
15507,Otanche,Male,2019,9.61220787096118
15511,Pachavita,Male,2019,2.55729700181123
15514,Páez,Male,2019,3.449174870944149
15516,Paipa,Male,2019,27.158750573530813
15518,Pajarito,Male,2019,2.147973850868527
15522,Panqueba,Male,2019,1.8395859862692847
15531,Pauna,Male,2019,8.703225210621978
15533,Paya,Male,2019,3.697273137590141
15537,Paz De Río,Male,2019,3.4590674551192278
15542,Pesca,Male,2019,6.57355424972358
15550,Pisba,Male,2019,2.0921979359571306
15572,Puerto Boyacá,Male,2019,58.590196075218174
15580,Quípama,Male,2019,7.692366023036984
15599,Ramiriquí,Male,2019,9.726547121323478
15600,Ráquira,Male,2019,8.042181084067419
15621,Rondón,Male,2019,2.2949574900653014
15632,Saboyá,Male,2019,13.608246747155434
15638,Sáchica,Male,2019,4.80980502380573
15646,Samacá,Male,2019,18.9575132463112
15660,San Eduardo,Male,2019,1.7267470437633856
15664,San José De Pare,Male,2019,6.306612280785183
15667,San Luis De Gaceno,Male,2019,5.45425861411687
15673,San Mateo,Male,2019,3.1763958118134776
15676,San Miguel De Sema,Male,2019,3.0737958956953357
15681,San Pablo De Borbur,Male,2019,9.197926693396882
15686,Santana,Male,2019,12.09482881570637
15690,Santa María,Male,2019,3.421874510681264
15693,Santa Rosa De Viterbo,Male,2019,11.23847420883755
15696,Santa Sofía,Male,2019,3.090538338326135
15720,Sativanorte,Male,2019,3.898479250340835
15723,Sativasur,Male,2019,1.0523225266367113
15740,Siachoque,Male,2019,7.623342706288711
15753,Soatá,Male,2019,6.694676677110531
15755,Socotá,Male,2019,9.073978367345223
15757,Socha,Male,2019,8.11598343341198
15759,Sogamoso,Male,2019,101.78296298592079
15761,Somondoco,Male,2019,3.0639098871336308
15762,Sora,Male,2019,3.662332221928778
15763,Sotaquirá,Male,2019,8.025045416920559
15764,Soracá,Male,2019,6.002393838313011
15774,Susacón,Male,2019,2.7634513557361373
15776,Sutamarchán,Male,2019,5.803613713972559
15778,Sutatenza,Male,2019,4.533911172048773
15790,Tasco,Male,2019,5.336790697295585
15798,Tenza,Male,2019,3.9763085542517387
15804,Tibaná,Male,2019,9.591097995552499
15806,Tibasosa,Male,2019,9.816053579389102
15808,Tinjacá,Male,2019,3.188911599194372
15810,Tipacoque,Male,2019,3.4265404792882714
15814,Toca,Male,2019,8.640875884470471
15816,Togüí,Male,2019,5.283452749288691
15820,Tópaga,Male,2019,3.0064355197205437
15822,Tota,Male,2019,5.835837406205102
15832,Tununguá,Male,2019,1.7665368737737082
15835,Turmequé,Male,2019,7.031077989942044
15837,Tuta,Male,2019,7.410978893028916
15839,Tutazá,Male,2019,2.1344787890706294
15842,Úmbita,Male,2019,9.046383634615836
15861,Ventaquemada,Male,2019,14.028648264590538
15879,Viracachá,Male,2019,3.1571936697492275
15897,Zetaquira,Male,2019,5.247123405629973
17001,Manizales,Male,2019,345.97358503640635
17013,Aguadas,Male,2019,22.320507777741724
17042,Anserma,Male,2019,36.3025416700963
17050,Aranzazu,Male,2019,12.026608889639604
17088,Belalcázar,Male,2019,10.706123429005626
17174,Chinchiná,Male,2019,52.6374259086292
17272,Filadelfia,Male,2019,11.644810444689845
17380,La Dorada,Male,2019,70.56946635746593
17388,La Merced,Male,2019,6.027991934839326
17433,Manzanares,Male,2019,18.777933782702455
17442,Marmato,Male,2019,9.215526686766399
17444,Marquetalia,Male,2019,13.892373989070101
17446,Marulanda,Male,2019,2.7588755640299856
17486,Neira,Male,2019,22.11549143743877
17495,Norcasia,Male,2019,6.210065660811097
17513,Pácora,Male,2019,15.923225696623096
17524,Palestina,Male,2019,15.31735347442332
17541,Pensilvania,Male,2019,20.305048478359595
17614,Riosucio,Male,2019,47.8363206308572
17616,Risaralda,Male,2019,12.281549751489823
17653,Salamina,Male,2019,18.909071025493354
17662,Samaná,Male,2019,21.23891322204953
17665,San José,Male,2019,5.553496220910237
17777,Supía,Male,2019,27.051063839335242
17867,Victoria,Male,2019,9.988091787534348
17873,Villamaría,Male,2019,53.973644882367495
17877,Viterbo,Male,2019,11.013298514622326
18001,Florencia,Male,2019,202.9308464721506
18029,Albania,Male,2019,6.358273082334071
18094,Belén De Los Andaquíes,Male,2019,10.92909469020406
18150,Cartagena Del Chairá,Male,2019,37.63350031603184
18205,Curillo,Male,2019,8.672552168549434
18247,El Doncello,Male,2019,18.727579023339725
18256,El Paujíl,Male,2019,18.103598410064254
18410,La Montañita,Male,2019,17.47898152297872
18460,Milán,Male,2019,11.3557390508885
18479,Morelia,Male,2019,3.863720181447494
18592,Puerto Rico,Male,2019,27.755262971699324
18610,San José Del Fragua,Male,2019,16.12261746071705
18753,San Vicente Del Caguán,Male,2019,66.08816680844504
18756,Solano,Male,2019,14.688349356582009
18785,Solita,Male,2019,7.1409656221898405
18860,Valparaíso,Male,2019,7.36975155324713
19001,Popayán,Male,2019,266.74924141985383
19022,Almaguer,Male,2019,24.896843763194603
19050,Argelia,Male,2019,35.43749597950634
19075,Balboa,Male,2019,23.919222128431905
19100,Bolívar,Male,2019,46.73390732833973
19110,Buenos Aires,Male,2019,31.116620394757774
19130,Cajibío,Male,2019,51.82522996241866
19137,Caldono,Male,2019,44.740673625020264
19142,Caloto,Male,2019,31.144997930898665
19212,Corinto,Male,2019,36.41949064630738
19256,El Tambo,Male,2019,61.9305232281803
19290,Florencia,Male,2019,6.0050778834457335
19300,Guachené,Male,2019,11.565993773052838
19318,Guapi,Male,2019,30.515212225887204
19355,Inzá,Male,2019,33.98865880151094
19364,Jambaló,Male,2019,18.057140669478475
19392,La Sierra,Male,2019,13.672433812869103
19397,La Vega,Male,2019,31.074994615759756
19418,López De Micay,Male,2019,23.687000322879275
19450,Mercaderes,Male,2019,26.307601030296635
19455,Miranda,Male,2019,28.20344980153672
19473,Morales,Male,2019,42.87297007561235
19513,Padilla,Male,2019,9.035122184619096
19517,Páez,Male,2019,51.83470482342553
19532,Patía,Male,2019,39.92881518351999
19533,Piamonte,Male,2019,9.621991793118159
19548,Piendamó - Tunía,Male,2019,38.05084786417442
19573,Puerto Tejada,Male,2019,57.38734971432572
19585,Puracé,Male,2019,17.0906520682676
19622,Rosas,Male,2019,13.019752595077863
19693,San Sebastián,Male,2019,13.020236808000222
19698,Santander De Quilichao,Male,2019,110.83128292032909
19701,Santa Rosa,Male,2019,7.676155162794185
19743,Silvia,Male,2019,37.66674207456551
19760,Sotará - Paispamba,Male,2019,13.710637273098461
19780,Suárez,Male,2019,33.66848930438721
19785,Sucre,Male,2019,15.119871637670162
19807,Timbío,Male,2019,35.73367103595462
19809,Timbiquí,Male,2019,30.54200909133905
19821,Toribío,Male,2019,36.82473146107555
19824,Totoró,Male,2019,27.872523355997807
19845,Villa Rica,Male,2019,18.633845891242736
20001,Valledupar,Male,2019,500.2599914898587
20011,Aguachica,Male,2019,108.066140473372
20013,Agustín Codazzi,Male,2019,65.14347729281238
20032,Astrea,Male,2019,22.507018633772763
20045,Becerril,Male,2019,22.321783423395978
20060,Bosconia,Male,2019,45.239977469590684
20175,Chimichagua,Male,2019,35.94752429430326
20178,Chiriguaná,Male,2019,30.456685296001318
20228,Curumaní,Male,2019,37.86584801585964
20238,El Copey,Male,2019,31.862781566079057
20250,El Paso,Male,2019,36.79932483258436
20295,Gamarra,Male,2019,17.228260816737766
20310,González,Male,2019,5.738772481381632
20383,La Gloria,Male,2019,18.690291433056142
20400,La Jagua De Ibirico,Male,2019,41.306187156957925
20443,Manaure Balcón Del Cesar,Male,2019,10.798203889045292
20517,Pailitas,Male,2019,20.905829569066185
20550,Pelaya,Male,2019,23.7557525342025
20570,Pueblo Bello,Male,2019,31.577825313292855
20614,Río De Oro,Male,2019,20.254693858342314
20621,La Paz,Male,2019,27.67260613906636
20710,San Alberto,Male,2019,29.210189817270845
20750,San Diego,Male,2019,19.279444690961082
20770,San Martín,Male,2019,29.13082381554748
20787,Tamalameque,Male,2019,15.430889799953079
23001,Montería,Male,2019,441.8534027288806
23068,Ayapel,Male,2019,55.488562984462185
23079,Buenavista,Male,2019,25.152687086857732
23090,Canalete,Male,2019,20.59849134535825
23162,Cereté,Male,2019,103.64531807512249
23168,Chimá,Male,2019,23.429796880854216
23182,Chinú,Male,2019,55.272072126021094
23189,Ciénaga De Oro,Male,2019,70.71194205933784
23300,Cotorra,Male,2019,19.79901596301884
23350,La Apartada,Male,2019,16.72575920183802
23417,Lorica,Male,2019,116.13495558990319
23419,Los Córdobas,Male,2019,23.193989254387485
23464,Momil,Male,2019,20.612060668115333
23466,Montelíbano,Male,2019,80.07363696109614
23500,Moñitos,Male,2019,37.60472938544952
23555,Planeta Rica,Male,2019,66.60979574419997
23570,Pueblo Nuevo,Male,2019,41.49738071437059
23574,Puerto Escondido,Male,2019,31.836321106695486
23580,Puerto Libertador,Male,2019,49.35710461932491
23586,Purísima De La Concepción,Male,2019,20.160139242878913
23660,Sahagún,Male,2019,111.83797304694657
23670,San Andrés De Sotavento,Male,2019,69.2681162606396
23672,San Antero,Male,2019,35.965229078854215
23675,San Bernardo Del Viento,Male,2019,43.276718143616
23678,San Carlos,Male,2019,33.81326684094532
23682,San José De Uré,Male,2019,9.678831387832464
23686,San Pelayo,Male,2019,58.51840129191217
23807,Tierralta,Male,2019,112.77616062822193
23815,Tuchín,Male,2019,46.5519055852832
23855,Valencia,Male,2019,40.013528489626594
25001,Agua De Dios,Male,2019,10.758880294565177
25019,Albán,Male,2019,5.873217295041011
25035,Anapoima,Male,2019,13.751449078504406
25040,Anolaima,Male,2019,13.958123318302576
25053,Arbeláez,Male,2019,9.057061465941699
25086,Beltrán,Male,2019,1.9883522643563696
25095,Bituima,Male,2019,2.473062455631215
25099,Bojacá,Male,2019,9.265134121897937
25120,Cabrera,Male,2019,5.914705272781867
25123,Cachipay,Male,2019,9.798409232286243
25126,Cajicá,Male,2019,66.16218986506456
25148,Caparrapí,Male,2019,14.94332775672063
25151,Cáqueza,Male,2019,17.761407126812628
25154,Carmen De Carupa,Male,2019,8.550710795405408
25168,Chaguaní,Male,2019,6.1102101357087495
25175,Chía,Male,2019,123.64225665990597
25178,Chipaque,Male,2019,9.847355904401038
25181,Choachí,Male,2019,10.359760660486584
25183,Chocontá,Male,2019,27.73493336768062
25200,Cogua,Male,2019,19.175994748010403
25214,Cota,Male,2019,26.32734236026576
25224,Cucunubá,Male,2019,7.364139556314531
25245,El Colegio,Male,2019,21.77570390627134
25258,El Peñón,Male,2019,5.46508422087479
25260,El Rosal,Male,2019,19.311730641839848
25269,Facatativá,Male,2019,142.00309191993412
25279,Fómeque,Male,2019,11.977220186644832
25281,Fosca,Male,2019,7.012202382110267
25286,Funza,Male,2019,80.60039578082028
25288,Fúquene,Male,2019,4.2984017493829745
25290,Fusagasugá,Male,2019,130.11431661295018
25293,Gachalá,Male,2019,5.590099415261704
25295,Gachancipá,Male,2019,15.287571465159662
25297,Gachetá,Male,2019,10.597192611516638
25299,Gama,Male,2019,3.413949581916438
25307,Girardot,Male,2019,144.53601823398913
25312,Granada,Male,2019,6.510520093557605
25317,Guachetá,Male,2019,13.957241532314082
25320,Guaduas,Male,2019,38.76552295018562
25322,Guasca,Male,2019,13.085925809753588
25324,Guataquí,Male,2019,2.8214879680205214
25326,Guatavita,Male,2019,6.816279469358294
25328,Guayabal De Síquima,Male,2019,4.415400816617942
25335,Guayabetal,Male,2019,6.338659562172518
25339,Gutiérrez,Male,2019,3.8078122984008775
25368,Jerusalén,Male,2019,2.443622325017256
25372,Junín,Male,2019,7.145433471107298
25377,La Calera,Male,2019,27.307466067388845
25386,La Mesa,Male,2019,35.59993353631326
25394,La Palma,Male,2019,10.795411160060196
25398,La Peña,Male,2019,7.935493109738562
25402,La Vega,Male,2019,15.99921703494601
25407,Lenguazaque,Male,2019,10.746030019467266
25426,Machetá,Male,2019,6.988215394935579
25430,Madrid,Male,2019,94.82452355056559
25436,Manta,Male,2019,3.8945001088915907
25438,Medina,Male,2019,9.446312896910072
25473,Mosquera,Male,2019,110.0788825882456
25483,Nariño,Male,2019,2.7280774522070974
25486,Nemocón,Male,2019,13.64637548291938
25488,Nilo,Male,2019,10.374718988109045
25489,Nimaima,Male,2019,3.8729516117330007
25491,Nocaima,Male,2019,6.039452972418566
25506,Venecia,Male,2019,4.718570996136309
25513,Pacho,Male,2019,27.53327384635186
25518,Paime,Male,2019,5.453546776505592
25524,Pandi,Male,2019,5.275188256643272
25530,Paratebueno,Male,2019,9.297059099833973
25535,Pasca,Male,2019,9.58823820482066
25572,Puerto Salgar,Male,2019,16.84525111382469
25580,Pulí,Male,2019,3.9316309994555274
25592,Quebradanegra,Male,2019,4.9316217922209615
25594,Quetame,Male,2019,5.483518007891026
25596,Quipile,Male,2019,7.560675679404031
25599,Apulo,Male,2019,7.913302613756521
25612,Ricaurte,Male,2019,11.417573037189516
25645,San Antonio Del Tequendama,Male,2019,10.508246838887032
25649,San Bernardo,Male,2019,8.960068885945013
25653,San Cayetano,Male,2019,5.3575461870274665
25658,San Francisco,Male,2019,9.12325941419152
25662,San Juan De Rioseco,Male,2019,9.252458134486341
25718,Sasaima,Male,2019,11.32559571478112
25736,Sesquilé,Male,2019,11.264029790584118
25740,Sibaté,Male,2019,45.439020165626694
25743,Silvania,Male,2019,21.76337717257368
25745,Simijaca,Male,2019,12.45138749561869
25754,Soacha,Male,2019,552.7828533370564
25758,Sopó,Male,2019,24.68253232882457
25769,Subachoque,Male,2019,12.92611885652562
25772,Suesca,Male,2019,15.692634615221024
25777,Supatá,Male,2019,5.205365202730461
25779,Susa,Male,2019,6.4990735499256225
25781,Sutatausa,Male,2019,5.988678481136385
25785,Tabio,Male,2019,19.332097919924625
25793,Tausa,Male,2019,7.785122178314596
25797,Tena,Male,2019,8.49958868909984
25799,Tenjo,Male,2019,20.74343137689627
25805,Tibacuy,Male,2019,4.285559360709723
25807,Tibirita,Male,2019,4.009611016787958
25815,Tocaima,Male,2019,14.850846675618085
25817,Tocancipá,Male,2019,35.34102114724206
25823,Topaipí,Male,2019,5.206880518665115
25839,Ubalá,Male,2019,8.492013991309243
25841,Ubaque,Male,2019,7.594619752372516
25843,Villa De San Diego De Ubaté,Male,2019,50.16594380918122
25845,Une,Male,2019,7.507858611005846
25851,Útica,Male,2019,4.991161544561706
25862,Vergara,Male,2019,8.816926723362535
25867,Vianí,Male,2019,4.460264248283759
25871,Villagómez,Male,2019,1.9344005067074357
25873,Villapinzón,Male,2019,17.95608650301332
25875,Villeta,Male,2019,29.374450374692998
25878,Viotá,Male,2019,14.415055892082457
25885,Yacopí,Male,2019,16.28226491237949
25898,Zipacón,Male,2019,4.727535843176229
25899,Zipaquirá,Male,2019,122.48497655294913
27001,Quibdó,Male,2019,155.14107531242698
27006,Acandí,Male,2019,14.691732097588257
27025,Alto Baudó,Male,2019,34.922445412211125
27050,Atrato,Male,2019,6.534109550571095
27073,Bagadó,Male,2019,12.96395676591528
27075,Bahía Solano,Male,2019,9.798560053019488
27077,Bajo Baudó,Male,2019,35.51272483454881
27099,Bojayá,Male,2019,13.14926605813866
27135,El Cantón Del San Pablo,Male,2019,6.422962841803881
27150,Carmen Del Darién,Male,2019,25.632174761698273
27160,Cértegui,Male,2019,5.992425094927281
27205,Condoto,Male,2019,12.532779785686849
27245,El Carmen De Atrato,Male,2019,8.719398208592027
27250,El Litoral Del San Juan,Male,2019,27.248052476169786
27361,Istmina,Male,2019,33.653405662574876
27372,Juradó,Male,2019,7.973305706141791
27413,Lloró,Male,2019,10.875837546194198
27425,Medio Atrato,Male,2019,14.768112944509044
27430,Medio Baudó,Male,2019,18.205845781203845
27450,Medio San Juan,Male,2019,12.375921248246264
27491,Nóvita,Male,2019,10.180468160403253
27495,Nuquí,Male,2019,18.920011700603393
27580,Río Iró,Male,2019,6.265813194873567
27600,Río Quito,Male,2019,8.872518125136736
27615,Riosucio,Male,2019,85.4849581317311
27660,San José Del Palmar,Male,2019,9.365157590009424
27745,Sipí,Male,2019,3.8704960523163656
27787,Tadó,Male,2019,18.619477804032456
27800,Unguía,Male,2019,14.963335230503198
27810,Unión Panamericana,Male,2019,7.952742747006088
41001,Neiva,Male,2019,367.38507068932296
41006,Acevedo,Male,2019,38.84373556123507
41013,Agrado,Male,2019,10.20687779450088
41016,Aipe,Male,2019,17.514147567151333
41020,Algeciras,Male,2019,25.549069653684626
41026,Altamira,Male,2019,3.7250121749027842
41078,Baraya,Male,2019,9.980893018858984
41132,Campoalegre,Male,2019,33.1277328854723
41206,Colombia,Male,2019,9.649766078576246
41244,Elías,Male,2019,4.051060671864598
41298,Garzón,Male,2019,76.83234582430678
41306,Gigante,Male,2019,25.645321604467167
41319,Guadalupe,Male,2019,20.095445797382524
41349,Hobo,Male,2019,7.465291315777932
41357,Íquira,Male,2019,10.625733941604393
41359,Isnos,Male,2019,26.91629616199006
41378,La Argentina,Male,2019,15.464204066981761
41396,La Plata,Male,2019,67.74689095792883
41483,Nátaga,Male,2019,6.961146284232146
41503,Oporapa,Male,2019,14.966164351459657
41518,Paicol,Male,2019,6.281647384543564
41524,Palermo,Male,2019,25.076123360428372
41530,Palestina,Male,2019,13.5125900924667
41548,Pital,Male,2019,14.727059741787032
41551,Pitalito,Male,2019,145.98475726721696
41615,Rivera,Male,2019,24.01801876455927
41660,Saladoblanco,Male,2019,14.485683639629062
41668,San Agustín,Male,2019,32.75172170965717
41676,Santa María,Male,2019,12.629976921878074
41770,Suaza,Male,2019,22.645533891771702
41791,Tarqui,Male,2019,20.135551167639683
41797,Tesalia,Male,2019,10.679624696976358
41799,Tello,Male,2019,12.413144686992283
41801,Teruel,Male,2019,8.452280270331029
41807,Timaná,Male,2019,23.14954543068205
41872,Villavieja,Male,2019,8.121066041763207
41885,Yaguará,Male,2019,6.957998685129934
44001,Riohacha,Male,2019,257.15864800274113
44035,Albania,Male,2019,29.51838656150252
44078,Barrancas,Male,2019,35.94675204708874
44090,Dibulla,Male,2019,46.93274220590061
44098,Distracción,Male,2019,12.992604014264069
44110,El Molino,Male,2019,7.516608086482454
44279,Fonseca,Male,2019,38.12197508689429
44378,Hatonuevo,Male,2019,19.38667465537647
44420,La Jagua Del Pilar,Male,2019,3.814192913057776
44430,Maicao,Male,2019,236.56354500866735
44560,Manaure,Male,2019,102.96070791750772
44650,San Juan Del Cesar,Male,2019,46.072361847217934
44847,Uribia,Male,2019,241.09563717946327
44855,Urumita,Male,2019,9.756454042819204
44874,Villanueva,Male,2019,24.270426153623507
47001,Santa Marta,Male,2019,530.591361192669
47030,Algarrobo,Male,2019,18.056985560623364
47053,Aracataca,Male,2019,40.10338969290943
47058,Ariguaní,Male,2019,36.28833938822411
47161,Cerro De San Antonio,Male,2019,12.472816022642752
47170,Chivolo,Male,2019,27.288350450091592
47189,Ciénaga,Male,2019,128.2196738139064
47205,Concordia,Male,2019,15.23600694592181
47245,El Banco,Male,2019,73.93019580838306
47258,El Piñón,Male,2019,26.776002193497845
47268,El Retén,Male,2019,24.011875842069845
47288,Fundación,Male,2019,71.36306199088597
47318,Guamal,Male,2019,31.999534123636455
47460,Nueva Granada,Male,2019,26.383370333443004
47541,Pedraza,Male,2019,11.099572268390322
47545,Pijiño Del Carmen,Male,2019,14.341743261744202
47551,Pivijay,Male,2019,45.418343902917115
47555,Plato,Male,2019,70.08710321099863
47570,Puebloviejo,Male,2019,36.66833989197802
47605,Remolino,Male,2019,13.89107906333361
47660,Sabanas De San Ángel,Male,2019,21.86813223968711
47675,Salamina,Male,2019,11.967914834782803
47692,San Sebastián De Buenavista,Male,2019,24.57283747434737
47703,San Zenón,Male,2019,13.294107683281188
47707,Santa Ana,Male,2019,26.924484151291797
47720,Santa Bárbara De Pinto,Male,2019,13.039035955854482
47745,Sitionuevo,Male,2019,39.03588934802988
47798,Tenerife,Male,2019,15.97697378555841
47960,Zapayán,Male,2019,14.439197683814989
47980,Zona Bananera,Male,2019,77.04108873262557
50001,Villavicencio,Male,2019,486.61256306596056
50006,Acacías,Male,2019,81.022149131337045
50110,Barranca De Upía,Male,2019,7.112105255648974
50124,Cabuyaro,Male,2019,6.4510303907924484
50150,Castilla La Nueva,Male,2019,13.427961551067428
50223,Cubarral,Male,2019,5.757689191598593
50226,Cumaral,Male,2019,19.171468221288762
50245,El Calvario,Male,2019,1.5675412670094442
50251,El Castillo,Male,2019,7.979734809775111
50270,El Dorado,Male,2019,4.814460708009264
50287,Fuente De Oro,Male,2019,13.058694756092049
50313,Granada,Male,2019,82.13390544307597
50318,Guamal,Male,2019,11.93232400237697
50325,Mapiripán,Male,2019,9.011402793711492
50330,Mesetas,Male,2019,12.670351978195288
50350,La Macarena,Male,2019,38.778542696896054
50370,Uribe,Male,2019,12.896993672595325
50400,Lejanías,Male,2019,11.388364399552646
50450,Puerto Concordia,Male,2019,10.81766981723306
50568,Puerto Gaitán,Male,2019,49.494949280569045
50573,Puerto López,Male,2019,33.136022091374976
50577,Puerto Lleras,Male,2019,11.711179028206871
50590,Puerto Rico,Male,2019,16.721715023070267
50606,Restrepo,Male,2019,14.435636522916202
50680,San Carlos De Guaroa,Male,2019,12.377107227865805
50683,San Juan De Arama,Male,2019,9.428722897998217
50686,San Juanito,Male,2019,1.4478531611786711
50689,San Martín,Male,2019,22.368676269057733
50711,Vistahermosa,Male,2019,21.091477651764624
52001,Pasto,Male,2019,316.0183535554484
52019,Albán,Male,2019,10.939320108949934
52022,Aldana,Male,2019,6.652212981590005
52036,Ancuya,Male,2019,8.266612734216656
52051,Arboleda,Male,2019,10.796894693863477
52079,Barbacoas,Male,2019,69.20766102384957
52083,Belén,Male,2019,6.5373167276432955
52110,Buesaco,Male,2019,25.248924395437967
52203,Colón,Male,2019,9.54687360658932
52207,Consacá,Male,2019,14.116254260143679
52210,Contadero,Male,2019,7.8456024210862925
52215,Córdoba,Male,2019,15.49382981725663
52224,Cuaspud Carlosama,Male,2019,10.746467237484339
52227,Cumbal,Male,2019,33.902448387654765
52233,Cumbitara,Male,2019,6.340555259999889
52240,Chachagüí,Male,2019,14.875719464056763
52250,El Charco,Male,2019,27.508979500991096
52254,El Peñol,Male,2019,8.907709906891963
52256,El Rosario,Male,2019,15.995951047760386
52258,El Tablón De Gómez,Male,2019,17.900113658124244
52260,El Tambo,Male,2019,13.97167223063936
52287,Funes,Male,2019,7.980375020770731
52317,Guachucal,Male,2019,19.413510189270223
52320,Guaitarilla,Male,2019,11.964026590037072
52323,Gualmatán,Male,2019,6.8602410185620375
52352,Iles,Male,2019,8.345255323006821
52354,Imués,Male,2019,8.172324577048562
52356,Ipiales,Male,2019,99.93865464144272
52378,La Cruz,Male,2019,18.168426622091335
52381,La Florida,Male,2019,13.423176485281028
52385,La Llanada,Male,2019,6.230176099460565
52390,La Tola,Male,2019,8.400738141509304
52399,La Unión,Male,2019,39.09555685407501
52405,Leiva,Male,2019,12.39659859009932
52411,Linares,Male,2019,10.872361599146089
52418,Los Andes,Male,2019,10.535935994214512
52427,Magüí,Male,2019,31.295838591176185
52435,Mallama,Male,2019,9.471350035621077
52473,Mosquera,Male,2019,16.101445832410487
52480,Nariño,Male,2019,4.9569063813693255
52490,Olaya Herrera,Male,2019,29.848522505996563
52506,Ospina,Male,2019,6.867817931351221
52520,Francisco Pizarro,Male,2019,18.123569315368343
52540,Policarpa,Male,2019,11.75128686438456
52560,Potosí,Male,2019,9.255637914443179
52565,Providencia,Male,2019,7.715155478481737
52573,Puerres,Male,2019,8.082109373492408
52585,Pupiales,Male,2019,17.00452963344347
52612,Ricaurte,Male,2019,24.639656408754405
52621,Roberto Payán,Male,2019,16.549929471321047
52678,Samaniego,Male,2019,36.5376249370106
52683,Sandoná,Male,2019,19.182032108626544
52685,San Bernardo,Male,2019,13.068012402629206
52687,San Lorenzo,Male,2019,24.64776141492277
52693,San Pablo,Male,2019,16.592586608299342
52694,San Pedro De Cartago,Male,2019,8.96307179984921
52696,Santa Bárbara,Male,2019,17.28090490338987
52699,Santacruz,Male,2019,15.231103284080092
52720,Sapuyes,Male,2019,8.275142371998374
52786,Taminango,Male,2019,19.574803391866848
52788,Tangua,Male,2019,16.002638237562124
52835,San Andrés De Tumaco,Male,2019,278.593950386887
52838,Túquerres,Male,2019,43.90291404690308
52885,Yacuanquer,Male,2019,12.456538184154557
54001,San José De Cúcuta,Male,2019,768.2109444361037
54003,Ábrego,Male,2019,39.4113716040236
54051,Arboledas,Male,2019,12.346342900870939
54099,Bochalema,Male,2019,8.611524175592129
54109,Bucarasica,Male,2019,8.402827598404915
54125,Cácota,Male,2019,4.22413216117708
54128,Cáchira,Male,2019,13.73305481281309
54172,Chinácota,Male,2019,16.16688548296941
54174,Chitagá,Male,2019,15.606999432265
54206,Convención,Male,2019,23.422872659365964
54223,Cucutilla,Male,2019,12.487282544855423
54239,Durania,Male,2019,5.3965121996101395
54245,El Carmen,Male,2019,18.17812851218326
54250,El Tarra,Male,2019,27.68975727410428
54261,El Zulia,Male,2019,29.938203858355642
54313,Gramalote,Male,2019,9.761504555414337
54344,Hacarí,Male,2019,13.84166912206311
54347,Herrán,Male,2019,8.746419825690978
54377,Labateca,Male,2019,7.143994064671765
54385,La Esperanza,Male,2019,13.881500117451102
54398,La Playa,Male,2019,13.257250603876269
54405,Los Patios,Male,2019,76.43525469047862
54418,Lourdes,Male,2019,4.47674421745211
54480,Mutiscua,Male,2019,4.921393333520639
54498,Ocaña,Male,2019,129.20474431492025
54518,Pamplona,Male,2019,40.65267485122862
54520,Pamplonita,Male,2019,6.180103838654449
54553,Puerto Santander,Male,2019,19.79570274804437
54599,Ragonvalia,Male,2019,7.031940096891901
54660,Salazar,Male,2019,11.933589312614714
54670,San Calixto,Male,2019,16.951283207958834
54673,San Cayetano,Male,2019,7.487276368395542
54680,Santiago,Male,2019,4.232258349380658
54720,Sardinata,Male,2019,30.774082491769043
54743,Silos,Male,2019,7.6824049830832095
54800,Teorama,Male,2019,20.980254090407403
54810,Tibú,Male,2019,100.61772275253598
54820,Toledo,Male,2019,18.517047108849845
54871,Villa Caro,Male,2019,6.373071149173838
54874,Villa Del Rosario,Male,2019,91.34136555233867
63001,Armenia,Male,2019,250.70204424739393
63111,Buenavista,Male,2019,3.0402093802443124
63130,Calarcá,Male,2019,62.89972117774385
63190,Circasia,Male,2019,23.23753669707098
63212,Córdoba,Male,2019,5.939700704759776
63272,Filandia,Male,2019,10.110003225175769
63302,Génova,Male,2019,8.081981193573279
63401,La Tebaida,Male,2019,38.67991542202587
63470,Montenegro,Male,2019,40.01598665073905
63548,Pijao,Male,2019,4.955449177597001
63594,Quimbaya,Male,2019,31.46410208127142
63690,Salento,Male,2019,8.676261446430791
66001,Pereira,Male,2019,403.15571345775413
66045,Apía,Male,2019,13.29356056724808
66075,Balboa,Male,2019,7.531482912417587
66088,Belén De Umbría,Male,2019,25.35163403515442
66170,Dosquebradas,Male,2019,169.75520325747254
66318,Guática,Male,2019,13.199720222984759
66383,La Celia,Male,2019,8.314746781589655
66400,La Virginia,Male,2019,31.422501039578364
66440,Marsella,Male,2019,16.2620657550911
66456,Mistrató,Male,2019,18.850026724693986
66572,Pueblo Rico,Male,2019,21.734042301143713
66594,Quinchía,Male,2019,28.55051996036836
66682,Santa Rosa De Cabal,Male,2019,67.79917680950251
66687,Santuario,Male,2019,13.744607938052535
68001,Bucaramanga,Male,2019,492.2341144705757
68013,Aguada,Male,2019,4.25757667899509
68020,Albania,Male,2019,5.217687178054862
68051,Aratoca,Male,2019,9.323747888246784
68077,Barbosa,Male,2019,25.74661158659236
68079,Barichara,Male,2019,9.635001851371591
68081,Barrancabermeja,Male,2019,238.40769943125576
68092,Betulia,Male,2019,6.7219823339379206
68101,Bolívar,Male,2019,12.662743982232964
68121,Cabrera,Male,2019,2.6407464712047535
68132,California,Male,2019,1.9508058031390532
68147,Capitanejo,Male,2019,5.438213027563974
68152,Carcasí,Male,2019,5.960155540423546
68160,Cepitá,Male,2019,2.073271744642808
68162,Cerrito,Male,2019,7.853246752453032
68167,Charalá,Male,2019,11.015638277762694
68169,Charta,Male,2019,3.1721676406962507
68176,Chima,Male,2019,3.474802753436574
68179,Chipatá,Male,2019,6.387887635272503
68190,Cimitarra,Male,2019,35.16877728405301
68207,Concepción,Male,2019,5.954114748861871
68209,Confines,Male,2019,4.397520025071891
68211,Contratación,Male,2019,3.499300019810359
68217,Coromoro,Male,2019,6.370731579457678
68229,Curití,Male,2019,13.217557498425679
68235,El Carmen De Chucuri,Male,2019,29.022949319912897
68245,El Guacamayo,Male,2019,2.286305986019008
68250,El Peñón,Male,2019,7.078411042248191
68255,El Playón,Male,2019,15.065087774429289
68264,Encino,Male,2019,2.5467374032232035
68266,Enciso,Male,2019,3.5320133718869524
68271,Florián,Male,2019,7.336669623047943
68276,Floridablanca,Male,2019,226.9408062663727
68296,Galán,Male,2019,3.864312370947949
68298,Gámbita,Male,2019,4.99514974051826
68307,Girón,Male,2019,135.19135929741188
68318,Guaca,Male,2019,8.704647217619524
68320,Guadalupe,Male,2019,5.113839781538073
68322,Guapotá,Male,2019,2.6547757897616746
68324,Guavatá,Male,2019,4.754942755374404
68327,Güepsa,Male,2019,5.031319839424888
68344,Hato,Male,2019,2.9470438927680567
68368,Jesús María,Male,2019,3.592521297343438
68370,Jordán,Male,2019,1.6680694834104726
68377,La Belleza,Male,2019,6.480224499622337
68385,Landázuri,Male,2019,12.52279396590718
68397,La Paz,Male,2019,5.458054568772476
68406,Lebrija,Male,2019,41.091778063090345
68418,Los Santos,Male,2019,16.818285947733003
68425,Macaravita,Male,2019,2.57036020364602
68432,Málaga,Male,2019,16.541345902327514
68444,Matanza,Male,2019,5.657878563489545
68464,Mogotes,Male,2019,12.502400343998154
68468,Molagavita,Male,2019,5.131836400149829
68498,Ocamonte,Male,2019,6.54992667175968
68500,Oiba,Male,2019,11.485674523003743
68502,Onzaga,Male,2019,5.078187442523577
68522,Palmar,Male,2019,1.4929840091086475
68524,Palmas Del Socorro,Male,2019,2.4188635889801526
68533,Páramo,Male,2019,4.9185328199123886
68547,Piedecuesta,Male,2019,139.52833374790566
68549,Pinchote,Male,2019,4.851558897931698
68572,Puente Nacional,Male,2019,13.163440002158467
68573,Puerto Parra,Male,2019,7.790697452594376
68575,Puerto Wilches,Male,2019,34.01874343730079
68615,Rionegro,Male,2019,29.007480056366283
68655,Sabana De Torres,Male,2019,33.27315763644305
68669,San Andrés,Male,2019,10.009039584690921
68673,San Benito,Male,2019,4.293745537950249
68679,San Gil,Male,2019,45.81994753863918
68682,San Joaquín,Male,2019,2.4954382178071493
68684,San José De Miranda,Male,2019,5.060465808554732
68686,San Miguel,Male,2019,2.5757299705242316
68689,San Vicente De Chucurí,Male,2019,34.913178230606555
68705,Santa Bárbara,Male,2019,3.4120247120498983
68720,Santa Helena Del Opón,Male,2019,4.321402314147186
68745,Simacota,Male,2019,12.292095741499617
68755,Socorro,Male,2019,25.52862396862399
68770,Suaita,Male,2019,11.652440111548293
68773,Sucre,Male,2019,8.141691312891172
68780,Suratá,Male,2019,4.69125963029507
68820,Tona,Male,2019,9.187014387733095
68855,Valle De San José,Male,2019,6.583765373676483
68861,Vélez,Male,2019,24.61679244712612
68867,Vetas,Male,2019,2.5764048278396867
68872,Villanueva,Male,2019,7.083323867185143
68895,Zapatoca,Male,2019,8.006623014358219
70001,Sincelejo,Male,2019,289.83247029653825
70110,Buenavista,Male,2019,11.864344493908089
70124,Caimito,Male,2019,19.53644482566653
70204,Colosó,Male,2019,11.159006148682312
70215,Corozal,Male,2019,66.41344621842664
70221,Coveñas,Male,2019,20.097296905770957
70230,Chalán,Male,2019,6.95679658536575
70233,El Roble,Male,2019,13.787432064763989
70235,Galeras,Male,2019,23.69824928718855
70265,Guaranda,Male,2019,24.33079123988172
70400,La Unión,Male,2019,15.352187764897119
70418,Los Palmitos,Male,2019,24.474162858035605
70429,Majagual,Male,2019,49.585111323828954
70473,Morroa,Male,2019,16.381275812027486
70508,Ovejas,Male,2019,27.88119805613689
70523,Palmito,Male,2019,18.230177596672437
70670,Sampués,Male,2019,58.10716190039655
70678,San Benito Abad,Male,2019,39.13053925383121
70702,San Juan De Betulia,Male,2019,15.980037638132554
70708,San Marcos,Male,2019,70.34074153233277
70713,San Onofre,Male,2019,65.95667021273974
70717,San Pedro,Male,2019,21.38615058900282
70742,San Luis De Sincé,Male,2019,36.236105831830535
70771,Sucre,Male,2019,41.24743671998451
70820,Santiago De Tolú,Male,2019,32.259863040575276
70823,San José De Toluviejo,Male,2019,24.003035035144872
73001,Ibagué,Male,2019,423.6134953291433
73024,Alpujarra,Male,2019,4.077886694946447
73026,Alvarado,Male,2019,9.096437933814332
73030,Ambalema,Male,2019,6.286304929749811
73043,Anzoátegui,Male,2019,12.97048565926139
73055,Armero,Male,2019,11.002622350179163
73067,Ataco,Male,2019,24.64277046406323
73124,Cajamarca,Male,2019,20.10576657473342
73148,Carmen De Apicalá,Male,2019,8.703147254616933
73152,Casabianca,Male,2019,7.408107532886251
73168,Chaparral,Male,2019,57.93510418461645
73200,Coello,Male,2019,9.727480899211963
73217,Coyaima,Male,2019,28.512460058988996
73226,Cunday,Male,2019,9.016913701332992
73236,Dolores,Male,2019,7.998301535338176
73268,Espinal,Male,2019,69.9049119986146
73270,Falan,Male,2019,8.054989470398679
73275,Flandes,Male,2019,26.063777003038503
73283,Fresno,Male,2019,33.089204178121804
73319,Guamo,Male,2019,30.943581584827
73347,Herveo,Male,2019,9.20270077025073
73349,Honda,Male,2019,23.29328166658786
73352,Icononzo,Male,2019,11.254242221004322
73408,Lérida,Male,2019,16.88930934404832
73411,Líbano,Male,2019,36.333222704970396
73443,San Sebastián De Mariquita,Male,2019,34.13121042984368
73449,Melgar,Male,2019,34.56483767890667
73461,Murillo,Male,2019,5.619372142500474
73483,Natagaima,Male,2019,17.96136818566487
73504,Ortega,Male,2019,38.7569550872262
73520,Palocabildo,Male,2019,11.106739100528356
73547,Piedras,Male,2019,6.214993881999832
73555,Planadas,Male,2019,28.802599182175538
73563,Prado,Male,2019,8.57238476834597
73585,Purificación,Male,2019,22.556584812873407
73616,Rioblanco,Male,2019,26.977084510920516
73622,Roncesvalles,Male,2019,5.93517515576132
73624,Rovira,Male,2019,23.8127815249902
73671,Saldaña,Male,2019,14.549303665242766
73675,San Antonio,Male,2019,14.79072643270117
73678,San Luis,Male,2019,13.839773412868267
73686,Santa Isabel,Male,2019,6.924175354942742
73770,Suárez,Male,2019,3.8811503596101034
73854,Valle De San Juan,Male,2019,5.798855589825301
73861,Venadillo,Male,2019,12.696077668552247
73870,Villahermosa,Male,2019,11.382101960423098
73873,Villarrica,Male,2019,5.358796873032519
76001,Cali,Male,2019,1856.513740568266
76020,Alcalá,Male,2019,18.95691993530459
76036,Andalucía,Male,2019,16.50811396340597
76041,Ansermanuevo,Male,2019,19.022216483222337
76054,Argelia,Male,2019,6.9460874325767605
76100,Bolívar,Male,2019,15.631856813068609
76109,Buenaventura,Male,2019,327.226892402441
76111,Guadalajara De Buga,Male,2019,105.09347209431876
76113,Bugalagrande,Male,2019,22.74270301420173
76122,Caicedonia,Male,2019,34.08325035872036
76126,Calima,Male,2019,16.0124360921554
76130,Candelaria,Male,2019,83.1333955445305
76147,Cartago,Male,2019,121.48516361339551
76233,Dagua,Male,2019,42.982551545719616
76243,El Águila,Male,2019,10.07257724218789
76246,El Cairo,Male,2019,6.893328887490648
76248,El Cerrito,Male,2019,46.05970789762274
76250,El Dovio,Male,2019,7.659648743648308
76275,Florida,Male,2019,44.906189708283414
76306,Ginebra,Male,2019,17.362701473702664
76318,Guacarí,Male,2019,28.436968630013403
76364,Jamundí,Male,2019,128.20473267510562
76377,La Cumbre,Male,2019,14.419860449085947
76400,La Unión,Male,2019,27.393129460617097
76403,La Victoria,Male,2019,11.949482356619423
76497,Obando,Male,2019,12.368185175950819
76520,Palmira,Male,2019,271.669993667334
76563,Pradera,Male,2019,40.357511493296286
76606,Restrepo,Male,2019,12.208764670495
76616,Riofrío,Male,2019,12.745694476847401
76622,Roldanillo,Male,2019,26.25174742363858
76670,San Pedro,Male,2019,13.529808110687009
76736,Sevilla,Male,2019,36.304997644381544
76823,Toro,Male,2019,16.44833446308252
76828,Trujillo,Male,2019,17.412479743693666
76834,Tuluá,Male,2019,188.4297319213956
76845,Ulloa,Male,2019,4.88126710944298
76863,Versalles,Male,2019,6.389848330665969
76869,Vijes,Male,2019,10.505697828846774
76890,Yotoco,Male,2019,15.956313505998796
76892,Yumbo,Male,2019,89.2161574438273
76895,Zarzal,Male,2019,33.15726385674239
81001,Arauca,Male,2019,99.28088960170167
81065,Arauquita,Male,2019,58.784201753961945
81220,Cravo Norte,Male,2019,4.60195822080152
81300,Fortul,Male,2019,24.516010165779257
81591,Puerto Rondón,Male,2019,4.960931864709897
81736,Saravena,Male,2019,74.45211137376353
81794,Tame,Male,2019,74.60832805930819
85001,Yopal,Male,2019,166.58770133240884
85010,Aguazul,Male,2019,34.98611486857704
85015,Chámeza,Male,2019,3.8685019264738285
85125,Hato Corozal,Male,2019,13.91048636468066
85136,La Salina,Male,2019,1.4762822236639097
85139,Maní,Male,2019,16.91932928147483
85162,Monterrey,Male,2019,15.862996672892656
85225,Nunchía,Male,2019,11.540204323536667
85230,Orocué,Male,2019,12.923461001354926
85250,Paz De Ariporo,Male,2019,35.84278699837216
85263,Pore,Male,2019,12.52609061516923
85279,Recetor,Male,2019,1.9783622944746808
85300,Sabanalarga,Male,2019,3.5878076985707903
85315,Sácama,Male,2019,1.9388925797984435
85325,San Luis De Palenque,Male,2019,8.572272765512604
85400,Támara,Male,2019,7.586353279310147
85410,Tauramena,Male,2019,21.489816410803762
85430,Trinidad,Male,2019,13.106356089660757
85440,Villanueva,Male,2019,31.096726713152343
86001,Mocoa,Male,2019,49.53876710068859
86219,Colón,Male,2019,5.048152623122932
86320,Orito,Male,2019,37.55598077056598
86568,Puerto Asís,Male,2019,71.00029339907489
86569,Puerto Caicedo,Male,2019,16.59686301755319
86571,Puerto Guzmán,Male,2019,44.92570354132854
86573,Puerto Leguízamo,Male,2019,31.430570954857306
86749,Sibundoy,Male,2019,12.271162185342314
86755,San Francisco,Male,2019,4.716074266908329
86757,San Miguel,Male,2019,21.12662189613243
86760,Santiago,Male,2019,6.650049149898608
86865,Valle Del Guamuez,Male,2019,35.81093943555728
86885,Villagarzón,Male,2019,22.024773305490363
88001,San Andrés,Male,2019,44.97546202348009
88564,Providencia,Male,2019,4.938583362909722
91001,Leticia,Male,2019,61.39202930482256
91263,El Encanto,Male,2019,2.642153301236981
91405,La Chorrera,Male,2019,3.5491239126175778
91407,La Pedrera,Male,2019,5.437243991491234
91430,La Victoria,Male,2019,0.962947089060069
91460,Mirití - Paraná,Male,2019,2.4531169961986024
91530,Puerto Alegría,Male,2019,1.7761109719704384
91536,Puerto Arica,Male,2019,1.5180101550055898
91540,Puerto Nariño,Male,2019,11.151230067877357
91669,Puerto Santander,Male,2019,2.444729168687952
91798,Tarapacá,Male,2019,4.5973611504381235
94001,Inírida,Male,2019,38.44287798182639
94343,Barrancominas,Male,2019,6.797640302460942
94883,San Felipe,Male,2019,1.9900782089369293
94884,Puerto Colombia,Male,2019,2.5071900021182554
94885,La Guadalupe,Male,2019,0.2859223884044869
94886,Cacahual,Male,2019,0.952677568545307
94887,Pana Pana,Male,2019,2.395772878273004
94888,Morichal,Male,2019,1.1453756524310548
95001,San José Del Guaviare,Male,2019,72.24003172744672
95015,Calamar,Male,2019,13.077343793299844
95025,El Retorno,Male,2019,15.740771790377526
95200,Miraflores,Male,2019,13.472549429392185
97001,Mitú,Male,2019,34.71436828538548
97161,Carurú,Male,2019,6.133710663960334
97511,Pacoa,Male,2019,4.414782869883686
97666,Taraira,Male,2019,2.5142214676515726
97777,Papunahua,Male,2019,0.9700374426206787
97889,Yavaraté,Male,2019,2.109461743193922
99001,Puerto Carreño,Male,2019,28.118426558868688
99524,La Primavera,Male,2019,12.459197469052913
99624,Santa Rosalía,Male,2019,5.198014302084441
99773,Cumaribo,Male,2019,105.38623611249031
5001,Medellín,Female,2020,905.3526881837809
5002,Abejorral,Female,2020,9.828486233623783
5004,Abriaquí,Female,2020,1.1444593640623288
5021,Alejandría,Female,2020,2.0123233360234574
5030,Amagá,Female,2020,12.511093062777329
5031,Amalfi,Female,2020,13.462287432040426
5034,Andes,Female,2020,21.53601147900531
5036,Angelópolis,Female,2020,2.5216257884943833
5038,Angostura,Female,2020,6.602204882093421
5040,Anorí,Female,2020,9.745253475933415
5042,Santa Fé De Antioquia,Female,2020,11.416433093614632
5044,Anzá,Female,2020,3.73062488737376
5045,Apartadó,Female,2020,70.30453278496823
5051,Arboletes,Female,2020,18.182722509663698
5055,Argelia,Female,2020,4.046115450452016
5059,Armenia,Female,2020,2.3173459592175036
5079,Barbosa,Female,2020,21.091879530640373
5086,Belmira,Female,2020,2.9250735667517436
5088,Bello,Female,2020,197.3067811476469
5091,Betania,Female,2020,6.994434838146285
5093,Betulia,Female,2020,9.19498523262426
5101,Ciudad Bolívar,Female,2020,14.793151152449393
5107,Briceño,Female,2020,4.496595391551578
5113,Buriticá,Female,2020,4.76522771300747
5120,Cáceres,Female,2020,18.435909497513677
5125,Caicedo,Female,2020,4.939296744338489
5129,Caldas,Female,2020,31.507658837611785
5134,Campamento,Female,2020,5.54844589745226
5138,Cañasgordas,Female,2020,7.5113646860056935
5142,Caracolí,Female,2020,1.9701473661858635
5145,Caramanta,Female,2020,2.1025854812746063
5147,Carepa,Female,2020,34.39400452722981
5148,El Carmen De Viboral,Female,2020,22.456892056146074
5150,Carolina,Female,2020,1.4851005771122119
5154,Caucasia,Female,2020,74.06576350566672
5172,Chigorodó,Female,2020,37.99375685150557
5190,Cisneros,Female,2020,4.495434234677163
5197,Cocorná,Female,2020,7.5792836437928575
5206,Concepción,Female,2020,2.088709959233045
5209,Concordia,Female,2020,12.115944021486005
5212,Copacabana,Female,2020,28.524177399156414
5234,Dabeiba,Female,2020,12.560583883914218
5237,Donmatías,Female,2020,8.223346272407852
5240,Ebéjico,Female,2020,5.846516031861624
5250,El Bagre,Female,2020,33.508145527749846
5264,Entrerríos,Female,2020,4.401025986553234
5266,Envigado,Female,2020,86.39278080456765
5282,Fredonia,Female,2020,10.788300639656235
5284,Frontino,Female,2020,10.687630765353907
5306,Giraldo,Female,2020,2.254858377999933
5308,Girardota,Female,2020,19.166550405701635
5310,Gómez Plata,Female,2020,4.592051724621203
5313,Granada,Female,2020,4.209443910151082
5315,Guadalupe,Female,2020,3.3427007364554084
5318,Guarne,Female,2020,20.968526428748334
5321,Guatapé,Female,2020,2.843146071675913
5347,Heliconia,Female,2020,2.4708329295475657
5353,Hispania,Female,2020,2.6127383742942754
5360,Itagüí,Female,2020,103.64455288514748
5361,Ituango,Female,2020,12.500735292624816
5364,Jardín,Female,2020,6.534216527594237
5368,Jericó,Female,2020,5.5179151553828465
5376,La Ceja,Female,2020,23.502068058254288
5380,La Estrella,Female,2020,26.66448992338248
5390,La Pintada,Female,2020,3.66666778251499
5400,La Unión,Female,2020,8.954388459604052
5411,Liborina,Female,2020,5.118154810394926
5425,Maceo,Female,2020,3.8043027047241296
5440,Marinilla,Female,2020,23.434361233009213
5467,Montebello,Female,2020,3.1612423699014998
5475,Murindó,Female,2020,3.0491771482172627
5480,Mutatá,Female,2020,15.881610619563805
5483,Nariño,Female,2020,5.5594823430504645
5490,Necoclí,Female,2020,28.419137555248852
5495,Nechí,Female,2020,15.071531146325887
5501,Olaya,Female,2020,1.309025037596172
5541,Peñol,Female,2020,7.805841516639578
5543,Peque,Female,2020,4.207379999002493
5576,Pueblorrico,Female,2020,4.520234133815577
5579,Puerto Berrío,Female,2020,23.83437653901897
5585,Puerto Nare,Female,2020,6.679222037420625
5591,Puerto Triunfo,Female,2020,7.749376504388439
5604,Remedios,Female,2020,14.11152135801394
5607,Retiro,Female,2020,8.596152087764555
5615,Rionegro,Female,2020,48.33507435152796
5628,Sabanalarga,Female,2020,4.54257511973451
5631,Sabaneta,Female,2020,32.43989884658024
5642,Salgar,Female,2020,10.249592616402433
5647,San Andrés De Cuerquía,Female,2020,3.609161974574044
5649,San Carlos,Female,2020,6.624431984018627
5652,San Francisco,Female,2020,2.7881888245636812
5656,San Jerónimo,Female,2020,6.854096335505383
5658,San José De La Montaña,Female,2020,1.7041409008622177
5659,San Juan De Urabá,Female,2020,12.903743169602697
5660,San Luis,Female,2020,5.667581680250837
5664,San Pedro De Los Milagros,Female,2020,10.248684996022103
5665,San Pedro De Urabá,Female,2020,19.697409873460067
5667,San Rafael,Female,2020,7.454416304115904
5670,San Roque,Female,2020,10.419815164242024
5674,San Vicente Ferrer,Female,2020,8.920776958265838
5679,Santa Bárbara,Female,2020,11.252906810325376
5686,Santa Rosa De Osos,Female,2020,16.44618546701433
5690,Santo Domingo,Female,2020,5.965144273672948
5697,El Santuario,Female,2020,13.996503787845839
5736,Segovia,Female,2020,27.26689177992374
5756,Sonsón,Female,2020,17.63135363136123
5761,Sopetrán,Female,2020,6.295041723636599
5789,Támesis,Female,2020,7.674607990214393
5790,Tarazá,Female,2020,23.778078274069305
5792,Tarso,Female,2020,3.2718015333392487
5809,Titiribí,Female,2020,4.640910895981268
5819,Toledo,Female,2020,2.8678788502913317
5837,Turbo,Female,2020,88.28504632730295
5842,Uramita,Female,2020,3.7370921185319728
5847,Urrao,Female,2020,15.21338937261327
5854,Valdivia,Female,2020,9.615274144793148
5856,Valparaíso,Female,2020,2.5974344133957374
5858,Vegachí,Female,2020,7.2037682995800365
5861,Venecia,Female,2020,5.15596198642134
5873,Vigía Del Fuerte,Female,2020,5.777295774884692
5885,Yalí,Female,2020,3.7232641235739248
5887,Yarumal,Female,2020,21.764902097436575
5890,Yolombó,Female,2020,11.457126012220105
5893,Yondó,Female,2020,9.58752167297514
5895,Zaragoza,Female,2020,18.095620100393518
8001,Barranquilla,Female,2020,664.0335438604093
8078,Baranoa,Female,2020,28.779951864231954
8137,Campo De La Cruz,Female,2020,14.92950511155611
8141,Candelaria,Female,2020,8.842102395576019
8296,Galapa,Female,2020,24.449236030285658
8372,Juan De Acosta,Female,2020,10.074058410662902
8421,Luruaco,Female,2020,16.586835116446263
8433,Malambo,Female,2020,55.79345648285899
8436,Manatí,Female,2020,10.198399851223702
8520,Palmar De Varela,Female,2020,13.791271090456185
8549,Piojó,Female,2020,3.4638931490283578
8558,Polonuevo,Female,2020,7.928205593398189
8560,Ponedera,Female,2020,12.535947434789444
8573,Puerto Colombia,Female,2020,18.602408929014015
8606,Repelón,Female,2020,15.595327073795671
8634,Sabanagrande,Female,2020,14.556951407600087
8638,Sabanalarga,Female,2020,45.051390667401044
8675,Santa Lucía,Female,2020,8.531623018984456
8685,Santo Tomás,Female,2020,12.27497993257683
8758,Soledad,Female,2020,243.60771997137988
8770,Suan,Female,2020,6.684004651062597
8832,Tubará,Female,2020,7.627695201730251
8849,Usiacurí,Female,2020,5.5367024293563905
11001,"Bogotá, D.C.",Female,2020,2714.4081956034474
13001,Cartagena De Indias,Female,2020,516.4873443901344
13006,Achí,Female,2020,14.364226935220394
13030,Altos Del Rosario,Female,2020,6.576925824834602
13042,Arenal,Female,2020,6.317268206329006
13052,Arjona,Female,2020,37.997862951541244
13062,Arroyohondo,Female,2020,5.562891162085333
13074,Barranco De Loba,Female,2020,9.150560766906416
13140,Calamar,Female,2020,14.10398995598865
13160,Cantagallo,Female,2020,4.369617410962531
13188,Cicuco,Female,2020,7.878842810775729
13212,Córdoba,Female,2020,9.353313486511018
13222,Clemencia,Female,2020,8.90788047036929
13244,El Carmen De Bolívar,Female,2020,40.768479696826766
13248,El Guamo,Female,2020,5.080727097781004
13268,El Peñón,Female,2020,4.457832388944937
13300,Hatillo De Loba,Female,2020,7.586598550029489
13430,Magangué,Female,2020,73.98675543947388
13433,Mahates,Female,2020,15.443824891364255
13440,Margarita,Female,2020,6.035087274571724
13442,María La Baja,Female,2020,28.573925286165505
13458,Montecristo,Female,2020,10.059957326075255
13468,Mompós,Female,2020,23.795051529484173
13473,Morales,Female,2020,12.333105180159578
13490,Norosí,Female,2020,3.7445147933737823
13549,Pinillos,Female,2020,14.32349715319486
13580,Regidor,Female,2020,3.357781322008466
13600,Río Viejo,Female,2020,6.1233434359176755
13620,San Cristóbal,Female,2020,4.357766950615572
13647,San Estanislao,Female,2020,10.138874507075453
13650,San Fernando,Female,2020,7.162149710089687
13654,San Jacinto,Female,2020,14.154671314132534
13655,San Jacinto Del Cauca,Female,2020,6.125355756783867
13657,San Juan Nepomuceno,Female,2020,21.190823641223943
13667,San Martín De Loba,Female,2020,8.235990467057897
13670,San Pablo,Female,2020,15.149305680141353
13673,Santa Catalina,Female,2020,8.646101947243165
13683,Santa Rosa,Female,2020,12.762472570471754
13688,Santa Rosa Del Sur,Female,2020,17.49690328178873
13744,Simití,Female,2020,10.578150124682544
13760,Soplaviento,Female,2020,5.294905355331963
13780,Talaigua Nuevo,Female,2020,6.574966563185164
13810,Tiquisio,Female,2020,10.956167627615933
13836,Turbaco,Female,2020,47.954178510870115
13838,Turbaná,Female,2020,8.349593048386211
13873,Villanueva,Female,2020,13.281772845670735
13894,Zambrano,Female,2020,6.830252461011812
15001,Tunja,Female,2020,67.38060989009799
15022,Almeida,Female,2020,0.7848595879871483
15047,Aquitania,Female,2020,6.893259197152978
15051,Arcabuco,Female,2020,2.2680969821599306
15087,Belén,Female,2020,2.9687468605722236
15090,Berbeo,Female,2020,0.7393013109247799
15092,Betéitiva,Female,2020,0.8473173025121019
15097,Boavita,Female,2020,2.47131333696093
15104,Boyacá,Female,2020,2.224096402560231
15106,Briceño,Female,2020,1.0495307300775243
15109,Buenavista,Female,2020,2.1421588601075676
15114,Busbanzá,Female,2020,0.4648868939260013
15131,Caldas,Female,2020,1.5662417241549829
15135,Campohermoso,Female,2020,1.5339501158612314
15162,Cerinza,Female,2020,1.480004065474631
15172,Chinavita,Female,2020,1.4660244252699108
15176,Chiquinquirá,Female,2020,25.256277670773635
15180,Chiscas,Female,2020,2.383029923145687
15183,Chita,Female,2020,4.62444589206177
15185,Chitaraque,Female,2020,3.058233928891248
15187,Chivatá,Female,2020,1.2459208127698247
15189,Ciénega,Female,2020,2.077186640480336
15204,Cómbita,Female,2020,4.451904312443879
15212,Coper,Female,2020,1.635249164757924
15215,Corrales,Female,2020,0.9828288706472029
15218,Covarachía,Female,2020,1.5470682517938228
15223,Cubará,Female,2020,5.968032770460287
15224,Cucaita,Female,2020,1.8796455352259498
15226,Cuítiva,Female,2020,0.7925592315953199
15232,Chíquiza,Female,2020,2.4765644700175717
15236,Chivor,Female,2020,1.1232837792188306
15238,Duitama,Female,2020,46.38713759488534
15244,El Cocuy,Female,2020,2.3233852667292902
15248,El Espino,Female,2020,1.1997743948524828
15272,Firavitoba,Female,2020,2.4339471638679333
15276,Floresta,Female,2020,1.6337110188374204
15293,Gachantivá,Female,2020,1.3652840320077042
15296,Gámeza,Female,2020,2.3944349696399048
15299,Garagoa,Female,2020,6.513537693786699
15317,Guacamayas,Female,2020,0.7344223822789453
15322,Guateque,Female,2020,4.057470428164521
15325,Guayatá,Female,2020,1.341985011903836
15332,Güicán De La Sierra,Female,2020,2.0727418839479173
15362,Iza,Female,2020,0.8236059312254937
15367,Jenesano,Female,2020,3.283693504783746
15368,Jericó,Female,2020,2.333661705348118
15377,Labranzagrande,Female,2020,1.8823074213805029
15380,La Capilla,Female,2020,0.9841492797458429
15401,La Victoria,Female,2020,0.5485172258520097
15403,La Uvita,Female,2020,1.2795191594201625
15407,Villa De Leyva,Female,2020,6.0028755032258685
15425,Macanal,Female,2020,1.8101459487477873
15442,Maripí,Female,2020,3.4973836810046963
15455,Miraflores,Female,2020,3.400908286777365
15464,Mongua,Female,2020,2.6043610370058654
15466,Monguí,Female,2020,1.679967606816392
15469,Moniquirá,Female,2020,9.600600069753682
15476,Motavita,Female,2020,3.1315673948838048
15480,Muzo,Female,2020,3.9265337137731238
15491,Nobsa,Female,2020,5.437677990923365
15494,Nuevo Colón,Female,2020,2.6935508938492303
15500,Oicatá,Female,2020,1.0998948253184668
15507,Otanche,Female,2020,4.036148732446172
15511,Pachavita,Female,2020,0.9571264630841079
15514,Páez,Female,2020,1.4048546380718425
15516,Paipa,Female,2020,12.889612708622968
15518,Pajarito,Female,2020,0.9245518094727841
15522,Panqueba,Female,2020,0.8485885087260681
15531,Pauna,Female,2020,3.6575330652041598
15533,Paya,Female,2020,1.5547036632316313
15537,Paz De Río,Female,2020,1.4974462882950699
15542,Pesca,Female,2020,2.9921331807153093
15550,Pisba,Female,2020,0.9192399556637882
15572,Puerto Boyacá,Female,2020,24.55013501986943
15580,Quípama,Female,2020,3.046926551647902
15599,Ramiriquí,Female,2020,4.2317728647718145
15600,Ráquira,Female,2020,3.1104141759019774
15621,Rondón,Female,2020,1.1815220413208989
15632,Saboyá,Female,2020,6.472292812658049
15638,Sáchica,Female,2020,2.0919236494238684
15646,Samacá,Female,2020,8.560167329007392
15660,San Eduardo,Female,2020,0.7454552468607343
15664,San José De Pare,Female,2020,2.6529566294740206
15667,San Luis De Gaceno,Female,2020,2.320017672480965
15673,San Mateo,Female,2020,1.4786006586687765
15676,San Miguel De Sema,Female,2020,1.3536367580771784
15681,San Pablo De Borbur,Female,2020,3.551326909237916
15686,Santana,Female,2020,3.8333405931724114
15690,Santa María,Female,2020,1.3714521205576786
15693,Santa Rosa De Viterbo,Female,2020,4.545350096519825
15696,Santa Sofía,Female,2020,1.180946250100658
15720,Sativanorte,Female,2020,1.0967626787815297
15723,Sativasur,Female,2020,0.468093991833191
15740,Siachoque,Female,2020,3.410694982168557
15753,Soatá,Female,2020,3.217967688337974
15755,Socotá,Female,2020,3.520198583646992
15757,Socha,Female,2020,3.1063276752860385
15759,Sogamoso,Female,2020,47.98060482799781
15761,Somondoco,Female,2020,1.2660730852262623
15762,Sora,Female,2020,1.7227101011168857
15763,Sotaquirá,Female,2020,3.38016559362213
15764,Soracá,Female,2020,2.883230436235454
15774,Susacón,Female,2020,1.0643959877617346
15776,Sutamarchán,Female,2020,2.5423355331040103
15778,Sutatenza,Female,2020,2.1136615705087367
15790,Tasco,Female,2020,2.268309141653678
15798,Tenza,Female,2020,1.852247460933191
15804,Tibaná,Female,2020,4.453858351783444
15806,Tibasosa,Female,2020,4.413144983152606
15808,Tinjacá,Female,2020,1.4228199050879722
15810,Tipacoque,Female,2020,1.630312323844622
15814,Toca,Female,2020,3.8060507352371413
15816,Togüí,Female,2020,2.310931766655395
15820,Tópaga,Female,2020,1.4379625644254586
15822,Tota,Female,2020,2.72562282038548
15832,Tununguá,Female,2020,0.6691632585630907
15835,Turmequé,Female,2020,3.2818467005519922
15837,Tuta,Female,2020,3.4957902283600295
15839,Tutazá,Female,2020,1.0703306898404066
15842,Úmbita,Female,2020,3.6588409569600615
15861,Ventaquemada,Female,2020,6.41169958805548
15879,Viracachá,Female,2020,1.372334367679016
15897,Zetaquira,Female,2020,2.464376809233563
17001,Manizales,Female,2020,159.89269842861353
17013,Aguadas,Female,2020,9.638013336795709
17042,Anserma,Female,2020,16.242883272576695
17050,Aranzazu,Female,2020,4.755513758693727
17088,Belalcázar,Female,2020,5.0395017353510605
17174,Chinchiná,Female,2020,20.79665169800051
17272,Filadelfia,Female,2020,5.19971248137972
17380,La Dorada,Female,2020,32.276303821600216
17388,La Merced,Female,2020,2.739197089008445
17433,Manzanares,Female,2020,8.322714876831899
17442,Marmato,Female,2020,4.196483524499614
17444,Marquetalia,Female,2020,6.252391067967487
17446,Marulanda,Female,2020,1.1334844511800843
17486,Neira,Female,2020,9.030258864421082
17495,Norcasia,Female,2020,2.89176192074972
17513,Pácora,Female,2020,6.724747351266695
17524,Palestina,Female,2020,6.623245367831073
17541,Pensilvania,Female,2020,8.643508831630653
17614,Riosucio,Female,2020,21.417798167875667
17616,Risaralda,Female,2020,5.204638732074107
17653,Salamina,Female,2020,8.026762473513884
17662,Samaná,Female,2020,9.702539688973697
17665,San José,Female,2020,2.485820304469943
17777,Supía,Female,2020,13.026258648815569
17867,Victoria,Female,2020,4.496926987860116
17873,Villamaría,Female,2020,25.407998048282266
17877,Viterbo,Female,2020,5.386132162605762
18001,Florencia,Female,2020,106.61983767371092
18029,Albania,Female,2020,2.571564472282458
18094,Belén De Los Andaquíes,Female,2020,5.8182439239749995
18150,Cartagena Del Chairá,Female,2020,18.291625989273864
18205,Curillo,Female,2020,4.5666483328750935
18247,El Doncello,Female,2020,9.584782238304175
18256,El Paujíl,Female,2020,8.568481068491966
18410,La Montañita,Female,2020,7.952792215877566
18460,Milán,Female,2020,5.173040937872213
18479,Morelia,Female,2020,1.6983824869125717
18592,Puerto Rico,Female,2020,14.008195810930177
18610,San José Del Fragua,Female,2020,6.543050315315668
18753,San Vicente Del Caguán,Female,2020,28.415244622960532
18756,Solano,Female,2020,6.442375600267402
18785,Solita,Female,2020,3.5406465427081892
18860,Valparaíso,Female,2020,3.49147412205386
19001,Popayán,Female,2020,126.8264704569546
19022,Almaguer,Female,2020,12.619680223249697
19050,Argelia,Female,2020,15.39162491583653
19075,Balboa,Female,2020,11.654532964678955
19100,Bolívar,Female,2020,21.99783399043864
19110,Buenos Aires,Female,2020,15.927375276739845
19130,Cajibío,Female,2020,24.42861748660183
19137,Caldono,Female,2020,21.455733849713468
19142,Caloto,Female,2020,14.18732809021829
19212,Corinto,Female,2020,15.261598863362224
19256,El Tambo,Female,2020,27.8350954441469
19290,Florencia,Female,2020,2.4260313945271577
19300,Guachené,Female,2020,5.4705464048143915
19318,Guapi,Female,2020,17.26678454277026
19355,Inzá,Female,2020,16.67030509189097
19364,Jambaló,Female,2020,8.776551948811063
19392,La Sierra,Female,2020,6.234347307870575
19397,La Vega,Female,2020,14.836792861982973
19418,López De Micay,Female,2020,12.704708666044949
19450,Mercaderes,Female,2020,12.745043962924141
19455,Miranda,Female,2020,12.491647344568596
19473,Morales,Female,2020,20.197430902998775
19513,Padilla,Female,2020,4.802656640368548
19517,Páez,Female,2020,24.423312438095817
19532,Patía,Female,2020,20.272737579804463
19533,Piamonte,Female,2020,4.018450399581052
19548,Piendamó - Tunía,Female,2020,18.072413214652077
19573,Puerto Tejada,Female,2020,24.169253583634376
19585,Puracé,Female,2020,8.41013286192918
19622,Rosas,Female,2020,5.795841001399469
19693,San Sebastián,Female,2020,5.998686458982466
19698,Santander De Quilichao,Female,2020,45.339311173353764
19701,Santa Rosa,Female,2020,3.4135191191350716
19743,Silvia,Female,2020,18.8523826068085
19760,Sotará - Paispamba,Female,2020,6.199648019613187
19780,Suárez,Female,2020,15.697448449817625
19785,Sucre,Female,2020,7.565345211238588
19807,Timbío,Female,2020,16.812245719063093
19809,Timbiquí,Female,2020,16.161900896364056
19821,Toribío,Female,2020,17.52469896977754
19824,Totoró,Female,2020,13.98725607714187
19845,Villa Rica,Female,2020,10.120510713253733
20001,Valledupar,Female,2020,255.57998565129336
20011,Aguachica,Female,2020,56.73630777034199
20013,Agustín Codazzi,Female,2020,31.998406489090087
20032,Astrea,Female,2020,11.075057354119075
20045,Becerril,Female,2020,11.063399360538527
20060,Bosconia,Female,2020,21.61537926336787
20175,Chimichagua,Female,2020,17.98085014178868
20178,Chiriguaná,Female,2020,16.204683191413007
20228,Curumaní,Female,2020,19.88753036108761
20238,El Copey,Female,2020,16.221289538124644
20250,El Paso,Female,2020,19.402401722154245
20295,Gamarra,Female,2020,8.343824025448246
20310,González,Female,2020,2.662606125029453
20383,La Gloria,Female,2020,8.894697568329457
20400,La Jagua De Ibirico,Female,2020,20.61962720489357
20443,Manaure Balcón Del Cesar,Female,2020,4.9607215173546955
20517,Pailitas,Female,2020,10.386440584985245
20550,Pelaya,Female,2020,12.08406382799428
20570,Pueblo Bello,Female,2020,16.899063470654752
20614,Río De Oro,Female,2020,9.350185580457087
20621,La Paz,Female,2020,13.674538372460898
20710,San Alberto,Female,2020,12.804421424825609
20750,San Diego,Female,2020,9.43613209272672
20770,San Martín,Female,2020,13.712183025687048
20787,Tamalameque,Female,2020,8.236712210070019
23001,Montería,Female,2020,228.1444884925774
23068,Ayapel,Female,2020,27.299150459102805
23079,Buenavista,Female,2020,12.266419533414178
23090,Canalete,Female,2020,10.097984466030473
23162,Cereté,Female,2020,50.131266217801816
23168,Chimá,Female,2020,10.732355985590713
23182,Chinú,Female,2020,24.840347250401237
23189,Ciénaga De Oro,Female,2020,33.78533784865449
23300,Cotorra,Female,2020,9.556215282986363
23350,La Apartada,Female,2020,8.364763067281753
23417,Lorica,Female,2020,56.80934469963973
23419,Los Córdobas,Female,2020,11.520981678667951
23464,Momil,Female,2020,9.447020301508546
23466,Montelíbano,Female,2020,41.03333881975307
23500,Moñitos,Female,2020,19.592058117020365
23555,Planeta Rica,Female,2020,32.54031656809239
23570,Pueblo Nuevo,Female,2020,20.056598344295683
23574,Puerto Escondido,Female,2020,15.736883383381613
23580,Puerto Libertador,Female,2020,24.037713921959607
23586,Purísima De La Concepción,Female,2020,9.882604264192437
23660,Sahagún,Female,2020,53.85253835946095
23670,San Andrés De Sotavento,Female,2020,32.61033507153576
23672,San Antero,Female,2020,18.302061330917
23675,San Bernardo Del Viento,Female,2020,21.855532424267583
23678,San Carlos,Female,2020,16.261574305516575
23682,San José De Uré,Female,2020,4.7281054088709595
23686,San Pelayo,Female,2020,27.308941141993444
23807,Tierralta,Female,2020,55.411655716987696
23815,Tuchín,Female,2020,22.597672721295368
23855,Valencia,Female,2020,20.655043302254917
25001,Agua De Dios,Female,2020,4.921088564673182
25019,Albán,Female,2020,2.5091476643738897
25035,Anapoima,Female,2020,6.0789643110564215
25040,Anolaima,Female,2020,5.400155056586444
25053,Arbeláez,Female,2020,3.680900300797764
25086,Beltrán,Female,2020,0.7792646390009675
25095,Bituima,Female,2020,0.9067864688232445
25099,Bojacá,Female,2020,4.04401583515391
25120,Cabrera,Female,2020,2.1499183691459693
25123,Cachipay,Female,2020,3.942308291945242
25126,Cajicá,Female,2020,31.423613254018598
25148,Caparrapí,Female,2020,5.9965650611740315
25151,Cáqueza,Female,2020,7.715370070501346
25154,Carmen De Carupa,Female,2020,3.4765736074948745
25168,Chaguaní,Female,2020,2.2692961404182332
25175,Chía,Female,2020,56.95853628783171
25178,Chipaque,Female,2020,4.077458598989905
25181,Choachí,Female,2020,4.607004169207336
25183,Chocontá,Female,2020,12.548761163423887
25200,Cogua,Female,2020,8.583617485315708
25214,Cota,Female,2020,12.367367178187976
25224,Cucunubá,Female,2020,3.41188354902268
25245,El Colegio,Female,2020,9.486934582723313
25258,El Peñón,Female,2020,2.2979825270359933
25260,El Rosal,Female,2020,8.423887998027784
25269,Facatativá,Female,2020,64.92935344263697
25279,Fómeque,Female,2020,5.04471199202488
25281,Fosca,Female,2020,3.2370963458019455
25286,Funza,Female,2020,36.31654042540199
25288,Fúquene,Female,2020,1.913813929485467
25290,Fusagasugá,Female,2020,58.319001398155734
25293,Gachalá,Female,2020,2.26754772673729
25295,Gachancipá,Female,2020,6.540570948729766
25297,Gachetá,Female,2020,4.624135688322059
25299,Gama,Female,2020,1.6057905970887019
25307,Girardot,Female,2020,60.46965276152673
25312,Granada,Female,2020,3.050112978584684
25317,Guachetá,Female,2020,5.876324812281314
25320,Guaduas,Female,2020,12.803993375844525
25322,Guasca,Female,2020,5.763724065165857
25324,Guataquí,Female,2020,1.182835324437389
25326,Guatavita,Female,2020,2.9626845301396747
25328,Guayabal De Síquima,Female,2020,1.7246283949108956
25335,Guayabetal,Female,2020,2.6223290076992627
25339,Gutiérrez,Female,2020,1.5288905844585143
25368,Jerusalén,Female,2020,0.9307925347182976
25372,Junín,Female,2020,3.6766947766072207
25377,La Calera,Female,2020,12.361694755617215
25386,La Mesa,Female,2020,14.7980436684769
25394,La Palma,Female,2020,4.198772394739696
25398,La Peña,Female,2020,2.886307624803338
25402,La Vega,Female,2020,6.949827318767019
25407,Lenguazaque,Female,2020,4.437573309255008
25426,Machetá,Female,2020,2.9088938539469096
25430,Madrid,Female,2020,42.34546326096923
25436,Manta,Female,2020,1.5382746968043062
25438,Medina,Female,2020,3.92859846790195
25473,Mosquera,Female,2020,48.65637784509087
25483,Nariño,Female,2020,1.0549532421061822
25486,Nemocón,Female,2020,6.01742162719511
25488,Nilo,Female,2020,3.018365433658191
25489,Nimaima,Female,2020,1.3385890537778016
25491,Nocaima,Female,2020,2.287228071677926
25506,Venecia,Female,2020,2.093821230562172
25513,Pacho,Female,2020,12.637903436148122
25518,Paime,Female,2020,2.2414903368919483
25524,Pandi,Female,2020,2.1544242232546145
25530,Paratebueno,Female,2020,4.102461195031092
25535,Pasca,Female,2020,3.9227181105666578
25572,Puerto Salgar,Female,2020,7.895923630290927
25580,Pulí,Female,2020,1.513363005513429
25592,Quebradanegra,Female,2020,1.9691990435151565
25594,Quetame,Female,2020,2.379240739841047
25596,Quipile,Female,2020,2.8211466415754325
25599,Apulo,Female,2020,3.270624347958355
25612,Ricaurte,Female,2020,4.693271362322786
25645,San Antonio Del Tequendama,Female,2020,4.199519623193397
25649,San Bernardo,Female,2020,3.7613651502511276
25653,San Cayetano,Female,2020,2.0684309755514687
25658,San Francisco,Female,2020,4.029296530251062
25662,San Juan De Rioseco,Female,2020,4.059333436111178
25718,Sasaima,Female,2020,4.554870217515179
25736,Sesquilé,Female,2020,4.939085651430986
25740,Sibaté,Female,2020,17.00157384059649
25743,Silvania,Female,2020,9.708170797267353
25745,Simijaca,Female,2020,6.014907060957437
25754,Soacha,Female,2020,264.72728600645223
25758,Sopó,Female,2020,11.423869147943575
25769,Subachoque,Female,2020,5.468860429825538
25772,Suesca,Female,2020,7.001242969543622
25777,Supatá,Female,2020,2.085994608020994
25779,Susa,Female,2020,2.8773091182194532
25781,Sutatausa,Female,2020,2.415861821573343
25785,Tabio,Female,2020,8.730504909580736
25793,Tausa,Female,2020,3.195170417639583
25797,Tena,Female,2020,3.4458019143271956
25799,Tenjo,Female,2020,9.194253487254286
25805,Tibacuy,Female,2020,1.698193330857039
25807,Tibirita,Female,2020,1.7541779208879977
25815,Tocaima,Female,2020,6.551886009162704
25817,Tocancipá,Female,2020,15.592377824505986
25823,Topaipí,Female,2020,1.9384445327150095
25839,Ubalá,Female,2020,3.70750368745035
25841,Ubaque,Female,2020,3.0605382445253646
25843,Villa De San Diego De Ubaté,Female,2020,23.64075534193034
25845,Une,Female,2020,2.974685272623681
25851,Útica,Female,2020,1.7264195257104256
25862,Vergara,Female,2020,3.479152986975198
25867,Vianí,Female,2020,1.7461690404875907
25871,Villagómez,Female,2020,0.7723990153599039
25873,Villapinzón,Female,2020,8.427052344910571
25875,Villeta,Female,2020,12.37998038638326
25878,Viotá,Female,2020,5.962908166165073
25885,Yacopí,Female,2020,7.121963523130152
25898,Zipacón,Female,2020,1.7268755187679627
25899,Zipaquirá,Female,2020,55.92778674981584
27001,Quibdó,Female,2020,89.82720438811607
27006,Acandí,Female,2020,8.340571982838235
27025,Alto Baudó,Female,2020,21.86934203163606
27050,Atrato,Female,2020,3.788806809574106
27073,Bagadó,Female,2020,6.884248293022548
27075,Bahía Solano,Female,2020,5.225085863998193
27077,Bajo Baudó,Female,2020,20.56489086447563
27099,Bojayá,Female,2020,7.30184350265077
27135,El Cantón Del San Pablo,Female,2020,3.813440339034187
27150,Carmen Del Darién,Female,2020,12.923765400666603
27160,Cértegui,Female,2020,3.471909366361453
27205,Condoto,Female,2020,7.507158428657014
27245,El Carmen De Atrato,Female,2020,4.7440014831005
27250,El Litoral Del San Juan,Female,2020,14.645413693820721
27361,Istmina,Female,2020,18.279289926756917
27372,Juradó,Female,2020,4.044309207258049
27413,Lloró,Female,2020,5.23333292628076
27425,Medio Atrato,Female,2020,8.36209644389757
27430,Medio Baudó,Female,2020,10.778394988095677
27450,Medio San Juan,Female,2020,7.176075379420633
27491,Nóvita,Female,2020,5.733228394631813
27495,Nuquí,Female,2020,10.556096810989304
27580,Río Iró,Female,2020,3.486002544243606
27600,Río Quito,Female,2020,5.833077102973063
27615,Riosucio,Female,2020,39.62958471130351
27660,San José Del Palmar,Female,2020,3.0416209155052965
27745,Sipí,Female,2020,1.9545801733378192
27787,Tadó,Female,2020,11.6408474021678
27800,Unguía,Female,2020,7.981086953375586
27810,Unión Panamericana,Female,2020,4.433335785981673
41001,Neiva,Female,2020,187.9964077346556
41006,Acevedo,Female,2020,18.68791859565738
41013,Agrado,Female,2020,4.76974918226599
41016,Aipe,Female,2020,7.586644345808044
41020,Algeciras,Female,2020,11.559480479372606
41026,Altamira,Female,2020,1.6396120556769778
41078,Baraya,Female,2020,4.175663714985518
41132,Campoalegre,Female,2020,14.51555196774799
41206,Colombia,Female,2020,4.166758931274266
41244,Elías,Female,2020,1.6117892094222699
41298,Garzón,Female,2020,36.44900791506006
41306,Gigante,Female,2020,11.907321589755913
41319,Guadalupe,Female,2020,9.133830056482402
41349,Hobo,Female,2020,3.3271698035869264
41357,Íquira,Female,2020,5.1134062844775645
41359,Isnos,Female,2020,12.391605289490206
41378,La Argentina,Female,2020,7.282703690237419
41396,La Plata,Female,2020,31.52966649589476
41483,Nátaga,Female,2020,3.1689965958599298
41503,Oporapa,Female,2020,7.026440239196773
41518,Paicol,Female,2020,3.0402463367080332
41524,Palermo,Female,2020,11.129754424404188
41530,Palestina,Female,2020,6.209172331962516
41548,Pital,Female,2020,7.061799781158079
41551,Pitalito,Female,2020,73.91296715984319
41615,Rivera,Female,2020,9.004653853265916
41660,Saladoblanco,Female,2020,6.5702990642762655
41668,San Agustín,Female,2020,14.970464277287281
41676,Santa María,Female,2020,5.385597014233515
41770,Suaza,Female,2020,9.917763573545576
41791,Tarqui,Female,2020,9.42126083288107
41797,Tesalia,Female,2020,5.047724792771554
41799,Tello,Female,2020,5.3486112640524945
41801,Teruel,Female,2020,3.738178312935984
41807,Timaná,Female,2020,10.462778599971903
41872,Villavieja,Female,2020,3.394639613587147
41885,Yaguará,Female,2020,2.915795042017746
44001,Riohacha,Female,2020,139.61722816416324
44035,Albania,Female,2020,15.80261636231618
44078,Barrancas,Female,2020,19.649293139861307
44090,Dibulla,Female,2020,24.375447092022114
44098,Distracción,Female,2020,6.488021969916009
44110,El Molino,Female,2020,3.56039105125814
44279,Fonseca,Female,2020,20.549741922720845
44378,Hatonuevo,Female,2020,10.21453211343885
44420,La Jagua Del Pilar,Female,2020,1.5992632322580973
44430,Maicao,Female,2020,128.0885802374851
44560,Manaure,Female,2020,62.12160964615317
44650,San Juan Del Cesar,Female,2020,23.613490629981808
44847,Uribia,Female,2020,148.12894619975586
44855,Urumita,Female,2020,4.643194321414273
44874,Villanueva,Female,2020,12.563450152667976
47001,Santa Marta,Female,2020,268.2658425269081
47030,Algarrobo,Female,2020,8.594751751254169
47053,Aracataca,Female,2020,20.894001970660252
47058,Ariguaní,Female,2020,17.656938206951686
47161,Cerro De San Antonio,Female,2020,6.0999242916454035
47170,Chivolo,Female,2020,11.853948948516791
47189,Ciénaga,Female,2020,64.97744256651346
47205,Concordia,Female,2020,6.873554568072586
47245,El Banco,Female,2020,36.922382804025254
47258,El Piñón,Female,2020,11.810094686639255
47268,El Retén,Female,2020,12.228979693448288
47288,Fundación,Female,2020,37.29144219474828
47318,Guamal,Female,2020,15.269393264764746
47460,Nueva Granada,Female,2020,12.469460416156156
47541,Pedraza,Female,2020,5.3638430774823505
47545,Pijiño Del Carmen,Female,2020,6.926620815545197
47551,Pivijay,Female,2020,21.853853534982807
47555,Plato,Female,2020,33.27046748445582
47570,Puebloviejo,Female,2020,19.067504207871746
47605,Remolino,Female,2020,6.393595592892105
47660,Sabanas De San Ángel,Female,2020,9.662018308926879
47675,Salamina,Female,2020,5.544055607853758
47692,San Sebastián De Buenavista,Female,2020,12.134859232529251
47703,San Zenón,Female,2020,6.339980401831527
47707,Santa Ana,Female,2020,12.38299990027784
47720,Santa Bárbara De Pinto,Female,2020,6.1980719352707245
47745,Sitionuevo,Female,2020,18.362443116814767
47798,Tenerife,Female,2020,7.256481811531305
47960,Zapayán,Female,2020,6.5691713004055625
47980,Zona Bananera,Female,2020,38.2203464333694
50001,Villavicencio,Female,2020,222.68847784346622
50006,Acacías,Female,2020,30.846905941640635
50110,Barranca De Upía,Female,2020,2.8390451326394164
50124,Cabuyaro,Female,2020,2.3966828061843817
50150,Castilla La Nueva,Female,2020,5.312083201425994
50223,Cubarral,Female,2020,2.6065468103193448
50226,Cumaral,Female,2020,8.762262343625352
50245,El Calvario,Female,2020,0.6565166273398473
50251,El Castillo,Female,2020,3.69718376965592
50270,El Dorado,Female,2020,1.774477198813273
50287,Fuente De Oro,Female,2020,5.811654845448477
50313,Granada,Female,2020,34.4197401212508
50318,Guamal,Female,2020,5.458812551549114
50325,Mapiripán,Female,2020,3.47913231546896
50330,Mesetas,Female,2020,5.572126835016336
50350,La Macarena,Female,2020,16.612709572888797
50370,Uribe,Female,2020,5.092664215830951
50400,Lejanías,Female,2020,5.496010792110839
50450,Puerto Concordia,Female,2020,4.26911217810202
50568,Puerto Gaitán,Female,2020,19.956879431133434
50573,Puerto López,Female,2020,14.284229940715875
50577,Puerto Lleras,Female,2020,4.775519899747998
50590,Puerto Rico,Female,2020,6.266923582630723
50606,Restrepo,Female,2020,6.331274072754616
50680,San Carlos De Guaroa,Female,2020,4.979571843780738
50683,San Juan De Arama,Female,2020,4.0601279489053574
50686,San Juanito,Female,2020,0.9409826228991425
50689,San Martín,Female,2020,10.454684750595908
50711,Vistahermosa,Female,2020,9.172360127403008
52001,Pasto,Female,2020,156.03515308862885
52019,Albán,Female,2020,5.374117406656902
52022,Aldana,Female,2020,3.5637043614552746
52036,Ancuya,Female,2020,3.43432252301439
52051,Arboleda,Female,2020,5.042295667273236
52079,Barbacoas,Female,2020,35.7472916686552
52083,Belén,Female,2020,3.175715509960892
52110,Buesaco,Female,2020,11.973993466564647
52203,Colón,Female,2020,4.2925428420175145
52207,Consacá,Female,2020,7.043560296956405
52210,Contadero,Female,2020,3.9491841499572966
52215,Córdoba,Female,2020,8.155119119868688
52224,Cuaspud Carlosama,Female,2020,5.564260923475377
52227,Cumbal,Female,2020,16.32298850542227
52233,Cumbitara,Female,2020,3.3119211596220866
52240,Chachagüí,Female,2020,7.025918897630991
52250,El Charco,Female,2020,14.298907450329423
52254,El Peñol,Female,2020,4.03176187234609
52256,El Rosario,Female,2020,7.418709271842328
52258,El Tablón De Gómez,Female,2020,8.587374982247162
52260,El Tambo,Female,2020,6.554399502239537
52287,Funes,Female,2020,3.6824252550025385
52317,Guachucal,Female,2020,9.574345990821072
52320,Guaitarilla,Female,2020,5.236021855961381
52323,Gualmatán,Female,2020,3.4932850428129942
52352,Iles,Female,2020,4.194431462753327
52354,Imués,Female,2020,4.110755776895835
52356,Ipiales,Female,2020,49.580120115067395
52378,La Cruz,Female,2020,8.405589496770956
52381,La Florida,Female,2020,7.145498238480884
52385,La Llanada,Female,2020,2.898556054501252
52390,La Tola,Female,2020,4.846065570989634
52399,La Unión,Female,2020,18.95270726943835
52405,Leiva,Female,2020,5.715895854319153
52411,Linares,Female,2020,4.68486065913549
52418,Los Andes,Female,2020,5.273624878320412
52427,Magüí,Female,2020,16.467318399863956
52435,Mallama,Female,2020,4.412304731184099
52473,Mosquera,Female,2020,8.302383443818055
52480,Nariño,Female,2020,3.3612414672553426
52490,Olaya Herrera,Female,2020,16.873739622167864
52506,Ospina,Female,2020,3.137494712656678
52520,Francisco Pizarro,Female,2020,9.326468643119313
52540,Policarpa,Female,2020,5.503911465168262
52560,Potosí,Female,2020,4.432704266776709
52565,Providencia,Female,2020,3.678582315000279
52573,Puerres,Female,2020,3.96324569429569
52585,Pupiales,Female,2020,8.343938543270955
52612,Ricaurte,Female,2020,13.077236143324704
52621,Roberto Payán,Female,2020,9.030807039634793
52678,Samaniego,Female,2020,17.01832363338237
52683,Sandoná,Female,2020,9.544599183398061
52685,San Bernardo,Female,2020,6.189793974598083
52687,San Lorenzo,Female,2020,11.28629065210527
52693,San Pablo,Female,2020,8.133175890169092
52694,San Pedro De Cartago,Female,2020,4.227174350247396
52696,Santa Bárbara,Female,2020,8.847902197282465
52699,Santacruz,Female,2020,7.277444653990495
52720,Sapuyes,Female,2020,4.124702272808609
52786,Taminango,Female,2020,8.915258923540252
52788,Tangua,Female,2020,7.843528750756937
52835,San Andrés De Tumaco,Female,2020,147.71369085577226
52838,Túquerres,Female,2020,20.951054815411737
52885,Yacuanquer,Female,2020,6.2365273474529905
54001,San José De Cúcuta,Female,2020,424.9007291848121
54003,Ábrego,Female,2020,19.43822010343844
54051,Arboledas,Female,2020,5.14534011931048
54099,Bochalema,Female,2020,3.8746013773855896
54109,Bucarasica,Female,2020,3.9279238787292
54125,Cácota,Female,2020,1.5024303527672531
54128,Cáchira,Female,2020,6.01885645516712
54172,Chinácota,Female,2020,7.704592779876339
54174,Chitagá,Female,2020,6.914633875174982
54206,Convención,Female,2020,11.536186143307692
54223,Cucutilla,Female,2020,5.609998898193701
54239,Durania,Female,2020,2.301962450667708
54245,El Carmen,Female,2020,8.598187094931726
54250,El Tarra,Female,2020,13.192517199033794
54261,El Zulia,Female,2020,13.98969361727017
54313,Gramalote,Female,2020,3.431020081517042
54344,Hacarí,Female,2020,6.495900189948343
54347,Herrán,Female,2020,4.223968827684408
54377,Labateca,Female,2020,2.970585874711793
54385,La Esperanza,Female,2020,6.605568491252104
54398,La Playa,Female,2020,4.887105671294198
54405,Los Patios,Female,2020,38.904154728284155
54418,Lourdes,Female,2020,1.970015715211929
54480,Mutiscua,Female,2020,2.16588682734559
54498,Ocaña,Female,2020,59.21233816414607
54518,Pamplona,Female,2020,19.977009649411986
54520,Pamplonita,Female,2020,2.605981791294721
54553,Puerto Santander,Female,2020,12.175656949760189
54599,Ragonvalia,Female,2020,2.932557597270036
54660,Salazar,Female,2020,5.222258574881518
54670,San Calixto,Female,2020,7.902930809630299
54673,San Cayetano,Female,2020,3.447202177101273
54680,Santiago,Female,2020,1.8597638645876007
54720,Sardinata,Female,2020,13.569919541132947
54743,Silos,Female,2020,3.216720173809899
54800,Teorama,Female,2020,10.422462911172188
54810,Tibú,Female,2020,37.03260379391506
54820,Toledo,Female,2020,8.471906089543246
54871,Villa Caro,Female,2020,3.332458797357169
54874,Villa Del Rosario,Female,2020,45.50749069094733
63001,Armenia,Female,2020,119.32498738343557
63111,Buenavista,Female,2020,1.2325088602049934
63130,Calarcá,Female,2020,27.670182243219337
63190,Circasia,Female,2020,10.54873345840185
63212,Córdoba,Female,2020,2.259948069004862
63272,Filandia,Female,2020,4.504789456471322
63302,Génova,Female,2020,3.2001528527436833
63401,La Tebaida,Female,2020,14.590125761446593
63470,Montenegro,Female,2020,15.352692222918105
63548,Pijao,Female,2020,2.4360314372273137
63594,Quimbaya,Female,2020,12.178147778905771
63690,Salento,Female,2020,3.527706502792544
66001,Pereira,Female,2020,178.9714762581607
66045,Apía,Female,2020,5.449235044488569
66075,Balboa,Female,2020,2.626539770356075
66088,Belén De Umbría,Female,2020,11.2366179628937
66170,Dosquebradas,Female,2020,81.20553157463317
66318,Guática,Female,2020,5.624960918426506
66383,La Celia,Female,2020,3.2896491192408996
66400,La Virginia,Female,2020,17.138742235412234
66440,Marsella,Female,2020,7.374281294431672
66456,Mistrató,Female,2020,9.422145474354359
66572,Pueblo Rico,Female,2020,9.923829987563595
66594,Quinchía,Female,2020,12.830084671008892
66682,Santa Rosa De Cabal,Female,2020,29.900257259883023
66687,Santuario,Female,2020,6.056488645909405
68001,Bucaramanga,Female,2020,244.69247454992848
68013,Aguada,Female,2020,0.8702337778239567
68020,Albania,Female,2020,1.9775620954115265
68051,Aratoca,Female,2020,4.056266763215613
68077,Barbosa,Female,2020,12.274993641847558
68079,Barichara,Female,2020,4.247293610931749
68081,Barrancabermeja,Female,2020,121.45359046010438
68092,Betulia,Female,2020,2.9066467015715913
68101,Bolívar,Female,2020,5.531490354574675
68121,Cabrera,Female,2020,0.8456584312533031
68132,California,Female,2020,0.782686850261629
68147,Capitanejo,Female,2020,2.411494635624421
68152,Carcasí,Female,2020,2.584600154322392
68160,Cepitá,Female,2020,0.8887530338780314
68162,Cerrito,Female,2020,3.264886951011197
68167,Charalá,Female,2020,4.850053306895246
68169,Charta,Female,2020,1.1586247543484107
68176,Chima,Female,2020,1.3743024755324043
68179,Chipatá,Female,2020,2.3650041738339245
68190,Cimitarra,Female,2020,16.446225084266665
68207,Concepción,Female,2020,2.5683452236062845
68209,Confines,Female,2020,1.2773678540097995
68211,Contratación,Female,2020,1.5952286854290483
68217,Coromoro,Female,2020,2.66663933784851
68229,Curití,Female,2020,5.708944108576744
68235,El Carmen De Chucuri,Female,2020,13.38157373795234
68245,El Guacamayo,Female,2020,0.9265994277866262
68250,El Peñón,Female,2020,2.806007096412691
68255,El Playón,Female,2020,6.762911023241064
68264,Encino,Female,2020,1.0127433048130048
68266,Enciso,Female,2020,1.6425639992092653
68271,Florián,Female,2020,3.3231248555068658
68276,Floridablanca,Female,2020,110.71035103141932
68296,Galán,Female,2020,1.340275246373476
68298,Gámbita,Female,2020,2.0331743469273675
68307,Girón,Female,2020,59.7963798033807
68318,Guaca,Female,2020,3.5985554641681565
68320,Guadalupe,Female,2020,2.0980959512512025
68322,Guapotá,Female,2020,0.8698035650783624
68324,Guavatá,Female,2020,1.987738212381351
68327,Güepsa,Female,2020,2.136008080668135
68344,Hato,Female,2020,1.2355473359836568
68368,Jesús María,Female,2020,1.4551961849734707
68370,Jordán,Female,2020,0.8038019946471043
68377,La Belleza,Female,2020,2.9111710106022923
68385,Landázuri,Female,2020,5.7934074183533735
68397,La Paz,Female,2020,2.1044829696564666
68406,Lebrija,Female,2020,17.46070844736561
68418,Los Santos,Female,2020,7.480845877388366
68425,Macaravita,Female,2020,0.9784189175991189
68432,Málaga,Female,2020,7.83936127750318
68444,Matanza,Female,2020,2.2464436100546545
68464,Mogotes,Female,2020,5.212372006465917
68468,Molagavita,Female,2020,2.141875868089849
68498,Ocamonte,Female,2020,2.524479772072393
68500,Oiba,Female,2020,4.6269412246668455
68502,Onzaga,Female,2020,2.176726536859705
68522,Palmar,Female,2020,0.6241531817420114
68524,Palmas Del Socorro,Female,2020,0.9771378167684136
68533,Páramo,Female,2020,1.9567267994568525
68547,Piedecuesta,Female,2020,65.99807371318045
68549,Pinchote,Female,2020,1.9783629433271184
68572,Puente Nacional,Female,2020,5.5700913660009554
68573,Puerto Parra,Female,2020,3.304830541395078
68575,Puerto Wilches,Female,2020,15.75720275281653
68615,Rionegro,Female,2020,11.634866162051033
68655,Sabana De Torres,Female,2020,15.004800590513547
68669,San Andrés,Female,2020,4.158241434785376
68673,San Benito,Female,2020,1.491991816981968
68679,San Gil,Female,2020,21.335114541594876
68682,San Joaquín,Female,2020,0.992809848844701
68684,San José De Miranda,Female,2020,2.1066001878604523
68686,San Miguel,Female,2020,0.9509885088499556
68689,San Vicente De Chucurí,Female,2020,15.051592684675562
68705,Santa Bárbara,Female,2020,1.3375017900878052
68720,Santa Helena Del Opón,Female,2020,1.699953690524438
68745,Simacota,Female,2020,4.790091101425374
68755,Socorro,Female,2020,11.834381115442056
68770,Suaita,Female,2020,4.587078633189595
68773,Sucre,Female,2020,3.692914827011445
68780,Suratá,Female,2020,1.8821510832896706
68820,Tona,Female,2020,3.578046875684851
68855,Valle De San José,Female,2020,2.7580015001055163
68861,Vélez,Female,2020,10.474462923196732
68867,Vetas,Female,2020,0.933036576143506
68872,Villanueva,Female,2020,3.3876942442170717
68895,Zapatoca,Female,2020,3.698939967053331
70001,Sincelejo,Female,2020,144.63470415282583
70110,Buenavista,Female,2020,5.542680978613284
70124,Caimito,Female,2020,8.938732735995918
70204,Colosó,Female,2020,5.015115308545766
70215,Corozal,Female,2020,30.735644228427052
70221,Coveñas,Female,2020,9.01286921380806
70230,Chalán,Female,2020,3.088746350612447
70233,El Roble,Female,2020,5.969381567550556
70235,Galeras,Female,2020,10.997639804053486
70265,Guaranda,Female,2020,11.096206030777275
70400,La Unión,Female,2020,7.3608671677757105
70418,Los Palmitos,Female,2020,11.13214856756469
70429,Majagual,Female,2020,23.514490062132193
70473,Morroa,Female,2020,7.879445769380228
70508,Ovejas,Female,2020,12.330578515939635
70523,Palmito,Female,2020,8.896734300713476
70670,Sampués,Female,2020,28.231625598719262
70678,San Benito Abad,Female,2020,16.69208720582578
70702,San Juan De Betulia,Female,2020,7.0408056119923526
70708,San Marcos,Female,2020,35.44880797685161
70713,San Onofre,Female,2020,32.362225918708006
70717,San Pedro,Female,2020,10.042701915795995
70742,San Luis De Sincé,Female,2020,16.729781694830535
70771,Sucre,Female,2020,17.599921158660383
70820,Santiago De Tolú,Female,2020,15.911640589820506
70823,San José De Toluviejo,Female,2020,11.189829574972556
73001,Ibagué,Female,2020,191.00080763541055
73024,Alpujarra,Female,2020,1.738846657828748
73026,Alvarado,Female,2020,4.111558068767471
73030,Ambalema,Female,2020,2.678052060702866
73043,Anzoátegui,Female,2020,5.498925070795522
73055,Armero,Female,2020,5.008535770423959
73067,Ataco,Female,2020,10.848039098023849
73124,Cajamarca,Female,2020,8.40111315601205
73148,Carmen De Apicalá,Female,2020,3.8420795047641163
73152,Casabianca,Female,2020,2.8528798710518464
73168,Chaparral,Female,2020,25.242395877100797
73200,Coello,Female,2020,3.506524323128961
73217,Coyaima,Female,2020,12.639176735263803
73226,Cunday,Female,2020,3.631504795272839
73236,Dolores,Female,2020,3.364948767033931
73268,Espinal,Female,2020,27.645180565227488
73270,Falan,Female,2020,3.349888792900975
73275,Flandes,Female,2020,10.724963737626563
73283,Fresno,Female,2020,14.324189693296375
73319,Guamo,Female,2020,14.083625106753875
73347,Herveo,Female,2020,4.307740130028757
73349,Honda,Female,2020,9.822484242747315
73352,Icononzo,Female,2020,4.830641300931253
73408,Lérida,Female,2020,7.852153906053472
73411,Líbano,Female,2020,16.732049926083157
73443,San Sebastián De Mariquita,Female,2020,15.737590357413112
73449,Melgar,Female,2020,14.881416607293549
73461,Murillo,Female,2020,2.3354360681047273
73483,Natagaima,Female,2020,7.471667000116689
73504,Ortega,Female,2020,17.174123898336017
73520,Palocabildo,Female,2020,4.414215386885265
73547,Piedras,Female,2020,2.5567223239892427
73555,Planadas,Female,2020,13.994964784627083
73563,Prado,Female,2020,3.5757752184498024
73585,Purificación,Female,2020,10.1890337934686
73616,Rioblanco,Female,2020,11.987560662550223
73622,Roncesvalles,Female,2020,2.563165348592961
73624,Rovira,Female,2020,10.69452997322231
73671,Saldaña,Female,2020,6.897201064281495
73675,San Antonio,Female,2020,6.6668776031890635
73678,San Luis,Female,2020,5.987109506331985
73686,Santa Isabel,Female,2020,3.0687361737038708
73770,Suárez,Female,2020,1.6037597559944257
73854,Valle De San Juan,Female,2020,2.3731876447722415
73861,Venadillo,Female,2020,5.609215499770057
73870,Villahermosa,Female,2020,5.142181537183552
73873,Villarrica,Female,2020,1.9792856542084827
76001,Cali,Female,2020,855.6434561151714
76020,Alcalá,Female,2020,6.972877579547681
76036,Andalucía,Female,2020,8.103980639528029
76041,Ansermanuevo,Female,2020,7.233667042124935
76054,Argelia,Female,2020,2.1557637575618567
76100,Bolívar,Female,2020,5.972603067259895
76109,Buenaventura,Female,2020,152.240064227457
76111,Guadalajara De Buga,Female,2020,42.71845052310387
76113,Bugalagrande,Female,2020,9.600865982523382
76122,Caicedonia,Female,2020,10.595540395954
76126,Calima,Female,2020,7.263552975047953
76130,Candelaria,Female,2020,34.65047381211333
76147,Cartago,Female,2020,49.59703694325052
76233,Dagua,Female,2020,18.78468300747526
76243,El Águila,Female,2020,4.003530227629084
76246,El Cairo,Female,2020,2.6455902567167238
76248,El Cerrito,Female,2020,19.59908185321882
76250,El Dovio,Female,2020,4.598255050714997
76275,Florida,Female,2020,20.55491164627921
76306,Ginebra,Female,2020,7.832703537888001
76318,Guacarí,Female,2020,11.63445777336996
76364,Jamundí,Female,2020,60.34185825623649
76377,La Cumbre,Female,2020,6.080734543612754
76400,La Unión,Female,2020,14.452504163190193
76403,La Victoria,Female,2020,4.472066581567644
76497,Obando,Female,2020,5.043107072556637
76520,Palmira,Female,2020,117.58467143485461
76563,Pradera,Female,2020,18.8091720090503
76606,Restrepo,Female,2020,5.549476127344413
76616,Riofrío,Female,2020,5.56526393839334
76622,Roldanillo,Female,2020,12.878586241590973
76670,San Pedro,Female,2020,5.910928910195044
76736,Sevilla,Female,2020,16.428680749806038
76823,Toro,Female,2020,6.194211135695409
76828,Trujillo,Female,2020,7.807205868897903
76834,Tuluá,Female,2020,87.43601082933074
76845,Ulloa,Female,2020,1.9521085533383145
76863,Versalles,Female,2020,2.941436784900941
76869,Vijes,Female,2020,4.427292386766454
76890,Yotoco,Female,2020,5.5540571281535485
76892,Yumbo,Female,2020,36.99090633087455
76895,Zarzal,Female,2020,15.122705247353302
81001,Arauca,Female,2020,45.607381891590684
81065,Arauquita,Female,2020,28.880693491845697
81220,Cravo Norte,Female,2020,2.1416453634480557
81300,Fortul,Female,2020,12.786777289894577
81591,Puerto Rondón,Female,2020,2.3490482285574847
81736,Saravena,Female,2020,28.858079287788442
81794,Tame,Female,2020,27.000434402686068
85001,Yopal,Female,2020,78.16096045236479
85010,Aguazul,Female,2020,16.012662041293005
85015,Chámeza,Female,2020,1.1013297545324212
85125,Hato Corozal,Female,2020,6.473392790905014
85136,La Salina,Female,2020,0.6569171077521627
85139,Maní,Female,2020,6.998182289499557
85162,Monterrey,Female,2020,7.4082427760397715
85225,Nunchía,Female,2020,4.972089110984655
85230,Orocué,Female,2020,5.7843506495063
85250,Paz De Ariporo,Female,2020,16.73647024438931
85263,Pore,Female,2020,5.912261584948418
85279,Recetor,Female,2020,0.6613024692462912
85300,Sabanalarga,Female,2020,1.7038216618747666
85315,Sácama,Female,2020,0.8355679862928527
85325,San Luis De Palenque,Female,2020,3.5881777972606352
85400,Támara,Female,2020,3.1692490237580913
85410,Tauramena,Female,2020,10.15226198405164
85430,Trinidad,Female,2020,6.352582356043799
85440,Villanueva,Female,2020,14.515442959163588
86001,Mocoa,Female,2020,24.99425400094026
86219,Colón,Female,2020,2.512091318979495
86320,Orito,Female,2020,18.626227855289873
86568,Puerto Asís,Female,2020,37.83963052043258
86569,Puerto Caicedo,Female,2020,7.460000972668384
86571,Puerto Guzmán,Female,2020,20.447258001696923
86573,Puerto Leguízamo,Female,2020,14.349710172512726
86749,Sibundoy,Female,2020,6.601155300253537
86755,San Francisco,Female,2020,2.2380000749540643
86757,San Miguel,Female,2020,10.375599295145932
86760,Santiago,Female,2020,3.398683446594656
86865,Valle Del Guamuez,Female,2020,18.276760635994286
86885,Villagarzón,Female,2020,12.241000283432607
88001,San Andrés,Female,2020,21.683250429270498
88564,Providencia,Female,2020,2.0329230775428204
91001,Leticia,Female,2020,44.09133091284649
91263,El Encanto,Female,2020,1.1005173791288143
91405,La Chorrera,Female,2020,1.4581025090244784
91407,La Pedrera,Female,2020,2.5836790751164487
91430,La Victoria,Female,2020,0.5572675057657098
91460,Mirití - Paraná,Female,2020,1.1454006359553983
91530,Puerto Alegría,Female,2020,0.4298757407769894
91536,Puerto Arica,Female,2020,0.7290248254036591
91540,Puerto Nariño,Female,2020,5.311031300161796
91669,Puerto Santander,Female,2020,1.0301380405579277
91798,Tarapacá,Female,2020,2.097883023450482
94001,Inírida,Female,2020,20.233733950394342
94343,Barrancominas,Female,2020,3.938918213842777
94883,San Felipe,Female,2020,1.0791804455921874
94884,Puerto Colombia,Female,2020,1.1429658628333226
94885,La Guadalupe,Female,2020,0.11952618736698195
94886,Cacahual,Female,2020,0.5008716065193073
94887,Pana Pana,Female,2020,1.2780234868484475
94888,Morichal,Female,2020,0.5140303458019156
95001,San José Del Guaviare,Female,2020,26.055090365477966
95015,Calamar,Female,2020,5.130427399819061
95025,El Retorno,Female,2020,6.931909162629083
95200,Miraflores,Female,2020,3.0712027362066503
97001,Mitú,Female,2020,15.847392472492475
97161,Carurú,Female,2020,1.2638239151743706
97511,Pacoa,Female,2020,2.140372933084744
97666,Taraira,Female,2020,1.2601479279701908
97777,Papunahua,Female,2020,0.4467214531199989
97889,Yavaraté,Female,2020,0.5263368520493911
99001,Puerto Carreño,Female,2020,12.643028041953873
99524,La Primavera,Female,2020,6.227694480492139
99624,Santa Rosalía,Female,2020,2.875815024815509
99773,Cumaribo,Female,2020,50.433116728794246
5001,Medellín,Male,2020,2250.688579081906
5002,Abejorral,Male,2020,31.579888344365536
5004,Abriaquí,Male,2020,3.7525623812180764
5021,Alejandría,Male,2020,5.7003135065028605
5030,Amagá,Male,2020,33.947973691889786
5031,Amalfi,Male,2020,36.93793560847809
5034,Andes,Male,2020,65.53138818684064
5036,Angelópolis,Male,2020,7.188625663135957
5038,Angostura,Male,2020,18.912161442435714
5040,Anorí,Male,2020,30.386989899077186
5042,Santa Fé De Antioquia,Male,2020,31.89333404241247
5044,Anzá,Male,2020,11.298880204463694
5045,Apartadó,Male,2020,168.7139039989741
5051,Arboletes,Male,2020,48.293527352388786
5055,Argelia,Male,2020,11.38110803632004
5059,Armenia,Male,2020,7.622040311485333
5079,Barbosa,Male,2020,60.19763829785683
5086,Belmira,Male,2020,8.476936155817173
5088,Bello,Male,2020,507.5015438242925
5091,Betania,Male,2020,22.11359015373852
5093,Betulia,Male,2020,27.142470460641185
5101,Ciudad Bolívar,Male,2020,41.341913628752216
5107,Briceño,Male,2020,13.933017347454177
5113,Buriticá,Male,2020,15.633802325443918
5120,Cáceres,Male,2020,52.23198658122152
5125,Caicedo,Male,2020,14.348063113550921
5129,Caldas,Male,2020,82.23459578751536
5134,Campamento,Male,2020,15.70175059537179
5138,Cañasgordas,Male,2020,23.209373412744036
5142,Caracolí,Male,2020,6.233975349312715
5145,Caramanta,Male,2020,6.307528881776496
5147,Carepa,Male,2020,83.82544881712617
5148,El Carmen De Viboral,Male,2020,60.98414672801273
5150,Carolina,Male,2020,4.460294741168389
5154,Caucasia,Male,2020,182.31151536439353
5172,Chigorodó,Male,2020,87.65147371903261
5190,Cisneros,Male,2020,11.997922576328632
5197,Cocorná,Male,2020,21.55219519485125
5206,Concepción,Male,2020,6.435511543118112
5209,Concordia,Male,2020,34.935801004845175
5212,Copacabana,Male,2020,76.23288576384861
5234,Dabeiba,Male,2020,35.39213701375073
5237,Donmatías,Male,2020,19.201596332829375
5240,Ebéjico,Male,2020,18.308245559042483
5250,El Bagre,Male,2020,87.29697877999838
5264,Entrerríos,Male,2020,12.85954121604895
5266,Envigado,Male,2020,214.05867660810583
5282,Fredonia,Male,2020,33.39158169499615
5284,Frontino,Male,2020,29.436104232738955
5306,Giraldo,Male,2020,7.138392723206296
5308,Girardota,Male,2020,51.793545340817325
5310,Gómez Plata,Male,2020,13.341532947576907
5313,Granada,Male,2020,11.599011800914612
5315,Guadalupe,Male,2020,9.667492728233645
5318,Guarne,Male,2020,57.69886359281272
5321,Guatapé,Male,2020,7.88759609099658
5347,Heliconia,Male,2020,8.43943857754867
5353,Hispania,Male,2020,7.555652178450304
5360,Itagüí,Male,2020,266.1796928432814
5361,Ituango,Male,2020,69.76417563008611
5364,Jardín,Male,2020,18.48933979200979
5368,Jericó,Male,2020,16.45835045164565
5376,La Ceja,Male,2020,61.71648564959337
5380,La Estrella,Male,2020,69.49486849619065
5390,La Pintada,Male,2020,10.316196848075602
5400,La Unión,Male,2020,24.345915494603542
5411,Liborina,Male,2020,15.574637015269039
5425,Maceo,Male,2020,10.443981042380846
5440,Marinilla,Male,2020,62.34071974951882
5467,Montebello,Male,2020,10.127857639510646
5475,Murindó,Male,2020,8.020194343540673
5480,Mutatá,Male,2020,44.48163873217575
5483,Nariño,Male,2020,16.414493619081064
5490,Necoclí,Male,2020,70.66153607990715
5495,Nechí,Male,2020,44.7002803476382
5501,Olaya,Male,2020,4.012709321222391
5541,Peñol,Male,2020,21.72562564763579
5543,Peque,Male,2020,12.9540714252061
5576,Pueblorrico,Male,2020,12.948004996231425
5579,Puerto Berrío,Male,2020,65.52377765077074
5585,Puerto Nare,Male,2020,19.321249776458483
5591,Puerto Triunfo,Male,2020,27.060749918209815
5604,Remedios,Male,2020,37.65825134774149
5607,Retiro,Male,2020,23.30025389125312
5615,Rionegro,Male,2020,130.4658837407681
5628,Sabanalarga,Male,2020,14.911010692251043
5631,Sabaneta,Male,2020,78.56077601161522
5642,Salgar,Male,2020,30.307176998310727
5647,San Andrés De Cuerquía,Male,2020,10.86466960951671
5649,San Carlos,Male,2020,19.442956393828883
5652,San Francisco,Male,2020,7.796490711495412
5656,San Jerónimo,Male,2020,19.361054911869765
5658,San José De La Montaña,Male,2020,5.305379323242577
5659,San Juan De Urabá,Male,2020,32.64733377372554
5660,San Luis,Male,2020,14.650097632462378
5664,San Pedro De Los Milagros,Male,2020,25.65064413195019
5665,San Pedro De Urabá,Male,2020,53.70896515283387
5667,San Rafael,Male,2020,20.70306945247264
5670,San Roque,Male,2020,31.30681452956091
5674,San Vicente Ferrer,Male,2020,27.893523452342595
5679,Santa Bárbara,Male,2020,31.910571409700726
5686,Santa Rosa De Osos,Male,2020,44.97420927825156
5690,Santo Domingo,Male,2020,18.789602451569344
5697,El Santuario,Male,2020,34.20396799145824
5736,Segovia,Male,2020,71.97403164904242
5756,Sonsón,Male,2020,50.49252242430648
5761,Sopetrán,Male,2020,18.9400995705942
5789,Támesis,Male,2020,23.6055260284296
5790,Tarazá,Male,2020,59.38504678638245
5792,Tarso,Male,2020,9.417342668457929
5809,Titiribí,Male,2020,13.784011397704896
5819,Toledo,Male,2020,8.602032768837445
5837,Turbo,Male,2020,199.33545654738683
5842,Uramita,Male,2020,11.273258896469358
5847,Urrao,Male,2020,42.556965268205424
5854,Valdivia,Male,2020,25.946285059763497
5856,Valparaíso,Male,2020,8.019706308201636
5858,Vegachí,Male,2020,18.730047415517095
5861,Venecia,Male,2020,14.181007925524199
5873,Vigía Del Fuerte,Male,2020,13.973846205383524
5885,Yalí,Male,2020,11.665634888919811
5887,Yarumal,Male,2020,55.324971158818045
5890,Yolombó,Male,2020,34.869319891389964
5893,Yondó,Male,2020,28.31929195154386
5895,Zaragoza,Male,2020,46.9582448902389
8001,Barranquilla,Male,2020,1719.6448612411814
8078,Baranoa,Male,2020,80.95404912693544
8137,Campo De La Cruz,Male,2020,41.52586707831704
8141,Candelaria,Male,2020,25.872374698984824
8296,Galapa,Male,2020,65.34763608204372
8372,Juan De Acosta,Male,2020,29.66301786730451
8421,Luruaco,Male,2020,46.99890141557671
8433,Malambo,Male,2020,150.04545920672854
8436,Manatí,Male,2020,28.21139750841314
8520,Palmar De Varela,Male,2020,39.23534630650022
8549,Piojó,Male,2020,11.106802428475406
8558,Polonuevo,Male,2020,22.483049112362053
8560,Ponedera,Male,2020,35.92553354462057
8573,Puerto Colombia,Male,2020,48.03994862367014
8606,Repelón,Male,2020,42.54208667026886
8634,Sabanagrande,Male,2020,40.748874487262256
8638,Sabanalarga,Male,2020,122.50548390177562
8675,Santa Lucía,Male,2020,22.829916534504946
8685,Santo Tomás,Male,2020,34.899118739061336
8758,Soledad,Male,2020,624.6641489124698
8770,Suan,Male,2020,17.533149994656682
8832,Tubará,Male,2020,23.819810671804685
8849,Usiacurí,Male,2020,16.7060839610306
11001,"Bogotá, D.C.",Male,2020,6889.440267635592
13001,Cartagena De Indias,Male,2020,1307.0891794338775
13006,Achí,Male,2020,46.13968706501738
13030,Altos Del Rosario,Male,2020,20.9915431824138
13042,Arenal,Male,2020,18.316366415348472
13052,Arjona,Male,2020,103.05875782820753
13062,Arroyohondo,Male,2020,15.24054040384618
13074,Barranco De Loba,Male,2020,27.057032396071587
13140,Calamar,Male,2020,40.04998086564246
13160,Cantagallo,Male,2020,14.234045151254723
13188,Cicuco,Male,2020,22.6525381908164
13212,Córdoba,Male,2020,31.493141363280607
13222,Clemencia,Male,2020,26.002433664228256
13244,El Carmen De Bolívar,Male,2020,124.39577112768049
13248,El Guamo,Male,2020,17.098403759459536
13268,El Peñón,Male,2020,13.898199305481175
13300,Hatillo De Loba,Male,2020,23.653223999720858
13430,Magangué,Male,2020,204.38791539229095
13433,Mahates,Male,2020,45.185705039156524
13440,Margarita,Male,2020,20.546506196008288
13442,María La Baja,Male,2020,78.7194380136921
13458,Montecristo,Male,2020,36.44966101997097
13468,Mompós,Male,2020,66.06192867823692
13473,Morales,Male,2020,39.99925186846727
13490,Norosí,Male,2020,13.086306079538016
13549,Pinillos,Male,2020,44.95357326763748
13580,Regidor,Male,2020,9.68100657485141
13600,Río Viejo,Male,2020,19.017242008100524
13620,San Cristóbal,Male,2020,12.05054283605567
13647,San Estanislao,Male,2020,28.739743638937643
13650,San Fernando,Male,2020,22.25304325966066
13654,San Jacinto,Male,2020,43.04132190552064
13655,San Jacinto Del Cauca,Male,2020,20.554866304770236
13657,San Juan Nepomuceno,Male,2020,65.71650230812214
13667,San Martín De Loba,Male,2020,24.786114336950035
13670,San Pablo,Male,2020,42.98022564922996
13673,Santa Catalina,Male,2020,23.23047611080259
13683,Santa Rosa,Male,2020,34.61149272541448
13688,Santa Rosa Del Sur,Male,2020,49.37321875320826
13744,Simití,Male,2020,32.608559208817226
13760,Soplaviento,Male,2020,14.65565223009909
13780,Talaigua Nuevo,Male,2020,18.874502309108646
13810,Tiquisio,Male,2020,34.662770550257065
13836,Turbaco,Male,2020,128.00058339657096
13838,Turbaná,Male,2020,24.553964340540915
13873,Villanueva,Male,2020,39.44298993983495
13894,Zambrano,Male,2020,22.371186457830753
15001,Tunja,Male,2020,158.4947291470592
15022,Almeida,Male,2020,2.7801138536700036
15047,Aquitania,Male,2020,20.980533265539833
15051,Arcabuco,Male,2020,6.4779355072266025
15087,Belén,Male,2020,8.078369138495113
15090,Berbeo,Male,2020,2.3189346391313883
15092,Betéitiva,Male,2020,2.6750573825635353
15097,Boavita,Male,2020,7.692707029091964
15104,Boyacá,Male,2020,7.402189569914855
15106,Briceño,Male,2020,3.878810815678257
15109,Buenavista,Male,2020,7.388905026659349
15114,Busbanzá,Male,2020,1.3554666583000798
15131,Caldas,Male,2020,4.6377663055601
15135,Campohermoso,Male,2020,5.1333995896078175
15162,Cerinza,Male,2020,4.303781696162892
15172,Chinavita,Male,2020,4.670218411079565
15176,Chiquinquirá,Male,2020,60.992609474471415
15180,Chiscas,Male,2020,6.984295018404117
15183,Chita,Male,2020,14.434249248082697
15185,Chitaraque,Male,2020,10.144758802591165
15187,Chivatá,Male,2020,3.7581126961924283
15189,Ciénega,Male,2020,6.396263616878112
15204,Cómbita,Male,2020,28.250726898806587
15212,Coper,Male,2020,5.123237777302723
15215,Corrales,Male,2020,2.9821725811939723
15218,Covarachía,Male,2020,4.83764229371981
15223,Cubará,Male,2020,16.22583960767933
15224,Cucaita,Male,2020,5.174859716797135
15226,Cuítiva,Male,2020,2.3490945071700517
15232,Chíquiza,Male,2020,7.874344245565769
15236,Chivor,Male,2020,4.243179776620912
15238,Duitama,Male,2020,113.74028487822478
15244,El Cocuy,Male,2020,6.4816847561170645
15248,El Espino,Male,2020,3.6601488792854537
15272,Firavitoba,Male,2020,6.733118729103131
15276,Floresta,Male,2020,4.517995074913196
15293,Gachantivá,Male,2020,5.015423942482862
15296,Gámeza,Male,2020,7.0649195325355905
15299,Garagoa,Male,2020,18.194853497675695
15317,Guacamayas,Male,2020,2.0201715826274125
15322,Guateque,Male,2020,11.562533487574115
15325,Guayatá,Male,2020,4.748503363930826
15332,Güicán De La Sierra,Male,2020,5.9807600920628214
15362,Iza,Male,2020,2.158204726995275
15367,Jenesano,Male,2020,9.899070157944063
15368,Jericó,Male,2020,7.7533353163023015
15377,Labranzagrande,Male,2020,7.311769684599327
15380,La Capilla,Male,2020,3.368005118317098
15401,La Victoria,Male,2020,1.718742448559144
15403,La Uvita,Male,2020,4.389207819409045
15407,Villa De Leyva,Male,2020,15.740476683787593
15425,Macanal,Male,2020,5.999098404069879
15442,Maripí,Male,2020,13.24037691529502
15455,Miraflores,Male,2020,9.655351259556703
15464,Mongua,Male,2020,6.908936341044564
15466,Monguí,Male,2020,4.552509354822826
15469,Moniquirá,Male,2020,27.37716120449539
15476,Motavita,Male,2020,8.504859367290718
15480,Muzo,Male,2020,14.314761687585289
15491,Nobsa,Male,2020,14.15915310848057
15494,Nuevo Colón,Male,2020,8.535655384182906
15500,Oicatá,Male,2020,2.9964259769379114
15507,Otanche,Male,2020,13.469160611566235
15511,Pachavita,Male,2020,3.503429498612874
15514,Páez,Male,2020,4.58246256091621
15516,Paipa,Male,2020,33.04900571005379
15518,Pajarito,Male,2020,2.8452232530557904
15522,Panqueba,Male,2020,2.535758102292752
15531,Pauna,Male,2020,12.28004824080239
15533,Paya,Male,2020,5.236871007822034
15537,Paz De Río,Male,2020,4.304303788732815
15542,Pesca,Male,2020,8.834026349143086
15550,Pisba,Male,2020,2.9058571013539303
15572,Puerto Boyacá,Male,2020,66.91877383779857
15580,Quípama,Male,2020,11.277803575942613
15599,Ramiriquí,Male,2020,12.603205093528462
15600,Ráquira,Male,2020,10.42371622260397
15621,Rondón,Male,2020,3.317746581651188
15632,Saboyá,Male,2020,18.695453106339492
15638,Sáchica,Male,2020,6.014491462242965
15646,Samacá,Male,2020,23.941773768773697
15660,San Eduardo,Male,2020,2.304113428077799
15664,San José De Pare,Male,2020,8.956379019414369
15667,San Luis De Gaceno,Male,2020,7.185009841625741
15673,San Mateo,Male,2020,4.684833075438148
15676,San Miguel De Sema,Male,2020,3.73171848449498
15681,San Pablo De Borbur,Male,2020,13.182489806367519
15686,Santana,Male,2020,12.049107583125622
15690,Santa María,Male,2020,4.53903766429861
15693,Santa Rosa De Viterbo,Male,2020,13.806870510492374
15696,Santa Sofía,Male,2020,3.8313487414650313
15720,Sativanorte,Male,2020,3.8694829509730733
15723,Sativasur,Male,2020,1.3724460266685337
15740,Siachoque,Male,2020,10.709123837639993
15753,Soatá,Male,2020,8.377841385504436
15755,Socotá,Male,2020,12.661184688625696
15757,Socha,Male,2020,9.468897583058949
15759,Sogamoso,Male,2020,119.30329929119634
15761,Somondoco,Male,2020,4.4228182717930995
15762,Sora,Male,2020,5.042733543263201
15763,Sotaquirá,Male,2020,10.712166233522044
15764,Soracá,Male,2020,8.166232103040642
15774,Susacón,Male,2020,3.764298781401761
15776,Sutamarchán,Male,2020,7.765856452364989
15778,Sutatenza,Male,2020,6.403335519764478
15790,Tasco,Male,2020,7.292020706670586
15798,Tenza,Male,2020,5.6321379482403255
15804,Tibaná,Male,2020,13.63534009176298
15806,Tibasosa,Male,2020,11.98680171561228
15808,Tinjacá,Male,2020,4.2970959436816285
15810,Tipacoque,Male,2020,4.719016037144838
15814,Toca,Male,2020,11.038037578294109
15816,Togüí,Male,2020,7.734782791678371
15820,Tópaga,Male,2020,3.9355717936526493
15822,Tota,Male,2020,8.007484870095402
15832,Tununguá,Male,2020,2.4105631757588117
15835,Turmequé,Male,2020,9.732313620774182
15837,Tuta,Male,2020,9.706062534776038
15839,Tutazá,Male,2020,2.884543572177326
15842,Úmbita,Male,2020,12.64962140729191
15861,Ventaquemada,Male,2020,17.618847849068228
15879,Viracachá,Male,2020,4.38164818815818
15897,Zetaquira,Male,2020,7.410547162696557
17001,Manizales,Male,2020,411.96967522959784
17013,Aguadas,Male,2020,28.746368929311625
17042,Anserma,Male,2020,47.420193172025755
17050,Aranzazu,Male,2020,12.254292229011337
17088,Belalcázar,Male,2020,14.573098178549152
17174,Chinchiná,Male,2020,54.40122060423916
17272,Filadelfia,Male,2020,15.960032222178462
17380,La Dorada,Male,2020,87.24058697160153
17388,La Merced,Male,2020,8.403017351965172
17433,Manzanares,Male,2020,25.198353386606378
17442,Marmato,Male,2020,12.022212385169253
17444,Marquetalia,Male,2020,19.07390061857319
17446,Marulanda,Male,2020,3.74268774910238
17486,Neira,Male,2020,25.937381244171227
17495,Norcasia,Male,2020,8.263435874680326
17513,Pácora,Male,2020,21.09883522810419
17524,Palestina,Male,2020,19.70859410888474
17541,Pensilvania,Male,2020,27.211670253641817
17614,Riosucio,Male,2020,61.91613197028854
17616,Risaralda,Male,2020,17.116657553218438
17653,Salamina,Male,2020,24.399006979531872
17662,Samaná,Male,2020,29.485016223923765
17665,San José,Male,2020,8.189608553435162
17777,Supía,Male,2020,34.81529387597303
17867,Victoria,Male,2020,13.165597129330894
17873,Villamaría,Male,2020,65.34257233268835
17877,Viterbo,Male,2020,13.936504367047153
18001,Florencia,Male,2020,279.8345480929825
18029,Albania,Male,2020,7.254210589521419
18094,Belén De Los Andaquíes,Male,2020,14.729695762430623
18150,Cartagena Del Chairá,Male,2020,52.82547779098129
18205,Curillo,Male,2020,12.230957269763953
18247,El Doncello,Male,2020,25.50796550446173
18256,El Paujíl,Male,2020,24.543621967168864
18410,La Montañita,Male,2020,24.317401122477815
18460,Milán,Male,2020,15.50490443124073
18479,Morelia,Male,2020,5.3495550247657295
18592,Puerto Rico,Male,2020,39.08416213740482
18610,San José Del Fragua,Male,2020,18.20659239855557
18753,San Vicente Del Caguán,Male,2020,83.11389378740671
18756,Solano,Male,2020,21.437433972932464
18785,Solita,Male,2020,10.123560350282611
18860,Valparaíso,Male,2020,10.473544418447114
19001,Popayán,Male,2020,325.53359519669306
19022,Almaguer,Male,2020,35.77020951625839
19050,Argelia,Male,2020,46.2595893638183
19075,Balboa,Male,2020,32.85800786597699
19100,Bolívar,Male,2020,65.40521082745951
19110,Buenos Aires,Male,2020,42.57687266127026
19130,Cajibío,Male,2020,71.76119555921105
19137,Caldono,Male,2020,61.11792410208794
19142,Caloto,Male,2020,37.45721634403351
19212,Corinto,Male,2020,41.075144589666046
19256,El Tambo,Male,2020,84.80605042662
19290,Florencia,Male,2020,6.775330247728438
19300,Guachené,Male,2020,12.68170252609468
19318,Guapi,Male,2020,43.51759760510203
19355,Inzá,Male,2020,47.739474490730345
19364,Jambaló,Male,2020,23.931193934289134
19392,La Sierra,Male,2020,19.443454593376917
19397,La Vega,Male,2020,44.5303652946566
19418,López De Micay,Male,2020,34.57318621431419
19450,Mercaderes,Male,2020,36.92602685587674
19455,Miranda,Male,2020,32.25152831245518
19473,Morales,Male,2020,58.10581542936255
19513,Padilla,Male,2020,10.919017896732576
19517,Páez,Male,2020,70.72746922836406
19532,Patía,Male,2020,53.462928973811316
19533,Piamonte,Male,2020,12.855276650708378
19548,Piendamó - Tunía,Male,2020,48.68443952113527
19573,Puerto Tejada,Male,2020,53.55139991575906
19585,Puracé,Male,2020,22.54254170801981
19622,Rosas,Male,2020,17.8599967542031
19693,San Sebastián,Male,2020,17.99733682228817
19698,Santander De Quilichao,Male,2020,113.90560221602843
19701,Santa Rosa,Male,2020,11.141326584886196
19743,Silvia,Male,2020,50.304107322376495
19760,Sotará - Paispamba,Male,2020,17.638730325370073
19780,Suárez,Male,2020,45.09035812618556
19785,Sucre,Male,2020,21.97246352918724
19807,Timbío,Male,2020,46.95250899134852
19809,Timbiquí,Male,2020,44.15233081238193
19821,Toribío,Male,2020,47.79839003395022
19824,Totoró,Male,2020,38.324950365153285
19845,Villa Rica,Male,2020,22.74818896139132
20001,Valledupar,Male,2020,636.0282286087112
20011,Aguachica,Male,2020,143.7996873521547
20013,Agustín Codazzi,Male,2020,89.4327172727984
20032,Astrea,Male,2020,32.4553153068746
20045,Becerril,Male,2020,30.58527773101737
20060,Bosconia,Male,2020,57.59612730793141
20175,Chimichagua,Male,2020,51.04489965130365
20178,Chiriguaná,Male,2020,42.98899422152057
20228,Curumaní,Male,2020,52.16664465228394
20238,El Copey,Male,2020,44.056762269260666
20250,El Paso,Male,2020,49.943162816468146
20295,Gamarra,Male,2020,23.818539766175533
20310,González,Male,2020,8.486843131044106
20383,La Gloria,Male,2020,25.600392548612
20400,La Jagua De Ibirico,Male,2020,52.57859960433792
20443,Manaure Balcón Del Cesar,Male,2020,14.581728713840178
20517,Pailitas,Male,2020,27.03999665284999
20550,Pelaya,Male,2020,32.042489933386406
20570,Pueblo Bello,Male,2020,46.7346134889227
20614,Río De Oro,Male,2020,28.468200279482563
20621,La Paz,Male,2020,37.40446985805124
20710,San Alberto,Male,2020,34.535451389799455
20750,San Diego,Male,2020,26.140994492039425
20770,San Martín,Male,2020,39.689354619502026
20787,Tamalameque,Male,2020,21.861262862249117
23001,Montería,Male,2020,584.1835949217076
23068,Ayapel,Male,2020,78.59943802565648
23079,Buenavista,Male,2020,35.4020500682421
23090,Canalete,Male,2020,30.251741678958265
23162,Cereté,Male,2020,134.8348650074761
23168,Chimá,Male,2020,33.34908894071703
23182,Chinú,Male,2020,75.9794802220197
23189,Ciénaga De Oro,Male,2020,98.87863541856693
23300,Cotorra,Male,2020,26.534580457702766
23350,La Apartada,Male,2020,22.609898765643482
23417,Lorica,Male,2020,153.61607605086905
23419,Los Córdobas,Male,2020,33.38750724365117
23464,Momil,Male,2020,27.813455336602622
23466,Montelíbano,Male,2020,104.57360596529638
23500,Moñitos,Male,2020,55.02115897433118
23555,Planeta Rica,Male,2020,87.60366519215349
23570,Pueblo Nuevo,Male,2020,57.89421374193482
23574,Puerto Escondido,Male,2020,46.52304611602336
23580,Puerto Libertador,Male,2020,69.4518955467997
23586,Purísima De La Concepción,Male,2020,28.398133400458775
23660,Sahagún,Male,2020,150.24936719153916
23670,San Andrés De Sotavento,Male,2020,101.73252157349144
23672,San Antero,Male,2020,48.38372178682732
23675,San Bernardo Del Viento,Male,2020,61.8710198004045
23678,San Carlos,Male,2020,48.294999471902614
23682,San José De Uré,Male,2020,14.629346819483258
23686,San Pelayo,Male,2020,80.48325217276772
23807,Tierralta,Male,2020,153.99314693012298
23815,Tuchín,Male,2020,70.8476659816235
23855,Valencia,Male,2020,56.407254411638405
25001,Agua De Dios,Male,2020,13.51027230978769
25019,Albán,Male,2020,7.784220337322938
25035,Anapoima,Male,2020,17.627169039136255
25040,Anolaima,Male,2020,17.756325085119595
25053,Arbeláez,Male,2020,11.739648347408739
25086,Beltrán,Male,2020,2.6336977052816595
25095,Bituima,Male,2020,3.370384304556551
25099,Bojacá,Male,2020,11.220221376083439
25120,Cabrera,Male,2020,8.002577520268783
25123,Cachipay,Male,2020,12.423890223390703
25126,Cajicá,Male,2020,77.23925081377504
25148,Caparrapí,Male,2020,21.365958184152838
25151,Cáqueza,Male,2020,22.84309043229565
25154,Carmen De Carupa,Male,2020,11.409407966469967
25168,Chaguaní,Male,2020,9.135323622401517
25175,Chía,Male,2020,145.02403456431713
25178,Chipaque,Male,2020,12.498802455211134
25181,Choachí,Male,2020,13.576536219564137
25183,Chocontá,Male,2020,35.70138898801927
25200,Cogua,Male,2020,23.505121031892173
25214,Cota,Male,2020,31.232055247888166
25224,Cucunubá,Male,2020,9.562393281794167
25245,El Colegio,Male,2020,27.404680226268976
25258,El Peñón,Male,2020,8.080103947519362
25260,El Rosal,Male,2020,22.546856129003977
25269,Facatativá,Male,2020,164.7789798167233
25279,Fómeque,Male,2020,15.512893107598245
25281,Fosca,Male,2020,9.861995487958122
25286,Funza,Male,2020,93.72812808287428
25288,Fúquene,Male,2020,5.52323800991943
25290,Fusagasugá,Male,2020,153.90201030193768
25293,Gachalá,Male,2020,8.144099258055254
25295,Gachancipá,Male,2020,17.64636321024841
25297,Gachetá,Male,2020,14.659682839075503
25299,Gama,Male,2020,4.964048294866627
25307,Girardot,Male,2020,165.48571200881798
25312,Granada,Male,2020,8.250261065431495
25317,Guachetá,Male,2020,17.788980400828375
25320,Guaduas,Male,2020,49.664558574052094
25322,Guasca,Male,2020,15.992453459499753
25324,Guataquí,Male,2020,3.9976432668126822
25326,Guatavita,Male,2020,9.115352721420175
25328,Guayabal De Síquima,Male,2020,5.8965499813844175
25335,Guayabetal,Male,2020,8.249341040744575
25339,Gutiérrez,Male,2020,5.21259637486336
25368,Jerusalén,Male,2020,3.476036357370483
25372,Junín,Male,2020,10.708706041592709
25377,La Calera,Male,2020,32.540127516755255
25386,La Mesa,Male,2020,44.7528246162272
25394,La Palma,Male,2020,14.947676384749668
25398,La Peña,Male,2020,11.661919941185946
25402,La Vega,Male,2020,20.570518600609347
25407,Lenguazaque,Male,2020,14.13676905338318
25426,Machetá,Male,2020,9.622166700783014
25430,Madrid,Male,2020,109.32553005478589
25436,Manta,Male,2020,5.384102603058778
25438,Medina,Male,2020,11.843763128075041
25473,Mosquera,Male,2020,124.58590098643963
25483,Nariño,Male,2020,3.587641646646146
25486,Nemocón,Male,2020,15.636711067947857
25488,Nilo,Male,2020,12.572658941937533
25489,Nimaima,Male,2020,5.034900557170909
25491,Nocaima,Male,2020,8.013333372542167
25506,Venecia,Male,2020,6.557074907798441
25513,Pacho,Male,2020,35.662585991754035
25518,Paime,Male,2020,8.161480043996333
25524,Pandi,Male,2020,7.2105399471046585
25530,Paratebueno,Male,2020,12.26073165468434
25535,Pasca,Male,2020,12.533421521457015
25572,Puerto Salgar,Male,2020,21.88950565372002
25580,Pulí,Male,2020,5.7409546083256
25592,Quebradanegra,Male,2020,6.918345772077638
25594,Quetame,Male,2020,7.515175862684635
25596,Quipile,Male,2020,10.996224506838976
25599,Apulo,Male,2020,10.609350096093783
25612,Ricaurte,Male,2020,14.07634405895096
25645,San Antonio Del Tequendama,Male,2020,13.536477684776088
25649,San Bernardo,Male,2020,12.466942133417554
25653,San Cayetano,Male,2020,7.489789798599714
25658,San Francisco,Male,2020,11.553997298762395
25662,San Juan De Rioseco,Male,2020,12.852510702399314
25718,Sasaima,Male,2020,14.76254796556932
25736,Sesquilé,Male,2020,13.626074001670641
25740,Sibaté,Male,2020,46.312623856199956
25743,Silvania,Male,2020,28.0760105597107
25745,Simijaca,Male,2020,15.607436140875508
25754,Soacha,Male,2020,654.4047814721837
25758,Sopó,Male,2020,28.697141123234502
25769,Subachoque,Male,2020,15.507547701510145
25772,Suesca,Male,2020,18.43873148375736
25777,Supatá,Male,2020,6.716924978259154
25779,Susa,Male,2020,8.267062501452612
25781,Sutatausa,Male,2020,6.819330900503024
25785,Tabio,Male,2020,22.918390927183037
25793,Tausa,Male,2020,10.189256861616364
25797,Tena,Male,2020,10.511341991222539
25799,Tenjo,Male,2020,24.53477989724191
25805,Tibacuy,Male,2020,5.703790950435148
25807,Tibirita,Male,2020,5.891460735140649
25815,Tocaima,Male,2020,19.39295657097507
25817,Tocancipá,Male,2020,40.035530335142056
25823,Topaipí,Male,2020,7.578315836710541
25839,Ubalá,Male,2020,12.188111903249881
25841,Ubaque,Male,2020,9.974149088823504
25843,Villa De San Diego De Ubaté,Male,2020,60.55724848902407
25845,Une,Male,2020,9.980014545001866
25851,Útica,Male,2020,6.613169729831183
25862,Vergara,Male,2020,12.897958342343145
25867,Vianí,Male,2020,6.092477310552933
25871,Villagómez,Male,2020,2.6283500648540814
25873,Villapinzón,Male,2020,23.344651074714537
25875,Villeta,Male,2020,35.17001440718674
25878,Viotá,Male,2020,19.744806320400873
25885,Yacopí,Male,2020,24.246839760459505
25898,Zipacón,Male,2020,5.089197815187168
25899,Zipaquirá,Male,2020,142.96371492939602
27001,Quibdó,Male,2020,191.21634775012117
27006,Acandí,Male,2020,20.79174907787735
27025,Alto Baudó,Male,2020,52.2236205192587
27050,Atrato,Male,2020,9.341178106350984
27073,Bagadó,Male,2020,18.52409377008281
27075,Bahía Solano,Male,2020,13.715725779722256
27077,Bajo Baudó,Male,2020,53.083517365041835
27099,Bojayá,Male,2020,19.66673722881928
27135,El Cantón Del San Pablo,Male,2020,9.000406924988498
27150,Carmen Del Darién,Male,2020,39.23717840409103
27160,Cértegui,Male,2020,8.050894466640097
27205,Condoto,Male,2020,16.82978900967261
27245,El Carmen De Atrato,Male,2020,12.372445641398352
27250,El Litoral Del San Juan,Male,2020,41.4683480021763
27361,Istmina,Male,2020,42.28782309594629
27372,Juradó,Male,2020,11.390300923056978
27413,Lloró,Male,2020,15.721338291016808
27425,Medio Atrato,Male,2020,22.678855166883633
27430,Medio Baudó,Male,2020,27.531491344963573
27450,Medio San Juan,Male,2020,17.828785469939607
27491,Nóvita,Male,2020,14.654717885934684
27495,Nuquí,Male,2020,27.51853797975585
27580,Río Iró,Male,2020,9.067943540239698
27600,Río Quito,Male,2020,12.599082155738914
27615,Riosucio,Male,2020,127.54181997262606
27660,San José Del Palmar,Male,2020,8.723444559280265
27745,Sipí,Male,2020,5.7198038624806244
27787,Tadó,Male,2020,25.655859584771424
27800,Unguía,Male,2020,21.94771578821791
27810,Unión Panamericana,Male,2020,10.83966428945471
41001,Neiva,Male,2020,475.06216620682073
41006,Acevedo,Male,2020,54.53647477928989
41013,Agrado,Male,2020,13.493801746652247
41016,Aipe,Male,2020,21.668236657561117
41020,Algeciras,Male,2020,33.97493557157152
41026,Altamira,Male,2020,4.887344114518271
41078,Baraya,Male,2020,13.910243464124802
41132,Campoalegre,Male,2020,40.329564804453256
41206,Colombia,Male,2020,14.118630543811815
41244,Elías,Male,2020,5.395017574176913
41298,Garzón,Male,2020,98.39791602507086
41306,Gigante,Male,2020,33.96756506174818
41319,Guadalupe,Male,2020,26.769285609119816
41349,Hobo,Male,2020,9.661160122809367
41357,Íquira,Male,2020,14.610883115077558
41359,Isnos,Male,2020,35.873574660089105
41378,La Argentina,Male,2020,20.44525266820808
41396,La Plata,Male,2020,88.93747902316315
41483,Nátaga,Male,2020,9.582255914061669
41503,Oporapa,Male,2020,20.534986911715038
41518,Paicol,Male,2020,8.525201043350021
41524,Palermo,Male,2020,32.84439648433783
41530,Palestina,Male,2020,18.687625920130206
41548,Pital,Male,2020,20.037779069799985
41551,Pitalito,Male,2020,196.2538812283601
41615,Rivera,Male,2020,30.37417044279432
41660,Saladoblanco,Male,2020,18.499418318419444
41668,San Agustín,Male,2020,43.48601833004096
41676,Santa María,Male,2020,17.47893080116848
41770,Suaza,Male,2020,30.20145560380334
41791,Tarqui,Male,2020,27.372095360395814
41797,Tesalia,Male,2020,14.099401904864411
41799,Tello,Male,2020,17.179404395069838
41801,Teruel,Male,2020,11.36201091204799
41807,Timaná,Male,2020,30.47184332986707
41872,Villavieja,Male,2020,10.641547353952712
41885,Yaguará,Male,2020,8.605619659730406
44001,Riohacha,Male,2020,348.4485466991951
44035,Albania,Male,2020,40.54611054069718
44078,Barrancas,Male,2020,50.00026399729788
44090,Dibulla,Male,2020,67.62185170464089
44098,Distracción,Male,2020,17.05878170954978
44110,El Molino,Male,2020,9.807812449749417
44279,Fonseca,Male,2020,51.65573351162697
44378,Hatonuevo,Male,2020,25.950774155136415
44420,La Jagua Del Pilar,Male,2020,5.239346945117887
44430,Maicao,Male,2020,307.3877132033705
44560,Manaure,Male,2020,152.20284577969008
44650,San Juan Del Cesar,Male,2020,62.59350975913018
44847,Uribia,Male,2020,354.5430328708285
44855,Urumita,Male,2020,13.010281134406657
44874,Villanueva,Male,2020,32.44104214579616
47001,Santa Marta,Male,2020,674.7989110043999
47030,Algarrobo,Male,2020,25.33385618603743
47053,Aracataca,Male,2020,55.859324193595135
47058,Ariguaní,Male,2020,51.33650303133556
47161,Cerro De San Antonio,Male,2020,18.8966205066888
47170,Chivolo,Male,2020,37.86069233481973
47189,Ciénaga,Male,2020,174.08882664627754
47205,Concordia,Male,2020,22.720327035606655
47245,El Banco,Male,2020,104.31311098041297
47258,El Piñón,Male,2020,37.61747151137026
47268,El Retén,Male,2020,32.9775308374173
47288,Fundación,Male,2020,96.44957368890124
47318,Guamal,Male,2020,47.093804957506926
47460,Nueva Granada,Male,2020,38.068922621520315
47541,Pedraza,Male,2020,16.207610202809736
47545,Pijiño Del Carmen,Male,2020,20.681860078361098
47551,Pivijay,Male,2020,64.60533738527589
47555,Plato,Male,2020,99.50079643735668
47570,Puebloviejo,Male,2020,55.49522141673085
47605,Remolino,Male,2020,19.391427492095826
47660,Sabanas De San Ángel,Male,2020,32.17741683962014
47675,Salamina,Male,2020,16.342552180376163
47692,San Sebastián De Buenavista,Male,2020,35.773395627672315
47703,San Zenón,Male,2020,18.919216675722613
47707,Santa Ana,Male,2020,37.15975711035256
47720,Santa Bárbara De Pinto,Male,2020,18.599657216752476
47745,Sitionuevo,Male,2020,56.91591759861043
47798,Tenerife,Male,2020,23.417028632217363
47960,Zapayán,Male,2020,21.030523067389574
47980,Zona Bananera,Male,2020,106.03571017279312
50001,Villavicencio,Male,2020,588.5712770982282
50006,Acacías,Male,2020,98.51385270071592
50110,Barranca De Upía,Male,2020,8.093120191971463
50124,Cabuyaro,Male,2020,8.300848041310708
50150,Castilla La Nueva,Male,2020,16.37411157091449
50223,Cubarral,Male,2020,7.565641752333028
50226,Cumaral,Male,2020,23.919691937039605
50245,El Calvario,Male,2020,2.1605565827999595
50251,El Castillo,Male,2020,11.385026683166027
50270,El Dorado,Male,2020,4.855420573329971
50287,Fuente De Oro,Male,2020,16.917427542624278
50313,Granada,Male,2020,85.86184839590702
50318,Guamal,Male,2020,15.083788718754478
50325,Mapiripán,Male,2020,13.186214843685306
50330,Mesetas,Male,2020,17.632292636318375
50350,La Macarena,Male,2020,55.20454799300067
50370,Uribe,Male,2020,17.71580420041765
50400,Lejanías,Male,2020,15.989115618172043
50450,Puerto Concordia,Male,2020,13.93642396051641
50568,Puerto Gaitán,Male,2020,67.29475346223063
50573,Puerto López,Male,2020,40.13022974481746
50577,Puerto Lleras,Male,2020,16.231835253895344
50590,Puerto Rico,Male,2020,22.252806443160395
50606,Restrepo,Male,2020,17.768795891220726
50680,San Carlos De Guaroa,Male,2020,15.96093067213605
50683,San Juan De Arama,Male,2020,12.896610535473753
50686,San Juanito,Male,2020,2.8882769798902785
50689,San Martín,Male,2020,29.46863056614746
50711,Vistahermosa,Male,2020,29.6562376177115
52001,Pasto,Male,2020,383.70305325289576
52019,Albán,Male,2020,15.195032271811513
52022,Aldana,Male,2020,8.717602193535683
52036,Ancuya,Male,2020,10.394259076399017
52051,Arboleda,Male,2020,15.140808501108454
52079,Barbacoas,Male,2020,99.47593593604847
52083,Belén,Male,2020,8.532735801700541
52110,Buesaco,Male,2020,33.967605301118695
52203,Colón,Male,2020,12.783507787380337
52207,Consacá,Male,2020,18.821244804296267
52210,Contadero,Male,2020,10.574316877309842
52215,Córdoba,Male,2020,20.811837765456364
52224,Cuaspud Carlosama,Male,2020,15.016241180098588
52227,Cumbal,Male,2020,42.74512190837083
52233,Cumbitara,Male,2020,9.11492626101967
52240,Chachagüí,Male,2020,19.073020870109445
52250,El Charco,Male,2020,39.5888946145378
52254,El Peñol,Male,2020,11.975115164880693
52256,El Rosario,Male,2020,22.67565588959013
52258,El Tablón De Gómez,Male,2020,25.04910072388705
52260,El Tambo,Male,2020,18.44474354784544
52287,Funes,Male,2020,10.929985444253894
52317,Guachucal,Male,2020,24.981647449925386
52320,Guaitarilla,Male,2020,15.801836873936724
52323,Gualmatán,Male,2020,8.808813181420758
52352,Iles,Male,2020,11.27087359667593
52354,Imués,Male,2020,11.064555691664173
52356,Ipiales,Male,2020,123.86385649127388
52378,La Cruz,Male,2020,23.117422390258245
52381,La Florida,Male,2020,19.307172048083128
52385,La Llanada,Male,2020,8.103816839520256
52390,La Tola,Male,2020,12.225158160633583
52399,La Unión,Male,2020,53.886396570595785
52405,Leiva,Male,2020,17.596336712298896
52411,Linares,Male,2020,14.012447934014157
52418,Los Andes,Male,2020,14.369003717314712
52427,Magüí,Male,2020,45.04762056983632
52435,Mallama,Male,2020,12.755954560823627
52473,Mosquera,Male,2020,22.286489651210772
52480,Nariño,Male,2020,9.058651333337426
52490,Olaya Herrera,Male,2020,43.19937975211652
52506,Ospina,Male,2020,8.710396544890619
52520,Francisco Pizarro,Male,2020,26.186223549013626
52540,Policarpa,Male,2020,14.770780947002772
52560,Potosí,Male,2020,11.8169884055224
52565,Providencia,Male,2020,9.519754901678693
52573,Puerres,Male,2020,10.632300411283929
52585,Pupiales,Male,2020,22.469422087958673
52612,Ricaurte,Male,2020,34.626201718206694
52621,Roberto Payán,Male,2020,24.212630411204426
52678,Samaniego,Male,2020,47.824131186997846
52683,Sandoná,Male,2020,25.438888347460324
52685,San Bernardo,Male,2020,18.17988881894604
52687,San Lorenzo,Male,2020,34.78661967441329
52693,San Pablo,Male,2020,22.630595690279378
52694,San Pedro De Cartago,Male,2020,12.349511217270763
52696,Santa Bárbara,Male,2020,25.13976482949971
52699,Santacruz,Male,2020,21.193143073823837
52720,Sapuyes,Male,2020,11.152796156090607
52786,Taminango,Male,2020,25.545498145609663
52788,Tangua,Male,2020,21.786909854428945
52835,San Andrés De Tumaco,Male,2020,374.91046757293395
52838,Túquerres,Male,2020,56.465595151398155
52885,Yacuanquer,Male,2020,16.829948994881818
54001,San José De Cúcuta,Male,2020,1090.485376981729
54003,Ábrego,Male,2020,55.4253437847623
54051,Arboledas,Male,2020,18.12820465176191
54099,Bochalema,Male,2020,11.749618259905393
54109,Bucarasica,Male,2020,12.773350282171275
54125,Cácota,Male,2020,5.354600748496253
54128,Cáchira,Male,2020,20.689558357752038
54172,Chinácota,Male,2020,21.320458561796965
54174,Chitagá,Male,2020,21.225486449244144
54206,Convención,Male,2020,34.15404254563849
54223,Cucutilla,Male,2020,18.942464642993436
54239,Durania,Male,2020,7.483564392474971
54245,El Carmen,Male,2020,27.036561276901562
54250,El Tarra,Male,2020,39.60897289387579
54261,El Zulia,Male,2020,39.38608401276892
54313,Gramalote,Male,2020,13.446820336632976
54344,Hacarí,Male,2020,20.223556103366604
54347,Herrán,Male,2020,12.679103336995455
54377,Labateca,Male,2020,9.90299062470699
54385,La Esperanza,Male,2020,19.925537058935852
54398,La Playa,Male,2020,16.46196357252714
54405,Los Patios,Male,2020,96.1435162491775
54418,Lourdes,Male,2020,6.287271748511141
54480,Mutiscua,Male,2020,6.801750926222734
54498,Ocaña,Male,2020,152.643748971961
54518,Pamplona,Male,2020,50.80285912355948
54520,Pamplonita,Male,2020,8.38415881977951
54553,Puerto Santander,Male,2020,31.35777986187367
54599,Ragonvalia,Male,2020,9.635357129162967
54660,Salazar,Male,2020,17.18602234465867
54670,San Calixto,Male,2020,26.230022035697193
54673,San Cayetano,Male,2020,9.874131945409841
54680,Santiago,Male,2020,5.856349397216299
54720,Sardinata,Male,2020,42.084193009918025
54743,Silos,Male,2020,10.580428091113143
54800,Teorama,Male,2020,30.45651075994564
54810,Tibú,Male,2020,111.45622287017747
54820,Toledo,Male,2020,26.763133859085766
54871,Villa Caro,Male,2020,9.512806444332533
54874,Villa Del Rosario,Male,2020,115.88078924921598
63001,Armenia,Male,2020,307.15313112674687
63111,Buenavista,Male,2020,4.12346137736758
63130,Calarcá,Male,2020,77.34863733953138
63190,Circasia,Male,2020,28.06199355536409
63212,Córdoba,Male,2020,7.869922593449677
63272,Filandia,Male,2020,12.429021132349751
63302,Génova,Male,2020,10.73791737225279
63401,La Tebaida,Male,2020,39.21864082945826
63470,Montenegro,Male,2020,42.90056626700914
63548,Pijao,Male,2020,7.4183848481472054
63594,Quimbaya,Male,2020,32.897377639344256
63690,Salento,Male,2020,10.69138053690706
66001,Pereira,Male,2020,449.57247273066514
66045,Apía,Male,2020,16.713585077539108
66075,Balboa,Male,2020,8.808762760418684
66088,Belén De Umbría,Male,2020,33.55105981196766
66170,Dosquebradas,Male,2020,200.9148374470919
66318,Guática,Male,2020,17.62873219323379
66383,La Celia,Male,2020,11.168957960271307
66400,La Virginia,Male,2020,42.359907332779926
66440,Marsella,Male,2020,21.478700814919087
66456,Mistrató,Male,2020,26.689601641876116
66572,Pueblo Rico,Male,2020,27.736964352452606
66594,Quinchía,Male,2020,38.511962693241344
66682,Santa Rosa De Cabal,Male,2020,83.2892794676474
66687,Santuario,Male,2020,18.549773119083866
68001,Bucaramanga,Male,2020,627.1724782815108
68013,Aguada,Male,2020,3.1394256869831816
68020,Albania,Male,2020,6.97459577341245
68051,Aratoca,Male,2020,12.61986118607612
68077,Barbosa,Male,2020,31.71475764511419
68079,Barichara,Male,2020,12.583597477543734
68081,Barrancabermeja,Male,2020,317.8910550414052
68092,Betulia,Male,2020,9.19528179549268
68101,Bolívar,Male,2020,18.203317416432423
68121,Cabrera,Male,2020,2.7673203306749734
68132,California,Male,2020,2.3693374688113775
68147,Capitanejo,Male,2020,7.146113823536094
68152,Carcasí,Male,2020,8.729999820281535
68160,Cepitá,Male,2020,2.722709025632114
68162,Cerrito,Male,2020,10.592342534707306
68167,Charalá,Male,2020,14.015077529133702
68169,Charta,Male,2020,4.2193923280144645
68176,Chima,Male,2020,4.944608120432678
68179,Chipatá,Male,2020,8.828998199193808
68190,Cimitarra,Male,2020,46.90917658045505
68207,Concepción,Male,2020,7.930225046169505
68209,Confines,Male,2020,4.322904646406203
68211,Contratación,Male,2020,4.752725065050336
68217,Coromoro,Male,2020,9.293678604792584
68229,Curití,Male,2020,17.188677111206744
68235,El Carmen De Chucuri,Male,2020,41.18214028736816
68245,El Guacamayo,Male,2020,3.0221462160707016
68250,El Peñón,Male,2020,9.553254284376987
68255,El Playón,Male,2020,20.419507308954486
68264,Encino,Male,2020,3.330541386276673
68266,Enciso,Male,2020,4.878839739070627
68271,Florián,Male,2020,10.702728709176627
68276,Floridablanca,Male,2020,278.3578702345647
68296,Galán,Male,2020,4.352010407704601
68298,Gámbita,Male,2020,7.0195466942112015
68307,Girón,Male,2020,160.754357151582
68318,Guaca,Male,2020,12.592093961778094
68320,Guadalupe,Male,2020,6.644507530254831
68322,Guapotá,Male,2020,3.5334491213814303
68324,Guavatá,Male,2020,6.7373630168722425
68327,Güepsa,Male,2020,6.446568104150007
68344,Hato,Male,2020,4.083452134247398
68368,Jesús María,Male,2020,4.936816073552552
68370,Jordán,Male,2020,2.3827613390061737
68377,La Belleza,Male,2020,8.98901231383006
68385,Landázuri,Male,2020,17.217399137764495
68397,La Paz,Male,2020,7.4501773095326405
68406,Lebrija,Male,2020,51.75939678106248
68418,Los Santos,Male,2020,23.10981664638254
68425,Macaravita,Male,2020,3.5347842194801804
68432,Málaga,Male,2020,20.10318330232803
68444,Matanza,Male,2020,7.735916590682445
68464,Mogotes,Male,2020,16.576624860179685
68468,Molagavita,Male,2020,7.2042044781795145
68498,Ocamonte,Male,2020,9.083257659881932
68500,Oiba,Male,2020,13.642804127360627
68502,Onzaga,Male,2020,7.4149020777842125
68522,Palmar,Male,2020,2.021496636630467
68524,Palmas Del Socorro,Male,2020,3.0833079398514878
68533,Páramo,Male,2020,6.210618018209347
68547,Piedecuesta,Male,2020,170.90719676517003
68549,Pinchote,Male,2020,6.2087676754702175
68572,Puente Nacional,Male,2020,17.248262376617387
68573,Puerto Parra,Male,2020,10.035424710521227
68575,Puerto Wilches,Male,2020,45.92928210147816
68615,Rionegro,Male,2020,37.93874530209462
68655,Sabana De Torres,Male,2020,42.62550162033185
68669,San Andrés,Male,2020,13.833541946167408
68673,San Benito,Male,2020,5.833121867260712
68679,San Gil,Male,2020,55.88971250604812
68682,San Joaquín,Male,2020,3.309179725329698
68684,San José De Miranda,Male,2020,7.031265457404752
68686,San Miguel,Male,2020,3.4878023117909294
68689,San Vicente De Chucurí,Male,2020,46.909539380458874
68705,Santa Bárbara,Male,2020,4.649617236880954
68720,Santa Helena Del Opón,Male,2020,5.79564455912579
68745,Simacota,Male,2020,16.895764438757535
68755,Socorro,Male,2020,30.818314117118494
68770,Suaita,Male,2020,14.5402689605538
68773,Sucre,Male,2020,11.800019020489076
68780,Suratá,Male,2020,6.3803638635187045
68820,Tona,Male,2020,12.21278445475035
68855,Valle De San José,Male,2020,8.601245426590411
68861,Vélez,Male,2020,31.96414276162514
68867,Vetas,Male,2020,2.8092007186651595
68872,Villanueva,Male,2020,9.513652257336052
68895,Zapatoca,Male,2020,10.413173071273482
70001,Sincelejo,Male,2020,367.3340464994941
70110,Buenavista,Male,2020,16.48407387938788
70124,Caimito,Male,2020,27.892182696471124
70204,Colosó,Male,2020,16.22754456756599
70215,Corozal,Male,2020,84.01834459687578
70221,Coveñas,Male,2020,27.654154888131387
70230,Chalán,Male,2020,10.09994168712049
70233,El Roble,Male,2020,19.35549373751083
70235,Galeras,Male,2020,32.65574003932887
70265,Guaranda,Male,2020,33.913340797359005
70400,La Unión,Male,2020,22.471127447377096
70418,Los Palmitos,Male,2020,33.200704040916584
70429,Majagual,Male,2020,73.47223534651907
70473,Morroa,Male,2020,21.700012201516934
70508,Ovejas,Male,2020,38.23229431728078
70523,Palmito,Male,2020,26.563032373687427
70670,Sampués,Male,2020,82.3506879931949
70678,San Benito Abad,Male,2020,55.642298342410015
70702,San Juan De Betulia,Male,2020,21.388733513109763
70708,San Marcos,Male,2020,98.36045783761813
70713,San Onofre,Male,2020,93.80751460939815
70717,San Pedro,Male,2020,29.59667022041053
70742,San Luis De Sincé,Male,2020,50.48293687650128
70771,Sucre,Male,2020,60.017356810188346
70820,Santiago De Tolú,Male,2020,42.875761223414834
70823,San José De Toluviejo,Male,2020,32.66540985299026
73001,Ibagué,Male,2020,491.27804946321294
73024,Alpujarra,Male,2020,5.560446845406895
73026,Alvarado,Male,2020,12.490568080983362
73030,Ambalema,Male,2020,8.36826161993881
73043,Anzoátegui,Male,2020,18.617027498692288
73055,Armero,Male,2020,15.076799732627176
73067,Ataco,Male,2020,35.83614899128355
73124,Cajamarca,Male,2020,24.98827498507795
73148,Carmen De Apicalá,Male,2020,10.952773781955464
73152,Casabianca,Male,2020,10.013312253068811
73168,Chaparral,Male,2020,75.97913986538623
73200,Coello,Male,2020,10.830870753010466
73217,Coyaima,Male,2020,39.99010416821203
73226,Cunday,Male,2020,12.67230654110114
73236,Dolores,Male,2020,10.732220133033175
73268,Espinal,Male,2020,75.63131844649634
73270,Falan,Male,2020,11.285965978368624
73275,Flandes,Male,2020,30.009466483400228
73283,Fresno,Male,2020,43.47091496380557
73319,Guamo,Male,2020,41.53311544986503
73347,Herveo,Male,2020,13.428337598065847
73349,Honda,Male,2020,27.92897994985396
73352,Icononzo,Male,2020,15.334014461736537
73408,Lérida,Male,2020,21.531867675271613
73411,Líbano,Male,2020,47.955301705615014
73443,San Sebastián De Mariquita,Male,2020,43.520405531850905
73449,Melgar,Male,2020,41.780425308248866
73461,Murillo,Male,2020,7.864147143515743
73483,Natagaima,Male,2020,22.83844182047342
73504,Ortega,Male,2020,53.334982100593706
73520,Palocabildo,Male,2020,14.7819116580435
73547,Piedras,Male,2020,7.910149744017035
73555,Planadas,Male,2020,41.2974873225719
73563,Prado,Male,2020,11.457812590126041
73585,Purificación,Male,2020,29.48203082143388
73616,Rioblanco,Male,2020,37.93676967139656
73622,Roncesvalles,Male,2020,8.0995902760535
73624,Rovira,Male,2020,32.40239835446183
73671,Saldaña,Male,2020,18.89063114543696
73675,San Antonio,Male,2020,21.14523508593621
73678,San Luis,Male,2020,18.497929971609516
73686,Santa Isabel,Male,2020,9.576656274478545
73770,Suárez,Male,2020,5.3565844719887865
73854,Valle De San Juan,Male,2020,7.667199929399851
73861,Venadillo,Male,2020,16.934830949620284
73870,Villahermosa,Male,2020,16.29307686890171
73873,Villarrica,Male,2020,7.408988759803596
76001,Cali,Male,2020,2105.319548080025
76020,Alcalá,Male,2020,20.53489305757528
76036,Andalucía,Male,2020,21.506928655326462
76041,Ansermanuevo,Male,2020,21.019861006028474
76054,Argelia,Male,2020,7.001989844405882
76100,Bolívar,Male,2020,17.990336773002603
76109,Buenaventura,Male,2020,347.3729267174574
76111,Guadalajara De Buga,Male,2020,112.1671077166331
76113,Bugalagrande,Male,2020,26.90558706646416
76122,Caicedonia,Male,2020,30.842188221616993
76126,Calima,Male,2020,20.824842274579602
76130,Candelaria,Male,2020,88.05958173226004
76147,Cartago,Male,2020,123.46549698477045
76233,Dagua,Male,2020,54.72828811789061
76243,El Águila,Male,2020,13.649582932295694
76246,El Cairo,Male,2020,9.041368014675873
76248,El Cerrito,Male,2020,50.773343094504774
76250,El Dovio,Male,2020,11.833168406789577
76275,Florida,Male,2020,52.2083345104484
76306,Ginebra,Male,2020,21.83204258049741
76318,Guacarí,Male,2020,29.97542441344603
76364,Jamundí,Male,2020,155.99583732407288
76377,La Cumbre,Male,2020,19.007406191315457
76400,La Unión,Male,2020,36.48729143727742
76403,La Victoria,Male,2020,12.278156324384074
76497,Obando,Male,2020,13.985908422893443
76520,Palmira,Male,2020,307.4768720721334
76563,Pradera,Male,2020,46.90280637466691
76606,Restrepo,Male,2020,15.455485123950982
76616,Riofrío,Male,2020,15.732731223855673
76622,Roldanillo,Male,2020,32.34022935148866
76670,San Pedro,Male,2020,16.125834792073107
76736,Sevilla,Male,2020,47.27303647533582
76823,Toro,Male,2020,16.377195670350986
76828,Trujillo,Male,2020,23.223212784282282
76834,Tuluá,Male,2020,219.92127952221438
76845,Ulloa,Male,2020,6.0478191406655695
76863,Versalles,Male,2020,8.405065065721296
76869,Vijes,Male,2020,12.87129453146159
76890,Yotoco,Male,2020,16.618549836470734
76892,Yumbo,Male,2020,96.73881530192571
76895,Zarzal,Male,2020,38.34843525602108
81001,Arauca,Male,2020,121.5298461440219
81065,Arauquita,Male,2020,84.14752429694096
81220,Cravo Norte,Male,2020,6.594891921371844
81300,Fortul,Male,2020,35.18132160855436
81591,Puerto Rondón,Male,2020,6.814344738510678
81736,Saravena,Male,2020,74.58835000478929
81794,Tame,Male,2020,73.11939217509857
85001,Yopal,Male,2020,203.50945595543908
85010,Aguazul,Male,2020,42.33788256565036
85015,Chámeza,Male,2020,3.2237232039867942
85125,Hato Corozal,Male,2020,20.000404686632677
85136,La Salina,Male,2020,1.9979694303030353
85139,Maní,Male,2020,21.246848753821144
85162,Monterrey,Male,2020,20.29012008139388
85225,Nunchía,Male,2020,16.90942443443064
85230,Orocué,Male,2020,17.99164169491445
85250,Paz De Ariporo,Male,2020,47.96367119680299
85263,Pore,Male,2020,16.902529868707212
85279,Recetor,Male,2020,2.3923657438106867
85300,Sabanalarga,Male,2020,4.9679849748343745
85315,Sácama,Male,2020,2.6571201131651763
85325,San Luis De Palenque,Male,2020,11.502245835844693
85400,Támara,Male,2020,10.847384821736131
85410,Tauramena,Male,2020,27.082458700316096
85430,Trinidad,Male,2020,17.7558929517375
85440,Villanueva,Male,2020,39.72681883484586
86001,Mocoa,Male,2020,62.88607165415655
86219,Colón,Male,2020,6.016924896552187
86320,Orito,Male,2020,48.370707001387025
86568,Puerto Asís,Male,2020,98.60159098134561
86569,Puerto Caicedo,Male,2020,22.061567250614896
86571,Puerto Guzmán,Male,2020,63.63566213410822
86573,Puerto Leguízamo,Male,2020,44.43854874964343
86749,Sibundoy,Male,2020,15.515450490772205
86755,San Francisco,Male,2020,6.0894217571648355
86757,San Miguel,Male,2020,28.85368048810953
86760,Santiago,Male,2020,8.873280957527287
86865,Valle Del Guamuez,Male,2020,46.25691433217837
86885,Villagarzón,Male,2020,31.90315773440589
88001,San Andrés,Male,2020,54.60450788921494
88564,Providencia,Male,2020,5.383796624643946
91001,Leticia,Male,2020,119.51539079730372
91263,El Encanto,Male,2020,3.7590340199129186
91405,La Chorrera,Male,2020,5.753870136389821
91407,La Pedrera,Male,2020,8.273250485749802
91430,La Victoria,Male,2020,1.4804654950064005
91460,Mirití - Paraná,Male,2020,3.643384921697436
91530,Puerto Alegría,Male,2020,1.343572910426038
91536,Puerto Arica,Male,2020,2.1612224788262226
91540,Puerto Nariño,Male,2020,15.772319813935246
91669,Puerto Santander,Male,2020,3.9304537655922935
91798,Tarapacá,Male,2020,6.952230343520718
94001,Inírida,Male,2020,56.318562098316114
94343,Barrancominas,Male,2020,12.761229831136088
94883,San Felipe,Male,2020,3.1754834630873736
94884,Puerto Colombia,Male,2020,3.778137965139984
94885,La Guadalupe,Male,2020,0.43958674958202376
94886,Cacahual,Male,2020,1.474615514528841
94887,Pana Pana,Male,2020,3.7045905167817774
94888,Morichal,Male,2020,1.6733231902929717
95001,San José Del Guaviare,Male,2020,72.07598845386713
95015,Calamar,Male,2020,18.661316471193828
95025,El Retorno,Male,2020,23.595933366321745
95200,Miraflores,Male,2020,16.45808913851841
97001,Mitú,Male,2020,48.76289073264151
97161,Carurú,Male,2020,5.281435133870101
97511,Pacoa,Male,2020,6.567488935652133
97666,Taraira,Male,2020,3.67663412701911
97777,Papunahua,Male,2020,1.482414210377676
97889,Yavaraté,Male,2020,1.9765850283381772
99001,Puerto Carreño,Male,2020,35.67545000909353
99524,La Primavera,Male,2020,18.445211564790917
99624,Santa Rosalía,Male,2020,9.11475791845675
99773,Cumaribo,Male,2020,159.29790647572207
5001,Medellín,Female,2021,1173.9921862331698
5002,Abejorral,Female,2021,11.217097114667002
5004,Abriaquí,Female,2021,1.3454912936721042
5021,Alejandría,Female,2021,2.3487445615896383
5030,Amagá,Female,2021,15.41783678932778
5031,Amalfi,Female,2021,15.255434276851641
5034,Andes,Female,2021,24.50150932978585
5036,Angelópolis,Female,2021,2.951917921647965
5038,Angostura,Female,2021,7.126349592433464
5040,Anorí,Female,2021,10.63234619104585
5042,Santa Fé De Antioquia,Female,2021,13.685262558336426
5044,Anzá,Female,2021,4.138378057167502
5045,Apartadó,Female,2021,88.89287616993852
5051,Arboletes,Female,2021,19.637860151924166
5055,Argelia,Female,2021,4.448426334573857
5059,Armenia,Female,2021,2.715155597117044
5079,Barbosa,Female,2021,26.370535977897216
5086,Belmira,Female,2021,3.3311023789725036
5088,Bello,Female,2021,254.18304563670029
5091,Betania,Female,2021,6.295264688799425
5093,Betulia,Female,2021,9.821494886087628
5101,Ciudad Bolívar,Female,2021,16.063258218621225
5107,Briceño,Female,2021,4.99858437364014
5113,Buriticá,Female,2021,5.203156701591562
5120,Cáceres,Female,2021,19.12196777144398
5125,Caicedo,Female,2021,5.418241023560586
5129,Caldas,Female,2021,40.39650937928411
5134,Campamento,Female,2021,5.938961579933527
5138,Cañasgordas,Female,2021,8.455582607052127
5142,Caracolí,Female,2021,2.3684876186578485
5145,Caramanta,Female,2021,2.5864712458831116
5147,Carepa,Female,2021,30.645025216936954
5148,El Carmen De Viboral,Female,2021,28.631839332522784
5150,Carolina,Female,2021,1.905008020652144
5154,Caucasia,Female,2021,78.286826734402
5172,Chigorodó,Female,2021,49.1391289547445
5190,Cisneros,Female,2021,5.3192945102960705
5197,Cocorná,Female,2021,8.726116265145125
5206,Concepción,Female,2021,2.420679867275216
5209,Concordia,Female,2021,13.3998948768191
5212,Copacabana,Female,2021,37.336412601746396
5234,Dabeiba,Female,2021,15.748585841114334
5237,Donmatías,Female,2021,10.207444762150647
5240,Ebéjico,Female,2021,6.682723516908652
5250,El Bagre,Female,2021,36.26950443316845
5264,Entrerríos,Female,2021,5.43637428976122
5266,Envigado,Female,2021,116.30989563211595
5282,Fredonia,Female,2021,12.731582395139458
5284,Frontino,Female,2021,11.736364700432585
5306,Giraldo,Female,2021,2.6411889431351843
5308,Girardota,Female,2021,24.892240142636254
5310,Gómez Plata,Female,2021,5.311632361896232
5313,Granada,Female,2021,4.792103525654338
5315,Guadalupe,Female,2021,3.6478874099001333
5318,Guarne,Female,2021,26.56384333623738
5321,Guatapé,Female,2021,3.762733624001652
5347,Heliconia,Female,2021,2.8261956205180945
5353,Hispania,Female,2021,3.0747567815853922
5360,Itagüí,Female,2021,135.71262913698502
5361,Ituango,Female,2021,13.626875575116213
5364,Jardín,Female,2021,7.588691443597497
5368,Jericó,Female,2021,6.58667979736793
5376,La Ceja,Female,2021,30.627333843645545
5380,La Estrella,Female,2021,34.83008247114161
5390,La Pintada,Female,2021,5.184607282440887
5400,La Unión,Female,2021,11.236367600216903
5411,Liborina,Female,2021,5.687238835301567
5425,Maceo,Female,2021,4.6923237545116345
5440,Marinilla,Female,2021,30.01980812212659
5467,Montebello,Female,2021,3.614669819171139
5475,Murindó,Female,2021,3.0524014412709084
5480,Mutatá,Female,2021,18.605113599804
5483,Nariño,Female,2021,6.077499601119204
5490,Necoclí,Female,2021,31.221036357846515
5495,Nechí,Female,2021,16.04744934298593
5501,Olaya,Female,2021,1.5952547190051056
5541,Peñol,Female,2021,9.606711256097235
5543,Peque,Female,2021,4.527688773532846
5576,Pueblorrico,Female,2021,5.14102298120575
5579,Puerto Berrío,Female,2021,31.02811107746336
5585,Puerto Nare,Female,2021,7.863528443110812
5591,Puerto Triunfo,Female,2021,11.849717202251023
5604,Remedios,Female,2021,16.838961463747033
5607,Retiro,Female,2021,11.23098445641326
5615,Rionegro,Female,2021,63.63668824357558
5628,Sabanalarga,Female,2021,4.987832222822686
5631,Sabaneta,Female,2021,43.649877668929236
5642,Salgar,Female,2021,11.39913434079968
5647,San Andrés De Cuerquía,Female,2021,4.024357085997916
5649,San Carlos,Female,2021,7.806728101983403
5652,San Francisco,Female,2021,3.111220392357112
5656,San Jerónimo,Female,2021,8.202680512286522
5658,San José De La Montaña,Female,2021,1.950762760107836
5659,San Juan De Urabá,Female,2021,13.995927986112806
5660,San Luis,Female,2021,6.796418003310364
5664,San Pedro De Los Milagros,Female,2021,12.481502801858495
5665,San Pedro De Urabá,Female,2021,20.884637766028842
5667,San Rafael,Female,2021,8.531433077762493
5670,San Roque,Female,2021,11.879301812238106
5674,San Vicente Ferrer,Female,2021,10.650000982030106
5679,Santa Bárbara,Female,2021,13.584612584136652
5686,Santa Rosa De Osos,Female,2021,19.393852277526044
5690,Santo Domingo,Female,2021,6.743137073659973
5697,El Santuario,Female,2021,17.35055892345612
5736,Segovia,Female,2021,33.43049497282798
5756,Sonsón,Female,2021,19.754973430179682
5761,Sopetrán,Female,2021,7.500094626043358
5789,Támesis,Female,2021,8.996942642079803
5790,Tarazá,Female,2021,30.759513026021953
5792,Tarso,Female,2021,3.6257850237996174
5809,Titiribí,Female,2021,5.410617441292661
5819,Toledo,Female,2021,3.003221800970725
5837,Turbo,Female,2021,118.4780661574652
5842,Uramita,Female,2021,4.0863306718129415
5847,Urrao,Female,2021,17.564323918782453
5854,Valdivia,Female,2021,12.859658471651272
5856,Valparaíso,Female,2021,3.2563792376797256
5858,Vegachí,Female,2021,8.32765251578116
5861,Venecia,Female,2021,8.375771054085874
5873,Vigía Del Fuerte,Female,2021,5.952055499533297
5885,Yalí,Female,2021,4.324243840406677
5887,Yarumal,Female,2021,25.225702316215223
5890,Yolombó,Female,2021,13.055992195332184
5893,Yondó,Female,2021,10.73465112542062
5895,Zaragoza,Female,2021,15.528295855207237
8001,Barranquilla,Female,2021,841.226423703981
8078,Baranoa,Female,2021,34.2478321863896
8137,Campo De La Cruz,Female,2021,15.957747275034624
8141,Candelaria,Female,2021,9.689352222590756
8296,Galapa,Female,2021,29.971520551617502
8372,Juan De Acosta,Female,2021,11.762989090896543
8421,Luruaco,Female,2021,17.933954114638997
8433,Malambo,Female,2021,66.45857334705757
8436,Manatí,Female,2021,11.172861768980834
8520,Palmar De Varela,Female,2021,16.087086157245817
8549,Piojó,Female,2021,3.886762992128613
8558,Polonuevo,Female,2021,9.479083826616527
8560,Ponedera,Female,2021,14.43674362228678
8573,Puerto Colombia,Female,2021,24.634591727154437
8606,Repelón,Female,2021,16.496760280458567
8634,Sabanagrande,Female,2021,17.39438647048558
8638,Sabanalarga,Female,2021,52.397030271609445
8675,Santa Lucía,Female,2021,9.483713395863758
8685,Santo Tomás,Female,2021,15.066692437590872
8758,Soledad,Female,2021,300.23483262080134
8770,Suan,Female,2021,6.961020045418977
8832,Tubará,Female,2021,9.065466562544875
8849,Usiacurí,Female,2021,6.586491985654553
11001,"Bogotá, D.C.",Female,2021,3576.462404494173
13001,Cartagena De Indias,Female,2021,560.3629851308043
13006,Achí,Female,2021,14.965204672158094
13030,Altos Del Rosario,Female,2021,6.815475684352426
13042,Arenal,Female,2021,5.571220843835599
13052,Arjona,Female,2021,42.22199510891355
13062,Arroyohondo,Female,2021,5.562704750450025
13074,Barranco De Loba,Female,2021,9.605603541554451
13140,Calamar,Female,2021,15.031395410233523
13160,Cantagallo,Female,2021,4.953253277876261
13188,Cicuco,Female,2021,8.650363992204035
13212,Córdoba,Female,2021,10.013821844532425
13222,Clemencia,Female,2021,9.453008039744413
13244,El Carmen De Bolívar,Female,2021,43.68647338837027
13248,El Guamo,Female,2021,5.32886177882588
13268,El Peñón,Female,2021,4.586338341406165
13300,Hatillo De Loba,Female,2021,7.673141178666964
13430,Magangué,Female,2021,81.97644191557629
13433,Mahates,Female,2021,16.779529970767147
13440,Margarita,Female,2021,6.474270409483318
13442,María La Baja,Female,2021,30.388473592436323
13458,Montecristo,Female,2021,10.447109899147266
13468,Mompós,Female,2021,26.1728418249816
13473,Morales,Female,2021,13.552259597467595
13490,Norosí,Female,2021,4.4365099414298035
13549,Pinillos,Female,2021,15.012163717407148
13580,Regidor,Female,2021,3.797448523550274
13600,Río Viejo,Female,2021,6.550143314465675
13620,San Cristóbal,Female,2021,4.905093220237997
13647,San Estanislao,Female,2021,11.302090571668561
13650,San Fernando,Female,2021,7.5807501517015865
13654,San Jacinto,Female,2021,15.28470876108228
13655,San Jacinto Del Cauca,Female,2021,6.527464759691522
13657,San Juan Nepomuceno,Female,2021,23.21740206924019
13667,San Martín De Loba,Female,2021,8.845897089642316
13670,San Pablo,Female,2021,16.748158894361538
13673,Santa Catalina,Female,2021,9.494998262034247
13683,Santa Rosa,Female,2021,13.953440566050805
13688,Santa Rosa Del Sur,Female,2021,20.12437438497171
13744,Simití,Female,2021,11.598568473308045
13760,Soplaviento,Female,2021,5.996487515000656
13780,Talaigua Nuevo,Female,2021,7.120901487666225
13810,Tiquisio,Female,2021,11.206939783828446
13836,Turbaco,Female,2021,57.58599295691295
13838,Turbaná,Female,2021,9.397657917812884
13873,Villanueva,Female,2021,14.387214173697785
13894,Zambrano,Female,2021,7.240837739003294
15001,Tunja,Female,2021,87.50303471224173
15022,Almeida,Female,2021,0.9214854710718372
15047,Aquitania,Female,2021,8.062362336369347
15051,Arcabuco,Female,2021,2.7395261544681264
15087,Belén,Female,2021,3.5656024477505666
15090,Berbeo,Female,2021,0.8442499030184699
15092,Betéitiva,Female,2021,0.9454693421292375
15097,Boavita,Female,2021,2.7482356023174352
15104,Boyacá,Female,2021,2.4993746708289697
15106,Briceño,Female,2021,1.1912121930778805
15109,Buenavista,Female,2021,2.4873542880022135
15114,Busbanzá,Female,2021,0.4869965633074727
15131,Caldas,Female,2021,1.775924591696538
15135,Campohermoso,Female,2021,1.688583644738181
15162,Cerinza,Female,2021,1.7671341802460558
15172,Chinavita,Female,2021,1.6943969667901915
15176,Chiquinquirá,Female,2021,31.239770441422632
15180,Chiscas,Female,2021,2.4859819751689733
15183,Chita,Female,2021,4.700281642384352
15185,Chitaraque,Female,2021,3.2497131357191043
15187,Chivatá,Female,2021,1.3877512349509975
15189,Ciénega,Female,2021,2.379607805677985
15204,Cómbita,Female,2021,5.27483380412475
15212,Coper,Female,2021,1.8696561361460617
15215,Corrales,Female,2021,1.2425661108636743
15218,Covarachía,Female,2021,1.6426976595852207
15223,Cubará,Female,2021,6.205618063078827
15224,Cucaita,Female,2021,2.1914394816555465
15226,Cuítiva,Female,2021,0.9262900924814261
15232,Chíquiza,Female,2021,2.6301559157274
15236,Chivor,Female,2021,1.233904496328829
15238,Duitama,Female,2021,60.09750693556539
15244,El Cocuy,Female,2021,2.4539598793849597
15248,El Espino,Female,2021,1.427318660218452
15272,Firavitoba,Female,2021,2.932138598251871
15276,Floresta,Female,2021,1.7680544010047776
15293,Gachantivá,Female,2021,1.4949026646257872
15296,Gámeza,Female,2021,2.7328706557098745
15299,Garagoa,Female,2021,8.133568728943915
15317,Guacamayas,Female,2021,0.8492808137084269
15322,Guateque,Female,2021,5.121977100430163
15325,Guayatá,Female,2021,1.5295071352637084
15332,Güicán De La Sierra,Female,2021,2.3311139186642373
15362,Iza,Female,2021,1.0040435486528891
15367,Jenesano,Female,2021,3.772975690929825
15368,Jericó,Female,2021,2.45183094138067
15377,Labranzagrande,Female,2021,1.9700898365910038
15380,La Capilla,Female,2021,1.1907709435997562
15401,La Victoria,Female,2021,0.6393015294156842
15403,La Uvita,Female,2021,1.4055291887406791
15407,Villa De Leyva,Female,2021,7.604692696871196
15425,Macanal,Female,2021,2.1703888716446365
15442,Maripí,Female,2021,3.606400255387225
15455,Miraflores,Female,2021,4.13162734814817
15464,Mongua,Female,2021,2.862312303505582
15466,Monguí,Female,2021,2.256256309630044
15469,Moniquirá,Female,2021,11.570493170807929
15476,Motavita,Female,2021,3.422566997270939
15480,Muzo,Female,2021,4.392346267702103
15491,Nobsa,Female,2021,7.103505582545549
15494,Nuevo Colón,Female,2021,2.9526427301676934
15500,Oicatá,Female,2021,1.2916081100969865
15507,Otanche,Female,2021,4.644334461818633
15511,Pachavita,Female,2021,1.1182395016898172
15514,Páez,Female,2021,1.6647803868110018
15516,Paipa,Female,2021,15.929584937819946
15518,Pajarito,Female,2021,1.1310806298760931
15522,Panqueba,Female,2021,0.927482087018904
15531,Pauna,Female,2021,4.097428004568729
15533,Paya,Female,2021,1.6001824333423584
15537,Paz De Río,Female,2021,1.9172778014586453
15542,Pesca,Female,2021,3.318933111169683
15550,Pisba,Female,2021,1.0088239706682873
15572,Puerto Boyacá,Female,2021,28.66276736027327
15580,Quípama,Female,2021,3.3120187132294348
15599,Ramiriquí,Female,2021,5.1042963555540775
15600,Ráquira,Female,2021,3.739978207714504
15621,Rondón,Female,2021,1.3142648645137394
15632,Saboyá,Female,2021,7.278148376095058
15638,Sáchica,Female,2021,2.637525485136616
15646,Samacá,Female,2021,11.059443607921636
15660,San Eduardo,Female,2021,0.8855735582867903
15664,San José De Pare,Female,2021,2.8509006685088067
15667,San Luis De Gaceno,Female,2021,2.7397072899557546
15673,San Mateo,Female,2021,1.7042699948064062
15676,San Miguel De Sema,Female,2021,1.6084905081634095
15681,San Pablo De Borbur,Female,2021,3.849822474679848
15686,Santana,Female,2021,4.276323386293969
15690,Santa María,Female,2021,1.613042321849694
15693,Santa Rosa De Viterbo,Female,2021,5.703571207928936
15696,Santa Sofía,Female,2021,1.40009951634246
15720,Sativanorte,Female,2021,1.4433447110120845
15723,Sativasur,Female,2021,1.0369839257692797
15740,Siachoque,Female,2021,3.8254817755836226
15753,Soatá,Female,2021,3.958863850876024
15755,Socotá,Female,2021,3.751145590581954
15757,Socha,Female,2021,3.7302238234593466
15759,Sogamoso,Female,2021,62.22212200754488
15761,Somondoco,Female,2021,1.4640493746928411
15762,Sora,Female,2021,1.8434964712363784
15763,Sotaquirá,Female,2021,4.150339719013807
15764,Soracá,Female,2021,3.3592389621895586
15774,Susacón,Female,2021,1.2735369621380035
15776,Sutamarchán,Female,2021,3.125320756050535
15778,Sutatenza,Female,2021,2.384097072116443
15790,Tasco,Female,2021,2.678872032898506
15798,Tenza,Female,2021,2.0851622450901215
15804,Tibaná,Female,2021,4.930270361406469
15806,Tibasosa,Female,2021,5.720979854612763
15808,Tinjacá,Female,2021,1.6505627220979358
15810,Tipacoque,Female,2021,1.8446694112657473
15814,Toca,Female,2021,4.610109068060522
15816,Togüí,Female,2021,2.678277728026238
15820,Tópaga,Female,2021,2.3409488807073404
15822,Tota,Female,2021,2.995324706489672
15832,Tununguá,Female,2021,0.9110504790169511
15835,Turmequé,Female,2021,3.6045272045348664
15837,Tuta,Female,2021,4.012423752618235
15839,Tutazá,Female,2021,1.1058342596221267
15842,Úmbita,Female,2021,4.012475857609275
15861,Ventaquemada,Female,2021,7.568369092499541
15879,Viracachá,Female,2021,1.505314673475349
15897,Zetaquira,Female,2021,2.7135723627062003
17001,Manizales,Female,2021,204.9845977950976
17013,Aguadas,Female,2021,11.469147913172776
17042,Anserma,Female,2021,18.787613729378172
17050,Aranzazu,Female,2021,5.631183792727206
17088,Belalcázar,Female,2021,5.671482706856745
17174,Chinchiná,Female,2021,26.081543029226868
17272,Filadelfia,Female,2021,5.98746278068643
17380,La Dorada,Female,2021,42.0695724408353
17388,La Merced,Female,2021,3.138101638353151
17433,Manzanares,Female,2021,9.689288561994017
17442,Marmato,Female,2021,5.172747751963681
17444,Marquetalia,Female,2021,7.1992789640776795
17446,Marulanda,Female,2021,1.260889866472245
17486,Neira,Female,2021,10.641253172032972
17495,Norcasia,Female,2021,4.1755256134058625
17513,Pácora,Female,2021,7.878810525081344
17524,Palestina,Female,2021,10.545367213162693
17541,Pensilvania,Female,2021,9.960086043782312
17614,Riosucio,Female,2021,25.44331209891891
17616,Risaralda,Female,2021,6.1025969086710274
17653,Salamina,Female,2021,9.525480178668758
17662,Samaná,Female,2021,11.095050860616066
17665,San José,Female,2021,2.4931098940783647
17777,Supía,Female,2021,15.146049462688232
17867,Victoria,Female,2021,5.235861828993138
17873,Villamaría,Female,2021,32.354107057781015
17877,Viterbo,Female,2021,7.127274073085966
18001,Florencia,Female,2021,102.24471711295236
18029,Albania,Female,2021,2.290432557523912
18094,Belén De Los Andaquíes,Female,2021,6.403162739338411
18150,Cartagena Del Chairá,Female,2021,19.460775332624653
18205,Curillo,Female,2021,5.232837089609435
18247,El Doncello,Female,2021,10.617936452106619
18256,El Paujíl,Female,2021,9.612734888265832
18410,La Montañita,Female,2021,8.381029297969395
18460,Milán,Female,2021,5.559684610990382
18479,Morelia,Female,2021,2.70929904918583
18592,Puerto Rico,Female,2021,15.009132546599252
18610,San José Del Fragua,Female,2021,8.816880181380863
18753,San Vicente Del Caguán,Female,2021,30.935895330102205
18756,Solano,Female,2021,6.690212829682785
18785,Solita,Female,2021,3.6336411995000955
18860,Valparaíso,Female,2021,3.867868620971903
19001,Popayán,Female,2021,159.465495462956
19022,Almaguer,Female,2021,13.124316405195959
19050,Argelia,Female,2021,16.73044243828938
19075,Balboa,Female,2021,13.029063601949431
19100,Bolívar,Female,2021,23.89130912409618
19110,Buenos Aires,Female,2021,18.612797219873375
19130,Cajibío,Female,2021,26.261549563149323
19137,Caldono,Female,2021,23.313066538764897
19142,Caloto,Female,2021,16.409997160447475
19212,Corinto,Female,2021,15.971506587890165
19256,El Tambo,Female,2021,31.30379295370051
19290,Florencia,Female,2021,2.7842767072640355
19300,Guachené,Female,2021,7.463899950206729
19318,Guapi,Female,2021,17.824260103538112
19355,Inzá,Female,2021,17.506701331148104
19364,Jambaló,Female,2021,9.918509930751714
19392,La Sierra,Female,2021,6.723452320684897
19397,La Vega,Female,2021,15.950245179017468
19418,López De Micay,Female,2021,12.42175319346891
19450,Mercaderes,Female,2021,14.281090968588884
19455,Miranda,Female,2021,15.800624151681125
19473,Morales,Female,2021,22.337446099167423
19513,Padilla,Female,2021,5.063125059470753
19517,Páez,Female,2021,25.868895039153212
19532,Patía,Female,2021,22.890574119028557
19533,Piamonte,Female,2021,4.697866391230952
19548,Piendamó - Tunía,Female,2021,21.191880740443548
19573,Puerto Tejada,Female,2021,27.13600084496082
19585,Puracé,Female,2021,9.634728353811509
19622,Rosas,Female,2021,6.670477947425555
19693,San Sebastián,Female,2021,6.8462998075261945
19698,Santander De Quilichao,Female,2021,55.79537477689489
19701,Santa Rosa,Female,2021,3.473909777086111
19743,Silvia,Female,2021,21.234596325322393
19760,Sotará - Paispamba,Female,2021,7.448171005086186
19780,Suárez,Female,2021,17.752134632169152
19785,Sucre,Female,2021,7.664932232384394
19807,Timbío,Female,2021,19.58427112419744
19809,Timbiquí,Female,2021,16.535957039324337
19821,Toribío,Female,2021,19.307146588487935
19824,Totoró,Female,2021,15.12861154072487
19845,Villa Rica,Female,2021,11.113388256704503
20001,Valledupar,Female,2021,312.2688971614053
20011,Aguachica,Female,2021,66.97616291995932
20013,Agustín Codazzi,Female,2021,36.21963229480278
20032,Astrea,Female,2021,12.15364383268626
20045,Becerril,Female,2021,12.464742329453617
20060,Bosconia,Female,2021,25.582400848374395
20175,Chimichagua,Female,2021,19.928217282731687
20178,Chiriguaná,Female,2021,18.80669027475041
20228,Curumaní,Female,2021,22.55442128357449
20238,El Copey,Female,2021,18.02112094803069
20250,El Paso,Female,2021,22.298409276974475
20295,Gamarra,Female,2021,9.442125821929638
20310,González,Female,2021,3.003800852979741
20383,La Gloria,Female,2021,10.1973382607461
20400,La Jagua De Ibirico,Female,2021,24.731635946935576
20443,Manaure Balcón Del Cesar,Female,2021,5.636785670887422
20517,Pailitas,Female,2021,12.618167916993105
20550,Pelaya,Female,2021,13.986610059911296
20570,Pueblo Bello,Female,2021,17.3511212318424
20614,Río De Oro,Female,2021,10.615368520240253
20621,La Paz,Female,2021,15.633155344101178
20710,San Alberto,Female,2021,15.692027531405152
20750,San Diego,Female,2021,10.945919565807923
20770,San Martín,Female,2021,15.791835559627298
20787,Tamalameque,Female,2021,9.295135349613867
23001,Montería,Female,2021,259.48781363810593
23068,Ayapel,Female,2021,28.65386232070076
23079,Buenavista,Female,2021,13.282691589487342
23090,Canalete,Female,2021,10.52383320249048
23162,Cereté,Female,2021,58.47106117306207
23168,Chimá,Female,2021,11.607782676575091
23182,Chinú,Female,2021,27.958142976631216
23189,Ciénaga De Oro,Female,2021,37.09045227691615
23300,Cotorra,Female,2021,10.996322155080666
23350,La Apartada,Female,2021,9.167721454033082
23417,Lorica,Female,2021,63.82019049960864
23419,Los Córdobas,Female,2021,12.274179787923627
23464,Momil,Female,2021,10.832799616965573
23466,Montelíbano,Female,2021,46.75973325376753
23500,Moñitos,Female,2021,20.474863099450747
23555,Planeta Rica,Female,2021,36.908397002155084
23570,Pueblo Nuevo,Female,2021,21.83918788671372
23574,Puerto Escondido,Female,2021,16.29542013111699
23580,Puerto Libertador,Female,2021,25.171426115191128
23586,Purísima De La Concepción,Female,2021,10.822938230734545
23660,Sahagún,Female,2021,61.41494818826904
23670,San Andrés De Sotavento,Female,2021,32.599994386744825
23672,San Antero,Female,2021,20.45158978748389
23675,San Bernardo Del Viento,Female,2021,23.763877432235237
23678,San Carlos,Female,2021,17.38516966294037
23682,San José De Uré,Female,2021,5.373522055218416
23686,San Pelayo,Female,2021,30.35422623756644
23807,Tierralta,Female,2021,57.67180091412643
23815,Tuchín,Female,2021,24.83234992405895
23855,Valencia,Female,2021,22.702930447282032
25001,Agua De Dios,Female,2021,6.251823889669797
25019,Albán,Female,2021,3.067698837103382
25035,Anapoima,Female,2021,7.640947119361013
25040,Anolaima,Female,2021,6.879887150812993
25053,Arbeláez,Female,2021,4.636638850647872
25086,Beltrán,Female,2021,0.9689067750560272
25095,Bituima,Female,2021,1.0533703764680484
25099,Bojacá,Female,2021,5.210505941091024
25120,Cabrera,Female,2021,2.402274136048529
25123,Cachipay,Female,2021,4.996854689521246
25126,Cajicá,Female,2021,42.49859462340323
25148,Caparrapí,Female,2021,6.820741328059907
25151,Cáqueza,Female,2021,9.588677760082051
25154,Carmen De Carupa,Female,2021,4.080790725810907
25168,Chaguaní,Female,2021,2.3986678547160927
25175,Chía,Female,2021,77.57547811545305
25178,Chipaque,Female,2021,4.925059930743849
25181,Choachí,Female,2021,5.7966920276256735
25183,Chocontá,Female,2021,15.462662569809785
25200,Cogua,Female,2021,11.333970239438836
25214,Cota,Female,2021,16.604228736089247
25224,Cucunubá,Female,2021,4.2418410201478265
25245,El Colegio,Female,2021,12.21466469955433
25258,El Peñón,Female,2021,2.619061920610597
25260,El Rosal,Female,2021,11.082769520891288
25269,Facatativá,Female,2021,89.76173828570994
25279,Fómeque,Female,2021,6.150318569416839
25281,Fosca,Female,2021,3.6677018010149975
25286,Funza,Female,2021,49.92416653005154
25288,Fúquene,Female,2021,2.3230500379121644
25290,Fusagasugá,Female,2021,78.5028635669923
25293,Gachalá,Female,2021,2.548585565796799
25295,Gachancipá,Female,2021,8.605293255605579
25297,Gachetá,Female,2021,5.392566623717451
25299,Gama,Female,2021,1.850882538934282
25307,Girardot,Female,2021,76.51457604070983
25312,Granada,Female,2021,3.8596208717026768
25317,Guachetá,Female,2021,7.3093554164715595
25320,Guaduas,Female,2021,15.551583233404042
25322,Guasca,Female,2021,7.321133400495399
25324,Guataquí,Female,2021,1.4371643864138748
25326,Guatavita,Female,2021,3.484168398161631
25328,Guayabal De Síquima,Female,2021,2.2120826930752107
25335,Guayabetal,Female,2021,3.17457362740444
25339,Gutiérrez,Female,2021,1.833893031684077
25368,Jerusalén,Female,2021,1.1018592756397168
25372,Junín,Female,2021,3.98215903406186
25377,La Calera,Female,2021,16.246556333540507
25386,La Mesa,Female,2021,18.892147776426157
25394,La Palma,Female,2021,4.920410015772683
25398,La Peña,Female,2021,3.2120281276617253
25402,La Vega,Female,2021,8.752158903035157
25407,Lenguazaque,Female,2021,5.549292745821628
25426,Machetá,Female,2021,3.347308691697205
25430,Madrid,Female,2021,56.56798362971223
25436,Manta,Female,2021,1.8801998136662672
25438,Medina,Female,2021,4.525285495989147
25473,Mosquera,Female,2021,65.020542228248
25483,Nariño,Female,2021,1.3289275607930906
25486,Nemocón,Female,2021,8.052281334873964
25488,Nilo,Female,2021,3.812086449918777
25489,Nimaima,Female,2021,1.6535545053052265
25491,Nocaima,Female,2021,2.7937537042221905
25506,Venecia,Female,2021,2.377634147282317
25513,Pacho,Female,2021,15.758331705627999
25518,Paime,Female,2021,2.4924609247629324
25524,Pandi,Female,2021,2.519557917477391
25530,Paratebueno,Female,2021,4.768444346744235
25535,Pasca,Female,2021,4.754003186693684
25572,Puerto Salgar,Female,2021,9.656010751347724
25580,Pulí,Female,2021,1.7356555669226412
25592,Quebradanegra,Female,2021,2.33183408242921
25594,Quetame,Female,2021,2.7340230692461938
25596,Quipile,Female,2021,3.15063713113185
25599,Apulo,Female,2021,4.008902183625583
25612,Ricaurte,Female,2021,6.088529088351237
25645,San Antonio Del Tequendama,Female,2021,5.368923594686636
25649,San Bernardo,Female,2021,4.584244861642224
25653,San Cayetano,Female,2021,2.492546607983717
25658,San Francisco,Female,2021,5.128396192779353
25662,San Juan De Rioseco,Female,2021,4.907731377586756
25718,Sasaima,Female,2021,5.81107785474594
25736,Sesquilé,Female,2021,6.4600073632611315
25740,Sibaté,Female,2021,20.280913778870826
25743,Silvania,Female,2021,12.315303386489688
25745,Simijaca,Female,2021,7.5956208373414675
25754,Soacha,Female,2021,343.9489755427377
25758,Sopó,Female,2021,15.164796578302319
25769,Subachoque,Female,2021,7.203556537001151
25772,Suesca,Female,2021,8.999930235248398
25777,Supatá,Female,2021,2.4661362792545996
25779,Susa,Female,2021,3.6611751654697935
25781,Sutatausa,Female,2021,2.9867694602974826
25785,Tabio,Female,2021,11.660946820478364
25793,Tausa,Female,2021,3.906905389081027
25797,Tena,Female,2021,4.272324292950321
25799,Tenjo,Female,2021,12.140932209929748
25805,Tibacuy,Female,2021,2.089285086008272
25807,Tibirita,Female,2021,1.9462669979282237
25815,Tocaima,Female,2021,7.986239128779719
25817,Tocancipá,Female,2021,21.834349535001714
25823,Topaipí,Female,2021,2.1954632274018056
25839,Ubalá,Female,2021,4.192947129459814
25841,Ubaque,Female,2021,3.666962229627134
25843,Villa De San Diego De Ubaté,Female,2021,30.531038321988106
25845,Une,Female,2021,3.5402329048167154
25851,Útica,Female,2021,2.0375531179435704
25862,Vergara,Female,2021,3.90173408990665
25867,Vianí,Female,2021,2.028710069577785
25871,Villagómez,Female,2021,0.9449503814753871
25873,Villapinzón,Female,2021,9.911987582127958
25875,Villeta,Female,2021,15.482925842162155
25878,Viotá,Female,2021,7.099546348618464
25885,Yacopí,Female,2021,7.906149057847385
25898,Zipacón,Female,2021,2.143662573128761
25899,Zipaquirá,Female,2021,75.42921699377563
27001,Quibdó,Female,2021,114.38411650152892
27006,Acandí,Female,2021,9.133089158143077
27025,Alto Baudó,Female,2021,21.137165086507423
27050,Atrato,Female,2021,4.303805173977226
27073,Bagadó,Female,2021,7.1854072292871045
27075,Bahía Solano,Female,2021,5.706919429506777
27077,Bajo Baudó,Female,2021,20.778916157573686
27099,Bojayá,Female,2021,7.79392793898707
27135,El Cantón Del San Pablo,Female,2021,3.992812926827333
27150,Carmen Del Darién,Female,2021,13.385318044088827
27160,Cértegui,Female,2021,3.7859423041852622
27205,Condoto,Female,2021,8.74341387917054
27245,El Carmen De Atrato,Female,2021,5.268290328760644
27250,El Litoral Del San Juan,Female,2021,15.067101687904819
27361,Istmina,Female,2021,19.860412615839866
27372,Juradó,Female,2021,4.120795296647616
27413,Lloró,Female,2021,5.339744912302578
27425,Medio Atrato,Female,2021,8.604465786890675
27430,Medio Baudó,Female,2021,10.902267908415716
27450,Medio San Juan,Female,2021,7.167044696102032
27491,Nóvita,Female,2021,5.993107744058829
27495,Nuquí,Female,2021,10.83755189299794
27580,Río Iró,Female,2021,3.552560720540508
27600,Río Quito,Female,2021,5.805045563547885
27615,Riosucio,Female,2021,41.53046073035609
27660,San José Del Palmar,Female,2021,3.159571962075449
27745,Sipí,Female,2021,2.0475937596830236
27787,Tadó,Female,2021,12.598436439099638
27800,Unguía,Female,2021,8.496261028996699
27810,Unión Panamericana,Female,2021,4.5061181925830365
41001,Neiva,Female,2021,223.9134670218643
41006,Acevedo,Female,2021,20.92227462473676
41013,Agrado,Female,2021,5.209484517651462
41016,Aipe,Female,2021,8.765387992926883
41020,Algeciras,Female,2021,12.808291236324836
41026,Altamira,Female,2021,1.9202312861475153
41078,Baraya,Female,2021,4.530286079678917
41132,Campoalegre,Female,2021,16.891619263308996
41206,Colombia,Female,2021,4.2873095526332134
41244,Elías,Female,2021,1.9132413125175272
41298,Garzón,Female,2021,42.77988463247354
41306,Gigante,Female,2021,13.514449937056813
41319,Guadalupe,Female,2021,10.331117869353903
41349,Hobo,Female,2021,4.720296886330258
41357,Íquira,Female,2021,5.7628659126290245
41359,Isnos,Female,2021,13.940375905380233
41378,La Argentina,Female,2021,7.959812520946964
41396,La Plata,Female,2021,35.26846423852553
41483,Nátaga,Female,2021,3.4359161552787056
41503,Oporapa,Female,2021,7.318049702769365
41518,Paicol,Female,2021,3.4755366676260144
41524,Palermo,Female,2021,13.094277257643686
41530,Palestina,Female,2021,6.934399036972587
41548,Pital,Female,2021,7.7116418867438785
41551,Pitalito,Female,2021,87.05289990220624
41615,Rivera,Female,2021,11.04855256871045
41660,Saladoblanco,Female,2021,6.846710398165175
41668,San Agustín,Female,2021,17.48604116245906
41676,Santa María,Female,2021,5.986041808525491
41770,Suaza,Female,2021,11.33936805138038
41791,Tarqui,Female,2021,10.288397293199932
41797,Tesalia,Female,2021,5.70940281197023
41799,Tello,Female,2021,6.127815946233806
41801,Teruel,Female,2021,4.2665507854188895
41807,Timaná,Female,2021,11.704270251775117
41872,Villavieja,Female,2021,3.950904390765281
41885,Yaguará,Female,2021,3.54598396217715
44001,Riohacha,Female,2021,159.75909740297914
44035,Albania,Female,2021,17.593344351821035
44078,Barrancas,Female,2021,22.166321789620618
44090,Dibulla,Female,2021,26.179839719323468
44098,Distracción,Female,2021,7.2581075642211506
44110,El Molino,Female,2021,4.184345661204084
44279,Fonseca,Female,2021,26.00273009071762
44378,Hatonuevo,Female,2021,12.039785113848678
44420,La Jagua Del Pilar,Female,2021,1.8358790064994388
44430,Maicao,Female,2021,161.73777183455346
44560,Manaure,Female,2021,61.40984100603089
44650,San Juan Del Cesar,Female,2021,27.59812571750113
44847,Uribia,Female,2021,145.32126837758946
44855,Urumita,Female,2021,5.7466260921765056
44874,Villanueva,Female,2021,15.289621034271807
47001,Santa Marta,Female,2021,381.63805212281784
47030,Algarrobo,Female,2021,9.532829490137214
47053,Aracataca,Female,2021,23.320321693818528
47058,Ariguaní,Female,2021,19.03521840877179
47161,Cerro De San Antonio,Female,2021,6.247760627841054
47170,Chivolo,Female,2021,13.043750649469047
47189,Ciénaga,Female,2021,78.58946582051742
47205,Concordia,Female,2021,7.289908240234531
47245,El Banco,Female,2021,40.58207392727967
47258,El Piñón,Female,2021,13.547972432768397
47268,El Retén,Female,2021,12.87503351271435
47288,Fundación,Female,2021,43.78719350623455
47318,Guamal,Female,2021,16.537986688279194
47460,Nueva Granada,Female,2021,13.34298475173939
47541,Pedraza,Female,2021,5.644064213444888
47545,Pijiño Del Carmen,Female,2021,7.385498524755194
47551,Pivijay,Female,2021,23.989826482838794
47555,Plato,Female,2021,36.96047755000344
47570,Puebloviejo,Female,2021,19.012938560826836
47605,Remolino,Female,2021,6.95975969055077
47660,Sabanas De San Ángel,Female,2021,10.162620350655489
47675,Salamina,Female,2021,6.426770638938408
47692,San Sebastián De Buenavista,Female,2021,12.963383309342854
47703,San Zenón,Female,2021,6.850575369556616
47707,Santa Ana,Female,2021,14.035129625142183
47720,Santa Bárbara De Pinto,Female,2021,6.648251502052267
47745,Sitionuevo,Female,2021,19.394985499618308
47798,Tenerife,Female,2021,7.937771217194809
47960,Zapayán,Female,2021,6.9501051126455335
47980,Zona Bananera,Female,2021,42.868570027834714
50001,Villavicencio,Female,2021,279.5184461610377
50006,Acacías,Female,2021,38.80097703763275
50110,Barranca De Upía,Female,2021,4.161419494349353
50124,Cabuyaro,Female,2021,2.7649456163603134
50150,Castilla La Nueva,Female,2021,6.54999507817174
50223,Cubarral,Female,2021,3.270597669981028
50226,Cumaral,Female,2021,10.697264445746676
50245,El Calvario,Female,2021,0.7699910144173507
50251,El Castillo,Female,2021,4.267177781277684
50270,El Dorado,Female,2021,2.325602439435726
50287,Fuente De Oro,Female,2021,6.915872245717511
50313,Granada,Female,2021,45.644716242348004
50318,Guamal,Female,2021,6.675800960526142
50325,Mapiripán,Female,2021,3.7574684268719065
50330,Mesetas,Female,2021,6.137769440547127
50350,La Macarena,Female,2021,17.12483414219766
50370,Uribe,Female,2021,5.4957552015951565
50400,Lejanías,Female,2021,6.256505899548212
50450,Puerto Concordia,Female,2021,4.794354116763186
50568,Puerto Gaitán,Female,2021,22.551843116479
50573,Puerto López,Female,2021,16.70081627284533
50577,Puerto Lleras,Female,2021,5.502650640845923
50590,Puerto Rico,Female,2021,7.1924792483835445
50606,Restrepo,Female,2021,8.128751906614493
50680,San Carlos De Guaroa,Female,2021,6.382060225922703
50683,San Juan De Arama,Female,2021,4.666091988581636
50686,San Juanito,Female,2021,0.6960352943565242
50689,San Martín,Female,2021,12.510000697672435
50711,Vistahermosa,Female,2021,10.347481729823622
52001,Pasto,Female,2021,196.5532083628114
52019,Albán,Female,2021,6.008006670064769
52022,Aldana,Female,2021,4.1922205212404435
52036,Ancuya,Female,2021,4.134907898796765
52051,Arboleda,Female,2021,5.415676328100805
52079,Barbacoas,Female,2021,36.174700403162184
52083,Belén,Female,2021,3.645147623254176
52110,Buesaco,Female,2021,13.65536010506137
52203,Colón,Female,2021,4.86901966066245
52207,Consacá,Female,2021,8.051759857353185
52210,Contadero,Female,2021,4.257333252925868
52215,Córdoba,Female,2021,9.217761314972252
52224,Cuaspud Carlosama,Female,2021,6.18378102917095
52227,Cumbal,Female,2021,19.511308986915168
52233,Cumbitara,Female,2021,4.055211505811403
52240,Chachagüí,Female,2021,8.198492927624848
52250,El Charco,Female,2021,14.31784882845207
52254,El Peñol,Female,2021,4.482962498876814
52256,El Rosario,Female,2021,8.138972551718325
52258,El Tablón De Gómez,Female,2021,9.40061150431471
52260,El Tambo,Female,2021,7.619370686274794
52287,Funes,Female,2021,4.089141137400138
52317,Guachucal,Female,2021,11.330286509449271
52320,Guaitarilla,Female,2021,6.146144678060383
52323,Gualmatán,Female,2021,4.012435385211738
52352,Iles,Female,2021,4.657645989034584
52354,Imués,Female,2021,4.598117371667388
52356,Ipiales,Female,2021,61.8345150373487
52378,La Cruz,Female,2021,9.951275706444841
52381,La Florida,Female,2021,7.541288366720458
52385,La Llanada,Female,2021,3.3719505373887237
52390,La Tola,Female,2021,4.6119358616400215
52399,La Unión,Female,2021,20.94719490497522
52405,Leiva,Female,2021,6.191457191001996
52411,Linares,Female,2021,5.518202665640738
52418,Los Andes,Female,2021,5.702817758988447
52427,Magüí,Female,2021,16.142634110377916
52435,Mallama,Female,2021,5.088324639136594
52473,Mosquera,Female,2021,8.456688496645437
52480,Nariño,Female,2021,2.7721965664592565
52490,Olaya Herrera,Female,2021,16.842144977472902
52506,Ospina,Female,2021,3.762901116458511
52520,Francisco Pizarro,Female,2021,9.736997980464476
52540,Policarpa,Female,2021,6.856107940401021
52560,Potosí,Female,2021,5.28380284167639
52565,Providencia,Female,2021,3.910917178170234
52573,Puerres,Female,2021,4.4876773258247615
52585,Pupiales,Female,2021,9.872935121276463
52612,Ricaurte,Female,2021,13.14623497152149
52621,Roberto Payán,Female,2021,8.955515705106334
52678,Samaniego,Female,2021,18.809416411696613
52683,Sandoná,Female,2021,11.262447973558304
52685,San Bernardo,Female,2021,6.5243734514819005
52687,San Lorenzo,Female,2021,12.010868872624489
52693,San Pablo,Female,2021,9.07538771638722
52694,San Pedro De Cartago,Female,2021,4.642274877835969
52696,Santa Bárbara,Female,2021,8.789302048734129
52699,Santacruz,Female,2021,7.588027196080189
52720,Sapuyes,Female,2021,4.7994585352988555
52786,Taminango,Female,2021,10.252395744351073
52788,Tangua,Female,2021,8.643791611287224
52835,San Andrés De Tumaco,Female,2021,159.60982279024768
52838,Túquerres,Female,2021,24.893609321756955
52885,Yacuanquer,Female,2021,6.975616759029316
54001,San José De Cúcuta,Female,2021,431.9740694088803
54003,Ábrego,Female,2021,21.14270707476225
54051,Arboledas,Female,2021,5.708843656680187
54099,Bochalema,Female,2021,4.577134498829174
54109,Bucarasica,Female,2021,4.2185853270444005
54125,Cácota,Female,2021,1.680164484746284
54128,Cáchira,Female,2021,6.5984350076104725
54172,Chinácota,Female,2021,9.297515210442155
54174,Chitagá,Female,2021,7.513713510025757
54206,Convención,Female,2021,11.932292348139
54223,Cucutilla,Female,2021,5.801721893536871
54239,Durania,Female,2021,2.637914597277466
54245,El Carmen,Female,2021,8.755165570869398
54250,El Tarra,Female,2021,13.643877729507881
54261,El Zulia,Female,2021,16.236214511377714
54313,Gramalote,Female,2021,3.924034724889251
54344,Hacarí,Female,2021,6.874358756552586
54347,Herrán,Female,2021,4.696087568204993
54377,Labateca,Female,2021,3.3048385868214227
54385,La Esperanza,Female,2021,7.267953307120692
54398,La Playa,Female,2021,5.206398231953306
54405,Los Patios,Female,2021,49.36712294976168
54418,Lourdes,Female,2021,2.2562317115830806
54480,Mutiscua,Female,2021,2.552777281971276
54498,Ocaña,Female,2021,71.32174747475531
54518,Pamplona,Female,2021,25.061845108257856
54520,Pamplonita,Female,2021,3.1218182100597875
54553,Puerto Santander,Female,2021,17.266590730281443
54599,Ragonvalia,Female,2021,3.313465672777636
54660,Salazar,Female,2021,5.856816275165394
54670,San Calixto,Female,2021,8.478736208822871
54673,San Cayetano,Female,2021,4.0621303830565765
54680,Santiago,Female,2021,2.142304310068779
54720,Sardinata,Female,2021,14.914662060427476
54743,Silos,Female,2021,3.6536474727307486
54800,Teorama,Female,2021,10.95767271890553
54810,Tibú,Female,2021,47.09552607059565
54820,Toledo,Female,2021,9.448895831829734
54871,Villa Caro,Female,2021,3.3735550946405546
54874,Villa Del Rosario,Female,2021,56.275484865323676
63001,Armenia,Female,2021,142.037982551218
63111,Buenavista,Female,2021,1.4936492747293706
63130,Calarcá,Female,2021,34.00029135785722
63190,Circasia,Female,2021,13.384905531109043
63212,Córdoba,Female,2021,2.775853537902643
63272,Filandia,Female,2021,5.657265529699274
63302,Génova,Female,2021,3.730003807359207
63401,La Tebaida,Female,2021,17.676698705086007
63470,Montenegro,Female,2021,18.7131656940998
63548,Pijao,Female,2021,2.6292943396788453
63594,Quimbaya,Female,2021,14.835082426570345
63690,Salento,Female,2021,4.271950724540513
66001,Pereira,Female,2021,226.1281589965447
66045,Apía,Female,2021,6.288957374608432
66075,Balboa,Female,2021,3.111893574010976
66088,Belén De Umbría,Female,2021,12.981395798924046
66170,Dosquebradas,Female,2021,103.85853930941951
66318,Guática,Female,2021,6.41204819881345
66383,La Celia,Female,2021,3.8005379554906145
66400,La Virginia,Female,2021,15.268098670917336
66440,Marsella,Female,2021,8.464476095180684
66456,Mistrató,Female,2021,9.862373709825686
66572,Pueblo Rico,Female,2021,10.828604580698581
66594,Quinchía,Female,2021,14.46580048335781
66682,Santa Rosa De Cabal,Female,2021,36.74299826277293
66687,Santuario,Female,2021,6.963631337753236
68001,Bucaramanga,Female,2021,322.35613268117135
68013,Aguada,Female,2021,2.1042588873865036
68020,Albania,Female,2021,2.2678178705739462
68051,Aratoca,Female,2021,4.538980647196355
68077,Barbosa,Female,2021,15.314534223461294
68079,Barichara,Female,2021,5.103724714665078
68081,Barrancabermeja,Female,2021,164.40029503214464
68092,Betulia,Female,2021,3.213769699488199
68101,Bolívar,Female,2021,6.223616211972456
68121,Cabrera,Female,2021,1.003808862118795
68132,California,Female,2021,0.9217873931849769
68147,Capitanejo,Female,2021,2.740596090638106
68152,Carcasí,Female,2021,2.675775353874258
68160,Cepitá,Female,2021,1.0141798451729953
68162,Cerrito,Female,2021,3.699100375870917
68167,Charalá,Female,2021,5.773313887853698
68169,Charta,Female,2021,1.3735535452595296
68176,Chima,Female,2021,1.5820802505189309
68179,Chipatá,Female,2021,2.562804952631821
68190,Cimitarra,Female,2021,19.217339282515965
68207,Concepción,Female,2021,2.948837493090247
68209,Confines,Female,2021,1.4255590191677059
68211,Contratación,Female,2021,1.8233635208810486
68217,Coromoro,Female,2021,2.8573525528596164
68229,Curití,Female,2021,6.522719862179272
68235,El Carmen De Chucuri,Female,2021,14.19366267569187
68245,El Guacamayo,Female,2021,1.078492094898789
68250,El Peñón,Female,2021,2.897520306189179
68255,El Playón,Female,2021,7.557417001523641
68264,Encino,Female,2021,1.2100691773612477
68266,Enciso,Female,2021,1.8665568131028416
68271,Florián,Female,2021,3.595959934770848
68276,Floridablanca,Female,2021,147.85065717969002
68296,Galán,Female,2021,1.4731018534732145
68298,Gámbita,Female,2021,2.2510235302007917
68307,Girón,Female,2021,75.64847312749019
68318,Guaca,Female,2021,3.8431126122380572
68320,Guadalupe,Female,2021,2.3544447616953437
68322,Guapotá,Female,2021,1.0029663104246855
68324,Guavatá,Female,2021,2.2041883963783118
68327,Güepsa,Female,2021,2.490758264883321
68344,Hato,Female,2021,1.303463758307011
68368,Jesús María,Female,2021,1.713437102804206
68370,Jordán,Female,2021,0.8552616840889171
68377,La Belleza,Female,2021,3.1824583940352653
68385,Landázuri,Female,2021,6.3430932319766935
68397,La Paz,Female,2021,2.482615035173734
68406,Lebrija,Female,2021,21.258101690909925
68418,Los Santos,Female,2021,8.436935489649535
68425,Macaravita,Female,2021,1.0942148265563132
68432,Málaga,Female,2021,9.684201247902218
68444,Matanza,Female,2021,2.673819764550794
68464,Mogotes,Female,2021,5.85630011498741
68468,Molagavita,Female,2021,2.351684418255438
68498,Ocamonte,Female,2021,2.964925010640736
68500,Oiba,Female,2021,5.375815042297331
68502,Onzaga,Female,2021,2.385621675797438
68522,Palmar,Female,2021,0.7201527185577311
68524,Palmas Del Socorro,Female,2021,1.2169835031902492
68533,Páramo,Female,2021,2.276530761090976
68547,Piedecuesta,Female,2021,85.09285713997286
68549,Pinchote,Female,2021,2.4457244258735065
68572,Puente Nacional,Female,2021,6.770374472097554
68573,Puerto Parra,Female,2021,3.6265864188175074
68575,Puerto Wilches,Female,2021,17.882702868833384
68615,Rionegro,Female,2021,13.269592898031702
68655,Sabana De Torres,Female,2021,18.317543422254648
68669,San Andrés,Female,2021,4.7451305518732525
68673,San Benito,Female,2021,1.6802427471102428
68679,San Gil,Female,2021,27.644149668055817
68682,San Joaquín,Female,2021,1.1289110633068455
68684,San José De Miranda,Female,2021,2.291359183220276
68686,San Miguel,Female,2021,1.1149364225808487
68689,San Vicente De Chucurí,Female,2021,17.417589966596974
68705,Santa Bárbara,Female,2021,1.4514507823623808
68720,Santa Helena Del Opón,Female,2021,1.9467341642958804
68745,Simacota,Female,2021,5.331937929942509
68755,Socorro,Female,2021,15.408971504604303
68770,Suaita,Female,2021,5.405644643441194
68773,Sucre,Female,2021,4.087738982817506
68780,Suratá,Female,2021,2.1729436669495343
68820,Tona,Female,2021,4.059969397946763
68855,Valle De San José,Female,2021,3.0790705325107908
68861,Vélez,Female,2021,12.361039014350737
68867,Vetas,Female,2021,1.1435939333548295
68872,Villanueva,Female,2021,4.094794478396557
68895,Zapatoca,Female,2021,4.47772973941527
70001,Sincelejo,Female,2021,174.8720707038793
70110,Buenavista,Female,2021,6.486635211025664
70124,Caimito,Female,2021,9.453575481890384
70204,Colosó,Female,2021,5.453540909273043
70215,Corozal,Female,2021,35.7797012309759
70221,Coveñas,Female,2021,10.399466136962642
70230,Chalán,Female,2021,3.1825917279282763
70233,El Roble,Female,2021,6.183028092831614
70235,Galeras,Female,2021,12.221831787442497
70265,Guaranda,Female,2021,11.571093607553326
70400,La Unión,Female,2021,8.110608545152793
70418,Los Palmitos,Female,2021,12.618738898090442
70429,Majagual,Female,2021,24.94359333004774
70473,Morroa,Female,2021,8.879456660676098
70508,Ovejas,Female,2021,13.314680095652017
70523,Palmito,Female,2021,9.5932958686878
70670,Sampués,Female,2021,30.66427221319062
70678,San Benito Abad,Female,2021,17.973600926063355
70702,San Juan De Betulia,Female,2021,7.760931191255588
70708,San Marcos,Female,2021,37.709507519196066
70713,San Onofre,Female,2021,33.70714161696005
70717,San Pedro,Female,2021,11.26752763345539
70742,San Luis De Sincé,Female,2021,18.417892585368705
70771,Sucre,Female,2021,18.51447886712136
70820,Santiago De Tolú,Female,2021,17.6754151429476
70823,San José De Toluviejo,Female,2021,12.554989271469054
73001,Ibagué,Female,2021,239.73950288153958
73024,Alpujarra,Female,2021,1.993594419035668
73026,Alvarado,Female,2021,4.764353764855997
73030,Ambalema,Female,2021,3.216666901655767
73043,Anzoátegui,Female,2021,5.888065701387968
73055,Armero,Female,2021,6.048054202880935
73067,Ataco,Female,2021,11.257203509246157
73124,Cajamarca,Female,2021,9.677799054525195
73148,Carmen De Apicalá,Female,2021,5.182449896917077
73152,Casabianca,Female,2021,3.154487548331474
73168,Chaparral,Female,2021,29.321995200453763
73200,Coello,Female,2021,4.111874953996332
73217,Coyaima,Female,2021,13.443389073693073
73226,Cunday,Female,2021,4.187704999014096
73236,Dolores,Female,2021,3.927179708497711
73268,Espinal,Female,2021,44.6467810658973
73270,Falan,Female,2021,3.78921062159893
73275,Flandes,Female,2021,14.571404436961643
73283,Fresno,Female,2021,16.70288452084091
73319,Guamo,Female,2021,16.569635562416508
73347,Herveo,Female,2021,4.668054545875965
73349,Honda,Female,2021,13.753422169478183
73352,Icononzo,Female,2021,5.785632913822538
73408,Lérida,Female,2021,9.3202256272964
73411,Líbano,Female,2021,19.693146314764824
73443,San Sebastián De Mariquita,Female,2021,19.53231087086884
73449,Melgar,Female,2021,18.481963394721113
73461,Murillo,Female,2021,2.4702368749256425
73483,Natagaima,Female,2021,8.177094488692441
73504,Ortega,Female,2021,18.288235563971234
73520,Palocabildo,Female,2021,5.011013229137181
73547,Piedras,Female,2021,3.0003754667222537
73555,Planadas,Female,2021,15.22755252361007
73563,Prado,Female,2021,4.013830807677568
73585,Purificación,Female,2021,11.863773281086269
73616,Rioblanco,Female,2021,12.631412226061551
73622,Roncesvalles,Female,2021,2.8655551359420275
73624,Rovira,Female,2021,11.823813230682411
73671,Saldaña,Female,2021,7.909870584267292
73675,San Antonio,Female,2021,7.163929383927447
73678,San Luis,Female,2021,6.753095232083639
73686,Santa Isabel,Female,2021,3.305366882551713
73770,Suárez,Female,2021,1.9268294269374535
73854,Valle De San Juan,Female,2021,2.6133397108019607
73861,Venadillo,Female,2021,6.467553909583276
73870,Villahermosa,Female,2021,5.551957444527553
73873,Villarrica,Female,2021,2.2454687846213064
76001,Cali,Female,2021,1022.4927639049386
76020,Alcalá,Female,2021,9.605188744331567
76036,Andalucía,Female,2021,9.792119271317102
76041,Ansermanuevo,Female,2021,10.288628245853882
76054,Argelia,Female,2021,2.380789551242998
76100,Bolívar,Female,2021,6.995388706329878
76109,Buenaventura,Female,2021,192.00994601230389
76111,Guadalajara De Buga,Female,2021,55.655991522525056
76113,Bugalagrande,Female,2021,12.632077186791156
76122,Caicedonia,Female,2021,12.822659760076908
76126,Calima,Female,2021,8.816075623928437
76130,Candelaria,Female,2021,40.67972968220694
76147,Cartago,Female,2021,72.28257600635618
76233,Dagua,Female,2021,22.199701364639722
76243,El Águila,Female,2021,4.440617420905273
76246,El Cairo,Female,2021,3.1067630470147316
76248,El Cerrito,Female,2021,24.46058789871051
76250,El Dovio,Female,2021,5.781102142689521
76275,Florida,Female,2021,30.499330250583522
76306,Ginebra,Female,2021,9.994374448268726
76318,Guacarí,Female,2021,16.631801343612207
76364,Jamundí,Female,2021,78.90021379204983
76377,La Cumbre,Female,2021,7.473132330312087
76400,La Unión,Female,2021,17.844216777272585
76403,La Victoria,Female,2021,6.251926245034383
76497,Obando,Female,2021,6.014090470303078
76520,Palmira,Female,2021,156.1142998914248
76563,Pradera,Female,2021,25.23378910756515
76606,Restrepo,Female,2021,7.350951903555407
76616,Riofrío,Female,2021,7.668320164979543
76622,Roldanillo,Female,2021,16.220946265707013
76670,San Pedro,Female,2021,7.56455844884956
76736,Sevilla,Female,2021,19.82332944300936
76823,Toro,Female,2021,8.41195444576797
76828,Trujillo,Female,2021,9.119041797184826
76834,Tuluá,Female,2021,116.0546746945148
76845,Ulloa,Female,2021,2.417507239289419
76863,Versalles,Female,2021,3.386453105321837
76869,Vijes,Female,2021,5.425403510198664
76890,Yotoco,Female,2021,7.558431952803829
76892,Yumbo,Female,2021,48.59643937132827
76895,Zarzal,Female,2021,18.451517028156324
81001,Arauca,Female,2021,53.932251977591754
81065,Arauquita,Female,2021,33.06403161441793
81220,Cravo Norte,Female,2021,2.312397207876492
81300,Fortul,Female,2021,14.701857305870961
81591,Puerto Rondón,Female,2021,2.6758490309786236
81736,Saravena,Female,2021,33.755443123270844
81794,Tame,Female,2021,33.41356826594904
85001,Yopal,Female,2021,122.16975300699274
85010,Aguazul,Female,2021,19.392589941181882
85015,Chámeza,Female,2021,1.239186374302418
85125,Hato Corozal,Female,2021,7.018511720432021
85136,La Salina,Female,2021,0.6337539600618017
85139,Maní,Female,2021,8.383720441893594
85162,Monterrey,Female,2021,9.100898235710057
85225,Nunchía,Female,2021,5.419676964462228
85230,Orocué,Female,2021,6.6142425042580495
85250,Paz De Ariporo,Female,2021,19.49399617597441
85263,Pore,Female,2021,6.54440459166353
85279,Recetor,Female,2021,0.7743248722916242
85300,Sabanalarga,Female,2021,2.0709856494187298
85315,Sácama,Female,2021,1.033392245725673
85325,San Luis De Palenque,Female,2021,4.178006324461821
85400,Támara,Female,2021,3.276645365366702
85410,Tauramena,Female,2021,12.341506378283812
85430,Trinidad,Female,2021,7.353272271778881
85440,Villanueva,Female,2021,17.83001441289626
86001,Mocoa,Female,2021,30.749976018388573
86219,Colón,Female,2021,3.0490280851941147
86320,Orito,Female,2021,21.449634453101105
86568,Puerto Asís,Female,2021,49.3152139322618
86569,Puerto Caicedo,Female,2021,8.462541127505737
86571,Puerto Guzmán,Female,2021,21.679760228600944
86573,Puerto Leguízamo,Female,2021,15.693950890887432
86749,Sibundoy,Female,2021,8.232373033600581
86755,San Francisco,Female,2021,2.7559483212199622
86757,San Miguel,Female,2021,11.531767369349831
86760,Santiago,Female,2021,3.89717904749189
86865,Valle Del Guamuez,Female,2021,20.5713323714006
86885,Villagarzón,Female,2021,13.282399745233095
88001,San Andrés,Female,2021,27.447486630519546
88564,Providencia,Female,2021,2.63273574801074
91001,Leticia,Female,2021,46.39483432236184
91263,El Encanto,Female,2021,1.0720711741834135
91405,La Chorrera,Female,2021,1.3922613979602723
91407,La Pedrera,Female,2021,2.5791606194770176
91430,La Victoria,Female,2021,0.48788543988007055
91460,Mirití - Paraná,Female,2021,1.0694193216257646
91530,Puerto Alegría,Female,2021,0.46216712890412337
91536,Puerto Arica,Female,2021,0.6914554789457744
91540,Puerto Nariño,Female,2021,5.594175517421019
91669,Puerto Santander,Female,2021,1.0402657069918624
91798,Tarapacá,Female,2021,2.2120722996162887
94001,Inírida,Female,2021,20.63281660394717
94343,Barrancominas,Female,2021,4.154514645535373
94883,San Felipe,Female,2021,1.0459064169888428
94884,Puerto Colombia,Female,2021,1.1495164581703385
94885,La Guadalupe,Female,2021,0.1423131032174364
94886,Cacahual,Female,2021,0.4907440594906421
94887,Pana Pana,Female,2021,1.2113084478624698
94888,Morichal,Female,2021,0.4596466292052742
95001,San José Del Guaviare,Female,2021,32.85200620307945
95015,Calamar,Female,2021,5.659998790542262
95025,El Retorno,Female,2021,7.8878623781818735
95200,Miraflores,Female,2021,3.12093318841433
97001,Mitú,Female,2021,15.867210120137116
97161,Carurú,Female,2021,1.277565120175725
97511,Pacoa,Female,2021,2.079425636027721
97666,Taraira,Female,2021,1.1707613065655604
97777,Papunahua,Female,2021,0.4041305676808922
97889,Yavaraté,Female,2021,0.5194752552064732
99001,Puerto Carreño,Female,2021,14.615106047520854
99524,La Primavera,Female,2021,6.53834336242296
99624,Santa Rosalía,Female,2021,2.4894081639507095
99773,Cumaribo,Female,2021,50.34426921892865
5001,Medellín,Male,2021,3027.1796973605287
5002,Abejorral,Male,2021,37.30901108114616
5004,Abriaquí,Male,2021,4.539963233375543
5021,Alejandría,Male,2021,6.9328457244027195
5030,Amagá,Male,2021,43.50449950871538
5031,Amalfi,Male,2021,43.53626673894918
5034,Andes,Male,2021,78.29803283880572
5036,Angelópolis,Male,2021,8.870406798051562
5038,Angostura,Male,2021,21.424109452397822
5040,Anorí,Male,2021,34.8600915570437
5042,Santa Fé De Antioquia,Male,2021,39.42430562068082
5044,Anzá,Male,2021,12.879958813316595
5045,Apartadó,Male,2021,222.17157292779567
5051,Arboletes,Male,2021,54.49400277306078
5055,Argelia,Male,2021,13.1420699592601
5059,Armenia,Male,2021,9.02358843872053
5079,Barbosa,Male,2021,77.56527269192581
5086,Belmira,Male,2021,10.181508530808449
5088,Bello,Male,2021,679.8212830885728
5091,Betania,Male,2021,20.604810896228788
5093,Betulia,Male,2021,30.581024273507907
5101,Ciudad Bolívar,Male,2021,46.61693635906115
5107,Briceño,Male,2021,15.707943290855887
5113,Buriticá,Male,2021,17.98457714084834
5120,Cáceres,Male,2021,56.48290554054878
5125,Caicedo,Male,2021,16.297931007371908
5129,Caldas,Male,2021,109.0323765109169
5134,Campamento,Male,2021,17.542803899292597
5138,Cañasgordas,Male,2021,26.87545988874554
5142,Caracolí,Male,2021,7.575165036642146
5145,Caramanta,Male,2021,7.705377742435324
5147,Carepa,Male,2021,79.09472173150496
5148,El Carmen De Viboral,Male,2021,80.16990636601224
5150,Carolina,Male,2021,5.729785126908691
5154,Caucasia,Male,2021,200.58580018025478
5172,Chigorodó,Male,2021,118.04662780614125
5190,Cisneros,Male,2021,14.560134162343866
5197,Cocorná,Male,2021,25.533045980967483
5206,Concepción,Male,2021,7.7879987816436635
5209,Concordia,Male,2021,39.61046751305836
5212,Copacabana,Male,2021,103.63137347176077
5234,Dabeiba,Male,2021,46.36485171559638
5237,Donmatías,Male,2021,24.770091701519956
5240,Ebéjico,Male,2021,21.719145947841895
5250,El Bagre,Male,2021,98.10236397591596
5264,Entrerríos,Male,2021,16.492802221734177
5266,Envigado,Male,2021,297.7306125651046
5282,Fredonia,Male,2021,40.66988384795353
5284,Frontino,Male,2021,33.55209575280931
5306,Giraldo,Male,2021,8.605443116440778
5308,Girardota,Male,2021,69.75447276202559
5310,Gómez Plata,Male,2021,15.962295598098866
5313,Granada,Male,2021,14.075456268226356
5315,Guadalupe,Male,2021,11.59549898461682
5318,Guarne,Male,2021,76.22465503783326
5321,Guatapé,Male,2021,10.502026608794473
5347,Heliconia,Male,2021,10.069505239201975
5353,Hispania,Male,2021,9.135773048872306
5360,Itagüí,Male,2021,361.0902692170177
5361,Ituango,Male,2021,77.7506193636114
5364,Jardín,Male,2021,22.52775222947282
5368,Jericó,Male,2021,20.842571106804783
5376,La Ceja,Male,2021,84.04855144148796
5380,La Estrella,Male,2021,95.5692116263826
5390,La Pintada,Male,2021,15.24790375010655
5400,La Unión,Male,2021,31.106540128393622
5411,Liborina,Male,2021,18.13528903711021
5425,Maceo,Male,2021,13.975708008202016
5440,Marinilla,Male,2021,82.84715066787118
5467,Montebello,Male,2021,11.790097587409747
5475,Murindó,Male,2021,8.422401461024522
5480,Mutatá,Male,2021,54.57871498843529
5483,Nariño,Male,2021,18.80291331976889
5490,Necoclí,Male,2021,81.31247350656706
5495,Nechí,Male,2021,49.837993565644226
5501,Olaya,Male,2021,4.985527947049787
5541,Peñol,Male,2021,28.10696172520124
5543,Peque,Male,2021,14.607392920335608
5576,Pueblorrico,Male,2021,15.202628526567246
5579,Puerto Berrío,Male,2021,88.6813134629477
5585,Puerto Nare,Male,2021,23.676509018439432
5591,Puerto Triunfo,Male,2021,42.79554781983569
5604,Remedios,Male,2021,46.96996498903571
5607,Retiro,Male,2021,31.954276292221383
5615,Rionegro,Male,2021,179.12812167681108
5628,Sabanalarga,Male,2021,17.198698247144673
5631,Sabaneta,Male,2021,109.75640602730303
5642,Salgar,Male,2021,34.69038699093392
5647,San Andrés De Cuerquía,Male,2021,12.437565957652193
5649,San Carlos,Male,2021,23.66935416819784
5652,San Francisco,Male,2021,9.014493441779532
5656,San Jerónimo,Male,2021,24.099837675322824
5658,San José De La Montaña,Male,2021,6.165404807986479
5659,San Juan De Urabá,Male,2021,36.568380743595895
5660,San Luis,Male,2021,18.514740233824867
5664,San Pedro De Los Milagros,Male,2021,33.307797748880844
5665,San Pedro De Urabá,Male,2021,59.25831272301918
5667,San Rafael,Male,2021,24.978301925001304
5670,San Roque,Male,2021,37.12024083971909
5674,San Vicente Ferrer,Male,2021,34.91243882131889
5679,Santa Bárbara,Male,2021,39.764071655112225
5686,Santa Rosa De Osos,Male,2021,55.502356605052015
5690,Santo Domingo,Male,2021,22.17205708253525
5697,El Santuario,Male,2021,44.0951471063393
5736,Segovia,Male,2021,92.87946525804674
5756,Sonsón,Male,2021,59.687305178235725
5761,Sopetrán,Male,2021,23.566241717075755
5789,Támesis,Male,2021,28.493224534468506
5790,Tarazá,Male,2021,79.39152657242083
5792,Tarso,Male,2021,11.163360382147783
5809,Titiribí,Male,2021,16.831824811953943
5819,Toledo,Male,2021,9.846762690672296
5837,Turbo,Male,2021,281.8875275910887
5842,Uramita,Male,2021,12.719347995752742
5847,Urrao,Male,2021,51.13354404032952
5854,Valdivia,Male,2021,35.60368903438119
5856,Valparaíso,Male,2021,10.014883402397528
5858,Vegachí,Male,2021,22.18807405157101
5861,Venecia,Male,2021,23.5586598544781
5873,Vigía Del Fuerte,Male,2021,14.861710059616117
5885,Yalí,Male,2021,13.956216259471299
5887,Yarumal,Male,2021,66.94792417414595
5890,Yolombó,Male,2021,40.71598737188138
5893,Yondó,Male,2021,33.29777760105402
5895,Zaragoza,Male,2021,42.1667169835397
8001,Barranquilla,Male,2021,2257.9761603384927
8078,Baranoa,Male,2021,99.73566178503323
8137,Campo De La Cruz,Male,2021,47.03957464115574
8141,Candelaria,Male,2021,29.693705357263223
8296,Galapa,Male,2021,83.94417228179854
8372,Juan De Acosta,Male,2021,36.51791282949284
8421,Luruaco,Male,2021,53.38081008812569
8433,Malambo,Male,2021,188.45620157327235
8436,Manatí,Male,2021,33.00942763798643
8520,Palmar De Varela,Male,2021,47.9207219509027
8549,Piojó,Male,2021,12.827471328095587
8558,Polonuevo,Male,2021,27.852583239956495
8560,Ponedera,Male,2021,42.50546229598256
8573,Puerto Colombia,Male,2021,66.13894120816252
8606,Repelón,Male,2021,48.28390843548558
8634,Sabanagrande,Male,2021,50.32094392079549
8638,Sabanalarga,Male,2021,148.46003449422028
8675,Santa Lucía,Male,2021,26.97229887169992
8685,Santo Tomás,Male,2021,44.519397550931316
8758,Soledad,Male,2021,803.7606866778794
8770,Suan,Male,2021,19.613869396243267
8832,Tubará,Male,2021,29.68362855217196
8849,Usiacurí,Male,2021,20.677582637110334
11001,"Bogotá, D.C.",Male,2021,9461.730755866802
13001,Cartagena De Indias,Male,2021,1481.749713799588
13006,Achí,Male,2021,51.18721943431956
13030,Altos Del Rosario,Male,2021,22.535938647454856
13042,Arenal,Male,2021,17.23141307152578
13052,Arjona,Male,2021,119.41247950244079
13062,Arroyohondo,Male,2021,16.538927190130472
13074,Barranco De Loba,Male,2021,29.562136369720506
13140,Calamar,Male,2021,44.644504975831104
13160,Cantagallo,Male,2021,16.368971999909494
13188,Cicuco,Male,2021,25.578507569684476
13212,Córdoba,Male,2021,34.692909523595965
13222,Clemencia,Male,2021,28.522970481562925
13244,El Carmen De Bolívar,Male,2021,139.07083986399942
13248,El Guamo,Male,2021,18.76189099071069
13268,El Peñón,Male,2021,14.758779311010002
13300,Hatillo De Loba,Male,2021,24.939234393482476
13430,Magangué,Male,2021,237.48602925915966
13433,Mahates,Male,2021,51.247526213154686
13440,Margarita,Male,2021,22.370742658658234
13442,María La Baja,Male,2021,86.82072739119863
13458,Montecristo,Male,2021,39.40447564557464
13468,Mompós,Male,2021,75.94345686478322
13473,Morales,Male,2021,45.23817881640052
13490,Norosí,Male,2021,15.97010506254511
13549,Pinillos,Male,2021,49.1468319945883
13580,Regidor,Male,2021,11.297998587505193
13600,Río Viejo,Male,2021,21.422199464383944
13620,San Cristóbal,Male,2021,13.778511201408483
13647,San Estanislao,Male,2021,33.086379225951404
13650,San Fernando,Male,2021,24.30813765490741
13654,San Jacinto,Male,2021,47.87408261759277
13655,San Jacinto Del Cauca,Male,2021,22.369548932915627
13657,San Juan Nepomuceno,Male,2021,74.16853882725803
13667,San Martín De Loba,Male,2021,27.40308818858529
13670,San Pablo,Male,2021,49.16872103564112
13673,Santa Catalina,Male,2021,26.165958384892757
13683,Santa Rosa,Male,2021,39.36483144948361
13688,Santa Rosa Del Sur,Male,2021,59.23896294033735
13744,Simití,Male,2021,37.143217161404806
13760,Soplaviento,Male,2021,17.382946102212905
13780,Talaigua Nuevo,Male,2021,21.210912122033047
13810,Tiquisio,Male,2021,37.27981554279858
13836,Turbaco,Male,2021,159.91848708478364
13838,Turbaná,Male,2021,29.265973375184814
13873,Villanueva,Male,2021,44.74612422615686
13894,Zambrano,Male,2021,24.5355298302553
15001,Tunja,Male,2021,215.69371458777562
15022,Almeida,Male,2021,3.379342789677261
15047,Aquitania,Male,2021,25.804870275280248
15051,Arcabuco,Male,2021,8.062981458317248
15087,Belén,Male,2021,10.158311673537312
15090,Berbeo,Male,2021,2.7042897649816044
15092,Betéitiva,Male,2021,3.0379715046363573
15097,Boavita,Male,2021,8.920353565124877
15104,Boyacá,Male,2021,8.897197658083705
15106,Briceño,Male,2021,4.342529873633252
15109,Buenavista,Male,2021,8.673320242336986
15114,Busbanzá,Male,2021,1.687195391704648
15131,Caldas,Male,2021,5.460144477245059
15135,Campohermoso,Male,2021,5.616791024880131
15162,Cerinza,Male,2021,5.2756712586611405
15172,Chinavita,Male,2021,5.446458189823887
15176,Chiquinquirá,Male,2021,79.25791202990752
15180,Chiscas,Male,2021,7.582499545520374
15183,Chita,Male,2021,15.46249164526454
15185,Chitaraque,Male,2021,11.518845737136393
15187,Chivatá,Male,2021,4.451413539212476
15189,Ciénega,Male,2021,7.507202855592021
15204,Cómbita,Male,2021,34.01934172731786
15212,Coper,Male,2021,5.9506058757222995
15215,Corrales,Male,2021,3.7770672130535523
15218,Covarachía,Male,2021,5.495357354768805
15223,Cubará,Male,2021,17.678409239301953
15224,Cucaita,Male,2021,6.355109248386239
15226,Cuítiva,Male,2021,2.7464174462547395
15232,Chíquiza,Male,2021,9.20940126760839
15236,Chivor,Male,2021,5.044865305883748
15238,Duitama,Male,2021,153.43628840029243
15244,El Cocuy,Male,2021,7.4422645009933
15248,El Espino,Male,2021,4.3389691195330835
15272,Firavitoba,Male,2021,8.645522760930739
15276,Floresta,Male,2021,5.29357660312281
15293,Gachantivá,Male,2021,5.566890891351793
15296,Gámeza,Male,2021,8.464822620392136
15299,Garagoa,Male,2021,22.919701951659597
15317,Guacamayas,Male,2021,2.3998000396957995
15322,Guateque,Male,2021,14.573208932009585
15325,Guayatá,Male,2021,5.4971562819737185
15332,Güicán De La Sierra,Male,2021,6.607712017677793
15362,Iza,Male,2021,2.7389975375630393
15367,Jenesano,Male,2021,11.910410340762189
15368,Jericó,Male,2021,8.301052555299666
15377,Labranzagrande,Male,2021,8.174451288213072
15380,La Capilla,Male,2021,4.055100884318288
15401,La Victoria,Male,2021,1.979753087618529
15403,La Uvita,Male,2021,5.234197760231891
15407,Villa De Leyva,Male,2021,20.760333855106317
15425,Macanal,Male,2021,7.510346237962789
15442,Maripí,Male,2021,14.34157758526405
15455,Miraflores,Male,2021,12.398652939958595
15464,Mongua,Male,2021,7.682732195284302
15466,Monguí,Male,2021,6.475676570464261
15469,Moniquirá,Male,2021,33.68068397271188
15476,Motavita,Male,2021,9.81727050776129
15480,Muzo,Male,2021,16.78838572714317
15491,Nobsa,Male,2021,19.409520985626653
15494,Nuevo Colón,Male,2021,9.797850913956804
15500,Oicatá,Male,2021,3.8024322064918907
15507,Otanche,Male,2021,15.630341666938277
15511,Pachavita,Male,2021,4.2277405166596225
15514,Páez,Male,2021,5.521514318345133
15516,Paipa,Male,2021,43.101140954790736
15518,Pajarito,Male,2021,3.497973566003917
15522,Panqueba,Male,2021,2.860630750119708
15531,Pauna,Male,2021,14.219136034135014
15533,Paya,Male,2021,5.878780809091917
15537,Paz De Río,Male,2021,5.542676018205163
15542,Pesca,Male,2021,10.40673230212223
15550,Pisba,Male,2021,3.4380179047888473
15572,Puerto Boyacá,Male,2021,80.74528378254544
15580,Quípama,Male,2021,12.218965817084174
15599,Ramiriquí,Male,2021,15.685828109492624
15600,Ráquira,Male,2021,12.942222386624518
15621,Rondón,Male,2021,3.7663986627708477
15632,Saboyá,Male,2021,22.060908420410392
15638,Sáchica,Male,2021,7.864999185672743
15646,Samacá,Male,2021,32.39106289337994
15660,San Eduardo,Male,2021,2.715465635770539
15664,San José De Pare,Male,2021,10.20142245031812
15667,San Luis De Gaceno,Male,2021,8.624220360676572
15673,San Mateo,Male,2021,5.236315597147592
15676,San Miguel De Sema,Male,2021,4.551875091001516
15681,San Pablo De Borbur,Male,2021,15.017736553082118
15686,Santana,Male,2021,14.130041048437954
15690,Santa María,Male,2021,5.555112921886817
15693,Santa Rosa De Viterbo,Male,2021,17.846689255509773
15696,Santa Sofía,Male,2021,4.791888662433596
15720,Sativanorte,Male,2021,5.087754278497792
15723,Sativasur,Male,2021,3.1103831972298175
15740,Siachoque,Male,2021,12.68740803789341
15753,Soatá,Male,2021,10.849119023136954
15755,Socotá,Male,2021,14.336394287249561
15757,Socha,Male,2021,11.368898375562585
15759,Sogamoso,Male,2021,160.63565879342312
15761,Somondoco,Male,2021,5.107903139627836
15762,Sora,Male,2021,5.8825776484709795
15763,Sotaquirá,Male,2021,13.909933224522195
15764,Soracá,Male,2021,9.759910752647377
15774,Susacón,Male,2021,4.585883690738581
15776,Sutamarchán,Male,2021,9.542350960215638
15778,Sutatenza,Male,2021,7.31867534471861
15790,Tasco,Male,2021,8.96841691707432
15798,Tenza,Male,2021,6.419542862892864
15804,Tibaná,Male,2021,15.62039785003223
15806,Tibasosa,Male,2021,15.971956447664228
15808,Tinjacá,Male,2021,5.040026760722342
15810,Tipacoque,Male,2021,5.630866966263802
15814,Toca,Male,2021,13.881102646924147
15816,Togüí,Male,2021,9.09826940505214
15820,Tópaga,Male,2021,6.7633748135969105
15822,Tota,Male,2021,9.372689714538938
15832,Tununguá,Male,2021,3.405846919717661
15835,Turmequé,Male,2021,10.881859702935104
15837,Tuta,Male,2021,12.016185805368824
15839,Tutazá,Male,2021,2.985465911364957
15842,Úmbita,Male,2021,14.611065879541865
15861,Ventaquemada,Male,2021,21.93550623682294
15879,Viracachá,Male,2021,5.022201924074193
15897,Zetaquira,Male,2021,8.536580740474408
17001,Manizales,Male,2021,546.2515672011915
17013,Aguadas,Male,2021,35.22127672403114
17042,Anserma,Male,2021,57.36541675665252
17050,Aranzazu,Male,2021,14.714340802925435
17088,Belalcázar,Male,2021,17.06237750917608
17174,Chinchiná,Male,2021,70.5308041898446
17272,Filadelfia,Male,2021,19.02330054325014
17380,La Dorada,Male,2021,116.92340904761029
17388,La Merced,Male,2021,10.067906206868852
17433,Manzanares,Male,2021,29.783979063594728
17442,Marmato,Male,2021,15.60153208208352
17444,Marquetalia,Male,2021,22.4664340889756
17446,Marulanda,Male,2021,4.602849332245743
17486,Neira,Male,2021,31.41531880032028
17495,Norcasia,Male,2021,12.375483657503473
17513,Pácora,Male,2021,25.2346786540073
17524,Palestina,Male,2021,32.12086650566634
17541,Pensilvania,Male,2021,31.9122549739149
17614,Riosucio,Male,2021,76.24216359665948
17616,Risaralda,Male,2021,20.309673009418553
17653,Salamina,Male,2021,29.807928419423803
17662,Samaná,Male,2021,34.870433868787806
17665,San José,Male,2021,8.544445853392883
17777,Supía,Male,2021,42.5587896863148
17867,Victoria,Male,2021,15.845114054953033
17873,Villamaría,Male,2021,86.44230994156143
17877,Viterbo,Male,2021,18.97362089337823
18001,Florencia,Male,2021,278.3465046531864
18029,Albania,Male,2021,6.8796177178605555
18094,Belén De Los Andaquíes,Male,2021,16.989698119566253
18150,Cartagena Del Chairá,Male,2021,58.7615736583517
18205,Curillo,Male,2021,14.421699144262634
18247,El Doncello,Male,2021,29.84772110200626
18256,El Paujíl,Male,2021,28.893411705830072
18410,La Montañita,Male,2021,27.5142140925093
18460,Milán,Male,2021,17.052092694383955
18479,Morelia,Male,2021,8.285470365420622
18592,Puerto Rico,Male,2021,43.98745713777879
18610,San José Del Fragua,Male,2021,25.45757965559293
18753,San Vicente Del Caguán,Male,2021,93.71389411932273
18756,Solano,Male,2021,22.990706422256142
18785,Solita,Male,2021,10.844815341257291
18860,Valparaíso,Male,2021,11.707783276491641
19001,Popayán,Male,2021,425.5401159868608
19022,Almaguer,Male,2021,38.7441084290121
19050,Argelia,Male,2021,53.22875005091532
19075,Balboa,Male,2021,37.79868790608727
19100,Bolívar,Male,2021,73.90763201373139
19110,Buenos Aires,Male,2021,50.947411346665994
19130,Cajibío,Male,2021,80.40670822899308
19137,Caldono,Male,2021,69.30216173702895
19142,Caloto,Male,2021,44.53266635183742
19212,Corinto,Male,2021,44.221922952377184
19256,El Tambo,Male,2021,98.64296603459715
19290,Florencia,Male,2021,8.064265065175512
19300,Guachené,Male,2021,17.840885902705413
19318,Guapi,Male,2021,46.792168504521264
19355,Inzá,Male,2021,53.176960333384244
19364,Jambaló,Male,2021,27.90846393693414
19392,La Sierra,Male,2021,21.692643424876014
19397,La Vega,Male,2021,49.18376739902374
19418,López De Micay,Male,2021,36.137884619804005
19450,Mercaderes,Male,2021,43.109266951360524
19455,Miranda,Male,2021,42.243624637503274
19473,Morales,Male,2021,67.5526636374648
19513,Padilla,Male,2021,11.808742668623749
19517,Páez,Male,2021,78.1473073542732
19532,Patía,Male,2021,62.8701265749026
19533,Piamonte,Male,2021,15.327240917973436
19548,Piendamó - Tunía,Male,2021,60.163301467866276
19573,Puerto Tejada,Male,2021,62.69952319152038
19585,Puracé,Male,2021,26.954854154706474
19622,Rosas,Male,2021,21.08897737795037
19693,San Sebastián,Male,2021,20.777299359153616
19698,Santander De Quilichao,Male,2021,146.89930732056393
19701,Santa Rosa,Male,2021,12.030256308743796
19743,Silvia,Male,2021,59.03992415985568
19760,Sotará - Paispamba,Male,2021,21.677408311083372
19780,Suárez,Male,2021,52.482847512793896
19785,Sucre,Male,2021,22.99992091125405
19807,Timbío,Male,2021,57.04877663660851
19809,Timbiquí,Male,2021,47.38442476364357
19821,Toribío,Male,2021,55.875146441180235
19824,Totoró,Male,2021,43.22269786403655
19845,Villa Rica,Male,2021,26.087952481889253
20001,Valledupar,Male,2021,817.3643150762454
20011,Aguachica,Male,2021,177.2444817829018
20013,Agustín Codazzi,Male,2021,107.1817385198371
20032,Astrea,Male,2021,37.23155401093959
20045,Becerril,Male,2021,35.39901042058872
20060,Bosconia,Male,2021,71.22016049672122
20175,Chimichagua,Male,2021,58.93316451849308
20178,Chiriguaná,Male,2021,52.54985471821237
20228,Curumaní,Male,2021,61.30407360092914
20238,El Copey,Male,2021,50.77100151940363
20250,El Paso,Male,2021,60.35333940157839
20295,Gamarra,Male,2021,28.085148768255394
20310,González,Male,2021,9.858188369331515
20383,La Gloria,Male,2021,30.945108220989773
20400,La Jagua De Ibirico,Male,2021,65.7707749337119
20443,Manaure Balcón Del Cesar,Male,2021,17.340944851341543
20517,Pailitas,Male,2021,34.5566740497296
20550,Pelaya,Male,2021,38.52564732014176
20570,Pueblo Bello,Male,2021,50.29753107438232
20614,Río De Oro,Male,2021,33.35469476096388
20621,La Paz,Male,2021,44.84816306924302
20710,San Alberto,Male,2021,43.55166629395012
20750,San Diego,Male,2021,31.42769313852709
20770,San Martín,Male,2021,47.83395838257832
20787,Tamalameque,Male,2021,25.596671374790372
23001,Montería,Male,2021,689.2718738481257
23068,Ayapel,Male,2021,86.19822292555605
23079,Buenavista,Male,2021,40.00100925231274
23090,Canalete,Male,2021,32.664572409580686
23162,Cereté,Male,2021,165.27050743633345
23168,Chimá,Male,2021,36.905975979472295
23182,Chinú,Male,2021,88.67943438129278
23189,Ciénaga De Oro,Male,2021,112.12039995687263
23300,Cotorra,Male,2021,31.573298530040226
23350,La Apartada,Male,2021,25.904654788985397
23417,Lorica,Male,2021,180.2261284858985
23419,Los Córdobas,Male,2021,37.029106370944064
23464,Momil,Male,2021,32.599223960836305
23466,Montelíbano,Male,2021,122.7088159713471
23500,Moñitos,Male,2021,59.80856024266799
23555,Planeta Rica,Male,2021,102.92847121512051
23570,Pueblo Nuevo,Male,2021,65.5690171714387
23574,Puerto Escondido,Male,2021,50.46881760207465
23580,Puerto Libertador,Male,2021,78.13026747642576
23586,Purísima De La Concepción,Male,2021,32.02427377952695
23660,Sahagún,Male,2021,177.91316506657418
23670,San Andrés De Sotavento,Male,2021,105.39318990322447
23672,San Antero,Male,2021,56.38859384744127
23675,San Bernardo Del Viento,Male,2021,69.55607659091318
23678,San Carlos,Male,2021,54.10871955625934
23682,San José De Uré,Male,2021,17.827905837564714
23686,San Pelayo,Male,2021,93.03147618287312
23807,Tierralta,Male,2021,168.5626337718308
23815,Tuchín,Male,2021,80.23693484866915
23855,Valencia,Male,2021,63.93149209504046
25001,Agua De Dios,Male,2021,17.84672933725539
25019,Albán,Male,2021,9.808637371110235
25035,Anapoima,Male,2021,23.050917119772915
25040,Anolaima,Male,2021,22.85954357375927
25053,Arbeláez,Male,2021,15.149403995498057
25086,Beltrán,Male,2021,3.2707265608377054
25095,Bituima,Male,2021,4.2857286286717
25099,Bojacá,Male,2021,15.24311653412007
25120,Cabrera,Male,2021,9.52090214969729
25123,Cachipay,Male,2021,16.078072485329713
25126,Cajicá,Male,2021,110.04720334331412
25148,Caparrapí,Male,2021,25.26349787074561
25151,Cáqueza,Male,2021,29.32268096798719
25154,Carmen De Carupa,Male,2021,14.206240461997949
25168,Chaguaní,Male,2021,10.05785715791409
25175,Chía,Male,2021,205.18274656423932
25178,Chipaque,Male,2021,15.664938780134321
25181,Choachí,Male,2021,17.496668757483192
25183,Chocontá,Male,2021,45.37739317552059
25200,Cogua,Male,2021,32.64425269713202
25214,Cota,Male,2021,44.409483922860005
25224,Cucunubá,Male,2021,12.350319954492043
25245,El Colegio,Male,2021,36.27323681323911
25258,El Peñón,Male,2021,9.237611151563584
25260,El Rosal,Male,2021,31.780510328633596
25269,Facatativá,Male,2021,235.1753693742457
25279,Fómeque,Male,2021,19.961863506083173
25281,Fosca,Male,2021,11.806128852568504
25286,Funza,Male,2021,134.37987429238405
25288,Fúquene,Male,2021,7.096525777137565
25290,Fusagasugá,Male,2021,211.74172648898738
25293,Gachalá,Male,2021,9.248161968363384
25295,Gachancipá,Male,2021,24.482461187362862
25297,Gachetá,Male,2021,17.293699289909636
25299,Gama,Male,2021,5.711014765669672
25307,Girardot,Male,2021,217.76225717637496
25312,Granada,Male,2021,10.581659653520639
25317,Guachetá,Male,2021,23.134882807921418
25320,Guaduas,Male,2021,61.968328717631685
25322,Guasca,Male,2021,21.7111470048617
25324,Guataquí,Male,2021,4.980102577625305
25326,Guatavita,Male,2021,11.130110236357876
25328,Guayabal De Síquima,Male,2021,7.4308825818046005
25335,Guayabetal,Male,2021,10.453023476419707
25339,Gutiérrez,Male,2021,6.3859299274749715
25368,Jerusalén,Male,2021,4.186080759162514
25372,Junín,Male,2021,11.689785946812655
25377,La Calera,Male,2021,45.632720156469794
25386,La Mesa,Male,2021,58.93004204066858
25394,La Palma,Male,2021,17.86706185433345
25398,La Peña,Male,2021,13.264059490135889
25402,La Vega,Male,2021,26.38361618728205
25407,Lenguazaque,Male,2021,18.155346626462684
25426,Machetá,Male,2021,11.407400052153914
25430,Madrid,Male,2021,152.97331492936465
25436,Manta,Male,2021,6.502055133748995
25438,Medina,Male,2021,14.28703981672058
25473,Mosquera,Male,2021,172.47415989699033
25483,Nariño,Male,2021,4.599081109140516
25486,Nemocón,Male,2021,22.402883901690668
25488,Nilo,Male,2021,16.13447247202366
25489,Nimaima,Male,2021,6.349253219910895
25491,Nocaima,Male,2021,10.17958644145082
25506,Venecia,Male,2021,7.898996116548927
25513,Pacho,Male,2021,45.06510521415004
25518,Paime,Male,2021,9.173516698661155
25524,Pandi,Male,2021,8.68319659980254
25530,Paratebueno,Male,2021,15.025880812853966
25535,Pasca,Male,2021,15.846364696364727
25572,Puerto Salgar,Male,2021,27.474698461892192
25580,Pulí,Male,2021,6.610770794965948
25592,Quebradanegra,Male,2021,8.31482879619691
25594,Quetame,Male,2021,9.128568750044993
25596,Quipile,Male,2021,12.732336568542927
25599,Apulo,Male,2021,13.523951878749749
25612,Ricaurte,Male,2021,18.984578062243916
25645,San Antonio Del Tequendama,Male,2021,17.401351889294727
25649,San Bernardo,Male,2021,15.161366825495044
25653,San Cayetano,Male,2021,9.153742392846805
25658,San Francisco,Male,2021,15.172192663874885
25662,San Juan De Rioseco,Male,2021,15.807977198495678
25718,Sasaima,Male,2021,19.19709320376091
25736,Sesquilé,Male,2021,18.28188764044494
25740,Sibaté,Male,2021,58.59434667926244
25743,Silvania,Male,2021,36.524485428164205
25745,Simijaca,Male,2021,20.269379594635126
25754,Soacha,Male,2021,889.7463398902261
25758,Sopó,Male,2021,40.506677219721404
25769,Subachoque,Male,2021,20.938097862720436
25772,Suesca,Male,2021,25.15889044966791
25777,Supatá,Male,2021,8.33944659243454
25779,Susa,Male,2021,11.02090534595489
25781,Sutatausa,Male,2021,9.069613292668832
25785,Tabio,Male,2021,31.820444340540014
25793,Tausa,Male,2021,13.08603620655844
25797,Tena,Male,2021,13.858748578881958
25799,Tenjo,Male,2021,33.679940933866455
25805,Tibacuy,Male,2021,7.256750390686106
25807,Tibirita,Male,2021,6.7050288709479995
25815,Tocaima,Male,2021,24.76126966079034
25817,Tocancipá,Male,2021,58.4877784124426
25823,Topaipí,Male,2021,8.616349841975921
25839,Ubalá,Male,2021,14.108608436052702
25841,Ubaque,Male,2021,12.507781060309318
25843,Villa De San Diego De Ubaté,Male,2021,81.20591984040091
25845,Une,Male,2021,12.573620082967459
25851,Útica,Male,2021,7.981681724441166
25862,Vergara,Male,2021,14.664857716680434
25867,Vianí,Male,2021,7.541949733783015
25871,Villagómez,Male,2021,3.1583016658835597
25873,Villapinzón,Male,2021,29.09149426692206
25875,Villeta,Male,2021,45.89397515942244
25878,Viotá,Male,2021,23.96693403687877
25885,Yacopí,Male,2021,27.05483805381916
25898,Zipacón,Male,2021,6.67740300242318
25899,Zipaquirá,Male,2021,200.27759647379793
27001,Quibdó,Male,2021,252.90883941446106
27006,Acandí,Male,2021,24.001600765764085
27025,Alto Baudó,Male,2021,53.73966381959794
27050,Atrato,Male,2021,10.390255431659119
27073,Bagadó,Male,2021,19.176259436141127
27075,Bahía Solano,Male,2021,15.588841375952658
27077,Bajo Baudó,Male,2021,55.52958545018485
27099,Bojayá,Male,2021,21.104861685130132
27135,El Cantón Del San Pablo,Male,2021,10.040884097699196
27150,Carmen Del Darién,Male,2021,42.56274238025669
27160,Cértegui,Male,2021,9.18516260681582
27205,Condoto,Male,2021,20.366389406413482
27245,El Carmen De Atrato,Male,2021,14.340347083012745
27250,El Litoral Del San Juan,Male,2021,43.926696850707756
27361,Istmina,Male,2021,47.256828379082634
27372,Juradó,Male,2021,12.46657957622812
27413,Lloró,Male,2021,17.20030269610508
27425,Medio Atrato,Male,2021,24.742455273902788
27430,Medio Baudó,Male,2021,29.135731258362775
27450,Medio San Juan,Male,2021,19.324552359028676
27491,Nóvita,Male,2021,16.73609968889332
27495,Nuquí,Male,2021,29.81225110259851
27580,Río Iró,Male,2021,9.465671566292613
27600,Río Quito,Male,2021,13.33049298047798
27615,Riosucio,Male,2021,140.71923545183986
27660,San José Del Palmar,Male,2021,9.87034586898994
27745,Sipí,Male,2021,6.298597707843411
27787,Tadó,Male,2021,28.380714577764227
27800,Unguía,Male,2021,24.58849290251756
27810,Unión Panamericana,Male,2021,11.963478613742502
41001,Neiva,Male,2021,588.409682790736
41006,Acevedo,Male,2021,63.815963722429125
41013,Agrado,Male,2021,15.335842636814466
41016,Aipe,Male,2021,26.387146953091456
41020,Algeciras,Male,2021,39.133640675842344
41026,Altamira,Male,2021,5.822342961322933
41078,Baraya,Male,2021,15.416691473698997
41132,Campoalegre,Male,2021,48.19753920950705
41206,Colombia,Male,2021,15.61859981449148
41244,Elías,Male,2021,6.686902644189978
41298,Garzón,Male,2021,118.98574732035271
41306,Gigante,Male,2021,39.8202855707469
41319,Guadalupe,Male,2021,31.69413542784559
41349,Hobo,Male,2021,14.488164937036464
41357,Íquira,Male,2021,16.781872736641297
41359,Isnos,Male,2021,42.59611142127301
41378,La Argentina,Male,2021,23.30749934506312
41396,La Plata,Male,2021,104.82752362576397
41483,Nátaga,Male,2021,11.213758266362047
41503,Oporapa,Male,2021,22.07422352646752
41518,Paicol,Male,2021,10.062620202087071
41524,Palermo,Male,2021,40.20038258811414
41530,Palestina,Male,2021,21.122448335401646
41548,Pital,Male,2021,22.772768697854723
41551,Pitalito,Male,2021,240.9158361102444
41615,Rivera,Male,2021,38.351444237424786
41660,Saladoblanco,Male,2021,20.880184639710308
41668,San Agustín,Male,2021,52.52863368824609
41676,Santa María,Male,2021,19.723398926705457
41770,Suaza,Male,2021,35.601062438517005
41791,Tarqui,Male,2021,30.899008822907344
41797,Tesalia,Male,2021,16.665449474652206
41799,Tello,Male,2021,20.082994903591135
41801,Teruel,Male,2021,13.203436140826554
41807,Timaná,Male,2021,35.98327347748601
41872,Villavieja,Male,2021,12.690464025076974
41885,Yaguará,Male,2021,10.85558697824747
44001,Riohacha,Male,2021,413.9773844580297
44035,Albania,Male,2021,48.002925028338815
44078,Barrancas,Male,2021,59.575749978328055
44090,Dibulla,Male,2021,76.1629346992532
44098,Distracción,Male,2021,20.793192666251738
44110,El Molino,Male,2021,12.219586721516789
44279,Fonseca,Male,2021,68.63281643829018
44378,Hatonuevo,Male,2021,31.43455743614541
44420,La Jagua Del Pilar,Male,2021,6.120493821839176
44430,Maicao,Male,2021,410.9730798953019
44560,Manaure,Male,2021,159.83998488603513
44650,San Juan Del Cesar,Male,2021,77.23575001401325
44847,Uribia,Male,2021,364.93820022222275
44855,Urumita,Male,2021,15.938520000458343
44874,Villanueva,Male,2021,40.88907215150723
47001,Santa Marta,Male,2021,999.4684059642393
47030,Algarrobo,Male,2021,28.971175179254047
47053,Aracataca,Male,2021,64.87610548441762
47058,Ariguaní,Male,2021,58.730512216523344
47161,Cerro De San Antonio,Male,2021,20.829375015983434
47170,Chivolo,Male,2021,44.11060701336937
47189,Ciénaga,Male,2021,220.24871671838653
47205,Concordia,Male,2021,24.713305221695258
47245,El Banco,Male,2021,118.38933027332877
47258,El Piñón,Male,2021,43.81061526674211
47268,El Retén,Male,2021,36.72596361172084
47288,Fundación,Male,2021,118.4007296044024
47318,Guamal,Male,2021,53.140705427265864
47460,Nueva Granada,Male,2021,41.93485430534115
47541,Pedraza,Male,2021,18.563035697216023
47545,Pijiño Del Carmen,Male,2021,22.738096999039197
47551,Pivijay,Male,2021,73.44637262884729
47555,Plato,Male,2021,114.4524378689265
47570,Puebloviejo,Male,2021,58.18036790513005
47605,Remolino,Male,2021,22.506133733631405
47660,Sabanas De San Ángel,Male,2021,35.30824146907046
47675,Salamina,Male,2021,19.190166082137118
47692,San Sebastián De Buenavista,Male,2021,40.013047439381324
47703,San Zenón,Male,2021,22.028036778958565
47707,Santa Ana,Male,2021,43.47612191132555
47720,Santa Bárbara De Pinto,Male,2021,20.6063549802922
47745,Sitionuevo,Male,2021,61.37571314633948
47798,Tenerife,Male,2021,26.57762201737633
47960,Zapayán,Male,2021,22.87267285543907
47980,Zona Bananera,Male,2021,123.76102628831646
50001,Villavicencio,Male,2021,768.7482436470578
50006,Acacías,Male,2021,129.03979972100265
50110,Barranca De Upía,Male,2021,12.038515267549704
50124,Cabuyaro,Male,2021,10.229866346940968
50150,Castilla La Nueva,Male,2021,20.544685054675398
50223,Cubarral,Male,2021,9.87684961588366
50226,Cumaral,Male,2021,30.67379338826364
50245,El Calvario,Male,2021,2.5353372994141194
50251,El Castillo,Male,2021,13.324701371593743
50270,El Dorado,Male,2021,6.818840294594357
50287,Fuente De Oro,Male,2021,20.86077629163581
50313,Granada,Male,2021,117.04388469616207
50318,Guamal,Male,2021,19.615341436542487
50325,Mapiripán,Male,2021,14.744310916761812
50330,Mesetas,Male,2021,20.468341125270594
50350,La Macarena,Male,2021,60.610226120783935
50370,Uribe,Male,2021,19.62295190302268
50400,Lejanías,Male,2021,19.116237351849122
50450,Puerto Concordia,Male,2021,16.4119409113044
50568,Puerto Gaitán,Male,2021,79.64099567585076
50573,Puerto López,Male,2021,48.81086017584355
50577,Puerto Lleras,Male,2021,19.265124636057347
50590,Puerto Rico,Male,2021,26.285955357656647
50606,Restrepo,Male,2021,23.853293525693132
50680,San Carlos De Guaroa,Male,2021,21.21656258320925
50683,San Juan De Arama,Male,2021,15.473701911930522
50686,San Juanito,Male,2021,2.2502424093765754
50689,San Martín,Male,2021,37.47823631550735
50711,Vistahermosa,Male,2021,34.38036334549645
52001,Pasto,Male,2021,502.06619051376833
52019,Albán,Male,2021,17.81811855900374
52022,Aldana,Male,2021,10.868531146700207
52036,Ancuya,Male,2021,13.280199810924273
52051,Arboleda,Male,2021,17.04752940773232
52079,Barbacoas,Male,2021,105.26182781402295
52083,Belén,Male,2021,10.603341393533722
52110,Buesaco,Male,2021,40.169562676416646
52203,Colón,Male,2021,15.181767134494367
52207,Consacá,Male,2021,22.758415820835225
52210,Contadero,Male,2021,12.237019244164529
52215,Córdoba,Male,2021,24.3358808179143
52224,Cuaspud Carlosama,Male,2021,17.12208381124274
52227,Cumbal,Male,2021,53.460979089653925
52233,Cumbitara,Male,2021,11.905499362278265
52240,Chachagüí,Male,2021,22.984797096871674
52250,El Charco,Male,2021,41.73132046077964
52254,El Peñol,Male,2021,13.91335150327538
52256,El Rosario,Male,2021,25.815386759369805
52258,El Tablón De Gómez,Male,2021,28.524009782926115
52260,El Tambo,Male,2021,22.498579325208524
52287,Funes,Male,2021,12.696963438479395
52317,Guachucal,Male,2021,31.179331126536333
52320,Guaitarilla,Male,2021,19.13685613044974
52323,Gualmatán,Male,2021,10.966779025381243
52352,Iles,Male,2021,12.887104350220628
52354,Imués,Male,2021,13.089906454775344
52356,Ipiales,Male,2021,160.3609463809591
52378,La Cruz,Male,2021,28.976347833970017
52381,La Florida,Male,2021,21.47492209022023
52385,La Llanada,Male,2021,9.683761910458001
52390,La Tola,Male,2021,12.741971700625966
52399,La Unión,Male,2021,61.635875284836956
52405,Leiva,Male,2021,19.741087616627283
52411,Linares,Male,2021,16.97937843979733
52418,Los Andes,Male,2021,16.84692668005748
52427,Magüí,Male,2021,46.35047612636405
52435,Mallama,Male,2021,15.07625975679088
52473,Mosquera,Male,2021,23.896750803471072
52480,Nariño,Male,2021,7.620642940931727
52490,Olaya Herrera,Male,2021,45.53924968327289
52506,Ospina,Male,2021,10.826105117200667
52520,Francisco Pizarro,Male,2021,28.222704359461503
52540,Policarpa,Male,2021,19.101077920362776
52560,Potosí,Male,2021,14.980488764286324
52565,Providencia,Male,2021,10.523639328868269
52573,Puerres,Male,2021,13.092908273382909
52585,Pupiales,Male,2021,27.474616031130658
52612,Ricaurte,Male,2021,36.86479694569014
52621,Roberto Payán,Male,2021,24.942458268806874
52678,Samaniego,Male,2021,54.926631876666164
52683,Sandoná,Male,2021,31.33391069599209
52685,San Bernardo,Male,2021,20.255348427623694
52687,San Lorenzo,Male,2021,38.71735044799019
52693,San Pablo,Male,2021,26.23246616417637
52694,San Pedro De Cartago,Male,2021,13.713873027971824
52696,Santa Bárbara,Male,2021,26.594356466744053
52699,Santacruz,Male,2021,23.004963937379497
52720,Sapuyes,Male,2021,13.135373960885444
52786,Taminango,Male,2021,31.151574400478516
52788,Tangua,Male,2021,25.208048092351078
52835,San Andrés De Tumaco,Male,2021,425.17331264637414
52838,Túquerres,Male,2021,69.29623219142307
52885,Yacuanquer,Male,2021,19.717277416838275
54001,San José De Cúcuta,Male,2021,1157.027702815398
54003,Ábrego,Male,2021,62.73483884808708
54051,Arboledas,Male,2021,20.814932422903876
54099,Bochalema,Male,2021,14.37666601747668
54109,Bucarasica,Male,2021,13.989822853469565
54125,Cácota,Male,2021,6.154955087148979
54128,Cáchira,Male,2021,23.461489812272326
54172,Chinácota,Male,2021,26.742916546880746
54174,Chitagá,Male,2021,24.43149322627264
54206,Convención,Male,2021,37.42135157504972
54223,Cucutilla,Male,2021,20.34529591215517
54239,Durania,Male,2021,8.709931443129632
54245,El Carmen,Male,2021,29.77529187899133
54250,El Tarra,Male,2021,43.72757862774506
54261,El Zulia,Male,2021,47.265881111951884
54313,Gramalote,Male,2021,15.932293534879857
54344,Hacarí,Male,2021,21.871464539800716
54347,Herrán,Male,2021,14.790634831870806
54377,Labateca,Male,2021,11.78172738197068
54385,La Esperanza,Male,2021,22.829335781592402
54398,La Playa,Male,2021,18.15901099033639
54405,Los Patios,Male,2021,126.12452386678441
54418,Lourdes,Male,2021,7.454235849765887
54480,Mutiscua,Male,2021,7.940657588832206
54498,Ocaña,Male,2021,192.44415245231178
54518,Pamplona,Male,2021,66.19894826131764
54520,Pamplonita,Male,2021,10.218054773676693
54553,Puerto Santander,Male,2021,46.24379997750433
54599,Ragonvalia,Male,2021,11.34130581517059
54660,Salazar,Male,2021,19.808625127789718
54670,San Calixto,Male,2021,28.495162957144803
54673,San Cayetano,Male,2021,12.183808274448396
54680,Santiago,Male,2021,6.907629296438499
54720,Sardinata,Male,2021,48.81581525044982
54743,Silos,Male,2021,12.533365719591558
54800,Teorama,Male,2021,33.51232692610929
54810,Tibú,Male,2021,148.31728570389214
54820,Toledo,Male,2021,30.945011116472806
54871,Villa Caro,Male,2021,10.331838401568453
54874,Villa Del Rosario,Male,2021,147.98884610203106
63001,Armenia,Male,2021,375.7311046251192
63111,Buenavista,Male,2021,5.03874702483983
63130,Calarcá,Male,2021,99.01585855541687
63190,Circasia,Male,2021,36.60710447515584
63212,Córdoba,Male,2021,9.470858358790052
63272,Filandia,Male,2021,16.262092643012267
63302,Génova,Male,2021,12.894382967758808
63401,La Tebaida,Male,2021,48.53970776974839
63470,Montenegro,Male,2021,53.01335299779401
63548,Pijao,Male,2021,8.220688254852208
63594,Quimbaya,Male,2021,41.754351059250794
63690,Salento,Male,2021,13.846740785555188
66001,Pereira,Male,2021,585.0228473574542
66045,Apía,Male,2021,20.037444039873407
66075,Balboa,Male,2021,10.681885195889746
66088,Belén De Umbría,Male,2021,40.278965954129944
66170,Dosquebradas,Male,2021,266.31185299965864
66318,Guática,Male,2021,21.06378343437509
66383,La Celia,Male,2021,13.239458724254696
66400,La Virginia,Male,2021,38.91982905684204
66440,Marsella,Male,2021,25.38941841464527
66456,Mistrató,Male,2021,29.58555003938737
66572,Pueblo Rico,Male,2021,30.9521884424697
66594,Quinchía,Male,2021,45.363615313656034
66682,Santa Rosa De Cabal,Male,2021,105.45774205404587
66687,Santuario,Male,2021,21.66447098957916
68001,Bucaramanga,Male,2021,858.3862247953388
68013,Aguada,Male,2021,7.504396412848914
68020,Albania,Male,2021,7.929828788885688
68051,Aratoca,Male,2021,14.908691506998764
68077,Barbosa,Male,2021,40.361786264282806
68079,Barichara,Male,2021,15.43503709119491
68081,Barrancabermeja,Male,2021,448.27199361791145
68092,Betulia,Male,2021,10.823225116308269
68101,Bolívar,Male,2021,20.89717087810294
68121,Cabrera,Male,2021,3.272134824613257
68132,California,Male,2021,3.1033934590522776
68147,Capitanejo,Male,2021,8.518269123839707
68152,Carcasí,Male,2021,9.504830335516848
68160,Cepitá,Male,2021,3.2743033147876828
68162,Cerrito,Male,2021,12.484695080948793
68167,Charalá,Male,2021,17.431385777557473
68169,Charta,Male,2021,5.01682835037382
68176,Chima,Male,2021,5.582330067553974
68179,Chipatá,Male,2021,10.184650414844192
68190,Cimitarra,Male,2021,56.44143072241833
68207,Concepción,Male,2021,9.460715361403786
68209,Confines,Male,2021,5.205595781430629
68211,Contratación,Male,2021,5.463014897706557
68217,Coromoro,Male,2021,10.154353753360908
68229,Curití,Male,2021,20.55530886530065
68235,El Carmen De Chucuri,Male,2021,45.778740559086955
68245,El Guacamayo,Male,2021,3.706286226861497
68250,El Peñón,Male,2021,10.390446621288959
68255,El Playón,Male,2021,23.633974741055756
68264,Encino,Male,2021,4.081306840686475
68266,Enciso,Male,2021,5.836883915011681
68271,Florián,Male,2021,12.278548786771925
68276,Floridablanca,Male,2021,386.7809224295734
68296,Galán,Male,2021,5.121245116045611
68298,Gámbita,Male,2021,8.113060395883178
68307,Girón,Male,2021,213.92672326873316
68318,Guaca,Male,2021,14.043184996938551
68320,Guadalupe,Male,2021,7.729017172940567
68322,Guapotá,Male,2021,4.246790592027069
68324,Guavatá,Male,2021,7.926637650592569
68327,Güepsa,Male,2021,7.97244608026254
68344,Hato,Male,2021,4.801203051761269
68368,Jesús María,Male,2021,5.696305651432215
68370,Jordán,Male,2021,2.728067493248708
68377,La Belleza,Male,2021,10.715456866405408
68385,Landázuri,Male,2021,19.546646494235375
68397,La Paz,Male,2021,8.922435653638614
68406,Lebrija,Male,2021,65.64409690111239
68418,Los Santos,Male,2021,27.16268256861399
68425,Macaravita,Male,2021,3.966444677071236
68432,Málaga,Male,2021,26.09577202804556
68444,Matanza,Male,2021,9.09537706965125
68464,Mogotes,Male,2021,18.600928498172767
68468,Molagavita,Male,2021,8.196442942556118
68498,Ocamonte,Male,2021,10.84830084508873
68500,Oiba,Male,2021,16.794859287709198
68502,Onzaga,Male,2021,8.268533071817696
68522,Palmar,Male,2021,2.343373325507366
68524,Palmas Del Socorro,Male,2021,3.771498011168735
68533,Páramo,Male,2021,7.48932590382378
68547,Piedecuesta,Male,2021,228.6982492825422
68549,Pinchote,Male,2021,8.019616604938943
68572,Puente Nacional,Male,2021,21.717905689376916
68573,Puerto Parra,Male,2021,11.970477078998824
68575,Puerto Wilches,Male,2021,54.74204642914027
68615,Rionegro,Male,2021,44.83453214136868
68655,Sabana De Torres,Male,2021,55.158372143087114
68669,San Andrés,Male,2021,16.168220232891723
68673,San Benito,Male,2021,6.719833649102133
68679,San Gil,Male,2021,76.23398099037216
68682,San Joaquín,Male,2021,3.9660751646724517
68684,San José De Miranda,Male,2021,7.925061171370453
68686,San Miguel,Male,2021,4.135642913902123
68689,San Vicente De Chucurí,Male,2021,57.58201339704613
68705,Santa Bárbara,Male,2021,5.302768276072778
68720,Santa Helena Del Opón,Male,2021,6.602915327048173
68745,Simacota,Male,2021,19.884446782868995
68755,Socorro,Male,2021,40.976241943495246
68770,Suaita,Male,2021,17.400442699176423
68773,Sucre,Male,2021,13.450058029978306
68780,Suratá,Male,2021,7.255518474138521
68820,Tona,Male,2021,13.908173657094343
68855,Valle De San José,Male,2021,10.343971073027914
68861,Vélez,Male,2021,39.373368498941446
68867,Vetas,Male,2021,3.5157806087309704
68872,Villanueva,Male,2021,11.921234032433098
68895,Zapatoca,Male,2021,12.928620075660724
70001,Sincelejo,Male,2021,462.5695472113267
70110,Buenavista,Male,2021,19.66900406399933
70124,Caimito,Male,2021,31.18466123698098
70204,Colosó,Male,2021,17.752573871466925
70215,Corozal,Male,2021,101.71654358560855
70221,Coveñas,Male,2021,32.97064084131702
70230,Chalán,Male,2021,10.73044273019686
70233,El Roble,Male,2021,20.895986914331466
70235,Galeras,Male,2021,38.543415343386386
70265,Guaranda,Male,2021,36.742895670358486
70400,La Unión,Male,2021,25.58174432531538
70418,Los Palmitos,Male,2021,39.04853063743498
70429,Majagual,Male,2021,81.25612097479974
70473,Morroa,Male,2021,25.615173902778153
70508,Ovejas,Male,2021,42.793283548298625
70523,Palmito,Male,2021,29.652877693484285
70670,Sampués,Male,2021,93.41673246185876
70678,San Benito Abad,Male,2021,60.977996747875416
70702,San Juan De Betulia,Male,2021,24.950339969424437
70708,San Marcos,Male,2021,108.56604219361188
70713,San Onofre,Male,2021,102.58943048249016
70717,San Pedro,Male,2021,34.21774008805562
70742,San Luis De Sincé,Male,2021,57.44414708720205
70771,Sucre,Male,2021,65.93583646214361
70820,Santiago De Tolú,Male,2021,49.98260636404418
70823,San José De Toluviejo,Male,2021,37.823773733501106
73001,Ibagué,Male,2021,638.4881910300194
73024,Alpujarra,Male,2021,6.767006264954016
73026,Alvarado,Male,2021,15.1911337192584
73030,Ambalema,Male,2021,10.120892988467514
73043,Anzoátegui,Male,2021,20.676781310191302
73055,Armero,Male,2021,18.787614115812016
73067,Ataco,Male,2021,39.076103931994766
73124,Cajamarca,Male,2021,30.31686243506491
73148,Carmen De Apicalá,Male,2021,15.232933650879641
73152,Casabianca,Male,2021,11.580258721734852
73168,Chaparral,Male,2021,90.29301708200937
73200,Coello,Male,2021,12.912568196137016
73217,Coyaima,Male,2021,43.357693092594076
73226,Cunday,Male,2021,15.015735922411402
73236,Dolores,Male,2021,13.191908533910574
73268,Espinal,Male,2021,126.79169949305754
73270,Falan,Male,2021,13.473786458230002
73275,Flandes,Male,2021,41.86492483089826
73283,Fresno,Male,2021,51.74072607432122
73319,Guamo,Male,2021,50.9898501529141
73347,Herveo,Male,2021,14.912683803967436
73349,Honda,Male,2021,40.331620249955584
73352,Icononzo,Male,2021,18.715760194321568
73408,Lérida,Male,2021,26.35419654582325
73411,Líbano,Male,2021,57.91273895502725
73443,San Sebastián De Mariquita,Male,2021,56.55516808334889
73449,Melgar,Male,2021,53.944291918673
73461,Murillo,Male,2021,8.960533891815544
73483,Natagaima,Male,2021,25.898279443482135
73504,Ortega,Male,2021,59.47385888602828
73520,Palocabildo,Male,2021,16.649956533361788
73547,Piedras,Male,2021,9.921426047992862
73555,Planadas,Male,2021,46.806560234400294
73563,Prado,Male,2021,13.882509862385302
73585,Purificación,Male,2021,35.6955377528888
73616,Rioblanco,Male,2021,41.49718985663511
73622,Roncesvalles,Male,2021,9.29737175003786
73624,Rovira,Male,2021,37.49953166922761
73671,Saldaña,Male,2021,22.593653949108614
73675,San Antonio,Male,2021,23.998351931902988
73678,San Luis,Male,2021,21.4346127009354
73686,Santa Isabel,Male,2021,10.736346397924452
73770,Suárez,Male,2021,6.291533489365942
73854,Valle De San Juan,Male,2021,9.188753147600748
73861,Venadillo,Male,2021,20.284892861042646
73870,Villahermosa,Male,2021,18.384511342375756
73873,Villarrica,Male,2021,8.752674012400258
76001,Cali,Male,2021,2605.6069355089353
76020,Alcalá,Male,2021,28.992687281735805
76036,Andalucía,Male,2021,26.653718421909517
76041,Ansermanuevo,Male,2021,30.548089606762357
76054,Argelia,Male,2021,8.317479123926327
76100,Bolívar,Male,2021,21.87236188415541
76109,Buenaventura,Male,2021,456.58425660860973
76111,Guadalajara De Buga,Male,2021,151.91292592404272
76113,Bugalagrande,Male,2021,36.54826547436522
76122,Caicedonia,Male,2021,38.50310125585607
76126,Calima,Male,2021,26.30279759973298
76130,Candelaria,Male,2021,107.12813713704512
76147,Cartago,Male,2021,186.17861166373402
76233,Dagua,Male,2021,68.40363770395982
76243,El Águila,Male,2021,15.546944807803442
76246,El Cairo,Male,2021,11.027373569674511
76248,El Cerrito,Male,2021,66.0896876882674
76250,El Dovio,Male,2021,15.431907046158784
76275,Florida,Male,2021,81.54004024528719
76306,Ginebra,Male,2021,29.21334351384228
76318,Guacarí,Male,2021,44.815363117225644
76364,Jamundí,Male,2021,212.12318608102746
76377,La Cumbre,Male,2021,23.66937500911049
76400,La Unión,Male,2021,46.85883899747163
76403,La Victoria,Male,2021,17.926388764388378
76497,Obando,Male,2021,17.739738439727464
76520,Palmira,Male,2021,422.11029593747577
76563,Pradera,Male,2021,64.45436121680507
76606,Restrepo,Male,2021,20.706250878873103
76616,Riofrío,Male,2021,21.77599575143738
76622,Roldanillo,Male,2021,42.22250900197866
76670,San Pedro,Male,2021,21.427647620522087
76736,Sevilla,Male,2021,58.965886237620204
76823,Toro,Male,2021,22.925344300301163
76828,Trujillo,Male,2021,28.05667943853436
76834,Tuluá,Male,2021,302.6736318341533
76845,Ulloa,Male,2021,7.730561882363018
76863,Versalles,Male,2021,10.343407120576936
76869,Vijes,Male,2021,16.9257175363104
76890,Yotoco,Male,2021,23.094017696819947
76892,Yumbo,Male,2021,132.80875317512036
76895,Zarzal,Male,2021,48.69154175071521
81001,Arauca,Male,2021,149.43548385739908
81065,Arauquita,Male,2021,100.65573816743007
81220,Cravo Norte,Male,2021,7.629844697495714
81300,Fortul,Male,2021,40.85124636272941
81591,Puerto Rondón,Male,2021,8.059383898657178
81736,Saravena,Male,2021,89.9047107125486
81794,Tame,Male,2021,93.98282125819075
85001,Yopal,Male,2021,331.0194576418187
85010,Aguazul,Male,2021,53.62902736805813
85015,Chámeza,Male,2021,3.774498064151479
85125,Hato Corozal,Male,2021,22.848904410135052
85136,La Salina,Male,2021,2.3408986100647553
85139,Maní,Male,2021,26.186360508776502
85162,Monterrey,Male,2021,25.372459110055583
85225,Nunchía,Male,2021,19.062268430521208
85230,Orocué,Male,2021,21.20986105975907
85250,Paz De Ariporo,Male,2021,58.02593989248197
85263,Pore,Male,2021,19.661414764618936
85279,Recetor,Male,2021,2.7610935925590603
85300,Sabanalarga,Male,2021,5.9738385978019135
85315,Sácama,Male,2021,3.1548444925782158
85325,San Luis De Palenque,Male,2021,13.580401973089446
85400,Támara,Male,2021,11.887576955015579
85410,Tauramena,Male,2021,34.93728408676014
85430,Trinidad,Male,2021,21.813003739839168
85440,Villanueva,Male,2021,51.48293579155771
86001,Mocoa,Male,2021,80.76844169580059
86219,Colón,Male,2021,7.394235540179715
86320,Orito,Male,2021,57.60250609053376
86568,Puerto Asís,Male,2021,134.61228957029672
86569,Puerto Caicedo,Male,2021,26.135321820926563
86571,Puerto Guzmán,Male,2021,70.64940189852376
86573,Puerto Leguízamo,Male,2021,50.803289633292415
86749,Sibundoy,Male,2021,20.17636586690347
86755,San Francisco,Male,2021,7.722918207535415
86757,San Miguel,Male,2021,33.977740432223804
86760,Santiago,Male,2021,10.29013418626662
86865,Valle Del Guamuez,Male,2021,54.68995459518803
86885,Villagarzón,Male,2021,36.15296083052086
88001,San Andrés,Male,2021,71.10064523749419
88564,Providencia,Male,2021,7.018806631770093
91001,Leticia,Male,2021,131.4148108244454
91263,El Encanto,Male,2021,3.805778053889604
91405,La Chorrera,Male,2021,5.572637321733428
91407,La Pedrera,Male,2021,8.43367549132172
91430,La Victoria,Male,2021,1.4628797366517856
91460,Mirití - Paraná,Male,2021,3.505764468710826
91530,Puerto Alegría,Male,2021,1.4517600050253172
91536,Puerto Arica,Male,2021,2.2491354564302086
91540,Puerto Nariño,Male,2021,16.946064017793383
91669,Puerto Santander,Male,2021,3.9505732553560304
91798,Tarapacá,Male,2021,7.4864837566567815
94001,Inírida,Male,2021,60.04215451359797
94343,Barrancominas,Male,2021,13.223079733306477
94883,San Felipe,Male,2021,3.2597688765786716
94884,Puerto Colombia,Male,2021,3.770358127856835
94885,La Guadalupe,Male,2021,0.4759544901455444
94886,Cacahual,Male,2021,1.491313317692443
94887,Pana Pana,Male,2021,3.904576515959829
94888,Morichal,Male,2021,1.6645094251302721
95001,San José Del Guaviare,Male,2021,92.93085409903333
95015,Calamar,Male,2021,21.30746910090773
95025,El Retorno,Male,2021,28.124016360633362
95200,Miraflores,Male,2021,18.06574995097091
97001,Mitú,Male,2021,51.961966804457
97161,Carurú,Male,2021,5.685062203160761
97511,Pacoa,Male,2021,6.853579327942997
97666,Taraira,Male,2021,3.7614666197660696
97777,Papunahua,Male,2021,1.5114624823926712
97889,Yavaraté,Male,2021,1.972089866233215
99001,Puerto Carreño,Male,2021,42.92090432623097
99524,La Primavera,Male,2021,20.179313185890784
99624,Santa Rosalía,Male,2021,8.158088823518176
99773,Cumaribo,Male,2021,165.8587856652376
